sl_no,cghs_code,procedure_name,non_nabh_rate,nabh_rate,super_speciality_rate,speciality,city_tier,source,source_date
1,CN001,Consultation OPD,350,350,350,Consultation,Tier III,CGHS O.M. 03.10.2025,03-10-2025
2,CN002,Consultation for Inpatients,350,350,350,Consultation,Tier III,CGHS O.M. 03.10.2025,03-10-2025
3,CN003,Consultation OPD – Super speciality/Psychiatry,700,700,700,Consultation,Tier III,CGHS O.M. 03.10.2025,03-10-2025
4,LB001,"Urine Routine- pH, Specific Gravity, Sugar, Protein and Microscopy",68,80,80,Laboratory Investigation,Tier III,CGHS O.M. 03.10.2025,03-10-2025
5,LB002,Urine Microalbumin,165,194,194,Laboratory Investigation,Tier III,CGHS O.M. 03.10.2025,03-10-2025
6,LB003,Stool Routine and Microscopy,54,64,64,Laboratory Investigation,Tier III,CGHS O.M. 03.10.2025,03-10-2025
7,LB004,Stool for Occult Blood,68,80,80,Laboratory Investigation,Tier III,CGHS O.M. 03.10.2025,03-10-2025
8,LB005,Post Coital Smear Examination,272,320,320,Laboratory Investigation,Tier III,CGHS O.M. 03.10.2025,03-10-2025
9,LB006,Semen Analysis (Automated/Manual),170,200,200,Laboratory Investigation,Tier III,CGHS O.M. 03.10.2025,03-10-2025
10,LB007,Haemoglobin (Hb),34,40,40,Laboratory Investigation,Tier III,CGHS O.M. 03.10.2025,03-10-2025
11,LB008,Total Leucocytic Count (TLC),34,40,40,Laboratory Investigation,Tier III,CGHS O.M. 03.10.2025,03-10-2025
12,LB009,Differential Leucocytic Count (DLC),68,80,80,Laboratory Investigation,Tier III,CGHS O.M. 03.10.2025,03-10-2025
13,LB010,Erythrocyte Sedimentation Rate (ESR),68,80,80,Laboratory Investigation,Tier III,CGHS O.M. 03.10.2025,03-10-2025
14,LB011,"Total Red Cell count with MCV,MCH,MCHC,DRW",34,40,40,Laboratory Investigation,Tier III,CGHS O.M. 03.10.2025,03-10-2025
15,LB012,"Complete Haemogram/CBC, Hb, RBC Count and Indices, TLC, DLC, Platelet, ESR, Peripheral Smear Examination)",204,240,240,Laboratory Investigation,Tier III,CGHS O.M. 03.10.2025,03-10-2025
16,LB013,Platelet Count,68,80,80,Laboratory Investigation,Tier III,CGHS O.M. 03.10.2025,03-10-2025
17,LB014,Reticulocyte Count,68,80,80,Laboratory Investigation,Tier III,CGHS O.M. 03.10.2025,03-10-2025
18,LB015,Absolute Eosinophil Count (AEC),68,80,80,Laboratory Investigation,Tier III,CGHS O.M. 03.10.2025,03-10-2025
19,LB016,Packed Cell Volume (PCV),34,40,40,Laboratory Investigation,Tier III,CGHS O.M. 03.10.2025,03-10-2025
20,LB017,Peripheral Smear Examination,68,80,80,Laboratory Investigation,Tier III,CGHS O.M. 03.10.2025,03-10-2025
21,LB018,Smear for Malaria/Filaria Parasite,68,80,80,Laboratory Investigation,Tier III,CGHS O.M. 03.10.2025,03-10-2025
22,LB019,Bleeding Time,34,40,40,Laboratory Investigation,Tier III,CGHS O.M. 03.10.2025,03-10-2025
23,LB020,Clotting Time,34,40,40,Laboratory Investigation,Tier III,CGHS O.M. 03.10.2025,03-10-2025
24,LB021,Osmotic Fragility Test,204,240,240,Laboratory Investigation,Tier III,CGHS O.M. 03.10.2025,03-10-2025
25,LB022,Bone Marrow Smear Examination,238,280,280,Laboratory Investigation,Tier III,CGHS O.M. 03.10.2025,03-10-2025
26,LB023,Bone Marrow Smear Examination with Iron Stain,544,640,640,Laboratory Investigation,Tier III,CGHS O.M. 03.10.2025,03-10-2025
27,LB024,Bone Marrow Smear Examination and Cytochemistry,8160,9600,9600,Laboratory Investigation,Tier III,CGHS O.M. 03.10.2025,03-10-2025
28,LB025,Activated partial Thromboplastin Time (APTT),197,232,232,Laboratory Investigation,Tier III,CGHS O.M. 03.10.2025,03-10-2025
29,LB026,Rapid Test for Malaria (Card Test)/QBC Malaria Test,68,80,80,Laboratory Investigation,Tier III,CGHS O.M. 03.10.2025,03-10-2025
30,LB027,"Bleeding Disorder Panel- PT, APTT, Thrombin Time Fibrinogen, D-Dimer/ Fibrinogen Degradation Products (FDP)",544,640,640,Laboratory Investigation,Tier III,CGHS O.M. 03.10.2025,03-10-2025
31,LB028,Factor Assays-Factor VIII,1020,1200,1200,Laboratory Investigation,Tier III,CGHS O.M. 03.10.2025,03-10-2025
32,LB029,Factor Assays-Factor IX,1020,1200,1200,Laboratory Investigation,Tier III,CGHS O.M. 03.10.2025,03-10-2025
33,LB030,Platelet Function Tests,860,1012,1012,Laboratory Investigation,Tier III,CGHS O.M. 03.10.2025,03-10-2025
34,LB031,"Tests for Hypercoagulable States- Protein C, Protein S, Antithrombin",2298,2704,2704,Laboratory Investigation,Tier III,CGHS O.M. 03.10.2025,03-10-2025
35,LB032,Tests for Lupus Anticoagulant,884,1040,1040,Laboratory Investigation,Tier III,CGHS O.M. 03.10.2025,03-10-2025
36,LB033,"Tests for Antiphospholipid Antibody IgG, IgM (for Cardiolipin and B2 Glycoprotein 1)",680,800,800,Laboratory Investigation,Tier III,CGHS O.M. 03.10.2025,03-10-2025
37,LB034,Thalassemia Studies (Red Cell Indices and Hb HPLC),680,800,800,Laboratory Investigation,Tier III,CGHS O.M. 03.10.2025,03-10-2025
38,LB035,Tests for Sickling / Hb HPLC),680,800,800,Laboratory Investigation,Tier III,CGHS O.M. 03.10.2025,03-10-2025
39,LB036,Blood Group & Rh Type,61,72,72,Laboratory Investigation,Tier III,CGHS O.M. 03.10.2025,03-10-2025
40,LB037,Cross Match,136,160,160,Laboratory Investigation,Tier III,CGHS O.M. 03.10.2025,03-10-2025
41,LB038,Coomb’s Test - Direct,136,160,160,Laboratory Investigation,Tier III,CGHS O.M. 03.10.2025,03-10-2025
42,LB039,Coomb’s Test - Indirect,170,200,200,Laboratory Investigation,Tier III,CGHS O.M. 03.10.2025,03-10-2025
43,LB040,3 Cell Panel- Antibody Screening for Pregnant Female,714,840,840,Laboratory Investigation,Tier III,CGHS O.M. 03.10.2025,03-10-2025
44,LB041,11 Cells Panel for Antibody Identification,1554,1828,1828,Laboratory Investigation,Tier III,CGHS O.M. 03.10.2025,03-10-2025
45,LB042,Hepatitis B Surface Antigen (HBsAg),204,240,240,Laboratory Investigation,Tier III,CGHS O.M. 03.10.2025,03-10-2025
46,LB043,Hepatitis C Virus (HCV),340,400,400,Laboratory Investigation,Tier III,CGHS O.M. 03.10.2025,03-10-2025
47,LB044,Human Immunodeficiency Virus- HIV I and II,262,308,308,Laboratory Investigation,Tier III,CGHS O.M. 03.10.2025,03-10-2025
48,LB045,Venereal Disease Research Laboratory Test (VDRL),68,80,80,Laboratory Investigation,Tier III,CGHS O.M. 03.10.2025,03-10-2025
49,LB046,Rh Antibody Titre,204,240,240,Laboratory Investigation,Tier III,CGHS O.M. 03.10.2025,03-10-2025
50,LB047,Platelet Concentrate Test,680,800,800,Laboratory Investigation,Tier III,CGHS O.M. 03.10.2025,03-10-2025
51,LB048,Routine - H & E,371,436,436,Laboratory Investigation,Tier III,CGHS O.M. 03.10.2025,03-10-2025
52,LB049,Special Stain,136,160,160,Laboratory Investigation,Tier III,CGHS O.M. 03.10.2025,03-10-2025
53,LB050,Histopathology Examination (HPE) - Frozen Section,1020,1200,1200,Laboratory Investigation,Tier III,CGHS O.M. 03.10.2025,03-10-2025
54,LB051,Histopathology Examination (HPE) - Paraffin Section,340,400,400,Laboratory Investigation,Tier III,CGHS O.M. 03.10.2025,03-10-2025
55,LB052,Pap Smear,272,320,320,Laboratory Investigation,Tier III,CGHS O.M. 03.10.2025,03-10-2025
56,LB053,Body Fluid for Malignant cells,238,280,280,Laboratory Investigation,Tier III,CGHS O.M. 03.10.2025,03-10-2025
57,LB054,"Paroxysmal Nocturnal Haemoglobinuria (PNH) Panel- CD55, CD59",1020,1200,1200,Laboratory Investigation,Tier III,CGHS O.M. 03.10.2025,03-10-2025
58,LB055,Blood Glucose Random / Blood Glucose Fasting /Blood Glucose PP,27,32,32,Laboratory Investigation,Tier III,CGHS O.M. 03.10.2025,03-10-2025
59,LB056,"24 Hrs Urine for Proteins, Sodium, Creatinine",204,240,240,Laboratory Investigation,Tier III,CGHS O.M. 03.10.2025,03-10-2025
60,LB057,Blood Urea Nitrogen (BUN) / Urea,68,80,80,Laboratory Investigation,Tier III,CGHS O.M. 03.10.2025,03-10-2025
61,LB058,Serum Creatinine,68,80,80,Laboratory Investigation,Tier III,CGHS O.M. 03.10.2025,03-10-2025
62,LB059,Urine Bile Pigment and Salt,48,56,56,Laboratory Investigation,Tier III,CGHS O.M. 03.10.2025,03-10-2025
63,LB060,Urine Urobilinogen,48,56,56,Laboratory Investigation,Tier III,CGHS O.M. 03.10.2025,03-10-2025
64,LB061,Urine Ketones,48,56,56,Laboratory Investigation,Tier III,CGHS O.M. 03.10.2025,03-10-2025
65,LB062,Urine Occult Blood,48,56,56,Laboratory Investigation,Tier III,CGHS O.M. 03.10.2025,03-10-2025
66,LB063,Urine Total Proteins,48,56,56,Laboratory Investigation,Tier III,CGHS O.M. 03.10.2025,03-10-2025
67,LB064,Rheumatoid Factor / Rh Factor Test,510,600,600,Laboratory Investigation,Tier III,CGHS O.M. 03.10.2025,03-10-2025
68,LB065,Bence Jones Protein,68,80,80,Laboratory Investigation,Tier III,CGHS O.M. 03.10.2025,03-10-2025
69,LB066,Serum Uric Acid,102,120,120,Laboratory Investigation,Tier III,CGHS O.M. 03.10.2025,03-10-2025
70,LB067,Serum Bilirubin total & direct,102,120,120,Laboratory Investigation,Tier III,CGHS O.M. 03.10.2025,03-10-2025
71,LB068,Serum Iron,170,200,200,Laboratory Investigation,Tier III,CGHS O.M. 03.10.2025,03-10-2025
72,LB069,C-Reactive Protein (CRP),170,200,200,Laboratory Investigation,Tier III,CGHS O.M. 03.10.2025,03-10-2025
73,LB070,C-Reactive Protein (CRP) Quantitative,204,240,240,Laboratory Investigation,Tier III,CGHS O.M. 03.10.2025,03-10-2025
74,LB071,"Body Fluid (CSF/Ascitic Fluid etc.)Sugar, Protein etc.",204,240,240,Laboratory Investigation,Tier III,CGHS O.M. 03.10.2025,03-10-2025
75,LB072,Albumin,34,40,40,Laboratory Investigation,Tier III,CGHS O.M. 03.10.2025,03-10-2025
76,LB073,Creatinine Clearance,136,160,160,Laboratory Investigation,Tier III,CGHS O.M. 03.10.2025,03-10-2025
77,LB074,Serum Cholesterol,102,120,120,Laboratory Investigation,Tier III,CGHS O.M. 03.10.2025,03-10-2025
78,LB075,Total Iron Binding Capacity (TIBC),204,240,240,Laboratory Investigation,Tier III,CGHS O.M. 03.10.2025,03-10-2025
79,LB076,Glucose (Fasting & PP),54,64,64,Laboratory Investigation,Tier III,CGHS O.M. 03.10.2025,03-10-2025
80,LB077,Serum Calcium –Total,102,120,120,Laboratory Investigation,Tier III,CGHS O.M. 03.10.2025,03-10-2025
81,LB078,Serum Calcium – Ionic,408,480,480,Laboratory Investigation,Tier III,CGHS O.M. 03.10.2025,03-10-2025
82,LB079,Serum Phosphorus,102,120,120,Laboratory Investigation,Tier III,CGHS O.M. 03.10.2025,03-10-2025
83,LB080,Total Protein Albumin/Globulin Ratio (A/G Ratio),48,56,56,Laboratory Investigation,Tier III,CGHS O.M. 03.10.2025,03-10-2025
84,LB081,Immunoglobulin G (IgG),272,320,320,Laboratory Investigation,Tier III,CGHS O.M. 03.10.2025,03-10-2025
85,LB082,Immunoglobulin M(IgM),272,320,320,Laboratory Investigation,Tier III,CGHS O.M. 03.10.2025,03-10-2025
86,LB083,Immunoglobulin A(IgA),272,320,320,Laboratory Investigation,Tier III,CGHS O.M. 03.10.2025,03-10-2025
87,LB084,Antinuclear Antibody (ANA),445,524,524,Laboratory Investigation,Tier III,CGHS O.M. 03.10.2025,03-10-2025
88,LB085,Anti-double stranded DNA (anti-dsDNA),544,640,640,Laboratory Investigation,Tier III,CGHS O.M. 03.10.2025,03-10-2025
89,LB086,Serum Glutamic Pyruvic Transaminase (SGPT) / Alanine Aminotransferase (ALT),68,80,80,Laboratory Investigation,Tier III,CGHS O.M. 03.10.2025,03-10-2025
90,LB087,Serum Glutamic Oxaloacetic Transaminase (SGOT) /Aspartate Aminotransferase (AST),68,80,80,Laboratory Investigation,Tier III,CGHS O.M. 03.10.2025,03-10-2025
91,LB088,Serum Amylase,204,240,240,Laboratory Investigation,Tier III,CGHS O.M. 03.10.2025,03-10-2025
92,LB089,Serum Lipase,272,320,320,Laboratory Investigation,Tier III,CGHS O.M. 03.10.2025,03-10-2025
93,LB090,Serum Lactate,340,400,400,Laboratory Investigation,Tier III,CGHS O.M. 03.10.2025,03-10-2025
94,LB091,Serum Magnesium,204,240,240,Laboratory Investigation,Tier III,CGHS O.M. 03.10.2025,03-10-2025
95,LB092,Serum Sodium,82,96,96,Laboratory Investigation,Tier III,CGHS O.M. 03.10.2025,03-10-2025
96,LB093,Serum Potassium,82,96,96,Laboratory Investigation,Tier III,CGHS O.M. 03.10.2025,03-10-2025
97,LB094,Chloride,102,120,120,Laboratory Investigation,Tier III,CGHS O.M. 03.10.2025,03-10-2025
98,LB095,Serum Bicarbonate,136,160,160,Laboratory Investigation,Tier III,CGHS O.M. 03.10.2025,03-10-2025
99,LB096,Serum Ammonia,456,536,536,Laboratory Investigation,Tier III,CGHS O.M. 03.10.2025,03-10-2025
100,LB097,"Anaemia Profile (Hb, Serum Iron, TIBC, Ferritin, Transferrin Saturation, Stool Occult Blood, CBC, Reticulocyte Count)",898,1056,1056,Laboratory Investigation,Tier III,CGHS O.M. 03.10.2025,03-10-2025
101,LB098,Serum Testosterone,272,320,320,Laboratory Investigation,Tier III,CGHS O.M. 03.10.2025,03-10-2025
102,LB099,Imprint Smear from Endoscopy,680,800,800,Laboratory Investigation,Tier III,CGHS O.M. 03.10.2025,03-10-2025
103,LB100,Triglycerides,102,120,120,Laboratory Investigation,Tier III,CGHS O.M. 03.10.2025,03-10-2025
104,LB101,Glucose Tolerance Test (GTT),204,240,240,Laboratory Investigation,Tier III,CGHS O.M. 03.10.2025,03-10-2025
105,LB102,"Triple Marker Test (AFP,HCG,UE3)",1020,1200,1200,Laboratory Investigation,Tier III,CGHS O.M. 03.10.2025,03-10-2025
106,LB103,Creatine Phosphokinase (CPK)/Creatine Kinase (CK),156,184,184,Laboratory Investigation,Tier III,CGHS O.M. 03.10.2025,03-10-2025
107,LB104,Foetal Haemoglobin (HbF),340,400,400,Laboratory Investigation,Tier III,CGHS O.M. 03.10.2025,03-10-2025
108,LB105,Prothrombin Time (PT)/ International normalized ratio (INR),170,200,200,Laboratory Investigation,Tier III,CGHS O.M. 03.10.2025,03-10-2025
109,LB106,Lactate dehydrogenase (LDH),150,176,176,Laboratory Investigation,Tier III,CGHS O.M. 03.10.2025,03-10-2025
110,LB107,Alkaline Phosphatase,102,120,120,Laboratory Investigation,Tier III,CGHS O.M. 03.10.2025,03-10-2025
111,LB108,Acid Phosphatase,102,120,120,Laboratory Investigation,Tier III,CGHS O.M. 03.10.2025,03-10-2025
112,LB109,CPK MB/CK MB,245,288,288,Laboratory Investigation,Tier III,CGHS O.M. 03.10.2025,03-10-2025
113,LB110,CK MB Mass/CPK MB Mass,245,288,288,Laboratory Investigation,Tier III,CGHS O.M. 03.10.2025,03-10-2025
114,LB111,Troponin I,476,560,560,Laboratory Investigation,Tier III,CGHS O.M. 03.10.2025,03-10-2025
115,LB112,Troponin T,476,560,560,Laboratory Investigation,Tier III,CGHS O.M. 03.10.2025,03-10-2025
116,LB113,Glucose-6-Phosphate Dehydrogenase (G6PD),204,240,240,Laboratory Investigation,Tier III,CGHS O.M. 03.10.2025,03-10-2025
117,LB114,Lithium,238,280,280,Laboratory Investigation,Tier III,CGHS O.M. 03.10.2025,03-10-2025
118,LB115,Dilantin (Phenytoin),408,480,480,Laboratory Investigation,Tier III,CGHS O.M. 03.10.2025,03-10-2025
119,LB116,Carbamazepine.,476,560,560,Laboratory Investigation,Tier III,CGHS O.M. 03.10.2025,03-10-2025
120,LB117,Cyclosporine,1700,2000,2000,Laboratory Investigation,Tier III,CGHS O.M. 03.10.2025,03-10-2025
121,LB118,Valproic acid.,408,480,480,Laboratory Investigation,Tier III,CGHS O.M. 03.10.2025,03-10-2025
122,LB119,Blood gas analysis / Arterial Blood Gas (ABG),381,448,448,Laboratory Investigation,Tier III,CGHS O.M. 03.10.2025,03-10-2025
123,LB120,Blood gas analysis / Arterial Blood Gas (ABG) with electrolytes,544,640,640,Laboratory Investigation,Tier III,CGHS O.M. 03.10.2025,03-10-2025
124,LB121,Urine Pregnancy Test(UPT),68,80,80,Laboratory Investigation,Tier III,CGHS O.M. 03.10.2025,03-10-2025
125,LB122,Glycosylated Haemoglobin (HbA1c),204,240,240,Laboratory Investigation,Tier III,CGHS O.M. 03.10.2025,03-10-2025
126,LB123,"Kidney Function Test (KFT)- (Sr.Creatinine,Blood Urea,BUN,Sr.Uric Acid,Sr.Sodium,Sr.Potassium,Urine R/E)",340,400,400,Laboratory Investigation,Tier III,CGHS O.M. 03.10.2025,03-10-2025
127,LB124,Liver Function Test (LFT),340,400,400,Laboratory Investigation,Tier III,CGHS O.M. 03.10.2025,03-10-2025
128,LB125,"Lipid Profile (Total cholesterol ,Triglycerides, LDL, HDL,VLDL)",333,392,392,Laboratory Investigation,Tier III,CGHS O.M. 03.10.2025,03-10-2025
129,LB126,Serum Ferritin,238,280,280,Laboratory Investigation,Tier III,CGHS O.M. 03.10.2025,03-10-2025
130,LB127,Vitamin B12 Assay.,408,480,480,Laboratory Investigation,Tier III,CGHS O.M. 03.10.2025,03-10-2025
131,LB128,Folic Acid Assay.,442,520,520,Laboratory Investigation,Tier III,CGHS O.M. 03.10.2025,03-10-2025
132,LB129,"Extended Lipid Profile. (Total cholesterol, LDL,HDL, Triglycerides Apo A1,Apo B,Lp (a) )",680,800,800,Laboratory Investigation,Tier III,CGHS O.M. 03.10.2025,03-10-2025
133,LB130,Apolipoprotein A1 (ApoA1),272,320,320,Laboratory Investigation,Tier III,CGHS O.M. 03.10.2025,03-10-2025
134,LB131,Apolipoprotein B (Apo B),272,320,320,Laboratory Investigation,Tier III,CGHS O.M. 03.10.2025,03-10-2025
135,LB132,Lipoprotein A / Lp A,272,320,320,Laboratory Investigation,Tier III,CGHS O.M. 03.10.2025,03-10-2025
136,LB133,"CD 3,4 and 8 Counts",843,992,992,Laboratory Investigation,Tier III,CGHS O.M. 03.10.2025,03-10-2025
137,LB134,"CD 3,4 and 8 Percentage",1027,1208,1208,Laboratory Investigation,Tier III,CGHS O.M. 03.10.2025,03-10-2025
138,LB135,Low Density Lipoprotein (LDL),102,120,120,Laboratory Investigation,Tier III,CGHS O.M. 03.10.2025,03-10-2025
139,LB136,Homocysteine,442,520,520,Laboratory Investigation,Tier III,CGHS O.M. 03.10.2025,03-10-2025
140,LB137,Serum Electrophoresis,476,560,560,Laboratory Investigation,Tier III,CGHS O.M. 03.10.2025,03-10-2025
141,LB138,Fibrinogen,340,400,400,Laboratory Investigation,Tier III,CGHS O.M. 03.10.2025,03-10-2025
142,LB139,Gamma-Glutamyl Transpeptidase (GGTP),102,120,120,Laboratory Investigation,Tier III,CGHS O.M. 03.10.2025,03-10-2025
143,LB140,Fructosamine,340,400,400,Laboratory Investigation,Tier III,CGHS O.M. 03.10.2025,03-10-2025
144,LB141,Beta 2 microglobulin (B2M) /β2 microglobulin,408,480,480,Laboratory Investigation,Tier III,CGHS O.M. 03.10.2025,03-10-2025
145,LB142,Prostate Specific Antigen (PSA)- Total,323,380,380,Laboratory Investigation,Tier III,CGHS O.M. 03.10.2025,03-10-2025
146,LB143,Prostate-Specific Antigen (PSA) - Free,544,640,640,Laboratory Investigation,Tier III,CGHS O.M. 03.10.2025,03-10-2025
147,LB144,Alpha Fetoprotein (AFP),374,440,440,Laboratory Investigation,Tier III,CGHS O.M. 03.10.2025,03-10-2025
148,LB145,Human Chorionic Gonadotropin (HCG)/ Beta HCG,306,360,360,Laboratory Investigation,Tier III,CGHS O.M. 03.10.2025,03-10-2025
149,LB146,Cancer Antigen 125 (CA 125),544,640,640,Laboratory Investigation,Tier III,CGHS O.M. 03.10.2025,03-10-2025
150,LB147,Cancer Antigen 19.9 (CA 19.9),544,640,640,Laboratory Investigation,Tier III,CGHS O.M. 03.10.2025,03-10-2025
151,LB148,Cancer Antigen 15.3 (CA 15.3),544,640,640,Laboratory Investigation,Tier III,CGHS O.M. 03.10.2025,03-10-2025
152,LB149,Vanillylmandelic Acid (VMA),1088,1280,1280,Laboratory Investigation,Tier III,CGHS O.M. 03.10.2025,03-10-2025
153,LB150,Calcitonin,816,960,960,Laboratory Investigation,Tier III,CGHS O.M. 03.10.2025,03-10-2025
154,LB151,Carcinoembryonic Antigen (CEA),408,480,480,Laboratory Investigation,Tier III,CGHS O.M. 03.10.2025,03-10-2025
155,LB152,Direct Immunofluorescence (Skin and Kidney Disease etc),816,960,960,Laboratory Investigation,Tier III,CGHS O.M. 03.10.2025,03-10-2025
156,LB153,Indirect (anti ds DNA Anti Smith ANCA),816,960,960,Laboratory Investigation,Tier III,CGHS O.M. 03.10.2025,03-10-2025
157,LB154,Calcidiol / 25-hydroxycholecalciferol / Vitamin D3 assay (Vit D3),680,800,800,Laboratory Investigation,Tier III,CGHS O.M. 03.10.2025,03-10-2025
158,LB155,Serum Protein electrophoresis with immunofixation electrophoresis (IFE),476,560,560,Laboratory Investigation,Tier III,CGHS O.M. 03.10.2025,03-10-2025
159,LB156,Anti-Cyclic Citrullinated Peptide (Anti CCP),612,720,720,Laboratory Investigation,Tier III,CGHS O.M. 03.10.2025,03-10-2025
160,LB157,Anti-tissue Transglutaminase antibody (Anti TTG Antibody) / Tissue Transglutaminase IgA (tTg-IgA),544,640,640,Laboratory Investigation,Tier III,CGHS O.M. 03.10.2025,03-10-2025
161,LB158,Serum Erythropoietin,816,960,960,Laboratory Investigation,Tier III,CGHS O.M. 03.10.2025,03-10-2025
162,LB159,Adrenocorticotropic Hormone (ACTH),816,960,960,Laboratory Investigation,Tier III,CGHS O.M. 03.10.2025,03-10-2025
163,LB160,"T3, T4, TSH -Thyroid Function Test (TFT)",306,360,360,Laboratory Investigation,Tier III,CGHS O.M. 03.10.2025,03-10-2025
164,LB161,Thyroid stimulating hormone (TSH),136,160,160,Laboratory Investigation,Tier III,CGHS O.M. 03.10.2025,03-10-2025
165,LB162,Luteinizing hormone (LH),272,320,320,Laboratory Investigation,Tier III,CGHS O.M. 03.10.2025,03-10-2025
166,LB163,Follicle stimulating hormone (FSH),272,320,320,Laboratory Investigation,Tier III,CGHS O.M. 03.10.2025,03-10-2025
167,LB164,Prolactin,272,320,320,Laboratory Investigation,Tier III,CGHS O.M. 03.10.2025,03-10-2025
168,LB165,Cortisol,374,440,440,Laboratory Investigation,Tier III,CGHS O.M. 03.10.2025,03-10-2025
169,LB166,PTH(Parathormone),680,800,800,Laboratory Investigation,Tier III,CGHS O.M. 03.10.2025,03-10-2025
170,LB167,C-Peptide ( Connecting Peptide),510,600,600,Laboratory Investigation,Tier III,CGHS O.M. 03.10.2025,03-10-2025
171,LB168,Insulin,340,400,400,Laboratory Investigation,Tier III,CGHS O.M. 03.10.2025,03-10-2025
172,LB169,Progesterone,272,320,320,Laboratory Investigation,Tier III,CGHS O.M. 03.10.2025,03-10-2025
173,LB170,17 Hydroxyprogesterone (17 OH Progesterone),510,600,600,Laboratory Investigation,Tier III,CGHS O.M. 03.10.2025,03-10-2025
174,LB171,Dehydroepiandrosterone sulfate (DHEAS),680,800,800,Laboratory Investigation,Tier III,CGHS O.M. 03.10.2025,03-10-2025
175,LB172,Androstenedione,680,800,800,Laboratory Investigation,Tier III,CGHS O.M. 03.10.2025,03-10-2025
176,LB173,Growth Hormone,408,480,480,Laboratory Investigation,Tier III,CGHS O.M. 03.10.2025,03-10-2025
177,LB174,Thyroid peroxidase antibody (TPO),476,560,560,Laboratory Investigation,Tier III,CGHS O.M. 03.10.2025,03-10-2025
178,LB175,Thyroglobulin.,476,560,560,Laboratory Investigation,Tier III,CGHS O.M. 03.10.2025,03-10-2025
179,LB176,Hydatid Serology,558,656,656,Laboratory Investigation,Tier III,CGHS O.M. 03.10.2025,03-10-2025
180,LB177,Anti Sperm Antibodies.,612,720,720,Laboratory Investigation,Tier III,CGHS O.M. 03.10.2025,03-10-2025
181,LB178,Hepatitis B Virus (HBV) DNA Qualitative,1700,2000,2000,Laboratory Investigation,Tier III,CGHS O.M. 03.10.2025,03-10-2025
182,LB179,Hepatitis B Virus (HBV) DNA Quantitative.,2380,2800,2800,Laboratory Investigation,Tier III,CGHS O.M. 03.10.2025,03-10-2025
183,LB180,Hepatitis C Virus (HCV) RNA Qualitative.,2040,2400,2400,Laboratory Investigation,Tier III,CGHS O.M. 03.10.2025,03-10-2025
184,LB181,Human papillomavirus (HPV) Serology,1088,1280,1280,Laboratory Investigation,Tier III,CGHS O.M. 03.10.2025,03-10-2025
185,LB182,Rota Virus serology,272,320,320,Laboratory Investigation,Tier III,CGHS O.M. 03.10.2025,03-10-2025
186,LB183,Mantoux Test,136,160,160,Laboratory Investigation,Tier III,CGHS O.M. 03.10.2025,03-10-2025
187,LB184,ADA( Adenosine deaminase),442,520,520,Laboratory Investigation,Tier III,CGHS O.M. 03.10.2025,03-10-2025
188,LB185,GeneXpert Test (Tuberculosis),704,828,828,Laboratory Investigation,Tier III,CGHS O.M. 03.10.2025,03-10-2025
189,LB186,QuantiFERON TB Gold,1700,2000,2000,Laboratory Investigation,Tier III,CGHS O.M. 03.10.2025,03-10-2025
190,LB187,PCR for Tuberculosis (TB),816,960,960,Laboratory Investigation,Tier III,CGHS O.M. 03.10.2025,03-10-2025
191,LB188,PCR for Human immunodeficiency virus (HIV),1224,1440,1440,Laboratory Investigation,Tier III,CGHS O.M. 03.10.2025,03-10-2025
192,LB189,Chlamydia antigen,680,800,800,Laboratory Investigation,Tier III,CGHS O.M. 03.10.2025,03-10-2025
193,LB190,Chlamydia antibody,578,680,680,Laboratory Investigation,Tier III,CGHS O.M. 03.10.2025,03-10-2025
194,LB191,Brucella serology,306,360,360,Laboratory Investigation,Tier III,CGHS O.M. 03.10.2025,03-10-2025
195,LB192,Influenza A serology,680,800,800,Laboratory Investigation,Tier III,CGHS O.M. 03.10.2025,03-10-2025
196,LB193,Acetylcholine receptor (AChR) antibody titre,3060,3600,3600,Laboratory Investigation,Tier III,CGHS O.M. 03.10.2025,03-10-2025
197,LB194,Anti muscle specific receptor tyrosine kinase (Anti MuSK) antibody titre,4556,5360,5360,Laboratory Investigation,Tier III,CGHS O.M. 03.10.2025,03-10-2025
198,LB195,Serum Copper,442,520,520,Laboratory Investigation,Tier III,CGHS O.M. 03.10.2025,03-10-2025
199,LB196,Serum Ceruloplasmin,442,520,520,Laboratory Investigation,Tier III,CGHS O.M. 03.10.2025,03-10-2025
200,LB197,Urinary copper,571,672,672,Laboratory Investigation,Tier III,CGHS O.M. 03.10.2025,03-10-2025
201,LB198,Serum phenobarbitone level,408,480,480,Laboratory Investigation,Tier III,CGHS O.M. 03.10.2025,03-10-2025
202,LB199,Coagulation profile,510,600,600,Laboratory Investigation,Tier III,CGHS O.M. 03.10.2025,03-10-2025
203,LB200,D-Dimer,340,400,400,Laboratory Investigation,Tier III,CGHS O.M. 03.10.2025,03-10-2025
204,LB201,"CSF/Any Body Fluid for Basic studies including cell count, protein, sugar, gram stain, India Ink preparation and smear for AFB",238,280,280,Laboratory Investigation,Tier III,CGHS O.M. 03.10.2025,03-10-2025
205,LB202,PCR for Herpes simplex,952,1120,1120,Laboratory Investigation,Tier III,CGHS O.M. 03.10.2025,03-10-2025
206,LB203,Bacterial culture and sensitivity - Aerobic,313,368,368,Laboratory Investigation,Tier III,CGHS O.M. 03.10.2025,03-10-2025
207,LB204,Bacterial culture and sensitivity - Anaerobic,476,560,560,Laboratory Investigation,Tier III,CGHS O.M. 03.10.2025,03-10-2025
208,LB205,Mycobacterial culture and sensitivity,374,440,440,Laboratory Investigation,Tier III,CGHS O.M. 03.10.2025,03-10-2025
209,LB206,Fungal culture,337,396,396,Laboratory Investigation,Tier III,CGHS O.M. 03.10.2025,03-10-2025
210,LB207,Anti measles antibody titre (with serum antibody titre),816,960,960,Laboratory Investigation,Tier III,CGHS O.M. 03.10.2025,03-10-2025
211,LB208,Viral culture,408,480,480,Laboratory Investigation,Tier III,CGHS O.M. 03.10.2025,03-10-2025
212,LB209,"Antibody titre (Herpes simplex, cytomegalovirus, flavivirus, zoster varicella virus)",1428,1680,1680,Laboratory Investigation,Tier III,CGHS O.M. 03.10.2025,03-10-2025
213,LB210,Oligoclonal bands (OCBs),1530,1800,1800,Laboratory Investigation,Tier III,CGHS O.M. 03.10.2025,03-10-2025
214,LB211,Myelin basic protein (MBP),2380,2800,2800,Laboratory Investigation,Tier III,CGHS O.M. 03.10.2025,03-10-2025
215,LB212,Cryptococcal antigen,1020,1200,1200,Laboratory Investigation,Tier III,CGHS O.M. 03.10.2025,03-10-2025
216,LB213,D Xylose test,748,880,880,Laboratory Investigation,Tier III,CGHS O.M. 03.10.2025,03-10-2025
217,LB214,Faecal / Faecal fat test/ faecal chymotrypsin/ faecal elastase,680,800,800,Laboratory Investigation,Tier III,CGHS O.M. 03.10.2025,03-10-2025
218,LB215,H pylori serology for Coeliac disease /Celiac disease,816,960,960,Laboratory Investigation,Tier III,CGHS O.M. 03.10.2025,03-10-2025
219,LB216,HBV genotyping,1955,2300,2300,Laboratory Investigation,Tier III,CGHS O.M. 03.10.2025,03-10-2025
220,LB217,HCV genotyping,3812,4485,4485,Laboratory Investigation,Tier III,CGHS O.M. 03.10.2025,03-10-2025
221,LB218,Urinary Vanillylmandelic Acid (VMA),1486,1748,1748,Laboratory Investigation,Tier III,CGHS O.M. 03.10.2025,03-10-2025
222,LB219,Urinary metanephrine/Normetanephrine,1972,2320,2320,Laboratory Investigation,Tier III,CGHS O.M. 03.10.2025,03-10-2025
223,LB220,Urinary free catecholamine,1700,2000,2000,Laboratory Investigation,Tier III,CGHS O.M. 03.10.2025,03-10-2025
224,LB221,Serum aldosterone,1224,1440,1440,Laboratory Investigation,Tier III,CGHS O.M. 03.10.2025,03-10-2025
225,LB222,24 Hr urinary aldosterone,1020,1200,1200,Laboratory Investigation,Tier III,CGHS O.M. 03.10.2025,03-10-2025
226,LB223,Plasma renin activity,1088,1280,1280,Laboratory Investigation,Tier III,CGHS O.M. 03.10.2025,03-10-2025
227,LB224,Serum aldosterone/renin ratio,1020,1200,1200,Laboratory Investigation,Tier III,CGHS O.M. 03.10.2025,03-10-2025
228,LB225,Osmolality urine,306,360,360,Laboratory Investigation,Tier III,CGHS O.M. 03.10.2025,03-10-2025
229,LB226,Osmolality serum,306,360,360,Laboratory Investigation,Tier III,CGHS O.M. 03.10.2025,03-10-2025
230,LB227,Urinary sodium,102,120,120,Laboratory Investigation,Tier III,CGHS O.M. 03.10.2025,03-10-2025
231,LB228,Urinary Chloride,102,120,120,Laboratory Investigation,Tier III,CGHS O.M. 03.10.2025,03-10-2025
232,LB229,Urinary potassium,102,120,120,Laboratory Investigation,Tier III,CGHS O.M. 03.10.2025,03-10-2025
233,LB230,Urinary calcium,102,120,120,Laboratory Investigation,Tier III,CGHS O.M. 03.10.2025,03-10-2025
234,LB231,Thyroid binding globulin,748,880,880,Laboratory Investigation,Tier III,CGHS O.M. 03.10.2025,03-10-2025
235,LB232,24-hour urinary free cortisol,510,600,600,Laboratory Investigation,Tier III,CGHS O.M. 03.10.2025,03-10-2025
236,LB233,Islet cell antibody,816,960,960,Laboratory Investigation,Tier III,CGHS O.M. 03.10.2025,03-10-2025
237,LB234,Glutamic Acid Decarboxylase Autoantibodies test (GAD antibodies),1360,1600,1600,Laboratory Investigation,Tier III,CGHS O.M. 03.10.2025,03-10-2025
238,LB235,Insulin associated antibody,666,784,784,Laboratory Investigation,Tier III,CGHS O.M. 03.10.2025,03-10-2025
239,LB236,Insulin-like growth factor-1 (IGF-1),1496,1760,1760,Laboratory Investigation,Tier III,CGHS O.M. 03.10.2025,03-10-2025
240,LB237,Insulin-like growth factor binding protein 3 (IGF- BP3),1564,1840,1840,Laboratory Investigation,Tier III,CGHS O.M. 03.10.2025,03-10-2025
241,LB238,Sex hormone binding globulin,1047,1232,1232,Laboratory Investigation,Tier III,CGHS O.M. 03.10.2025,03-10-2025
242,LB239,Estradiol (E2),272,320,320,Laboratory Investigation,Tier III,CGHS O.M. 03.10.2025,03-10-2025
243,LB240,Thyroglobulin antibody,476,560,560,Laboratory Investigation,Tier III,CGHS O.M. 03.10.2025,03-10-2025
244,LB241,"Kappa Lambda Light Chains, Free, Serum/ Serum free light chains (SFLC)",2737,3220,3220,Laboratory Investigation,Tier III,CGHS O.M. 03.10.2025,03-10-2025
245,LB242,Serum IgE Level,258,304,304,Laboratory Investigation,Tier III,CGHS O.M. 03.10.2025,03-10-2025
246,LB243,N-terminal pro BNP (NT-pro BNP / Brain natriuretic peptide (BNP),1408,1656,1656,Laboratory Investigation,Tier III,CGHS O.M. 03.10.2025,03-10-2025
247,LB244,HCV RNA Quantitative,1255,1476,1476,Laboratory Investigation,Tier III,CGHS O.M. 03.10.2025,03-10-2025
248,LB245,Tacrolimus Level,1799,2116,2116,Laboratory Investigation,Tier III,CGHS O.M. 03.10.2025,03-10-2025
249,LB246,"Protein Creatinine Ratio (PCR), Urine / Albumin Creatinine Ratio (ACR), Urine",103,122,122,Laboratory Investigation,Tier III,CGHS O.M. 03.10.2025,03-10-2025
250,LB247,HLA B27 (PCR),391,460,460,Laboratory Investigation,Tier III,CGHS O.M. 03.10.2025,03-10-2025
251,LB248,Procalcitonin,1408,1656,1656,Laboratory Investigation,Tier III,CGHS O.M. 03.10.2025,03-10-2025
252,LB249,TORCH Test,876,1030,1030,Laboratory Investigation,Tier III,CGHS O.M. 03.10.2025,03-10-2025
253,LB250,Anti –Smooth Muscle Antibody Test (ASMA),993,1168,1168,Laboratory Investigation,Tier III,CGHS O.M. 03.10.2025,03-10-2025
254,LB251,C ANCA-IFA,1020,1200,1200,Laboratory Investigation,Tier III,CGHS O.M. 03.10.2025,03-10-2025
255,LB252,P ANCA-IFA,1020,1200,1200,Laboratory Investigation,Tier III,CGHS O.M. 03.10.2025,03-10-2025
256,LB253,Angiotensin converting enzyme (ACE),680,800,800,Laboratory Investigation,Tier III,CGHS O.M. 03.10.2025,03-10-2025
257,LB254,Extractable Nuclear Antigens (ENA) - Quantitative,3128,3680,3680,Laboratory Investigation,Tier III,CGHS O.M. 03.10.2025,03-10-2025
258,LB255,Chromogranin A,3400,4000,4000,Laboratory Investigation,Tier III,CGHS O.M. 03.10.2025,03-10-2025
259,LB256,Faecal calprotectin,1856,2184,2184,Laboratory Investigation,Tier III,CGHS O.M. 03.10.2025,03-10-2025
260,LB257,C3-COMPLEMENT,442,520,520,Laboratory Investigation,Tier III,CGHS O.M. 03.10.2025,03-10-2025
261,LB258,C4-COMPLEMENT,442,520,520,Laboratory Investigation,Tier III,CGHS O.M. 03.10.2025,03-10-2025
262,LB259,H1N1 (RT-PCR),737,867,867,Laboratory Investigation,Tier III,CGHS O.M. 03.10.2025,03-10-2025
263,LB260,Anti HEV IgM,680,800,800,Laboratory Investigation,Tier III,CGHS O.M. 03.10.2025,03-10-2025
264,LB261,Anti HAV IgM,510,600,600,Laboratory Investigation,Tier III,CGHS O.M. 03.10.2025,03-10-2025
265,LB262,HBsAg Quantitative,442,520,520,Laboratory Investigation,Tier III,CGHS O.M. 03.10.2025,03-10-2025
266,LB263,Typhidot IgM,272,320,320,Laboratory Investigation,Tier III,CGHS O.M. 03.10.2025,03-10-2025
267,LB264,Hepatitis B Core Antibody (HBcAb) Level (Hepatitis B Core IgM Antibody),326,384,384,Laboratory Investigation,Tier III,CGHS O.M. 03.10.2025,03-10-2025
268,LB265,Hepatitis B surface antibody (anti HBs),442,520,520,Laboratory Investigation,Tier III,CGHS O.M. 03.10.2025,03-10-2025
269,LB266,Free Triiodothyronine (FT3),85,100,100,Laboratory Investigation,Tier III,CGHS O.M. 03.10.2025,03-10-2025
270,LB267,Free Thyroxine (FT4),85,100,100,Laboratory Investigation,Tier III,CGHS O.M. 03.10.2025,03-10-2025
271,LB268,Widal Test,48,56,56,Laboratory Investigation,Tier III,CGHS O.M. 03.10.2025,03-10-2025
272,LB269,Dengue NS1 Ag,272,320,320,Laboratory Investigation,Tier III,CGHS O.M. 03.10.2025,03-10-2025
273,LB270,Dengue IgM and Ig G,544,640,640,Laboratory Investigation,Tier III,CGHS O.M. 03.10.2025,03-10-2025
274,LB271,Interleukin 6 (IL 6),1088,1280,1280,Laboratory Investigation,Tier III,CGHS O.M. 03.10.2025,03-10-2025
275,LB272,Covid Antibody Test,476,560,560,Laboratory Investigation,Tier III,CGHS O.M. 03.10.2025,03-10-2025
276,LB273,Cryoglobulins,680,800,800,Laboratory Investigation,Tier III,CGHS O.M. 03.10.2025,03-10-2025
277,LB274,Cytogenetics,3400,4000,4000,Laboratory Investigation,Tier III,CGHS O.M. 03.10.2025,03-10-2025
278,LB275,Plasma Free Normetanephrine,1564,1840,1840,Laboratory Investigation,Tier III,CGHS O.M. 03.10.2025,03-10-2025
279,LB276,Plasma Metanephrines,1564,1840,1840,Laboratory Investigation,Tier III,CGHS O.M. 03.10.2025,03-10-2025
280,LB277,PLA2 receptor antibody quantitative,2856,3360,3360,Laboratory Investigation,Tier III,CGHS O.M. 03.10.2025,03-10-2025
281,LB278,Allergic Bronchopulmonary Aspergillosis (ABPA) Panel,1972,2320,2320,Laboratory Investigation,Tier III,CGHS O.M. 03.10.2025,03-10-2025
282,LB279,Allergy Food Screening Panel,4080,4800,4800,Laboratory Investigation,Tier III,CGHS O.M. 03.10.2025,03-10-2025
283,LB280,AMA (Anti Mitochondrial Antibody),680,800,800,Laboratory Investigation,Tier III,CGHS O.M. 03.10.2025,03-10-2025
284,LB281,AMH (Anti- Mullerian Hormone),680,800,800,Laboratory Investigation,Tier III,CGHS O.M. 03.10.2025,03-10-2025
285,LB282,ANA BLOT,2040,2400,2400,Laboratory Investigation,Tier III,CGHS O.M. 03.10.2025,03-10-2025
286,LB283,ANA Profile,2040,2400,2400,Laboratory Investigation,Tier III,CGHS O.M. 03.10.2025,03-10-2025
287,LB284,Anti GBM (Glomerular Basement Membrane) Antibody,1020,1200,1200,Laboratory Investigation,Tier III,CGHS O.M. 03.10.2025,03-10-2025
288,LB285,Anti LKM (Liver Kidney Microsome) Ab,1020,1200,1200,Laboratory Investigation,Tier III,CGHS O.M. 03.10.2025,03-10-2025
289,LB286,Anti Parietal Cell Antibodies,1360,1600,1600,Laboratory Investigation,Tier III,CGHS O.M. 03.10.2025,03-10-2025
290,LB287,Anti Intrinsic Factor Antibodies,1360,1600,1600,Laboratory Investigation,Tier III,CGHS O.M. 03.10.2025,03-10-2025
291,LB288,ASO Titre /ASLO Titre,367,432,432,Laboratory Investigation,Tier III,CGHS O.M. 03.10.2025,03-10-2025
292,LB289,Aspergillus Fumigatus Specific IgE,1054,1240,1240,Laboratory Investigation,Tier III,CGHS O.M. 03.10.2025,03-10-2025
293,LB290,Autoimmune Encephalitis Panel,11560,13600,13600,Laboratory Investigation,Tier III,CGHS O.M. 03.10.2025,03-10-2025
294,LB291,Autoimmune Hepatitis Profile,2013,2368,2368,Laboratory Investigation,Tier III,CGHS O.M. 03.10.2025,03-10-2025
295,LB292,Beta-D-Glucan Assay,10200,12000,12000,Laboratory Investigation,Tier III,CGHS O.M. 03.10.2025,03-10-2025
296,LB293,C1 Esterase inhibitor (Quantitative ),1632,1920,1920,Laboratory Investigation,Tier III,CGHS O.M. 03.10.2025,03-10-2025
297,LB294,CMV Quantitative (Viral load) Test,1564,1840,1840,Laboratory Investigation,Tier III,CGHS O.M. 03.10.2025,03-10-2025
298,LB295,"Double Marker (Beta-hCG,PAPP-A)",1360,1600,1600,Laboratory Investigation,Tier III,CGHS O.M. 03.10.2025,03-10-2025
299,LB296,"Quadruple test (AFP,HCG,UE3,Inhibin A)",1632,1920,1920,Laboratory Investigation,Tier III,CGHS O.M. 03.10.2025,03-10-2025
300,LB297,HBeAb (Hepatitis B envelope Antibody),245,288,288,Laboratory Investigation,Tier III,CGHS O.M. 03.10.2025,03-10-2025
301,LB298,HBeAg (Hepatitis B envelope Antigen),245,288,288,Laboratory Investigation,Tier III,CGHS O.M. 03.10.2025,03-10-2025
302,LB299,HIAA 24 Hours Urinary,1564,1840,1840,Laboratory Investigation,Tier III,CGHS O.M. 03.10.2025,03-10-2025
303,LB300,HIV Viral Load by PCR,3400,4000,4000,Laboratory Investigation,Tier III,CGHS O.M. 03.10.2025,03-10-2025
304,LB301,HSV 1 & 2 IgG,558,656,656,Laboratory Investigation,Tier III,CGHS O.M. 03.10.2025,03-10-2025
305,LB302,Hypersensitive Pneumonitis Panel,4896,5760,5760,Laboratory Investigation,Tier III,CGHS O.M. 03.10.2025,03-10-2025
306,LB303,IgG4,1360,1600,1600,Laboratory Investigation,Tier III,CGHS O.M. 03.10.2025,03-10-2025
307,LB304,Inhibin A,612,720,720,Laboratory Investigation,Tier III,CGHS O.M. 03.10.2025,03-10-2025
308,LB305,Inhibin B,1292,1520,1520,Laboratory Investigation,Tier III,CGHS O.M. 03.10.2025,03-10-2025
309,LB306,Scrub Typhus IgM,1088,1280,1280,Laboratory Investigation,Tier III,CGHS O.M. 03.10.2025,03-10-2025
310,LB307,Interferon Gamma Release Assay (IGRA),2040,2400,2400,Laboratory Investigation,Tier III,CGHS O.M. 03.10.2025,03-10-2025
311,LB308,KOH Mount,102,120,120,Laboratory Investigation,Tier III,CGHS O.M. 03.10.2025,03-10-2025
312,LB309,Serum AMA M2 (IFA Method),1360,1600,1600,Laboratory Investigation,Tier III,CGHS O.M. 03.10.2025,03-10-2025
313,LB310,Serum Gastrin,816,960,960,Laboratory Investigation,Tier III,CGHS O.M. 03.10.2025,03-10-2025
314,LB311,Serum Haptoglobin Levels,680,800,800,Laboratory Investigation,Tier III,CGHS O.M. 03.10.2025,03-10-2025
315,LB312,Skin Prick Test for Allergy,1224,1440,1440,Laboratory Investigation,Tier III,CGHS O.M. 03.10.2025,03-10-2025
316,LB313,Myositis Profile (Up to 16 Antigens),5440,6400,6400,Laboratory Investigation,Tier III,CGHS O.M. 03.10.2025,03-10-2025
317,LB314,Paraneoplastic Panel,6800,8000,8000,Laboratory Investigation,Tier III,CGHS O.M. 03.10.2025,03-10-2025
318,LB315,TSH Receptor Antibody,816,960,960,Laboratory Investigation,Tier III,CGHS O.M. 03.10.2025,03-10-2025
319,LB316,Anti-Nuclear Antibodies - IFA,1088,1280,1280,Laboratory Investigation,Tier III,CGHS O.M. 03.10.2025,03-10-2025
320,LB317,Autoimmune Liver Diseases Profile,3400,4000,4000,Laboratory Investigation,Tier III,CGHS O.M. 03.10.2025,03-10-2025
321,LB318,Citrate Urine 24 Hour,782,920,920,Laboratory Investigation,Tier III,CGHS O.M. 03.10.2025,03-10-2025
322,LB319,Comprehensive Allergy Panel,4760,5600,5600,Laboratory Investigation,Tier III,CGHS O.M. 03.10.2025,03-10-2025
323,LB320,Comprehensive Myeloma Protein Panel,4760,5600,5600,Laboratory Investigation,Tier III,CGHS O.M. 03.10.2025,03-10-2025
324,LB321,DCP (DES Gamma-Carboxy- Prothrombin),2278,2680,2680,Laboratory Investigation,Tier III,CGHS O.M. 03.10.2025,03-10-2025
325,LB322,Desmoglein (DSG) 1 And 3 Antibody,3672,4320,4320,Laboratory Investigation,Tier III,CGHS O.M. 03.10.2025,03-10-2025
326,LB323,Galactomannan,2115,2488,2488,Laboratory Investigation,Tier III,CGHS O.M. 03.10.2025,03-10-2025
327,LB324,SCL 70 Antibody,1142,1344,1344,Laboratory Investigation,Tier III,CGHS O.M. 03.10.2025,03-10-2025
328,LB325,Serum Chromogranin A,2584,3040,3040,Laboratory Investigation,Tier III,CGHS O.M. 03.10.2025,03-10-2025
329,LB326,SSA- Antibody Ro Serum Test,986,1160,1160,Laboratory Investigation,Tier III,CGHS O.M. 03.10.2025,03-10-2025
330,LB327,SSB- Antibody La Serum Test,986,1160,1160,Laboratory Investigation,Tier III,CGHS O.M. 03.10.2025,03-10-2025
331,LB328,Stool for Clostridium difficile Toxin,1931,2272,2272,Laboratory Investigation,Tier III,CGHS O.M. 03.10.2025,03-10-2025
332,LB329,TPHA,272,320,320,Laboratory Investigation,Tier III,CGHS O.M. 03.10.2025,03-10-2025
333,LB330,UGT1A1 Gene Analysis,4080,4800,4800,Laboratory Investigation,Tier III,CGHS O.M. 03.10.2025,03-10-2025
334,LB331,Urine For Myoglobin,374,440,440,Laboratory Investigation,Tier III,CGHS O.M. 03.10.2025,03-10-2025
335,LB332,Leptospira Ig M,680,800,800,Laboratory Investigation,Tier III,CGHS O.M. 03.10.2025,03-10-2025
336,LB333,Chikungunya Ig M,680,800,800,Laboratory Investigation,Tier III,CGHS O.M. 03.10.2025,03-10-2025
337,LB334,Weil Felix Agglutination Test,340,400,400,Laboratory Investigation,Tier III,CGHS O.M. 03.10.2025,03-10-2025
338,LB335,Continuous Glucose Monitoring for 2 Weeks,2720,3200,3200,Laboratory Investigation,Tier III,CGHS O.M. 03.10.2025,03-10-2025
339,RI001,2D echocardiography,1003,1180,1180,Radiological Investigation,Tier III,CGHS O.M. 03.10.2025,03-10-2025
340,RI002,Fetal Echo,1088,1280,1280,Radiological Investigation,Tier III,CGHS O.M. 03.10.2025,03-10-2025
341,RI003,2D Transoesophageal Echocardiography (TEE),1122,1320,1320,Radiological Investigation,Tier III,CGHS O.M. 03.10.2025,03-10-2025
342,RI004,3D Transoesophageal Echocardiography (TEE),1122,1320,1320,Radiological Investigation,Tier III,CGHS O.M. 03.10.2025,03-10-2025
343,RI005,Stress Echo- exercise,1632,1920,1920,Radiological Investigation,Tier III,CGHS O.M. 03.10.2025,03-10-2025
344,RI006,Stress Echo- pharmacological / D Stress Echo,2040,2400,2400,Radiological Investigation,Tier III,CGHS O.M. 03.10.2025,03-10-2025
345,RI007,Stress Myocardial Perfusion Imaging (MPI)- exercise,6256,7360,7360,Radiological Investigation,Tier III,CGHS O.M. 03.10.2025,03-10-2025
346,RI008,Stress Myocardial Perfusion Imaging (MPI) - pharmacological,6256,7360,7360,Radiological Investigation,Tier III,CGHS O.M. 03.10.2025,03-10-2025
347,RI009,CT Coronary Angiography including Calcium Score Test,6256,7360,7360,Radiological Investigation,Tier III,CGHS O.M. 03.10.2025,03-10-2025
348,RI010,Cardiac CT scan,4420,5200,5200,Radiological Investigation,Tier III,CGHS O.M. 03.10.2025,03-10-2025
349,RI011,MRI Cardiac,5440,6400,6400,Radiological Investigation,Tier III,CGHS O.M. 03.10.2025,03-10-2025
350,RI012,Stress Cardiac MRI,6256,7360,7360,Radiological Investigation,Tier III,CGHS O.M. 03.10.2025,03-10-2025
351,RI013,Cardiac PET,6256,7360,7360,Radiological Investigation,Tier III,CGHS O.M. 03.10.2025,03-10-2025
352,RI014,USG Transvaginal sonography (TVS for Follicular monitoring /aspiration) /TVS for follicular monitoring/pelvic pathology/ET measurement,680,800,800,Radiological Investigation,Tier III,CGHS O.M. 03.10.2025,03-10-2025
353,RI015,"Growth scan (including BPP, AFI, Doppler)",1360,1600,1600,Radiological Investigation,Tier III,CGHS O.M. 03.10.2025,03-10-2025
354,RI016,1st trimester scan-dating scan/NT scan/Early pregnancy scan,476,560,560,Radiological Investigation,Tier III,CGHS O.M. 03.10.2025,03-10-2025
355,RI017,USG Colour Doppler Pregnancy / Fetal Doppler/Umbilical Doppler/Uterine Vessel Doppler,1139,1340,1340,Radiological Investigation,Tier III,CGHS O.M. 03.10.2025,03-10-2025
356,RI018,Biophysical score / Biophysical profile test (BPP test),1020,1200,1200,Radiological Investigation,Tier III,CGHS O.M. 03.10.2025,03-10-2025
357,RI019,USG Obstetrics for Anomalies scan,1360,1600,1600,Radiological Investigation,Tier III,CGHS O.M. 03.10.2025,03-10-2025
358,RI020,USG Whole Abdomen Including Pelvis and post Void urine,544,640,640,Radiological Investigation,Tier III,CGHS O.M. 03.10.2025,03-10-2025
359,RI021,"Pelvic USG (gynae, infertility, prostate , KUB with post- void residual (PVR) etc ).",340,400,400,Radiological Investigation,Tier III,CGHS O.M. 03.10.2025,03-10-2025
360,RI022,"USG Small parts (scrotum, thyroid, parathyroid etc)",524,616,616,Radiological Investigation,Tier III,CGHS O.M. 03.10.2025,03-10-2025
361,RI023,"USG Large Parts (Joints/Chest,...etc)",544,640,640,Radiological Investigation,Tier III,CGHS O.M. 03.10.2025,03-10-2025
362,RI024,USG Neonatal spine,680,800,800,Radiological Investigation,Tier III,CGHS O.M. 03.10.2025,03-10-2025
363,RI025,USG Breast including relevant Lymph nodes- Bilateral/Unilateral,544,640,640,Radiological Investigation,Tier III,CGHS O.M. 03.10.2025,03-10-2025
364,RI026,USG Hysterosalpingography (HSG),1632,1920,1920,Radiological Investigation,Tier III,CGHS O.M. 03.10.2025,03-10-2025
365,RI027,Fibroscan Liver,782,920,920,Radiological Investigation,Tier III,CGHS O.M. 03.10.2025,03-10-2025
366,RI028,Carotid Doppler Bilateral,680,800,800,Radiological Investigation,Tier III,CGHS O.M. 03.10.2025,03-10-2025
367,RI029,Arterial Colour Doppler Bilateral,680,800,800,Radiological Investigation,Tier III,CGHS O.M. 03.10.2025,03-10-2025
368,RI030,Venous Colour Doppler Bilateral,680,800,800,Radiological Investigation,Tier III,CGHS O.M. 03.10.2025,03-10-2025
369,RI031,"Colour Doppler, renal arteries/any other organ",680,800,800,Radiological Investigation,Tier III,CGHS O.M. 03.10.2025,03-10-2025
370,RI032,X Ray Abdomen AP Supine or Erect (One film),170,200,200,Radiological Investigation,Tier III,CGHS O.M. 03.10.2025,03-10-2025
371,RI033,X Ray Abdomen Lateral view (one film),143,168,168,Radiological Investigation,Tier III,CGHS O.M. 03.10.2025,03-10-2025
372,RI034,X Ray Chest PA /AP/ Oblique view (one film),156,184,184,Radiological Investigation,Tier III,CGHS O.M. 03.10.2025,03-10-2025
373,RI035,X Ray Chest Lateral (one film),156,184,184,Radiological Investigation,Tier III,CGHS O.M. 03.10.2025,03-10-2025
374,RI036,"X Ray Mastoids: Towne view, oblique views (3 films)",340,400,400,Radiological Investigation,Tier III,CGHS O.M. 03.10.2025,03-10-2025
375,RI037,"X Ray Extremities (Hand/Leg/Feet/Finger/Toe) bones & Joints (Hip/ Knee/Ankle / shoulder/ Wrist / fingers/Toes, etc) AP & Lateral views (standing or weight bearing)(Two films)",258,304,304,Radiological Investigation,Tier III,CGHS O.M. 03.10.2025,03-10-2025
376,RI038,X Ray Pelvis AP (one film),136,160,160,Radiological Investigation,Tier III,CGHS O.M. 03.10.2025,03-10-2025
377,RI039,X Ray Temporomandibular (TM) Joints (one film),170,200,200,Radiological Investigation,Tier III,CGHS O.M. 03.10.2025,03-10-2025
378,RI040,X Ray Abdomen & Pelvis for KUB,160,188,188,Radiological Investigation,Tier III,CGHS O.M. 03.10.2025,03-10-2025
379,RI041,"X Ray Skull AP & Lateral (2 films)/ Extra oral radiographs - All skull views, TMJ, Lateral oblique [Dental]",272,320,320,Radiological Investigation,Tier III,CGHS O.M. 03.10.2025,03-10-2025
380,RI042,X Ray Spine AP & Lateral (2 films),272,320,320,Radiological Investigation,Tier III,CGHS O.M. 03.10.2025,03-10-2025
381,RI043,X Ray Paranasal sinuses (PNS) view (1 film),136,160,160,Radiological Investigation,Tier III,CGHS O.M. 03.10.2025,03-10-2025
382,RI044,Barium Swallow,816,960,960,Radiological Investigation,Tier III,CGHS O.M. 03.10.2025,03-10-2025
383,RI045,Barium Upper GI study,1020,1200,1200,Radiological Investigation,Tier III,CGHS O.M. 03.10.2025,03-10-2025
384,RI046,Barium Upper GI study (Double contrast),1360,1600,1600,Radiological Investigation,Tier III,CGHS O.M. 03.10.2025,03-10-2025
385,RI047,Barium Meal follow through,1360,1600,1600,Radiological Investigation,Tier III,CGHS O.M. 03.10.2025,03-10-2025
386,RI048,Barium Enema (Single contrast/double contrast),1360,1600,1600,Radiological Investigation,Tier III,CGHS O.M. 03.10.2025,03-10-2025
387,RI049,Small bowel enteroclysis,1360,1600,1600,Radiological Investigation,Tier III,CGHS O.M. 03.10.2025,03-10-2025
388,RI050,General:Fistulography / Sinography/Sialography/Dacrocystography/ T-Tube cholangiogram/Nephrostogram,864,1016,1016,Radiological Investigation,Tier III,CGHS O.M. 03.10.2025,03-10-2025
389,RI051,Intravenous Pyelography (IVP),1122,1320,1320,Radiological Investigation,Tier III,CGHS O.M. 03.10.2025,03-10-2025
390,RI052,Micturating Cystourethrography (MCU),762,896,896,Radiological Investigation,Tier III,CGHS O.M. 03.10.2025,03-10-2025
391,RI053,Retrograde Urethrography (RGU),762,896,896,Radiological Investigation,Tier III,CGHS O.M. 03.10.2025,03-10-2025
392,RI054,Contrast Hystero-Salpingography (HSG),1360,1600,1600,Radiological Investigation,Tier III,CGHS O.M. 03.10.2025,03-10-2025
393,RI055,X ray Arthrography,1360,1600,1600,Radiological Investigation,Tier III,CGHS O.M. 03.10.2025,03-10-2025
394,RI056,Ortho Scanogram,1149,1352,1352,Radiological Investigation,Tier III,CGHS O.M. 03.10.2025,03-10-2025
395,RI057,Cephalography,238,280,280,Radiological Investigation,Tier III,CGHS O.M. 03.10.2025,03-10-2025
396,RI058,Myelography,1700,2000,2000,Radiological Investigation,Tier III,CGHS O.M. 03.10.2025,03-10-2025
397,RI059,Diagnostic Digital Subtraction Angiography (DSA) cerebral vessels,9112,10720,10720,Radiological Investigation,Tier III,CGHS O.M. 03.10.2025,03-10-2025
398,RI060,X Ray Mammography – Bilateral/Unilateral,935,1100,1100,Radiological Investigation,Tier III,CGHS O.M. 03.10.2025,03-10-2025
399,RI061,MRI Mammography,3400,4000,4000,Radiological Investigation,Tier III,CGHS O.M. 03.10.2025,03-10-2025
400,RI062,CT Scan Head/ Brain-Without Contrast / NCCT Head/Brain,704,828,828,Radiological Investigation,Tier III,CGHS O.M. 03.10.2025,03-10-2025
401,RI063,CT Scan Head / Brain- with Contrast -including CT angiography,1496,1760,1760,Radiological Investigation,Tier III,CGHS O.M. 03.10.2025,03-10-2025
402,RI064,CT Scan Chest - without contrast (for lungs),1360,1600,1600,Radiological Investigation,Tier III,CGHS O.M. 03.10.2025,03-10-2025
403,RI065,High Resolution computed Tomography (HRCT Chest),1360,1600,1600,Radiological Investigation,Tier III,CGHS O.M. 03.10.2025,03-10-2025
404,RI066,Contrast Enhanced Computed Tomograpy (CECT) Chest (Including CD),1955,2300,2300,Radiological Investigation,Tier III,CGHS O.M. 03.10.2025,03-10-2025
405,RI067,CT Scan Lower Abdomen (incl. Pelvis) With Contrast/ CT KUB with Contrast,3060,3600,3600,Radiological Investigation,Tier III,CGHS O.M. 03.10.2025,03-10-2025
406,RI068,CT Scan Lower Abdomen (Incl. Pelvis) Without Contrast / CT KUB without Contrast,2380,2800,2800,Radiological Investigation,Tier III,CGHS O.M. 03.10.2025,03-10-2025
407,RI069,CT Scan Whole Abdomen Without Contrast,2346,2760,2760,Radiological Investigation,Tier III,CGHS O.M. 03.10.2025,03-10-2025
408,RI070,CT Scan Whole Abdomen With Contrast,3519,4140,4140,Radiological Investigation,Tier III,CGHS O.M. 03.10.2025,03-10-2025
409,RI071,Triple Phase CT abdomen,3519,4140,4140,Radiological Investigation,Tier III,CGHS O.M. 03.10.2025,03-10-2025
410,RI072,CT Urography,3060,3600,3600,Radiological Investigation,Tier III,CGHS O.M. 03.10.2025,03-10-2025
411,RI073,CT Scan Angiography Chest,3519,4140,4140,Radiological Investigation,Tier III,CGHS O.M. 03.10.2025,03-10-2025
412,RI074,CT Scan Angiography Abdomen,3519,4140,4140,Radiological Investigation,Tier III,CGHS O.M. 03.10.2025,03-10-2025
413,RI075,CT Angiography Entire Aorta ( CT Aortogram),6800,8000,8000,Radiological Investigation,Tier III,CGHS O.M. 03.10.2025,03-10-2025
414,RI076,CT Scan Enteroclysis,4692,5520,5520,Radiological Investigation,Tier III,CGHS O.M. 03.10.2025,03-10-2025
415,RI077,CT Scan Neck – Without Contrast,1700,2000,2000,Radiological Investigation,Tier III,CGHS O.M. 03.10.2025,03-10-2025
416,RI078,CT Scan Neck – With Contrast,2380,2800,2800,Radiological Investigation,Tier III,CGHS O.M. 03.10.2025,03-10-2025
417,RI079,CT Angio-Neck Vessels,4080,4800,4800,Radiological Investigation,Tier III,CGHS O.M. 03.10.2025,03-10-2025
418,RI080,CT Scan Orbits - Without Contrast,1496,1760,1760,Radiological Investigation,Tier III,CGHS O.M. 03.10.2025,03-10-2025
419,RI081,CT Scan Orbits - With Contrast,2176,2560,2560,Radiological Investigation,Tier III,CGHS O.M. 03.10.2025,03-10-2025
420,RI082,CT Scan of Para Nasal Sinuses (CT PNS)- Without Contrast,1564,1840,1840,Radiological Investigation,Tier III,CGHS O.M. 03.10.2025,03-10-2025
421,RI083,CT Scan of Para Nasal Sinuses (CT PNS)- With Contrast,2244,2640,2640,Radiological Investigation,Tier III,CGHS O.M. 03.10.2025,03-10-2025
422,RI084,"CT Scan Spine (Cervical, Dorsal, Lumbar,Sacral)–without Contrast",1904,2240,2240,Radiological Investigation,Tier III,CGHS O.M. 03.10.2025,03-10-2025
423,RI085,CT Scan Temporal bone – without contrast,1700,2000,2000,Radiological Investigation,Tier III,CGHS O.M. 03.10.2025,03-10-2025
424,RI086,CT Scan / Cone Beam CT (CBCT) Dental,1020,1200,1200,Radiological Investigation,Tier III,CGHS O.M. 03.10.2025,03-10-2025
425,RI087,CT Scan Limbs -Without Contrast,1904,2240,2240,Radiological Investigation,Tier III,CGHS O.M. 03.10.2025,03-10-2025
426,RI088,CT Scan Limbs -With Contrast including CT angiography,3944,4640,4640,Radiological Investigation,Tier III,CGHS O.M. 03.10.2025,03-10-2025
427,RI089,MRI Head / Brain – Without Contrast,1870,2200,2200,Radiological Investigation,Tier III,CGHS O.M. 03.10.2025,03-10-2025
428,RI090,MRI Head / Brain– With Contrast,3400,4000,4000,Radiological Investigation,Tier III,CGHS O.M. 03.10.2025,03-10-2025
429,RI091,MRI Orbits – Without Contrast,1272,1496,1496,Radiological Investigation,Tier III,CGHS O.M. 03.10.2025,03-10-2025
430,RI092,MRI Orbits – With Contrast,3400,4000,4000,Radiological Investigation,Tier III,CGHS O.M. 03.10.2025,03-10-2025
431,RI093,MRI Nasopharynx and PNS – Without Contrast,2380,2800,2800,Radiological Investigation,Tier III,CGHS O.M. 03.10.2025,03-10-2025
432,RI094,MRI Nasopharynx and PNS – With Contrast,3400,4000,4000,Radiological Investigation,Tier III,CGHS O.M. 03.10.2025,03-10-2025
433,RI095,MR for Salivary Glands with Sialography/Maxillofacial MRI,3400,4000,4000,Radiological Investigation,Tier III,CGHS O.M. 03.10.2025,03-10-2025
434,RI096,MRI Neck - Without Contrast,2380,2800,2800,Radiological Investigation,Tier III,CGHS O.M. 03.10.2025,03-10-2025
435,RI097,MRI Neck- with contrast,3910,4600,4600,Radiological Investigation,Tier III,CGHS O.M. 03.10.2025,03-10-2025
436,RI098,MRI Shoulder – Without contrast,2380,2800,2800,Radiological Investigation,Tier III,CGHS O.M. 03.10.2025,03-10-2025
437,RI099,MRI Shoulder – With contrast,3400,4000,4000,Radiological Investigation,Tier III,CGHS O.M. 03.10.2025,03-10-2025
438,RI100,MRI shoulder both Joints - Without contrast,2720,3200,3200,Radiological Investigation,Tier III,CGHS O.M. 03.10.2025,03-10-2025
439,RI101,MRI Shoulder both joints – With contrast,4080,4800,4800,Radiological Investigation,Tier III,CGHS O.M. 03.10.2025,03-10-2025
440,RI102,MRI Wrist Single joint - Without contrast,2244,2640,2640,Radiological Investigation,Tier III,CGHS O.M. 03.10.2025,03-10-2025
441,RI103,MRI Wrist Single joint - With contrast,3400,4000,4000,Radiological Investigation,Tier III,CGHS O.M. 03.10.2025,03-10-2025
442,RI104,MRI Wrist both joints - Without contrast,2720,3200,3200,Radiological Investigation,Tier III,CGHS O.M. 03.10.2025,03-10-2025
443,RI105,MRI Wrist Both joints - With contrast,3910,4600,4600,Radiological Investigation,Tier III,CGHS O.M. 03.10.2025,03-10-2025
444,RI106,MRI knee Single joint - Without contrast,2040,2400,2400,Radiological Investigation,Tier III,CGHS O.M. 03.10.2025,03-10-2025
445,RI107,MRI knee Single joint - With contrast,3910,4600,4600,Radiological Investigation,Tier III,CGHS O.M. 03.10.2025,03-10-2025
446,RI108,MRI knee both joints - Without contrast,2720,3200,3200,Radiological Investigation,Tier III,CGHS O.M. 03.10.2025,03-10-2025
447,RI109,MRI knee both joints - With contrast,3910,4600,4600,Radiological Investigation,Tier III,CGHS O.M. 03.10.2025,03-10-2025
448,RI110,MRI Ankle Single joint - Without contrast,2380,2800,2800,Radiological Investigation,Tier III,CGHS O.M. 03.10.2025,03-10-2025
449,RI111,MRI Ankle single joint - With contrast,3400,4000,4000,Radiological Investigation,Tier III,CGHS O.M. 03.10.2025,03-10-2025
450,RI112,MRI Ankle both joints - With contrast,4420,5200,5200,Radiological Investigation,Tier III,CGHS O.M. 03.10.2025,03-10-2025
451,RI113,MRI Ankle both joints - Without contrast,2380,2800,2800,Radiological Investigation,Tier III,CGHS O.M. 03.10.2025,03-10-2025
452,RI114,MRI Hip - With contrast,3400,4000,4000,Radiological Investigation,Tier III,CGHS O.M. 03.10.2025,03-10-2025
453,RI115,MRI Hip – without contrast,2380,2800,2800,Radiological Investigation,Tier III,CGHS O.M. 03.10.2025,03-10-2025
454,RI116,MRI Pelvis – Without Contrast,2380,2800,2800,Radiological Investigation,Tier III,CGHS O.M. 03.10.2025,03-10-2025
455,RI117,MRI Pelvis – with contrast,3910,4600,4600,Radiological Investigation,Tier III,CGHS O.M. 03.10.2025,03-10-2025
456,RI118,MRI Extremities - With contrast,3910,4600,4600,Radiological Investigation,Tier III,CGHS O.M. 03.10.2025,03-10-2025
457,RI119,MRI Extremities - Without contrast,2380,2800,2800,Radiological Investigation,Tier III,CGHS O.M. 03.10.2025,03-10-2025
458,RI120,MRI Temporomandibular – B/L - With contrast / MRI TMJ (Double Joint) with contrast,3400,4000,4000,Radiological Investigation,Tier III,CGHS O.M. 03.10.2025,03-10-2025
459,RI121,MRI Temporomandibular – B/L - Without contrast / MRI -TMJ(Double Joint) without contrast,2380,2800,2800,Radiological Investigation,Tier III,CGHS O.M. 03.10.2025,03-10-2025
460,RI122,MR Temporal Bone/ Inner ear with contrast,3400,4000,4000,Radiological Investigation,Tier III,CGHS O.M. 03.10.2025,03-10-2025
461,RI123,MRI Temporal Bone/ Inner ear without contrast,2380,2800,2800,Radiological Investigation,Tier III,CGHS O.M. 03.10.2025,03-10-2025
462,RI124,MRI Abdomen – Without Contrast,2380,2800,2800,Radiological Investigation,Tier III,CGHS O.M. 03.10.2025,03-10-2025
463,RI125,MRI Abdomen – With Contrast,3910,4600,4600,Radiological Investigation,Tier III,CGHS O.M. 03.10.2025,03-10-2025
464,RI126,MRI-Prostate (Multi-parametric) (Including CD),4692,5520,5520,Radiological Investigation,Tier III,CGHS O.M. 03.10.2025,03-10-2025
465,RI127,MRI Breast - With Contrast,3400,4000,4000,Radiological Investigation,Tier III,CGHS O.M. 03.10.2025,03-10-2025
466,RI128,MRI Breast - Without Contrast,2380,2800,2800,Radiological Investigation,Tier III,CGHS O.M. 03.10.2025,03-10-2025
467,RI129,MRI whole Spine Screening- Without Contrast,1360,1600,1600,Radiological Investigation,Tier III,CGHS O.M. 03.10.2025,03-10-2025
468,RI130,MRI Chest – Without Contrast,2380,2800,2800,Radiological Investigation,Tier III,CGHS O.M. 03.10.2025,03-10-2025
469,RI131,MRI Chest – With Contrast,3400,4000,4000,Radiological Investigation,Tier III,CGHS O.M. 03.10.2025,03-10-2025
470,RI132,MRI Whole spine – Without Contrast,2992,3520,3520,Radiological Investigation,Tier III,CGHS O.M. 03.10.2025,03-10-2025
471,RI133,MRI Cervical/ Cervico Dorsal Spine – With Contrast,3400,4000,4000,Radiological Investigation,Tier III,CGHS O.M. 03.10.2025,03-10-2025
472,RI134,MRI Dorsal/ Dorso Lumbar Spine - Without Contrast,2380,2800,2800,Radiological Investigation,Tier III,CGHS O.M. 03.10.2025,03-10-2025
473,RI135,MRI Dorsal/ Dorso Lumbar Spine – With Contrast,3400,4000,4000,Radiological Investigation,Tier III,CGHS O.M. 03.10.2025,03-10-2025
474,RI136,MRI Lumbar/ Lumbo-Sacral Spine – Without Contrast,2380,2800,2800,Radiological Investigation,Tier III,CGHS O.M. 03.10.2025,03-10-2025
475,RI137,MRI Lumbar/ Lumbo-Sacral Spine – With Contrast,3910,4600,4600,Radiological Investigation,Tier III,CGHS O.M. 03.10.2025,03-10-2025
476,RI138,Whole body MRI (For oncological workup),6256,7360,7360,Radiological Investigation,Tier III,CGHS O.M. 03.10.2025,03-10-2025
477,RI139,MR cholecysto-pancreatography (MRCP),5780,6800,6800,Radiological Investigation,Tier III,CGHS O.M. 03.10.2025,03-10-2025
478,RI140,MRI Angiography - with contrast,3910,4600,4600,Radiological Investigation,Tier III,CGHS O.M. 03.10.2025,03-10-2025
479,RI141,MR Enteroclysis,3400,4000,4000,Radiological Investigation,Tier III,CGHS O.M. 03.10.2025,03-10-2025
480,RI142,MRI DEFECOGRAPHY,4760,5600,5600,Radiological Investigation,Tier III,CGHS O.M. 03.10.2025,03-10-2025
481,RI143,MRI FISTULOGRAM,3060,3600,3600,Radiological Investigation,Tier III,CGHS O.M. 03.10.2025,03-10-2025
482,RI144,MRI SPECTROSCOPY,2040,2400,2400,Radiological Investigation,Tier III,CGHS O.M. 03.10.2025,03-10-2025
483,RI145,Dexa Scan Bone Densitometry - Two sites,1360,1600,1600,Radiological Investigation,Tier III,CGHS O.M. 03.10.2025,03-10-2025
484,RI146,"Dexa Scan Bone Densitometry - Three sites (Spine, Hip &extremity)",1700,2000,2000,Radiological Investigation,Tier III,CGHS O.M. 03.10.2025,03-10-2025
485,RI147,Dexa Scan Bone Densitometry Whole body,2040,2400,2400,Radiological Investigation,Tier III,CGHS O.M. 03.10.2025,03-10-2025
486,PI001,Pulmonary Function Test (PFT) / (Spirometry with Diffusing Capacity of the Lungs for Carbon monoxide (DLCO),340,400,400,Pulmonology Investigation,Tier III,CGHS O.M. 03.10.2025,03-10-2025
487,PI002,Lung Ventilation & Perfusion Scan (V/Q Scan),4080,4800,4800,Pulmonology Investigation,Tier III,CGHS O.M. 03.10.2025,03-10-2025
488,PI003,Lung Perfusion Scan,3400,4000,4000,Pulmonology Investigation,Tier III,CGHS O.M. 03.10.2025,03-10-2025
489,PI004,6 Minute Walk Test,340,400,400,Pulmonology Investigation,Tier III,CGHS O.M. 03.10.2025,03-10-2025
490,PI005,FeNO Breathing Test,490,576,576,Pulmonology Investigation,Tier III,CGHS O.M. 03.10.2025,03-10-2025
491,PP001,Endo bronchial Ultrasound (EBUS) -Trans bronchial needle aspiration (TBNA) - Excluding the cost of Needle,13600,16000,16000,Pulmonology Procedure,Tier III,CGHS O.M. 03.10.2025,03-10-2025
492,PP002,Video Bronchoscopy with BAL,7480,8800,8800,Pulmonology Procedure,Tier III,CGHS O.M. 03.10.2025,03-10-2025
493,NM001,Whole Body Bone Scan with SPECT.,3400,4000,4000,Nuclear Medicine Investigation,Tier III,CGHS O.M. 03.10.2025,03-10-2025
494,NM002,Three phase whole body Bone Scan,4080,4800,4800,Nuclear Medicine Investigation,Tier III,CGHS O.M. 03.10.2025,03-10-2025
495,NM003,Brain Perfusion SPECT Scan with Technetium 99m radiopharmaceuticals.,9112,10720,10720,Nuclear Medicine Investigation,Tier III,CGHS O.M. 03.10.2025,03-10-2025
496,NM004,Radionuclide Cisternography for CSF leak,4624,5440,5440,Nuclear Medicine Investigation,Tier III,CGHS O.M. 03.10.2025,03-10-2025
497,NM005,Renal Cortical Scintigraphy with Technetium 99m Dimercaptosuccinic acid (DMSA)/DTPA,2720,3200,3200,Nuclear Medicine Investigation,Tier III,CGHS O.M. 03.10.2025,03-10-2025
498,NM006,Dynamic Renography.,2720,3200,3200,Nuclear Medicine Investigation,Tier III,CGHS O.M. 03.10.2025,03-10-2025
499,NM007,Dynamic Renography with Diuretic.,2720,3200,3200,Nuclear Medicine Investigation,Tier III,CGHS O.M. 03.10.2025,03-10-2025
500,NM008,Dynamic Renography with Captopril,4624,5440,5440,Nuclear Medicine Investigation,Tier III,CGHS O.M. 03.10.2025,03-10-2025
501,NM009,Testicular Scan with Technetium 99m Pertechnetate,1156,1360,1360,Nuclear Medicine Investigation,Tier III,CGHS O.M. 03.10.2025,03-10-2025
502,NM010,Thyroid Uptake measurements with 131-Iodine.,1700,2000,2000,Nuclear Medicine Investigation,Tier III,CGHS O.M. 03.10.2025,03-10-2025
503,NM011,Thyroid Scan with Technetium 99m Pertechnetate,1292,1520,1520,Nuclear Medicine Investigation,Tier III,CGHS O.M. 03.10.2025,03-10-2025
504,NM012,Iodine-131 Whole Body Scan,9112,10720,10720,Nuclear Medicine Investigation,Tier III,CGHS O.M. 03.10.2025,03-10-2025
505,NM013,Whole Body Scan with MIBG,9112,10720,10720,Nuclear Medicine Investigation,Tier III,CGHS O.M. 03.10.2025,03-10-2025
506,NM014,Parathyroid Scan,4974,5852,5852,Nuclear Medicine Investigation,Tier III,CGHS O.M. 03.10.2025,03-10-2025
507,NM015,Scintimammography.,4080,4800,4800,Nuclear Medicine Investigation,Tier III,CGHS O.M. 03.10.2025,03-10-2025
508,NM016,Indium labelled octreotide Scan,48960,57600,57600,Nuclear Medicine Investigation,Tier III,CGHS O.M. 03.10.2025,03-10-2025
509,NM017,FDG Whole body PET CT Scan,9775,11500,11500,Nuclear Medicine Investigation,Tier III,CGHS O.M. 03.10.2025,03-10-2025
510,NM018,Brain / Heart FDG PET CT Scan,9775,11500,11500,Nuclear Medicine Investigation,Tier III,CGHS O.M. 03.10.2025,03-10-2025
511,NM019,Gallium-68 Peptide PET / CT imaging for Neuroendocrine Tumour,9775,11500,11500,Nuclear Medicine Investigation,Tier III,CGHS O.M. 03.10.2025,03-10-2025
512,NM020,PSMA PET CT Scan,10200,12000,12000,Nuclear Medicine Investigation,Tier III,CGHS O.M. 03.10.2025,03-10-2025
513,NM021,F-DOPA PET-CT scan,10200,12000,12000,Nuclear Medicine Investigation,Tier III,CGHS O.M. 03.10.2025,03-10-2025
514,BY001,Skin Biopsy,850,1000,1000,Biopsies,Tier III,CGHS O.M. 03.10.2025,03-10-2025
515,BY002,Punch/Wedge biopsy,2040,2400,2400,Biopsies,Tier III,CGHS O.M. 03.10.2025,03-10-2025
516,BY003,Excision Biopsy of Ulcers,3400,4000,4000,Biopsies,Tier III,CGHS O.M. 03.10.2025,03-10-2025
517,BY004,Excision Biopsy of Superficial Lumps,6256,7360,7360,Biopsies,Tier III,CGHS O.M. 03.10.2025,03-10-2025
518,BY005,Incision Biopsy of Growths/Ulcers,3400,4000,4000,Biopsies,Tier III,CGHS O.M. 03.10.2025,03-10-2025
519,BY006,Bone Marrow Aspiration and Biopsy,5780,6800,6800,Biopsies,Tier III,CGHS O.M. 03.10.2025,03-10-2025
520,BY007,Scalene Node Biopsy,6256,7360,7360,Biopsies,Tier III,CGHS O.M. 03.10.2025,03-10-2025
521,BY008,Liver Biopsy,5780,6800,6800,Biopsies,Tier III,CGHS O.M. 03.10.2025,03-10-2025
522,BY009,Muscle Biopsy,1700,2000,2000,Biopsies,Tier III,CGHS O.M. 03.10.2025,03-10-2025
523,BY010,Trucut Needle Biopsy- (excluding the cost of Needle/Biopsy Gun if used),2618,3080,3080,Biopsies,Tier III,CGHS O.M. 03.10.2025,03-10-2025
524,RP001,USG Guided Intervention- Diagnostic,680,800,800,Interventional Radiological Procedure,Tier III,CGHS O.M. 03.10.2025,03-10-2025
525,RP002,USG Guided Intervention -Therapeutic,1360,1600,1600,Interventional Radiological Procedure,Tier III,CGHS O.M. 03.10.2025,03-10-2025
526,RP003,USG Guided Intervention - Specialized Procedures excluding cost of Catheter or biopsy gun,2040,2400,2400,Interventional Radiological Procedure,Tier III,CGHS O.M. 03.10.2025,03-10-2025
527,RP004,CT Guided biopsy including all the consumables,6256,7360,7360,Interventional Radiology Procedure,Tier III,CGHS O.M. 03.10.2025,03-10-2025
528,RP005,CT Guided Intervention -Percutaneous catheter drainage/tube placement excluding the cost of tube /catheter,2380,2800,2800,Interventional Radiological Procedure,Tier III,CGHS O.M. 03.10.2025,03-10-2025
529,RP006,Percutaneous transhepatic cholangiography (PTC),1224,1440,1440,Interventional Radiological Procedure,Tier III,CGHS O.M. 03.10.2025,03-10-2025
530,RP007,Transarterial Chemoembolization (TACE),36040,42400,42400,Interventional Radiological Procedure,Tier III,CGHS O.M. 03.10.2025,03-10-2025
531,CA001,"A, B, DR Molecular Typing PCR - SSP",7014,8252,8252,Oncology Investigations,Tier III,CGHS O.M. 03.10.2025,03-10-2025
532,CA002,"ABL Kinase Domain Mutation for Chronic Myeloid leukemia (TKI Resistance, Imatinib Resistance",5508,6480,6480,Oncology Investigations,Tier III,CGHS O.M. 03.10.2025,03-10-2025
533,CA003,"ABL Kinase Domain Mutation for Ph Positive Acute Lymphoblastic leukemia (TKI Resistance, I",5508,6480,6480,Oncology Investigations,Tier III,CGHS O.M. 03.10.2025,03-10-2025
534,CA004,Acute Leukemia karyotyping,3771,4436,4436,Oncology Investigations,Tier III,CGHS O.M. 03.10.2025,03-10-2025
535,CA005,Acute Leukemia mutation detection (per gene)ASXL1 /c-KIT/DNMT3A/ IDH1 and IDH2 /K RAS and N RAS mutation detection,3665,4312,4312,Oncology Investigations,Tier III,CGHS O.M. 03.10.2025,03-10-2025
536,CA006,Acute Leukemia RUNX1 mutation detection,3665,4312,4312,Oncology Investigations,Tier III,CGHS O.M. 03.10.2025,03-10-2025
537,CA007,Acute Leukemia TET2 mutation detection,15654,18416,18416,Oncology Investigations,Tier III,CGHS O.M. 03.10.2025,03-10-2025
538,CA008,Acute Leukemia TP53 mutation detection,15654,18416,18416,Oncology Investigations,Tier III,CGHS O.M. 03.10.2025,03-10-2025
539,CA009,Acute Lymphoblastic leukemia karyotyping,3771,4436,4436,Oncology Investigations,Tier III,CGHS O.M. 03.10.2025,03-10-2025
540,CA010,Acute Lymphoblastic Leukemia Mutation Detection,7507,8832,8832,Oncology Investigations,Tier III,CGHS O.M. 03.10.2025,03-10-2025
541,CA011,Acute Lymphoblastic Leukemia Transcript Identification,2054,2416,2416,Oncology Investigations,Tier III,CGHS O.M. 03.10.2025,03-10-2025
542,CA012,Acute Myeloid Leukemia (AML) Panel,9092,10696,10696,Oncology Investigations,Tier III,CGHS O.M. 03.10.2025,03-10-2025
543,CA013,ALK -1,3189,3752,3752,Oncology Investigations,Tier III,CGHS O.M. 03.10.2025,03-10-2025
544,CA014,ALK rearrangement: 2p23,3189,3752,3752,Oncology Investigations,Tier III,CGHS O.M. 03.10.2025,03-10-2025
545,CA015,B-cell Acute Lymphoblastic Leukemia (B-ALL) Panel,7868,9256,9256,Oncology Investigations,Tier III,CGHS O.M. 03.10.2025,03-10-2025
546,CA016,BCL3 rearrangement 19q13.3 / BCL6 rearrangement: 3q27,2370,2788,2788,Oncology Investigations,Tier III,CGHS O.M. 03.10.2025,03-10-2025
547,CA017,BCOR alteration,4114,4840,4840,Oncology Investigations,Tier III,CGHS O.M. 03.10.2025,03-10-2025
548,CA018,"BCR/ABL (Ph) duplication, trisomy 8, trisomy 21, TP53 deletion",4145,4876,4876,Oncology Investigations,Tier III,CGHS O.M. 03.10.2025,03-10-2025
549,CA019,BCR/ABL Ph: t(9;22),2370,2788,2788,Oncology Investigations,Tier III,CGHS O.M. 03.10.2025,03-10-2025
550,CA020,BCR-ABL by PCR-Quantitative,2720,3200,3200,Oncology Investigations,Tier III,CGHS O.M. 03.10.2025,03-10-2025
551,CA021,BRAF,6120,7200,7200,Oncology Investigations,Tier III,CGHS O.M. 03.10.2025,03-10-2025
552,CA022,BRCA1 & BRCA2,13600,16000,16000,Oncology Investigations,Tier III,CGHS O.M. 03.10.2025,03-10-2025
553,CA023,C3d Single Allele Antibody for HLA Class I (C3dLSA Class I) /C3d Single Allele Antibody for HLA Class II (C3dLSA Class II),11900,14000,14000,Oncology Investigations,Tier III,CGHS O.M. 03.10.2025,03-10-2025
554,CA024,CAN ASSIST,34000,40000,40000,Oncology Investigations,Tier III,CGHS O.M. 03.10.2025,03-10-2025
555,CA025,CCND1/IgH: t(11;14),3189,3752,3752,Oncology Investigations,Tier III,CGHS O.M. 03.10.2025,03-10-2025
556,CA026,CD 19 and CD 20,1020,1200,1200,Oncology Investigations,Tier III,CGHS O.M. 03.10.2025,03-10-2025
557,CA027,Cell line karyotyping,7548,8880,8880,Oncology Investigations,Tier III,CGHS O.M. 03.10.2025,03-10-2025
558,CA028,Chimerism Analysis,1047,1232,1232,Oncology Investigations,Tier III,CGHS O.M. 03.10.2025,03-10-2025
559,CA029,Chromosomal breakage (fragility) studies in Fanconi's Anemia/Aplastic Anemia,3771,4436,4436,Oncology Investigations,Tier III,CGHS O.M. 03.10.2025,03-10-2025
560,CA030,Chronic Lymphocytic Leukemia (CLL) Panel,7868,9256,9256,Oncology Investigations,Tier III,CGHS O.M. 03.10.2025,03-10-2025
561,CA031,"Chronic Lymphocytic Leukemia Comprehensive Mutation Profile (IGVH Gene Mutation & Usage, T",22658,26656,26656,Oncology Investigations,Tier III,CGHS O.M. 03.10.2025,03-10-2025
562,CA032,Chronic Lymphocytic Leukemia IGVH Mutation Detection,4318,5080,5080,Oncology Investigations,Tier III,CGHS O.M. 03.10.2025,03-10-2025
563,CA033,Chronic Lymphoproliferative disorder IGVH Mutation Detection,4318,5080,5080,Oncology Investigations,Tier III,CGHS O.M. 03.10.2025,03-10-2025
564,CA034,Chronic Lymphoproliferative disorder NOTCH1 mutation / NOTCH2 mutation,3665,4312,4312,Oncology Investigations,Tier III,CGHS O.M. 03.10.2025,03-10-2025
565,CA035,Chronic Lymphoproliferative disorder SF3B1 mutation,3665,4312,4312,Oncology Investigations,Tier III,CGHS O.M. 03.10.2025,03-10-2025
566,CA036,Chronic Lymphoproliferative disorder TP53 mutation,15654,18416,18416,Oncology Investigations,Tier III,CGHS O.M. 03.10.2025,03-10-2025
567,CA037,CLINICAL EXOME SEQUENCING,10200,12000,12000,Oncology Investigations,Tier III,CGHS O.M. 03.10.2025,03-10-2025
568,CA038,CLL PANEL FISH,6800,8000,8000,Oncology Investigations,Tier III,CGHS O.M. 03.10.2025,03-10-2025
569,CA039,CML Blast Crisis karyotyping,3771,4436,4436,Oncology Investigations,Tier III,CGHS O.M. 03.10.2025,03-10-2025
570,CA040,Combined High Sensitivity JAK2 V617F and Exon12 Mutation Detection,4644,5464,5464,Oncology Investigations,Tier III,CGHS O.M. 03.10.2025,03-10-2025
571,CA041,Comprehensive Molecular Testing,13138,15456,15456,Oncology Investigations,Tier III,CGHS O.M. 03.10.2025,03-10-2025
572,CA042,Comprehensive Next Generation sequencing assay for Hematolymphoid malignancies,18360,21600,21600,Oncology Investigations,Tier III,CGHS O.M. 03.10.2025,03-10-2025
573,CA043,Constitutional karyotyping,3771,4436,4436,Oncology Investigations,Tier III,CGHS O.M. 03.10.2025,03-10-2025
574,CA044,Custom Sequencing Assay,7507,8832,8832,Oncology Investigations,Tier III,CGHS O.M. 03.10.2025,03-10-2025
575,CA045,DICER1 Mutation,2638,3104,3104,Oncology Investigations,Tier III,CGHS O.M. 03.10.2025,03-10-2025
576,CA046,Donor Specific Antibodies (DSA),5440,6400,6400,Oncology Investigations,Tier III,CGHS O.M. 03.10.2025,03-10-2025
577,CA047,EGFR Mutation DETECTION,6460,7600,7600,Oncology Investigations,Tier III,CGHS O.M. 03.10.2025,03-10-2025
578,CA048,EGFR Resistance Mutation (T790m Mutation Analysis),5440,6400,6400,Oncology Investigations,Tier III,CGHS O.M. 03.10.2025,03-10-2025
579,CA049,ER PR Her2 Neu,2142,2520,2520,Oncology Investigations,Tier III,CGHS O.M. 03.10.2025,03-10-2025
580,CA050,"ER/PR/Her2neu, Ki67",3400,4000,4000,Oncology Investigations,Tier III,CGHS O.M. 03.10.2025,03-10-2025
581,CA051,Extended Immune subset for Post Allogenic Stem Cell Transplant Monitoring,3400,4000,4000,Oncology Investigations,Tier III,CGHS O.M. 03.10.2025,03-10-2025
582,CA052,Factor V Leiden Mutation Detection,4488,5280,5280,Oncology Investigations,Tier III,CGHS O.M. 03.10.2025,03-10-2025
583,CA053,FISH for 1p33/TAL1 deletion,3386,3984,3984,Oncology Investigations,Tier III,CGHS O.M. 03.10.2025,03-10-2025
584,CA054,FISH FOR HER2 Neu,6800,8000,8000,Oncology Investigations,Tier III,CGHS O.M. 03.10.2025,03-10-2025
585,CA055,FISH for t(10;11)(p12;q14)/MLLT10(AF10)/PICALM,3386,3984,3984,Oncology Investigations,Tier III,CGHS O.M. 03.10.2025,03-10-2025
586,CA056,FISH for t(11;19)(q23;p13.1)/KMT2A/ELL,3386,3984,3984,Oncology Investigations,Tier III,CGHS O.M. 03.10.2025,03-10-2025
587,CA057,FISH for t(5;11)(q35;p15.5) NUP98/NSD1,3386,3984,3984,Oncology Investigations,Tier III,CGHS O.M. 03.10.2025,03-10-2025
588,CA058,FISH for t(6;14)(p21;q32) IGH/CCND3,3386,3984,3984,Oncology Investigations,Tier III,CGHS O.M. 03.10.2025,03-10-2025
589,CA059,FISH on Bone marrow Smear( 1 marker),2370,2788,2788,Oncology Investigations,Tier III,CGHS O.M. 03.10.2025,03-10-2025
590,CA060,FISH on bone marrow smear( 2 markers),3723,4380,4380,Oncology Investigations,Tier III,CGHS O.M. 03.10.2025,03-10-2025
591,CA061,FISH on FFPE - Block /Slide (2 markers),3237,3808,3808,Oncology Investigations,Tier III,CGHS O.M. 03.10.2025,03-10-2025
592,CA062,FISH PANEL FOR MYELOMA,9520,11200,11200,Oncology Investigations,Tier III,CGHS O.M. 03.10.2025,03-10-2025
593,CA063,FISH Test for C19MC amplification,8670,10200,10200,Oncology Investigations,Tier III,CGHS O.M. 03.10.2025,03-10-2025
594,CA064,FISH test for CDKN2A,5066,5960,5960,Oncology Investigations,Tier III,CGHS O.M. 03.10.2025,03-10-2025
595,CA065,FISH test for CEN 10 loss - on Tissue,2822,3320,3320,Oncology Investigations,Tier III,CGHS O.M. 03.10.2025,03-10-2025
596,CA066,FISH test for ETV6 break-apart analysis - On Tissue,4740,5576,5576,Oncology Investigations,Tier III,CGHS O.M. 03.10.2025,03-10-2025
597,CA067,FISH test for MAML2 break-apart analysis - On Tissue,4869,5728,5728,Oncology Investigations,Tier III,CGHS O.M. 03.10.2025,03-10-2025
598,CA068,Fluorescent PCR + fragment length analysis per Amplicon,238,280,280,Oncology Investigations,Tier III,CGHS O.M. 03.10.2025,03-10-2025
599,CA069,GeneCORE Somatic 161 Gene Panel (NGS),20400,24000,24000,Oncology Investigations,Tier III,CGHS O.M. 03.10.2025,03-10-2025
600,CA070,Hairy Cell Leukemia Mutation (BRAF V600E) Detection,2373,2792,2792,Oncology Investigations,Tier III,CGHS O.M. 03.10.2025,03-10-2025
601,CA071,Hematolymphoid Malignancy At Diagnosis- Cancer Cytogenetics Testing,11638,13692,13692,Oncology Investigations,Tier III,CGHS O.M. 03.10.2025,03-10-2025
602,CA072,Hematolymphoid Malignancy Follow-up- Cancer Cytogenetics Testing,10200,12000,12000,Oncology Investigations,Tier III,CGHS O.M. 03.10.2025,03-10-2025
603,CA073,Hereditary Cancer Panel,8160,9600,9600,Oncology Investigations,Tier III,CGHS O.M. 03.10.2025,03-10-2025
604,CA074,High Sensitivity JAK2 Mutation Detection (V617F),3135,3688,3688,Oncology Investigations,Tier III,CGHS O.M. 03.10.2025,03-10-2025
605,CA075,Histone Mutation Detection Assay,6307,7420,7420,Oncology Investigations,Tier III,CGHS O.M. 03.10.2025,03-10-2025
606,CA076,"HLA C, DQB Molecular Typing PCR - SSP",5012,5896,5896,Oncology Investigations,Tier III,CGHS O.M. 03.10.2025,03-10-2025
607,CA077,HLA Disease Association Next Generation Sequencing HLA-A/B/DRB1/G,3196,3760,3760,Oncology Investigations,Tier III,CGHS O.M. 03.10.2025,03-10-2025
608,CA078,HLA Disease Association Sequence based Typing HLA A/B/DRB1,3264,3840,3840,Oncology Investigations,Tier III,CGHS O.M. 03.10.2025,03-10-2025
609,CA079,HLA Drug Hypersensitivity Next Generation Sequencing HLA-A/B/DRB1 HLA- A/B/DRB1/G,3196,3760,3760,Oncology Investigations,Tier III,CGHS O.M. 03.10.2025,03-10-2025
610,CA080,HLA Drug Hypersensitivity Typing HLA-A/B/DRB1,3264,3840,3840,Oncology Investigations,Tier III,CGHS O.M. 03.10.2025,03-10-2025
611,CA081,HLA Loss Chimerism,8160,9600,9600,Oncology Investigations,Tier III,CGHS O.M. 03.10.2025,03-10-2025
612,CA082,"HLA-A, B, C, DRB1, DQB1, DPB1 (Sequence Based Typing - SBT)",10200,12000,12000,Oncology Investigations,Tier III,CGHS O.M. 03.10.2025,03-10-2025
613,CA083,"HLA-A, B, DRB1 (Sequence Based Typing - SBT)",6800,8000,8000,Oncology Investigations,Tier III,CGHS O.M. 03.10.2025,03-10-2025
614,CA084,"HLA-A, B, DRB1(Sequence Specific Oligonucleotide - SSO)",5304,6240,6240,Oncology Investigations,Tier III,CGHS O.M. 03.10.2025,03-10-2025
615,CA085,"HLA-C, DQB1(Sequence Specific Oligonucleotide - SSO)",3536,4160,4160,Oncology Investigations,Tier III,CGHS O.M. 03.10.2025,03-10-2025
616,CA086,HRR Gene Test,21080,24800,24800,Oncology Investigations,Tier III,CGHS O.M. 03.10.2025,03-10-2025
617,CA087,"IGH Characterization IGH/CCND1:t(11;14), IGH/BCL2:t(14;18),BCL6(3q27), MYC(8q24) (4markers",3604,4240,4240,Oncology Investigations,Tier III,CGHS O.M. 03.10.2025,03-10-2025
618,CA088,IgH/BCL2 :t(14;18),3189,3752,3752,Oncology Investigations,Tier III,CGHS O.M. 03.10.2025,03-10-2025
619,CA089,IGHV Gene Mutation,5100,6000,6000,Oncology Investigations,Tier III,CGHS O.M. 03.10.2025,03-10-2025
620,CA090,Interphase FISH test for Chr. 1 copy number variations,7276,8560,8560,Oncology Investigations,Tier III,CGHS O.M. 03.10.2025,03-10-2025
621,CA091,IRFA/DUSP22 gene rearrangement by FISH,10594,12464,12464,Oncology Investigations,Tier III,CGHS O.M. 03.10.2025,03-10-2025
622,CA092,JAK2 Exon 12 Mutation Detection,3135,3688,3688,Oncology Investigations,Tier III,CGHS O.M. 03.10.2025,03-10-2025
623,CA093,"JAK2V617 MUTATION, WITH REFLEX TO JAK2 EX-12,CALR EX-9 MUTATION AND MPL W515, S505 MUTATION",7820,9200,9200,Oncology Investigations,Tier III,CGHS O.M. 03.10.2025,03-10-2025
624,CA094,KI67,884,1040,1040,Oncology Investigations,Tier III,CGHS O.M. 03.10.2025,03-10-2025
625,CA095,KIR Typing,3944,4640,4640,Oncology Investigations,Tier III,CGHS O.M. 03.10.2025,03-10-2025
626,CA096,KMT2A Characterization for AML,5369,6316,6316,Oncology Investigations,Tier III,CGHS O.M. 03.10.2025,03-10-2025
627,CA097,KMT2A Characterization for B-ALL,4145,4876,4876,Oncology Investigations,Tier III,CGHS O.M. 03.10.2025,03-10-2025
628,CA098,KRAS + NRAS + BRAF + Mutation Profile,9384,11040,11040,Oncology Investigations,Tier III,CGHS O.M. 03.10.2025,03-10-2025
629,CA099,"Lineage specific Chimerism - B Cell, T Cell and NK Cells",4896,5760,5760,Oncology Investigations,Tier III,CGHS O.M. 03.10.2025,03-10-2025
630,CA100,Liquid Biopsy (Onco),20400,24000,24000,Oncology Investigations,Tier III,CGHS O.M. 03.10.2025,03-10-2025
631,CA101,Lung Basic Panel By NGS,20400,24000,24000,Oncology Investigations,Tier III,CGHS O.M. 03.10.2025,03-10-2025
632,CA102,Lymphoma Panel,4740,5576,5576,Oncology Investigations,Tier III,CGHS O.M. 03.10.2025,03-10-2025
633,CA103,Lymphoplasmacytic Leukemia / Waldenstroms Macroglobulinemia Mutation (MYD88 L265P) Detection,2373,2792,2792,Oncology Investigations,Tier III,CGHS O.M. 03.10.2025,03-10-2025
634,CA104,MDS Panel,4740,5576,5576,Oncology Investigations,Tier III,CGHS O.M. 03.10.2025,03-10-2025
635,CA105,MECOM (EVI1) rearrangement: inv(3)(q21.3q26.2)/t(3;3),3189,3752,3752,Oncology Investigations,Tier III,CGHS O.M. 03.10.2025,03-10-2025
636,CA106,MGMT PCR,5535,6512,6512,Oncology Investigations,Tier III,CGHS O.M. 03.10.2025,03-10-2025
637,CA107,Miscellaneous Profile I(1 marker),2370,2788,2788,Oncology Investigations,Tier III,CGHS O.M. 03.10.2025,03-10-2025
638,CA108,Miscellaneous profile II(2 markers),3723,4380,4380,Oncology Investigations,Tier III,CGHS O.M. 03.10.2025,03-10-2025
639,CA109,MLPA per gene,2720,3200,3200,Oncology Investigations,Tier III,CGHS O.M. 03.10.2025,03-10-2025
640,CA110,Monosomy 5/deletion 5q,2370,2788,2788,Oncology Investigations,Tier III,CGHS O.M. 03.10.2025,03-10-2025
641,CA111,Monosomy 7/deletion 7q,2370,2788,2788,Oncology Investigations,Tier III,CGHS O.M. 03.10.2025,03-10-2025
642,CA112,MPN (Myelo Proliferative Neoplasm)PANEL,8160,9600,9600,Oncology Investigations,Tier III,CGHS O.M. 03.10.2025,03-10-2025
643,CA113,MSI ( Micro Satellite Instability) and MMR (Mis Match Repair),4420,5200,5200,Oncology Investigations,Tier III,CGHS O.M. 03.10.2025,03-10-2025
644,CA114,Multigene NGS Germline Panel,12240,14400,14400,Oncology Investigations,Tier III,CGHS O.M. 03.10.2025,03-10-2025
645,CA115,Multiple Myeloma (MM) Panel,10112,11896,11896,Oncology Investigations,Tier III,CGHS O.M. 03.10.2025,03-10-2025
646,CA116,Multiple Myeloma High Risk Markers (4 Markers),3604,4240,4240,Oncology Investigations,Tier III,CGHS O.M. 03.10.2025,03-10-2025
647,CA117,Multiple Myeloma Screening Panel,5440,6400,6400,Oncology Investigations,Tier III,CGHS O.M. 03.10.2025,03-10-2025
648,CA118,MYD88 L265 Mutation Detection Test,4597,5408,5408,Oncology Investigations,Tier III,CGHS O.M. 03.10.2025,03-10-2025
649,CA119,Myelodysplastic Syndromes karyotyping,3771,4436,4436,Oncology Investigations,Tier III,CGHS O.M. 03.10.2025,03-10-2025
650,CA120,Next generation RNA sequencing assay for Chimeric Trancript in Hematolymphod malignancies,11560,13600,13600,Oncology Investigations,Tier III,CGHS O.M. 03.10.2025,03-10-2025
651,CA121,Next Generation sequencing assay for Minimal residual disease(MRD) for NPM mutated AML,18360,21600,21600,Oncology Investigations,Tier III,CGHS O.M. 03.10.2025,03-10-2025
652,CA122,NGS HLA Typing,6800,8000,8000,Oncology Investigations,Tier III,CGHS O.M. 03.10.2025,03-10-2025
653,CA123,NGS Platform-extended Panel >50 gene,24480,28800,28800,Oncology Investigations,Tier III,CGHS O.M. 03.10.2025,03-10-2025
654,CA124,NGS Platform-limited Panel(10 Genes),12240,14400,14400,Oncology Investigations,Tier III,CGHS O.M. 03.10.2025,03-10-2025
655,CA125,NRAS (Neuroblastoma RAS ) Gene,2380,2800,2800,Oncology Investigations,Tier III,CGHS O.M. 03.10.2025,03-10-2025
656,CA126,Panel Reactive Antibodies (PRA) class I,2040,2400,2400,Oncology Investigations,Tier III,CGHS O.M. 03.10.2025,03-10-2025
657,CA127,Panel Reactive Antibodies (PRA) class II,2040,2400,2400,Oncology Investigations,Tier III,CGHS O.M. 03.10.2025,03-10-2025
658,CA128,PCR + Sanger Sequencing per Amplicon,578,680,680,Oncology Investigations,Tier III,CGHS O.M. 03.10.2025,03-10-2025
659,CA129,"PDGFRA (4q12), PDGFRB (5q33), FGFR1 (8p11.2) rearrangement",4145,4876,4876,Oncology Investigations,Tier III,CGHS O.M. 03.10.2025,03-10-2025
660,CA130,PDGFRA rearrangement: 4q12,3189,3752,3752,Oncology Investigations,Tier III,CGHS O.M. 03.10.2025,03-10-2025
661,CA131,PDGFRB rearrangement: 5q33,3189,3752,3752,Oncology Investigations,Tier III,CGHS O.M. 03.10.2025,03-10-2025
662,CA132,PDL 1,3400,4000,4000,Oncology Investigations,Tier III,CGHS O.M. 03.10.2025,03-10-2025
663,CA133,PDL-1-28-8 (FDA Approved),5100,6000,6000,Oncology Investigations,Tier III,CGHS O.M. 03.10.2025,03-10-2025
664,CA134,Ph: t(9;22) karyotyping,2689,3164,3164,Oncology Investigations,Tier III,CGHS O.M. 03.10.2025,03-10-2025
665,CA135,Ph-like ALL Panel (4 Markers),3604,4240,4240,Oncology Investigations,Tier III,CGHS O.M. 03.10.2025,03-10-2025
666,CA136,PIK3CA GENE MUTATION,3672,4320,4320,Oncology Investigations,Tier III,CGHS O.M. 03.10.2025,03-10-2025
667,CA137,PIK3CA Mutation Testing,3876,4560,4560,Oncology Investigations,Tier III,CGHS O.M. 03.10.2025,03-10-2025
668,CA138,Ploidy analysis,2689,3164,3164,Oncology Investigations,Tier III,CGHS O.M. 03.10.2025,03-10-2025
669,CA139,"PML-RARA t(15;17), variants",3560,4188,4188,Oncology Investigations,Tier III,CGHS O.M. 03.10.2025,03-10-2025
670,CA140,PRA Screen,2040,2400,2400,Oncology Investigations,Tier III,CGHS O.M. 03.10.2025,03-10-2025
671,CA141,PTPRT: Deletion 20q,3189,3752,3752,Oncology Investigations,Tier III,CGHS O.M. 03.10.2025,03-10-2025
672,CA142,RARA Variant - ZBTB16 / RARA : t(11;17) (1 marker),2060,2424,2424,Oncology Investigations,Tier III,CGHS O.M. 03.10.2025,03-10-2025
673,CA143,RHOA Mutation Detection Assay,4740,5576,5576,Oncology Investigations,Tier III,CGHS O.M. 03.10.2025,03-10-2025
674,CA144,ROS 1,6610,7776,7776,Oncology Investigations,Tier III,CGHS O.M. 03.10.2025,03-10-2025
675,CA145,RQ PCR based assay for MRD monitoring of Acute Leukaemia,6460,7600,7600,Oncology Investigations,Tier III,CGHS O.M. 03.10.2025,03-10-2025
676,CA146,RQ-PCR BCR-ABL (P210),7453,8768,8768,Oncology Investigations,Tier III,CGHS O.M. 03.10.2025,03-10-2025
677,CA147,RQ-PCR PML-RARA,7453,8768,8768,Oncology Investigations,Tier III,CGHS O.M. 03.10.2025,03-10-2025
678,CA148,"RT-PCR Multiplex, Acute Leukaemia Panel",4964,5840,5840,Oncology Investigations,Tier III,CGHS O.M. 03.10.2025,03-10-2025
679,CA149,"RT-PCR Multiplex, BCR-ABL (P190, P210)",4318,5080,5080,Oncology Investigations,Tier III,CGHS O.M. 03.10.2025,03-10-2025
680,CA150,"RT-PCR Nested, IGH Chain Gene Rearrangement /TCR Gene Rearrangement",3135,3688,3688,Oncology Investigations,Tier III,CGHS O.M. 03.10.2025,03-10-2025
681,CA151,Single Antigen Class I,8840,10400,10400,Oncology Investigations,Tier III,CGHS O.M. 03.10.2025,03-10-2025
682,CA152,Single Antigen Class II,8840,10400,10400,Oncology Investigations,Tier III,CGHS O.M. 03.10.2025,03-10-2025
683,CA153,Slide / Images for Second Opinion- Cancer Cytogenetics,626,736,736,Oncology Investigations,Tier III,CGHS O.M. 03.10.2025,03-10-2025
684,CA154,STR Panel studies,3026,3560,3560,Oncology Investigations,Tier III,CGHS O.M. 03.10.2025,03-10-2025
685,CA155,Surface Marker Complete Panel,8272,9732,9732,Oncology Investigations,Tier III,CGHS O.M. 03.10.2025,03-10-2025
686,CA156,Surface Marker Individual,1292,1520,1520,Oncology Investigations,Tier III,CGHS O.M. 03.10.2025,03-10-2025
687,CA157,t(1;22) and Trisomy 21 in Acute Megakaryoblastic Leukemia (AML -M7) (2 Markers),3237,3808,3808,Oncology Investigations,Tier III,CGHS O.M. 03.10.2025,03-10-2025
688,CA158,T-cell Acute Lymphoblastic Leukemia (T-ALL) Panel,10316,12136,12136,Oncology Investigations,Tier III,CGHS O.M. 03.10.2025,03-10-2025
689,CA159,TCR-A rearrangement: 14q11,3189,3752,3752,Oncology Investigations,Tier III,CGHS O.M. 03.10.2025,03-10-2025
690,CA160,TERT Promoter Mutation Assay,3947,4644,4644,Oncology Investigations,Tier III,CGHS O.M. 03.10.2025,03-10-2025
691,CA161,TFE-3 FISH,8214,9664,9664,Oncology Investigations,Tier III,CGHS O.M. 03.10.2025,03-10-2025
692,CA162,TPMT (Thiopurine Methyl Transferase) Genotyping,3468,4080,4080,Oncology Investigations,Tier III,CGHS O.M. 03.10.2025,03-10-2025
693,CA163,Trisomy 12,1649,1940,1940,Oncology Investigations,Tier III,CGHS O.M. 03.10.2025,03-10-2025
694,CA164,Trisomy 21,1649,1940,1940,Oncology Investigations,Tier III,CGHS O.M. 03.10.2025,03-10-2025
695,CA165,"Trisomy 4, 10 & 17",2370,2788,2788,Oncology Investigations,Tier III,CGHS O.M. 03.10.2025,03-10-2025
696,CA166,Trisomy 8,1649,1940,1940,Oncology Investigations,Tier III,CGHS O.M. 03.10.2025,03-10-2025
697,CA167,V Beta Repertoire Analysis by Flow Cytometry for T-Cell Clonality,8272,9732,9732,Oncology Investigations,Tier III,CGHS O.M. 03.10.2025,03-10-2025
698,CA168,XX/XY (Chimerism Studies) in Sex mismatch Bone Marrow Transplantation (BMT),1649,1940,1940,Oncology Investigations,Tier III,CGHS O.M. 03.10.2025,03-10-2025
699,CT001,Single drug Chemotherapy,1156,1360,1360,Chemotherapy,Tier III,CGHS O.M. 03.10.2025,03-10-2025
700,CT002,Multiple drugs Chemotherapy/Targeted therapy/Immunotherapy,1564,1840,1840,Chemotherapy,Tier III,CGHS O.M. 03.10.2025,03-10-2025
701,CT003,Neoadjuvant Chemotherapy,1836,2160,2160,Chemotherapy,Tier III,CGHS O.M. 03.10.2025,03-10-2025
702,CT004,Adjuvant Chemotherapy,1496,1760,1760,Chemotherapy,Tier III,CGHS O.M. 03.10.2025,03-10-2025
703,CT005,Concurrent-chemoradiation,1292,1520,1520,Chemotherapy,Tier III,CGHS O.M. 03.10.2025,03-10-2025
704,CT006,Intravesical Instillation of BCG excluding the cost of BCG,2040,2400,2400,Chemotherapy,Tier III,CGHS O.M. 03.10.2025,03-10-2025
705,RT001,Level 1- Brachytherapy (Eye Plaque or SIVA or CVS per insertion or application),4760,5600,6440,Radiotherapy,Tier III,CGHS O.M. 03.10.2025,03-10-2025
706,RT002,"Level 2- Brachytherapy (Simple ICA with Xray based 2D planning, ILRT, Endobilliary BCT)",6800,8000,9200,Radiotherapy,Tier III,CGHS O.M. 03.10.2025,03-10-2025
707,RT003,"Level 3- Brachytherapy (Surface Mould, Radical Interstitial BCT, Intraoperative Template or interstitial brachytherapy catheter insertion)",17000,20000,23000,Radiotherapy,Tier III,CGHS O.M. 03.10.2025,03-10-2025
708,RT004,Level 4- Brachytherapy (ICA with CT based Planning),20400,24000,27600,Radiotherapy,Tier III,CGHS O.M. 03.10.2025,03-10-2025
709,RT005,Level 5- Brachytherapy (Complex ICA with interstitial with CT or MR based planning),27200,32000,36800,Radiotherapy,Tier III,CGHS O.M. 03.10.2025,03-10-2025
710,RT006,Level 1- Radiation Therapy (1-10 fractions on Cobalt),10200,12000,13800,Radiotherapy,Tier III,CGHS O.M. 03.10.2025,03-10-2025
711,RT007,Level 2- Radiation Therapy (More than 10 fractions on Cobalt OR Upto 10 fractions on LA clinical (without CT or TPS planning) without IGRT OR Hemibody palliative RT (1-2 fractions weekly)),19040,22400,25760,Radiotherapy,Tier III,CGHS O.M. 03.10.2025,03-10-2025
712,RT008,Level 3- Radiation Therapy (LA 3D with conventional fractionation of 2-5 Gy OR Weekly hypofractionation of >5 Gy with 3D CRT plan in 1-2 fractions. No IGRT allowed.),34000,40000,46000,Radiotherapy,Tier III,CGHS O.M. 03.10.2025,03-10-2025
713,RT009,Level 4- Radiation therapy (LA 3D with IGRT conventional fractionation of 2- 5 Gy OR Weekly hypofractionation >5 Gy with 3D CRT plan in 1-2 fractions. with IGRT),42840,50400,57960,Radiotherapy,Tier III,CGHS O.M. 03.10.2025,03-10-2025
714,RT010,Level 5- Radiation Therapy (LA IMRT/ Rapid Arc/VMAT with < 5Gy per fraction and <10 IGRT (CBCT or MVCT or EPID) OR Cobalt Radical with LA boost including electron boost OR TSET OR TBI),102000,120000,138000,Radiotherapy,Tier III,CGHS O.M. 03.10.2025,03-10-2025
715,RT011,Level 6- Radiation Therapy (LA 4D/DE or DIBH with 3D CRT/ IMRT/ Rapid Arc/VMAT with >10 IGRT (CBCT or MVCT or EPID) OR LA IMRT/ Rapid Arc/VMAT with <5Gy per fraction and >10 IGRT (CBCT or MVCT or EPID) OR Adaptive RT OR CSI OR Multisite treatment outside one FOV or one plan OR SBRT OR SRS OR SRT (per fraction dose >5Gy)),122400,144000,165600,Radiotherapy,Tier III,CGHS O.M. 03.10.2025,03-10-2025
716,IT001,Radiosynovectomy with Yttrium,17000,20000,23000,Radio-Isotope Therapy,Tier III,CGHS O.M. 03.10.2025,03-10-2025
717,IT002,131-Iodine Therapy 51-100mCi,9738,11456,13174,Radio-Isotope Therapy,Tier III,CGHS O.M. 03.10.2025,03-10-2025
718,IT003,131-Iodine Therapy >100mCi,13447,15820,18193,Radio-Isotope Therapy,Tier III,CGHS O.M. 03.10.2025,03-10-2025
719,IT004,Samarium-153 therapy for metastatic bone pain palliation,13634,16040,18446,Radio-Isotope Therapy,Tier III,CGHS O.M. 03.10.2025,03-10-2025
720,IT005,131-Iodine Therapy <15mCi,5039,5928,6817,Radio-Isotope Therapy,Tier III,CGHS O.M. 03.10.2025,03-10-2025
721,IT006,131-Iodine Therapy 15-50mCi,7589,8928,10267,Radio-Isotope Therapy,Tier III,CGHS O.M. 03.10.2025,03-10-2025
722,IT007,Phosphorus-32 therapy for metastatic bone pain palliation,9632,11332,13032,Radio-Isotope Therapy,Tier III,CGHS O.M. 03.10.2025,03-10-2025
723,PT001,Cervical Traction (per session),204,240,240,Physiotherapy,Tier III,CGHS O.M. 03.10.2025,03-10-2025
724,PT002,Lumbar Traction (per session),204,240,240,Physiotherapy,Tier III,CGHS O.M. 03.10.2025,03-10-2025
725,PT003,Exercises /Post Natal Exercises/Prenatal Exercises/Therapeutic Exercises/Orthopaedic Rehabilitation (Joint Replacement/Post Surgery)/Hand Rehab (per session),204,240,240,Physiotherapy,Tier III,CGHS O.M. 03.10.2025,03-10-2025
726,PT004,Chest Physiotherapy/ Breathing Exercise &Postural Drainage per Session/Post Covid Rehabilitation /Pulmonary Rehabilitation/Cardiac Rehabilitation (per session),204,240,240,Physiotherapy,Tier III,CGHS O.M. 03.10.2025,03-10-2025
727,PT005,Ultra Sonic Therapy /Short Wave Diathermy / Microwave/ Long Wave Diathermy /Infrared/IFT) (per session),204,240,240,Physiotherapy,Tier III,CGHS O.M. 03.10.2025,03-10-2025
728,PT006,Electrical Muscle Stimulation/Cryotherapy/TENS (per session),272,320,320,Physiotherapy,Tier III,CGHS O.M. 03.10.2025,03-10-2025
729,PT007,Hot Pack / Cold Pack/Wax Bath/Moist Heat (per session),204,240,240,Physiotherapy,Tier III,CGHS O.M. 03.10.2025,03-10-2025
730,PT008,Shock Wave Therapy/Matrix Rhythm Therapy/Laser/ PEMF -Pulse Electro Magnetic Therapy (per session),272,320,320,Physiotherapy,Tier III,CGHS O.M. 03.10.2025,03-10-2025
731,PT009,Gait Assessment (per session),408,480,480,Physiotherapy,Tier III,CGHS O.M. 03.10.2025,03-10-2025
732,PT010,Gait Training (per session),204,240,240,Physiotherapy,Tier III,CGHS O.M. 03.10.2025,03-10-2025
733,PT011,Tilt Training/Neuro-Rehab Basic (per session),204,240,240,Physiotherapy,Tier III,CGHS O.M. 03.10.2025,03-10-2025
734,PT012,Neuro Rehabilitation Advanced (per session),544,640,640,Physiotherapy,Tier III,CGHS O.M. 03.10.2025,03-10-2025
735,PT013,Paediatric Rehabilitation (per session),204,240,240,Physiotherapy,Tier III,CGHS O.M. 03.10.2025,03-10-2025
736,BT001,Speech Therapy per session of at least 40 minutes,272,320,320,Behavioural Therapy,Tier III,CGHS O.M. 03.10.2025,03-10-2025
737,BT002,Occupational Therapy per session of at least 40 minutes,272,320,320,Behavioural therapy,Tier III,CGHS O.M. 03.10.2025,03-10-2025
738,BT003,Applied Behaviour Analysis based behaviour therapy (ABA based Behaviour therapy) per session of at least 40 minutes,272,320,320,Behavioural therapy,Tier III,CGHS O.M. 03.10.2025,03-10-2025
739,BT004,Special education per session of at least 40 minutes,272,320,320,Behavioural therapy,Tier III,CGHS O.M. 03.10.2025,03-10-2025
740,BT005,Biofeedback per session,2040,2400,2400,Behavioural therapy,Tier III,CGHS O.M. 03.10.2025,03-10-2025
741,DI001,Intraoral Periapical (IOPA) Radiograph X-ray/RVG(Single Film),136,160,160,Dental Investigation,Tier III,CGHS O.M. 03.10.2025,03-10-2025
742,DI002,Intraoral Occlusal/Bite Wing X-Ray,204,240,240,Dental Investigation,Tier III,CGHS O.M. 03.10.2025,03-10-2025
743,DI003,Digital OPG with X ray film/ CD,340,400,400,Dental Investigation,Tier III,CGHS O.M. 03.10.2025,03-10-2025
744,DI004,Biopsy of Oral tissue- Soft,816,960,960,Dental Biopsy,Tier III,CGHS O.M. 03.10.2025,03-10-2025
745,DI005,"Biopsy of Oral tissue - Hard (bone, tooth)",1360,1600,1600,Dental Biopsy,Tier III,CGHS O.M. 03.10.2025,03-10-2025
746,DP001,Abscess - Drainage-Dental,1020,1200,1200,Dental Procedure,Tier III,CGHS O.M. 03.10.2025,03-10-2025
747,DP002,Scaling,680,800,800,Dental Procedure,Tier III,CGHS O.M. 03.10.2025,03-10-2025
748,DP003,Curettage and Root Planning - Per Tooth,238,280,280,Dental Procedure,Tier III,CGHS O.M. 03.10.2025,03-10-2025
749,DP004,Curettage and Root Planning - Per Arch,1360,1600,1600,Dental Procedure,Tier III,CGHS O.M. 03.10.2025,03-10-2025
750,DP005,Gingivoplasty - Per Quadrant,680,800,800,Dental Procedure,Tier III,CGHS O.M. 03.10.2025,03-10-2025
751,DP006,Gingivectomy - Per Quadrant,816,960,960,Dental Procedure,Tier III,CGHS O.M. 03.10.2025,03-10-2025
752,DP007,Flap Surgery- Per Tooth,306,360,360,Dental Procedure,Tier III,CGHS O.M. 03.10.2025,03-10-2025
753,DP008,Flap Surgery- Per Quadrant,1360,1600,1600,Dental Procedure,Tier III,CGHS O.M. 03.10.2025,03-10-2025
754,DP009,Flap Surgery and Bone Graft per quadrant,2040,2400,2400,Dental Procedure,Tier III,CGHS O.M. 03.10.2025,03-10-2025
755,DP010,Extraction - Normal Tooth,272,320,320,Dental Procedure,Tier III,CGHS O.M. 03.10.2025,03-10-2025
756,DP011,Complicated Extraction per tooth under LA,544,640,640,Dental Procedure,Tier III,CGHS O.M. 03.10.2025,03-10-2025
757,DP012,Extraction Impacted - Soft tissue/ 3rd Molar/wisdom tooth extraction,1360,1600,1600,Dental Procedure,Tier III,CGHS O.M. 03.10.2025,03-10-2025
758,DP013,"Multiple Extraction and Treatment Procedures for Special Children, Patients with Systemic Diseases, Patient with Special Needs Which Requires Admission and Treatment Under GA",4080,4800,4800,Dental Procedure,Tier III,CGHS O.M. 03.10.2025,03-10-2025
759,DP014,Extraction - Orthodontic Extraction,510,600,600,Dental Procedure,Tier III,CGHS O.M. 03.10.2025,03-10-2025
760,DP015,Operculectomy- Pericoronal flap excision,1360,1600,1600,Dental Procedure,Tier III,CGHS O.M. 03.10.2025,03-10-2025
761,DP016,Extraction Impacted – Bony,3400,4000,4000,Dental Procedure,Tier III,CGHS O.M. 03.10.2025,03-10-2025
762,DP017,Alveoloplasty - Per Tooth,204,240,240,Dental Procedure,Tier III,CGHS O.M. 03.10.2025,03-10-2025
763,DP018,Alveoloplasty - Per Quadrant,816,960,960,Dental Procedure,Tier III,CGHS O.M. 03.10.2025,03-10-2025
764,DP019,Frenectomy,1700,2000,2000,Dental Procedure,Tier III,CGHS O.M. 03.10.2025,03-10-2025
765,DP020,Excision of hyperplastic tissue - per arch,816,960,960,Dental Procedure,Tier III,CGHS O.M. 03.10.2025,03-10-2025
766,DP021,Surgical Augmentation/Alveolectomy per Arch,2380,2800,2800,Dental Procedure,Tier III,CGHS O.M. 03.10.2025,03-10-2025
767,DP022,Bone replacement graft for ridge preservation - per site,1360,1600,1600,Dental Procedure,Tier III,CGHS O.M. 03.10.2025,03-10-2025
768,DP023,"Minor oral surgery, cyst, granuloma, residual infection, mucocele, epulis under LA",1360,1600,1600,Dental Procedure,Tier III,CGHS O.M. 03.10.2025,03-10-2025
769,DP024,Application of Desensitizing Medicament,340,400,400,Dental Procedure,Tier III,CGHS O.M. 03.10.2025,03-10-2025
770,DP025,Fluoride Application for Children,680,800,800,Dental Procedure,Tier III,CGHS O.M. 03.10.2025,03-10-2025
771,DP026,Temporary restoration,102,120,120,Dental Procedure,Tier III,CGHS O.M. 03.10.2025,03-10-2025
772,DP027,Glass ionomer Cement Restoration,408,480,480,Dental Procedure,Tier III,CGHS O.M. 03.10.2025,03-10-2025
773,DP028,Composite - Occlusal Pit/Class I,340,400,400,Dental Procedure,Tier III,CGHS O.M. 03.10.2025,03-10-2025
774,DP029,Composite -Class I with buccal extension/Class II Class III/Class IV/Class VI/Diastema Closure/MOD,680,800,800,Dental Procedure,Tier III,CGHS O.M. 03.10.2025,03-10-2025
775,DP030,RCT-Single Rooted tooth,1360,1600,1600,Dental Procedure,Tier III,CGHS O.M. 03.10.2025,03-10-2025
776,DP031,RCT Multiple root and/ canal tooth,2040,2400,2400,Dental Procedure,Tier III,CGHS O.M. 03.10.2025,03-10-2025
777,DP032,Re-RCT - Anterior,1700,2000,2000,Dental Procedure,Tier III,CGHS O.M. 03.10.2025,03-10-2025
778,DP033,Re-RCT - Posterior,2040,2400,2400,Dental Procedure,Tier III,CGHS O.M. 03.10.2025,03-10-2025
779,DP034,Medication -intracanal medicament (only lesion cases),340,400,400,Dental Procedure,Tier III,CGHS O.M. 03.10.2025,03-10-2025
780,DP035,Apicectomy-Single tooth,1360,1600,1600,Dental Procedure,Tier III,CGHS O.M. 03.10.2025,03-10-2025
781,DP036,Apicectomy-Multiple tooth,2040,2400,2400,Dental Procedure,Tier III,CGHS O.M. 03.10.2025,03-10-2025
782,DP037,Apexification with any bio-compatible material,1360,1600,1600,Dental Procedure,Tier III,CGHS O.M. 03.10.2025,03-10-2025
783,DP038,Root end resection and Retro grade filling,2040,2400,2400,Dental Procedure,Tier III,CGHS O.M. 03.10.2025,03-10-2025
784,DP039,Surgical - Apicectomy/ Periapical surgery without bone grafting,476,560,560,Dental Procedure,Tier III,CGHS O.M. 03.10.2025,03-10-2025
785,DP040,"Tissue Conditioning, Maxillary/Mandibular",204,240,240,Dental Procedure,Tier III,CGHS O.M. 03.10.2025,03-10-2025
786,DP041,Core build-up/ Post and Core - Custom made /Inlay/onlay,1020,1200,1200,Dental Procedure,Tier III,CGHS O.M. 03.10.2025,03-10-2025
787,DP042,Crown lengthening - Per Tooth,340,400,400,Dental Procedure,Tier III,CGHS O.M. 03.10.2025,03-10-2025
788,DP043,Crown - PMMA Crown,680,800,800,Dental Procedure,Tier III,CGHS O.M. 03.10.2025,03-10-2025
789,DP044,Crown - All Metal-Nickel Free,1360,1600,1600,Dental Procedure,Tier III,CGHS O.M. 03.10.2025,03-10-2025
790,DP045,Crown - Metal with Ceramic Facing,2040,2400,2400,Dental Procedure,Tier III,CGHS O.M. 03.10.2025,03-10-2025
791,DP046,Crown - Recementation,408,480,480,Dental Procedure,Tier III,CGHS O.M. 03.10.2025,03-10-2025
792,DP047,Crown - Removal,340,400,400,Dental Procedure,Tier III,CGHS O.M. 03.10.2025,03-10-2025
793,DP048,Odontoplasty/Enameloplasty,340,400,400,Dental Procedure,Tier III,CGHS O.M. 03.10.2025,03-10-2025
794,DP049,Pulpectomy (Anterior Tooth),1360,1600,1600,Dental Procedure,Tier III,CGHS O.M. 03.10.2025,03-10-2025
795,DP050,Pulpectomy (Posterior Tooth),2040,2400,2400,Dental Procedure,Tier III,CGHS O.M. 03.10.2025,03-10-2025
796,DP051,Pulpotomy,680,800,800,Dental Procedure,Tier III,CGHS O.M. 03.10.2025,03-10-2025
797,DP052,Veneer - Ceramic paediatric,2040,2400,2400,Dental Procedure,Tier III,CGHS O.M. 03.10.2025,03-10-2025
798,DP053,Interceptive Orthodontic Treatment of the Primary Dentition/Transition Dentition,4760,5600,5600,Dental Procedure,Tier III,CGHS O.M. 03.10.2025,03-10-2025
799,DP054,Limited Orthodontic Treatment of the Primary Dentition,3400,4000,4000,Dental Procedure,Tier III,CGHS O.M. 03.10.2025,03-10-2025
800,DP055,Occlusion Analysis/Adjustment/Occlusal Equilibration,340,400,400,Dental Procedure,Tier III,CGHS O.M. 03.10.2025,03-10-2025
801,DP056,Tooth Splinting -General,1020,1200,1200,Dental Procedure,Tier III,CGHS O.M. 03.10.2025,03-10-2025
802,DP057,Splinting - Periodontally weak teeth,1224,1440,1440,Dental Procedure,Tier III,CGHS O.M. 03.10.2025,03-10-2025
803,DP058,Night Guard,1360,1600,1600,Dental Procedure,Tier III,CGHS O.M. 03.10.2025,03-10-2025
804,DP059,Bridge/ Fixed Partial denture (per missing/ extracted tooth) metal crown,1360,1600,1600,Dental Procedure,Tier III,CGHS O.M. 03.10.2025,03-10-2025
805,DP060,Bridge/ Fixed Partial denture (per missing/ extracted tooth) metal crown with Ceramic facing,2040,2400,2400,Dental Procedure,Tier III,CGHS O.M. 03.10.2025,03-10-2025
806,DP061,Removable Partial Denture - Flexible Per Arch,5100,6000,6000,Dental Procedure,Tier III,CGHS O.M. 03.10.2025,03-10-2025
807,DP062,Removable Partial Denture - Cast Metal Up to 3 Teeth,2720,3200,3200,Dental Procedure,Tier III,CGHS O.M. 03.10.2025,03-10-2025
808,DP063,Removable Partial Denture - Cast Metal (additional Per tooth),204,240,240,Dental Procedure,Tier III,CGHS O.M. 03.10.2025,03-10-2025
809,DP064,Removable Partial Denture - Acrylic Up to 3 teeth,1360,1600,1600,Dental Procedure,Tier III,CGHS O.M. 03.10.2025,03-10-2025
810,DP065,Removable Partial Denture - Tooth Addition (per tooth),204,240,240,Dental Procedure,Tier III,CGHS O.M. 03.10.2025,03-10-2025
811,DP066,Add Clasp to existing Partial Denture,340,400,400,Dental Procedure,Tier III,CGHS O.M. 03.10.2025,03-10-2025
812,DP067,Add Tooth to existing Partial Denture,272,320,320,Dental Procedure,Tier III,CGHS O.M. 03.10.2025,03-10-2025
813,DP068,Tooth Supported Overdenture Per Arch,5100,6000,6000,Dental Procedure,Tier III,CGHS O.M. 03.10.2025,03-10-2025
814,DP069,Complete Denture - Per Arch,6800,8000,8000,Dental Procedure,Tier III,CGHS O.M. 03.10.2025,03-10-2025
815,DP070,Removable orthodontic appliance / Post Orthodontic R O A -per arch,1700,2000,2000,Dental Procedure,Tier III,CGHS O.M. 03.10.2025,03-10-2025
816,DP071,Fixed orthodontic per arch,10200,12000,12000,Dental Procedure,Tier III,CGHS O.M. 03.10.2025,03-10-2025
817,DP072,Space Maintainers - Fixed,2720,3200,3200,Dental Procedure,Tier III,CGHS O.M. 03.10.2025,03-10-2025
818,DP073,Minor Treatment to Control Habits-Removable Appliance Therapy,1700,2000,2000,Dental Procedure,Tier III,CGHS O.M. 03.10.2025,03-10-2025
819,DP074,Minor Treatment to Control Habits-Fixed Appliance Therapy,2720,3200,3200,Dental Procedure,Tier III,CGHS O.M. 03.10.2025,03-10-2025
820,DP075,Functional orthodontic appliance,4080,4800,4800,Dental Procedure,Tier III,CGHS O.M. 03.10.2025,03-10-2025
821,DP076,Feeding appliance for Cleft Palate,3400,4000,4000,Dental Procedure,Tier III,CGHS O.M. 03.10.2025,03-10-2025
822,DP077,Expansion plate,4420,5200,5200,Dental Procedure,Tier III,CGHS O.M. 03.10.2025,03-10-2025
823,DP078,Maxillofacial Prosthesis -Sal/auricular/orbital/Nasal/Palatal/facial lost/ Speech Aid,4760,5600,5600,Dental Procedure,Tier III,CGHS O.M. 03.10.2025,03-10-2025
824,DP079,Obturator Prosthesis - Surgical/Definitive/Modification,3400,4000,4000,Dental Procedure,Tier III,CGHS O.M. 03.10.2025,03-10-2025
825,DP080,Removal of - Lateral Exostosis/Torus Mandibularis/Torus Palatines/Surgical reduction of Osseous Tuberosity,2040,2400,2400,Dental Procedure,Tier III,CGHS O.M. 03.10.2025,03-10-2025
826,DP081,Sialolithotomy/Sialodocotomy/ Closure of Salivary Fistula,1360,1600,1600,Dental Procedure,Tier III,CGHS O.M. 03.10.2025,03-10-2025
827,DP082,Excision of Salivary gland,10200,12000,12000,Dental Procedure,Tier III,CGHS O.M. 03.10.2025,03-10-2025
828,DP083,Release of fibrous bands & grafting in (OSMF) treatment under GA,13600,16000,16000,Dental Procedure,Tier III,CGHS O.M. 03.10.2025,03-10-2025
829,DP084,Facial Space Abscess,3400,4000,4000,Dental Procedure,Tier III,CGHS O.M. 03.10.2025,03-10-2025
830,DP085,Partial Ostectomy / sequestrectomy for removal of non-vital bone,1360,1600,1600,Dental Procedure,Tier III,CGHS O.M. 03.10.2025,03-10-2025
831,DP086,Alveolus – Closed Reduction stabilization of Teeth,2720,3200,3200,Dental Procedure,Tier III,CGHS O.M. 03.10.2025,03-10-2025
832,DP087,Alveolus – Open Reduction stabilization of Teeth,4080,4800,4800,Dental Procedure,Tier III,CGHS O.M. 03.10.2025,03-10-2025
833,DP088,Arch bar fixation,3400,4000,4000,Dental Procedure,Tier III,CGHS O.M. 03.10.2025,03-10-2025
834,DP089,Oroantral Fistula closure,3400,4000,4000,Dental Procedure,Tier III,CGHS O.M. 03.10.2025,03-10-2025
835,DP090,"Osseous, Osteoperiosteal, or Cartilage graft of the Mandible or Maxilla - autogenous or non-autogenous bone graft",2040,2400,2400,Dental Procedure,Tier III,CGHS O.M. 03.10.2025,03-10-2025
836,DP091,Osteoplasty - for Orthognathic deformities/ Mandibular Rami/ Body of Mandible,20400,24000,24000,Dental Procedure,Tier III,CGHS O.M. 03.10.2025,03-10-2025
837,DP092,Maxilla - Closed Reduction,4080,4800,4800,Dental Procedure,Tier III,CGHS O.M. 03.10.2025,03-10-2025
838,DP093,Maxilla - Open Reduction,6800,8000,8000,Dental Procedure,Tier III,CGHS O.M. 03.10.2025,03-10-2025
839,DP094,Mandible - Closed Reduction,4080,4800,4800,Dental Procedure,Tier III,CGHS O.M. 03.10.2025,03-10-2025
840,DP095,Mandible – Open Reduction,6800,8000,8000,Dental Procedure,Tier III,CGHS O.M. 03.10.2025,03-10-2025
841,DP096,Cyst of Maxilla/mandible by enucleation/excision/marsupialization upto 4 cms under LA,3400,4000,4000,Dental Procedure,Tier III,CGHS O.M. 03.10.2025,03-10-2025
842,DP097,Cyst of Maxilla/mandible by enucleation/excision/marsupialization more than 4 cms under LA,4080,4800,4800,Dental Procedure,Tier III,CGHS O.M. 03.10.2025,03-10-2025
843,DP098,Cyst of Maxilla/mandible by enucleation/excision/marsupialization more than 4 cms under GA and admission,17000,20000,20000,Dental Procedure,Tier III,CGHS O.M. 03.10.2025,03-10-2025
844,DP099,Temporomandibular(TM) joint ankylosis- under GA/Open /Closed Reduction,13600,16000,16000,Dental Procedure,Tier III,CGHS O.M. 03.10.2025,03-10-2025
845,DP100,Segmental / Hemi Mandibulectomy with graft,17000,20000,20000,Dental Procedure,Tier III,CGHS O.M. 03.10.2025,03-10-2025
846,DP101,Segmental /Hemi Mandibulectomy without graft,13600,16000,16000,Dental Procedure,Tier III,CGHS O.M. 03.10.2025,03-10-2025
847,DP102,Sub-Total mandibulectomy with graft,23800,28000,28000,Dental Procedure,Tier III,CGHS O.M. 03.10.2025,03-10-2025
848,DP103,Sub-Total mandibulectomy without graft,20400,24000,24000,Dental Procedure,Tier III,CGHS O.M. 03.10.2025,03-10-2025
849,DP104,Maxillectomy/Mandibulectomy- Total with graft,23800,28000,28000,Dental Procedure,Tier III,CGHS O.M. 03.10.2025,03-10-2025
850,DP105,Maxillectomy/Mandibulectomy- Total without graft,20400,24000,24000,Dental Procedure,Tier III,CGHS O.M. 03.10.2025,03-10-2025
851,DP106,Maxillectomy- partial with graft,17000,20000,20000,Dental Procedure,Tier III,CGHS O.M. 03.10.2025,03-10-2025
852,DP107,Maxillectomy- partial without graft,13600,16000,16000,Dental Procedure,Tier III,CGHS O.M. 03.10.2025,03-10-2025
853,DP108,Malar and/or Zygomatic arch - Closed Reduction,4080,4800,4800,Dental Procedure,Tier III,CGHS O.M. 03.10.2025,03-10-2025
854,DP109,Malar and/or Zygomatic arch - Open Reduction,6800,8000,8000,Dental Procedure,Tier III,CGHS O.M. 03.10.2025,03-10-2025
855,DP110,Distraction osteogenesis of mandible or maxilla under GA,20400,24000,24000,Dental Procedure,Tier III,CGHS O.M. 03.10.2025,03-10-2025
856,DP111,Facial bones - Complicated Reduction with fixation,30600,36000,36000,Dental Procedure,Tier III,CGHS O.M. 03.10.2025,03-10-2025
857,OI001,Refraction with auto refraction - Both Eyes,136,160,160,Ophthalmology Investigation,Tier III,CGHS O.M. 03.10.2025,03-10-2025
858,OI002,Indirect Ophthalmoscopy (Fundoscopy) - Both Eyes,204,240,240,Ophthalmology Investigation,Tier III,CGHS O.M. 03.10.2025,03-10-2025
859,OI003,Orthoptic check-up- with synoptophore- Both Eyes,136,160,160,Ophthalmology Investigation,Tier III,CGHS O.M. 03.10.2025,03-10-2025
860,OI004,Lees’ charting or Hess’ charting- Both Eyes,204,240,240,Ophthalmology Investigation,Tier III,CGHS O.M. 03.10.2025,03-10-2025
861,OI005,Perimetry (Visual Field Testing) -Goldman- Both Eyes,340,400,400,Ophthalmology Investigation,Tier III,CGHS O.M. 03.10.2025,03-10-2025
862,OI006,Perimetry /Humphrey Visual Field (HVF ) test- Automated- Both Eyes,544,640,640,Ophthalmology Investigation,Tier III,CGHS O.M. 03.10.2025,03-10-2025
863,OI007,Fluorescein angiography for fundus or iris- Both Eyes,1360,1600,1600,Ophthalmology Investigation,Tier III,CGHS O.M. 03.10.2025,03-10-2025
864,OI008,Indocyanine green angiography - Both Eyes,1360,1600,1600,Ophthalmology Investigation,Tier III,CGHS O.M. 03.10.2025,03-10-2025
865,OI009,"Ultrasound A- Scan/optical biometry[lenstar, IOL master] - Both Eyes",680,800,800,Ophthalmology Investigation,Tier III,CGHS O.M. 03.10.2025,03-10-2025
866,OI010,Ultrasound B- Scan - Both Eyes,340,400,400,Ophthalmology Investigation,Tier III,CGHS O.M. 03.10.2025,03-10-2025
867,OI011,Fundus Photo Test /disc photo for glaucoma- Both Eyes,340,400,400,Ophthalmology Investigation,Tier III,CGHS O.M. 03.10.2025,03-10-2025
868,OI012,Corneal endothelial cell count with specular microscopy- Both Eyes,408,480,480,Ophthalmology Investigation,Tier III,CGHS O.M. 03.10.2025,03-10-2025
869,OI013,Corneal topography /pentacam- Both Eyes,1360,1600,1600,Ophthalmology Investigation,Tier III,CGHS O.M. 03.10.2025,03-10-2025
870,OI014,Corneal pachymetry (corneal thickness)/ CCT - Both Eyes,360,424,424,Ophthalmology Investigation,Tier III,CGHS O.M. 03.10.2025,03-10-2025
871,OI015,OCT (Optical Coherence Tomography) /Ocular OCT Angiography - Both Eyes,1428,1680,1680,Ophthalmology Investigation,Tier III,CGHS O.M. 03.10.2025,03-10-2025
872,OI016,UBM- Ultrasound bio microscopy- Both Eyes,680,800,800,Ophthalmology Investigation,Tier III,CGHS O.M. 03.10.2025,03-10-2025
873,OI017,Non Contact tonometry (NCT) - Both Eyes,102,120,120,Ophthalmology Investigation,Tier III,CGHS O.M. 03.10.2025,03-10-2025
874,OI018,IOP measurement with Schiotz - Both Eyes,68,80,80,Ophthalmology Investigation,Tier III,CGHS O.M. 03.10.2025,03-10-2025
875,OI019,IOP measurement with applanation tonometry - Both Eyes,136,160,160,Ophthalmology Investigation,Tier III,CGHS O.M. 03.10.2025,03-10-2025
876,OI020,Diurnal variation of IOP - Both Eyes,1020,1200,1200,Ophthalmology Investigation,Tier III,CGHS O.M. 03.10.2025,03-10-2025
877,OI021,90 D lens examination/Three mirror examination for retina - Both Eyes,102,120,120,Ophthalmology Investigation,Tier III,CGHS O.M. 03.10.2025,03-10-2025
878,OI022,Gonioscopy- Both Eyes,204,240,240,Ophthalmology Investigation,Tier III,CGHS O.M. 03.10.2025,03-10-2025
879,OI023,EOG- electrooculogram - Both Eyes,1408,1656,1656,Ophthalmology Investigation,Tier III,CGHS O.M. 03.10.2025,03-10-2025
880,OI024,ERG- Electroretinogram- Both Eyes,1224,1440,1440,Ophthalmology Investigation,Tier III,CGHS O.M. 03.10.2025,03-10-2025
881,OI025,VEP- visually evoked potential - Both Eyes,1224,1440,1440,Ophthalmology Investigation,Tier III,CGHS O.M. 03.10.2025,03-10-2025
882,OI026,X Ray orbit -Bilateral,238,280,280,Ophthalmology Investigation,Tier III,CGHS O.M. 03.10.2025,03-10-2025
883,OI027,Dacryocystography - Bilateral,1360,1600,1600,Ophthalmology Investigation,Tier III,CGHS O.M. 03.10.2025,03-10-2025
884,OI028,Orbital Angiographical Studies - Bilateral,3400,4000,4000,Ophthalmology Investigation,Tier III,CGHS O.M. 03.10.2025,03-10-2025
885,OI029,Neostigmine test - Both Eyes,3400,4000,4000,Ophthalmology Investigation,Tier III,CGHS O.M. 03.10.2025,03-10-2025
886,OI030,Lipi View One Eye,612,720,720,Ophthalmology Investigation,Tier III,CGHS O.M. 03.10.2025,03-10-2025
887,OI031,Lipi View Both Eyes,1020,1200,1200,Ophthalmology Investigation,Tier III,CGHS O.M. 03.10.2025,03-10-2025
888,OI032,Schirmer Test,204,240,240,Ophthalmology Investigation,Tier III,CGHS O.M. 03.10.2025,03-10-2025
889,OI033,Vitreous biopsy per eye,3400,4000,4000,Ophthalmology Biopsy,Tier III,CGHS O.M. 03.10.2025,03-10-2025
890,OP001,Subconjunctival/sub-tenon’s injections in one eye,340,400,400,Ophthalmology Procedure,Tier III,CGHS O.M. 03.10.2025,03-10-2025
891,OP002,Subconjunctival/sub-tenon’s injections in both eyes,544,640,640,Ophthalmology Procedure,Tier III,CGHS O.M. 03.10.2025,03-10-2025
892,OP003,Pterygium surgery with auto conjunctival graft per eye,9112,10720,10720,Ophthalmology Procedure,Tier III,CGHS O.M. 03.10.2025,03-10-2025
893,OP004,Conjunctival Peritomy per eye,1020,1200,1200,Ophthalmology Procedure,Tier III,CGHS O.M. 03.10.2025,03-10-2025
894,OP005,Conjunctival wound repair or exploration following blunt trauma per eye,5780,6800,6800,Ophthalmology Procedure,Tier III,CGHS O.M. 03.10.2025,03-10-2025
895,OP006,Removal of corneal foreign body,272,320,320,Ophthalmology Procedure,Tier III,CGHS O.M. 03.10.2025,03-10-2025
896,OP007,Cauterization of ulcer/subconjunctival injection in one eye,340,400,400,Ophthalmology Procedure,Tier III,CGHS O.M. 03.10.2025,03-10-2025
897,OP008,Cauterization of ulcer/subconjunctival injection in both eyes,544,640,640,Ophthalmology Procedure,Tier III,CGHS O.M. 03.10.2025,03-10-2025
898,OP009,Corneal grafting—Penetrating keratoplasty per eye,13600,16000,16000,Ophthalmology Procedure,Tier III,CGHS O.M. 03.10.2025,03-10-2025
899,OP010,Bandage contact lenses for corneal perforation/PED per eye,1360,1600,1600,Ophthalmology Procedure,Tier III,CGHS O.M. 03.10.2025,03-10-2025
900,OP011,Scleral grafting or conjunctival flap for corneal perforation per eye,5780,6800,6800,Ophthalmology Procedure,Tier III,CGHS O.M. 03.10.2025,03-10-2025
901,OP012,Keratoconus correction with therapeutic contact lenses - Both Eyes,5780,6800,6800,Ophthalmology Procedure,Tier III,CGHS O.M. 03.10.2025,03-10-2025
902,OP013,Ultraviolet (UV) radiation for cross-linking for keratoconus /C3R/KXL - Both Eyes,13600,16000,16000,Ophthalmology Procedure,Tier III,CGHS O.M. 03.10.2025,03-10-2025
903,OP014,EDTA for band shaped keratopathy - Both Eyes,2040,2400,2400,Ophthalmology Procedure,Tier III,CGHS O.M. 03.10.2025,03-10-2025
904,OP015,Arcuate keratotomy for astigmatism /Limbal Relaxing Incision - Both Eyes,4624,5440,5440,Ophthalmology Procedure,Tier III,CGHS O.M. 03.10.2025,03-10-2025
905,OP016,Re-suturing (Primary suturing) of corneal wound per eye,3400,4000,4000,Ophthalmology Procedure,Tier III,CGHS O.M. 03.10.2025,03-10-2025
906,OP017,Penetrating keratoplasty with glaucoma surgery per eye,23800,28000,28000,Ophthalmology Procedure,Tier III,CGHS O.M. 03.10.2025,03-10-2025
907,OP018,Penetrating keratoplasty with vitrectomy per eye,23800,28000,28000,Ophthalmology Procedure,Tier III,CGHS O.M. 03.10.2025,03-10-2025
908,OP019,Penetrating keratoplasty with IOL implantation per eye,23800,28000,28000,Ophthalmology Procedure,Tier III,CGHS O.M. 03.10.2025,03-10-2025
909,OP020,DALK- Deep anterior lamellar keratoplasty per eye,29240,34400,34400,Ophthalmology Procedure,Tier III,CGHS O.M. 03.10.2025,03-10-2025
910,OP021,Keratoprosthesis stage I and II per eye,29240,34400,34400,Ophthalmology Procedure,Tier III,CGHS O.M. 03.10.2025,03-10-2025
911,OP022,DSAEK Descemet’s stripping automated endothelial keratoplasty/DMEK- Descemet membrane endothelial keratoplasty per eye,29240,34400,34400,Ophthalmology Procedure,Tier III,CGHS O.M. 03.10.2025,03-10-2025
912,OP023,ALTK- Automated lamellar therapeutic keratoplasty per eye,29240,34400,34400,Ophthalmology Procedure,Tier III,CGHS O.M. 03.10.2025,03-10-2025
913,OP024,Bleb repair with conjunctival autograft per eye,10200,12000,12000,Ophthalmology Procedure,Tier III,CGHS O.M. 03.10.2025,03-10-2025
914,OP025,Bleb compression sutures per eye,4760,5600,5600,Ophthalmology Procedure,Tier III,CGHS O.M. 03.10.2025,03-10-2025
915,OP026,Bleb needling with MMC/5-FU per eye,5440,6400,6400,Ophthalmology Procedure,Tier III,CGHS O.M. 03.10.2025,03-10-2025
916,OP027,Probing and Syringing of lacrimal sac- in one eye,680,800,800,Ophthalmology Procedure,Tier III,CGHS O.M. 03.10.2025,03-10-2025
917,OP028,Probing and Syringing of lacrimal sac- in both eye,1020,1200,1200,Ophthalmology Procedure,Tier III,CGHS O.M. 03.10.2025,03-10-2025
918,OP029,Dacryocystorhinostomy-Plain,9112,10720,10720,Ophthalmology Procedure,Tier III,CGHS O.M. 03.10.2025,03-10-2025
919,OP030,Dacryocystorhinostomy-Plain with intubation and/or with lacrimal implants excluding the cost of implant per eye,13600,16000,16000,Ophthalmology Procedure,Tier III,CGHS O.M. 03.10.2025,03-10-2025
920,OP031,Dacryocystorhinostomy-conjunctival with implant excluding the cost of implant per eye,13600,16000,16000,Ophthalmology Procedure,Tier III,CGHS O.M. 03.10.2025,03-10-2025
921,OP032,Canaliculoplasty per eye,3597,4232,4232,Ophthalmology Procedure,Tier III,CGHS O.M. 03.10.2025,03-10-2025
922,OP033,Dacryocystectomy per eye,6256,7360,7360,Ophthalmology Procedure,Tier III,CGHS O.M. 03.10.2025,03-10-2025
923,OP034,Punctal plugs for dry eyes - Both Eyes,306,360,360,Ophthalmology Procedure,Tier III,CGHS O.M. 03.10.2025,03-10-2025
924,OP035,Chalazion incision and curettage in one eye,1360,1600,1600,Ophthalmology Procedure,Tier III,CGHS O.M. 03.10.2025,03-10-2025
925,OP036,Chalazion incision and curettage in both eyes,2040,2400,2400,Ophthalmology Procedure,Tier III,CGHS O.M. 03.10.2025,03-10-2025
926,OP037,Ptosis surgery with Fasanella-Servat procedure /Ptosis surgery with LPS resection one lid Ptosis surgery with Sling surgery one lid,13600,16000,16000,Ophthalmology Procedure,Tier III,CGHS O.M. 03.10.2025,03-10-2025
927,OP038,Ectropion surgery- one lid,5780,6800,6800,Ophthalmology Procedure,Tier III,CGHS O.M. 03.10.2025,03-10-2025
928,OP039,Ectropion surgery- both lids,9112,10720,10720,Ophthalmology Procedure,Tier III,CGHS O.M. 03.10.2025,03-10-2025
929,OP040,Epicanthus correction - Both Eyes,5780,6800,6800,Ophthalmology Procedure,Tier III,CGHS O.M. 03.10.2025,03-10-2025
930,OP041,Cantholysis and canthotomy- Both Eyes,2380,2800,2800,Ophthalmology Procedure,Tier III,CGHS O.M. 03.10.2025,03-10-2025
931,OP042,Entropion surgery- one lid,5780,6800,6800,Ophthalmology Procedure,Tier III,CGHS O.M. 03.10.2025,03-10-2025
932,OP043,Entropion surgery- both lids,9112,10720,10720,Ophthalmology Procedure,Tier III,CGHS O.M. 03.10.2025,03-10-2025
933,OP044,Tarsorrhaphy- Both Eyes,2040,2400,2400,Ophthalmology Procedure,Tier III,CGHS O.M. 03.10.2025,03-10-2025
934,OP045,Suturing of lid lacerations- Both Eyes,3400,4000,4000,Ophthalmology Procedure,Tier III,CGHS O.M. 03.10.2025,03-10-2025
935,OP046,Lid retraction repair per eye,5780,6800,6800,Ophthalmology Procedure,Tier III,CGHS O.M. 03.10.2025,03-10-2025
936,OP047,Concretions removal- Both Eyes,340,400,400,Ophthalmology Procedure,Tier III,CGHS O.M. 03.10.2025,03-10-2025
937,OP048,Bucket handle procedure for lid tumours per eye (for non-malignant conditions),9112,10720,10720,Ophthalmology Procedure,Tier III,CGHS O.M. 03.10.2025,03-10-2025
938,OP049,Eyelid reconstruction with flap one eye,13600,16000,16000,Ophthalmology Procedure,Tier III,CGHS O.M. 03.10.2025,03-10-2025
939,OP050,Eyelid reconstruction with flap both eyes,17000,20000,20000,Ophthalmology Procedure,Tier III,CGHS O.M. 03.10.2025,03-10-2025
940,OP051,Cheek rotation flap for lid tumours per eye (for non-malignant conditions),13600,16000,16000,Ophthalmology Procedure,Tier III,CGHS O.M. 03.10.2025,03-10-2025
941,OP052,Orbitotomy per eye,18700,22000,22000,Ophthalmology Procedure,Tier III,CGHS O.M. 03.10.2025,03-10-2025
942,OP053,Enucleation per eye (for non-malignant conditions),9112,10720,10720,Ophthalmology Procedure,Tier III,CGHS O.M. 03.10.2025,03-10-2025
943,OP054,Enucleation with orbital implants and artificial (Cost of implants included) per eye,13600,16000,16000,Ophthalmology Procedure,Tier III,CGHS O.M. 03.10.2025,03-10-2025
944,OP055,Evisceration per eye,9112,10720,10720,Ophthalmology Procedure,Tier III,CGHS O.M. 03.10.2025,03-10-2025
945,OP056,Evisceration with orbital implants and artificial (Cost of implants included) prosthesis per eye,13600,16000,16000,Ophthalmology Procedure,Tier III,CGHS O.M. 03.10.2025,03-10-2025
946,OP057,Telecanthus correction- Both Eyes,9112,10720,10720,Ophthalmology Procedure,Tier III,CGHS O.M. 03.10.2025,03-10-2025
947,OP058,Orbital decompression /with incision or excision biopsy per eye,23800,28000,28000,Ophthalmology Procedure,Tier III,CGHS O.M. 03.10.2025,03-10-2025
948,OP059,Exenteration per eye,13600,16000,16000,Ophthalmology Procedure,Tier III,CGHS O.M. 03.10.2025,03-10-2025
949,OP060,Exenteration with skin grafting per eye,23800,28000,28000,Ophthalmology Procedure,Tier III,CGHS O.M. 03.10.2025,03-10-2025
950,OP061,Fracture orbital repair per eye,23800,28000,28000,Ophthalmology Procedure,Tier III,CGHS O.M. 03.10.2025,03-10-2025
951,OP062,"Retinal laser procedures -green laser for PRP, retinal tears, ROP, endolaser per eye",2380,2800,2800,Ophthalmology Procedure,Tier III,CGHS O.M. 03.10.2025,03-10-2025
952,OP063,Retinal detachment surgery (RDS) per eye,18700,22000,22000,Ophthalmology Procedure,Tier III,CGHS O.M. 03.10.2025,03-10-2025
953,OP064,Retinal detachment surgery (RDS) with scleral buckling per eye,23800,28000,28000,Ophthalmology Procedure,Tier III,CGHS O.M. 03.10.2025,03-10-2025
954,OP065,Buckle removal per eye,5780,6800,6800,Ophthalmology Procedure,Tier III,CGHS O.M. 03.10.2025,03-10-2025
955,OP066,Silicone oil removal per eye,6256,7360,7360,Ophthalmology Procedure,Tier III,CGHS O.M. 03.10.2025,03-10-2025
956,OP067,Anterior retinal cryopexy per eye,3400,4000,4000,Ophthalmology Procedure,Tier III,CGHS O.M. 03.10.2025,03-10-2025
957,OP068,Squint correction for one eye,9112,10720,10720,Ophthalmology Procedure,Tier III,CGHS O.M. 03.10.2025,03-10-2025
958,OP069,Squint correction for both eyes,13600,16000,16000,Ophthalmology Procedure,Tier III,CGHS O.M. 03.10.2025,03-10-2025
959,OP070,Trabeculectomy per eye,13600,16000,16000,Ophthalmology Procedure,Tier III,CGHS O.M. 03.10.2025,03-10-2025
960,OP071,Trabeculotomy /kahook dual blade goniotomy excluding blade cost per eye,13600,16000,16000,Ophthalmology Procedure,Tier III,CGHS O.M. 03.10.2025,03-10-2025
961,OP072,Trabeculectomy with Trabeculotomy- Both Eyes,23800,28000,28000,Ophthalmology Procedure,Tier III,CGHS O.M. 03.10.2025,03-10-2025
962,OP073,Microincisional trabeculectomy(MIT) per eye,17000,20000,20000,Ophthalmology Procedure,Tier III,CGHS O.M. 03.10.2025,03-10-2025
963,OP074,Surgical posterior capsulotomy one eye,6800,8000,8000,Ophthalmology Procedure,Tier III,CGHS O.M. 03.10.2025,03-10-2025
964,OP075,Goniotomy per eye,3400,4000,4000,Ophthalmology Procedure,Tier III,CGHS O.M. 03.10.2025,03-10-2025
965,OP076,Glaucoma surgery with Glaucoma valves (Cost of Valve extra) per eye,13600,16000,16000,Ophthalmology Procedure,Tier III,CGHS O.M. 03.10.2025,03-10-2025
966,OP077,Cost of the Glaucoma valve/Glaucoma Ahmed valve per eye,15000,15000,15000,Ophthalmology Procedure,Tier III,CGHS O.M. 03.10.2025,03-10-2025
967,OP078,AC wash per eye,3400,4000,4000,Ophthalmology Procedure,Tier III,CGHS O.M. 03.10.2025,03-10-2025
968,OP079,Endocyclophotocoagulation per eye,12240,14400,14400,Ophthalmology Procedure,Tier III,CGHS O.M. 03.10.2025,03-10-2025
969,OP080,Cyclocryotherapy /Trans scleral cyclophotocoagulation TSCPC per eye,3400,4000,4000,Ophthalmology Procedure,Tier III,CGHS O.M. 03.10.2025,03-10-2025
970,OP081,YAG Laser iridotomy / Hyaloidotomy/Laser suture lysis post trabeculectomy per eye,3400,4000,4000,Ophthalmology Procedure,Tier III,CGHS O.M. 03.10.2025,03-10-2025
971,OP082,YAG Laser capsulotomy per eye,3400,4000,4000,Ophthalmology Procedure,Tier III,CGHS O.M. 03.10.2025,03-10-2025
972,OP083,ALT-Argon laser trabeculoplasty per eye,3400,4000,4000,Ophthalmology Procedure,Tier III,CGHS O.M. 03.10.2025,03-10-2025
973,OP084,TTT- Transpupillary thermal therapy per eye,5780,6800,6800,Ophthalmology Procedure,Tier III,CGHS O.M. 03.10.2025,03-10-2025
974,OP085,PTK- Phototherapeutic keratectomy /PRK for keratoconus per eye,9112,10720,10720,Ophthalmology Procedure,Tier III,CGHS O.M. 03.10.2025,03-10-2025
975,OP086,Argon/diode laser for retinal detachment per eye,5780,6800,6800,Ophthalmology Procedure,Tier III,CGHS O.M. 03.10.2025,03-10-2025
976,OP087,Intralase application for keratoconus /CAIRS Corneal allogenic intrastromal ring segments per eye excluding the cost of the rings,13600,16000,16000,Ophthalmology Procedure,Tier III,CGHS O.M. 03.10.2025,03-10-2025
977,OP088,Vitrectomy- pars plana including Fluid air exchange (per eye),23800,28000,28000,Ophthalmology Procedure,Tier III,CGHS O.M. 03.10.2025,03-10-2025
978,OP089,Vitrectomy +membrane peeling +fluid air exchange+endolaser+ gas/silicon oil tamponade per eye,27200,32000,32000,Ophthalmology Procedure,Tier III,CGHS O.M. 03.10.2025,03-10-2025
979,OP090,Macular hole surgery- Vitrectomy +membrane peeling + ILM peeling+ fluid air exchange+endolaser+ gas/silicon oil tamponade per eye,27880,32800,32800,Ophthalmology Procedure,Tier III,CGHS O.M. 03.10.2025,03-10-2025
980,OP091,Vitrectomy +phaco fragmentation/ IOL drop +/- secondary IOL per eye,17000,20000,20000,Ophthalmology Procedure,Tier III,CGHS O.M. 03.10.2025,03-10-2025
981,OP092,Anterior vitrectomy per eye,5440,6400,6400,Ophthalmology Procedure,Tier III,CGHS O.M. 03.10.2025,03-10-2025
982,OP093,Membranectomy one eye,8160,9600,9600,Ophthalmology Procedure,Tier III,CGHS O.M. 03.10.2025,03-10-2025
983,OP094,Membranectomy both eyes,10200,12000,12000,Ophthalmology Procedure,Tier III,CGHS O.M. 03.10.2025,03-10-2025
984,OP095,Intravitreal injections of antibiotics excluding the cost of the antibiotic per eye,3400,4000,4000,Ophthalmology Procedure,Tier III,CGHS O.M. 03.10.2025,03-10-2025
985,OP096,Intravitreal Injection of drugs (Ranibizumab/ Aflibercept etc) excluding the cost of the drug per eye,3400,4000,4000,Ophthalmology Procedure,Tier III,CGHS O.M. 03.10.2025,03-10-2025
986,OP097,"Intravitreal Insertion of Drug Implant excluding cost of the Drug Implant (Ozurdex,...etc) per eye",4080,4800,4800,Ophthalmology Procedure,Tier III,CGHS O.M. 03.10.2025,03-10-2025
987,OP098,Extracapsular cataract extraction (ECCE) with IOL excluding the cost of IOL per eye,9112,10720,10720,Ophthalmology Procedure,Tier III,CGHS O.M. 03.10.2025,03-10-2025
988,OP099,Small Incision Cataract Surgery (SICS) with IOL excluding the cost of IOL per eye,9112,10720,10720,Ophthalmology Procedure,Tier III,CGHS O.M. 03.10.2025,03-10-2025
989,OP100,Phaco with foldable IOL (silicone and acrylic)/PMMA IOL / MICS surgery excluding the cost of IOL per eye,11560,13600,13600,Ophthalmology Procedure,Tier III,CGHS O.M. 03.10.2025,03-10-2025
990,OP101,Pars plana lensectomy with/without IOL excluding the cost of IOL per eye,11560,13600,13600,Ophthalmology Procedure,Tier III,CGHS O.M. 03.10.2025,03-10-2025
991,OP102,Secondary IOL implantation- AC IOL PC IOL or scleral fixated IOL excluding the cost of IOL per eye,13600,16000,16000,Ophthalmology Procedure,Tier III,CGHS O.M. 03.10.2025,03-10-2025
992,OP103,Cataract extraction with IOL with capsular tension rings (Cionni’s ring)(cost of the ring included) excluding the cost of IOL per eye,23800,28000,28000,Ophthalmology Procedure,Tier III,CGHS O.M. 03.10.2025,03-10-2025
993,OP104,Paediatric cataract surgery +parsplana capsulotomy + anterior vitrectomy excluding the cost of IOL - one eye,13600,16000,16000,Ophthalmology Procedure,Tier III,CGHS O.M. 03.10.2025,03-10-2025
994,OP105,Paediatric cataract surgery +parsplana capsulotomy + anterior vitrectomy excluding the cost of IOL - Both Eyes,17000,20000,20000,Ophthalmology Procedure,Tier III,CGHS O.M. 03.10.2025,03-10-2025
995,OP106,IOL exchange [excluding IOL cost] per eye,6800,8000,8000,Ophthalmology Procedure,Tier III,CGHS O.M. 03.10.2025,03-10-2025
996,OP107,IOL reposition per eye,4080,4800,4800,Ophthalmology Procedure,Tier III,CGHS O.M. 03.10.2025,03-10-2025
997,OP108,IOL explantation per eye,5440,6400,6400,Ophthalmology Procedure,Tier III,CGHS O.M. 03.10.2025,03-10-2025
998,OP109,Iridodialysis repair or pupillary reconstruction /Cyclodialysis repair per eye,9112,10720,10720,Ophthalmology Procedure,Tier III,CGHS O.M. 03.10.2025,03-10-2025
999,OP110,Iris cyst removal /synechiolysis/surgical iridectomy per eye,3400,4000,4000,Ophthalmology Procedure,Tier III,CGHS O.M. 03.10.2025,03-10-2025
1000,OP111,Lid Abscess incision and Drainage per eye,3400,4000,4000,Ophthalmology Procedure,Tier III,CGHS O.M. 03.10.2025,03-10-2025
1001,OP112,Orbital Abscess incision and Drainage per eye,5780,6800,6800,Ophthalmology Procedure,Tier III,CGHS O.M. 03.10.2025,03-10-2025
1002,OP113,"Excision Biopsy of lid, conjunctiva, cornea per eye",6256,7360,7360,Ophthalmology Procedure,Tier III,CGHS O.M. 03.10.2025,03-10-2025
1003,OP114,Paracentesis (eye) per eye,3400,4000,4000,Ophthalmology Procedure,Tier III,CGHS O.M. 03.10.2025,03-10-2025
1004,OP115,Scleral graft for scleral melting or perforation per eye,9112,10720,10720,Ophthalmology Procedure,Tier III,CGHS O.M. 03.10.2025,03-10-2025
1005,OP116,Amniotic membrane grafting /symblepharon release with AMG per eye,9112,10720,10720,Ophthalmology Procedure,Tier III,CGHS O.M. 03.10.2025,03-10-2025
1006,OP117,Intraocular foreign body removal per eye,5780,6800,6800,Ophthalmology Procedure,Tier III,CGHS O.M. 03.10.2025,03-10-2025
1007,OP118,Electrolysis (eye) - Both Eyes,680,800,800,Ophthalmology Procedure,Tier III,CGHS O.M. 03.10.2025,03-10-2025
1008,OP119,Perforating injury repair (eye) per eye,9112,10720,10720,Ophthalmology Procedure,Tier III,CGHS O.M. 03.10.2025,03-10-2025
1009,OP120,Botulinum injection for blepharospasm or squint /epiphora/entropion/lid retraction (excluding cost of drug) per eye,3400,4000,4000,Ophthalmology Procedure,Tier III,CGHS O.M. 03.10.2025,03-10-2025
1010,OP121,C3F8 GAS Injection intravitreal for descemetopexy/retinopexy/pneumatopexy (per eye),3400,4000,4000,Ophthalmology Procedure,Tier III,CGHS O.M. 03.10.2025,03-10-2025
1011,OP122,Silicone Oil injection (per eye),3400,4000,4000,Ophthalmology Procedure,Tier III,CGHS O.M. 03.10.2025,03-10-2025
1012,OP123,Epiretinal Membrane (ERM) Peeling (per eye),4760,5600,5600,Ophthalmology Procedure,Tier III,CGHS O.M. 03.10.2025,03-10-2025
1013,OP124,Epiretinal Membrane (ERM) Removal (per eye),2040,2400,2400,Ophthalmology Procedure,Tier III,CGHS O.M. 03.10.2025,03-10-2025
1014,OP125,Internal limiting membrane (ILM) peeling (per eye),2040,2400,2400,Ophthalmology Procedure,Tier III,CGHS O.M. 03.10.2025,03-10-2025
1015,OP126,Punctoplasty (per eye),4420,5200,5200,Ophthalmology Procedure,Tier III,CGHS O.M. 03.10.2025,03-10-2025
1016,OP127,Punctal plug(Collagen/silicone) per eye,2720,3200,3200,Ophthalmology Procedure,Tier III,CGHS O.M. 03.10.2025,03-10-2025
1017,OP128,Laser Trabeculoplasty Gonioplasty - Both Eyes,10880,12800,12800,Ophthalmology Procedure,Tier III,CGHS O.M. 03.10.2025,03-10-2025
1018,OP129,Eye laser pulse therapy /Lipiflow/IPL [Intense pulse light] per eye,2380,2800,2800,Ophthalmology Procedure,Tier III,CGHS O.M. 03.10.2025,03-10-2025
1019,OP130,Malyugin Ring /pupil dilator/iris expander per eye,6800,8000,8000,Ophthalmology Procedure,Tier III,CGHS O.M. 03.10.2025,03-10-2025
1020,OP131,Globe exploration per eye,6800,8000,8000,Ophthalmology Procedure,Tier III,CGHS O.M. 03.10.2025,03-10-2025
1021,OP132,Scleral Fixation Tissue glue /fibrin glue per eye,5712,6720,6720,Ophthalmology Procedure,Tier III,CGHS O.M. 03.10.2025,03-10-2025
1022,OP133,PFCL Injection Per Eye Including Cost of The Drug,1856,2184,2184,Ophthalmology Procedure,Tier III,CGHS O.M. 03.10.2025,03-10-2025
1023,OP134,Methylprednisolone Injection IV Infusion per day Excluding the cost of the drug,1700,2000,2000,Ophthalmology Procedure,Tier III,CGHS O.M. 03.10.2025,03-10-2025
1024,OP135,Retinoblastoma[RB] EUA both eyes,2040,2400,2400,Ophthalmology Procedure,Tier III,CGHS O.M. 03.10.2025,03-10-2025
1025,OP136,RB intravitreal/intravenous/subtenons chemotherapy affected eye excluding the cost of the chemotherapy drug,2380,2800,2800,Ophthalmology Procedure,Tier III,CGHS O.M. 03.10.2025,03-10-2025
1026,OP137,RB TTT/ Cryotherapy affected eye,3060,3600,3600,Ophthalmology Procedure,Tier III,CGHS O.M. 03.10.2025,03-10-2025
1027,OP138,Plaque brachytherapy-surface affected eye,10200,12000,12000,Ophthalmology Procedure,Tier III,CGHS O.M. 03.10.2025,03-10-2025
1028,OP139,Plaque brachytherapy-intraocular affected eye,13600,16000,16000,Ophthalmology Procedure,Tier III,CGHS O.M. 03.10.2025,03-10-2025
1029,OP140,Simple limbal stem cell transplant SLET per eye,13600,16000,16000,Ophthalmology Procedure,Tier III,CGHS O.M. 03.10.2025,03-10-2025
1030,OP141,Mucous membrane grafting MMG one eyelid,13600,16000,16000,Ophthalmology Procedure,Tier III,CGHS O.M. 03.10.2025,03-10-2025
1031,OP142,Mucous membrane grafting MMG two eyelids,17000,20000,20000,Ophthalmology Procedure,Tier III,CGHS O.M. 03.10.2025,03-10-2025
1032,OP143,iStent Inject per eye including the cost of consumables and implant,54400,64000,64000,Ophthalmology Procedure,Tier III,CGHS O.M. 03.10.2025,03-10-2025
1033,OP144,Orthoptic exercises per session,170,200,200,Ophthalmology Physiotherapy,Tier III,CGHS O.M. 03.10.2025,03-10-2025
1034,OP145,Pleoptic exercises per session,170,200,200,Ophthalmology Physiotherapy,Tier III,CGHS O.M. 03.10.2025,03-10-2025
1035,EI001,Impedance with stapedial reflex / Impedance Audiometry,408,480,480,ENT Investigation,Tier III,CGHS O.M. 03.10.2025,03-10-2025
1036,EI002,Pure Tone Audiogram / Pure Tone Audiometry / PTA,306,360,360,ENT Investigation,Tier III,CGHS O.M. 03.10.2025,03-10-2025
1037,EI003,Short Increment Sensitivity Index (SISI) Tone Decay,272,320,320,ENT Investigation,Tier III,CGHS O.M. 03.10.2025,03-10-2025
1038,EI004,Speech Assessment,272,320,320,ENT Investigation,Tier III,CGHS O.M. 03.10.2025,03-10-2025
1039,EI005,Speech Discrimination Score,272,320,320,ENT Investigation,Tier III,CGHS O.M. 03.10.2025,03-10-2025
1040,EI006,Multiple hearing assessment test to Adults,272,320,320,ENT Investigation,Tier III,CGHS O.M. 03.10.2025,03-10-2025
1041,EI007,BERA (Brain stem evoked response audiometry),1700,2000,2000,ENT Investigation,Tier III,CGHS O.M. 03.10.2025,03-10-2025
1042,EI008,OAE (Otoacoustic Emission Test),857,1008,1008,ENT Investigation,Tier III,CGHS O.M. 03.10.2025,03-10-2025
1043,EI009,Hearing Aid Trail,136,160,160,ENT Investigation,Tier III,CGHS O.M. 03.10.2025,03-10-2025
1044,EI010,Vestibular Evoked Myogenic Potential (VEMP),1870,2200,2200,ENT Investigation,Tier III,CGHS O.M. 03.10.2025,03-10-2025
1045,EI011,Cold Calorie Test for Vestibular function,408,480,480,ENT Investigation,Tier III,CGHS O.M. 03.10.2025,03-10-2025
1046,EI012,Electronystagmography (ENG),1020,1200,1200,ENT Investigation,Tier III,CGHS O.M. 03.10.2025,03-10-2025
1047,EI013,Videonystagmography(VNG),1700,2000,2000,ENT Investigation,Tier III,CGHS O.M. 03.10.2025,03-10-2025
1048,EI014,Video Laryngoscopy,4080,4800,4800,ENT investigation,Tier III,CGHS O.M. 03.10.2025,03-10-2025
1049,EI015,Videostroboscopy,3740,4400,4400,ENT Investigation,Tier III,CGHS O.M. 03.10.2025,03-10-2025
1050,EI016,Fibreoptic examination of Larynx (FOL) under LA,3400,4000,4000,ENT Investigation,Tier III,CGHS O.M. 03.10.2025,03-10-2025
1051,EI017,Fibro optic Nasal Endoscopy,1564,1840,1840,ENT Investigation,Tier III,CGHS O.M. 03.10.2025,03-10-2025
1052,EP001,Removal of foreign body From Nose,476,560,560,ENT Procedure,Tier III,CGHS O.M. 03.10.2025,03-10-2025
1053,EP002,Removal of foreign body From Ear/otoscopy diagnostic or therapeutic,476,560,560,ENT Procedure,Tier III,CGHS O.M. 03.10.2025,03-10-2025
1054,EP003,Syringing (Ear),340,400,400,ENT Procedure,Tier III,CGHS O.M. 03.10.2025,03-10-2025
1055,EP004,Polyp removal under LA (Larynx),3400,4000,4000,ENT Procedure,Tier III,CGHS O.M. 03.10.2025,03-10-2025
1056,EP005,Polyp removal under GA (Larynx),6256,7360,7360,ENT Procedure,Tier III,CGHS O.M. 03.10.2025,03-10-2025
1057,EP006,Peritonsillar abscess Drainage under LA,5780,6800,6800,ENT Procedure,Tier III,CGHS O.M. 03.10.2025,03-10-2025
1058,EP007,Myringoplasty,18700,22000,22000,ENT Procedure,Tier III,CGHS O.M. 03.10.2025,03-10-2025
1059,EP008,Stapedectomy,18700,22000,22000,ENT Procedure,Tier III,CGHS O.M. 03.10.2025,03-10-2025
1060,EP009,Myringotomy with Grommet Insertion,9112,10720,10720,ENT Procedure,Tier III,CGHS O.M. 03.10.2025,03-10-2025
1061,EP010,Tympanotomy,18700,22000,22000,ENT Procedure,Tier III,CGHS O.M. 03.10.2025,03-10-2025
1062,EP011,Tympanoplasty,23800,28000,28000,ENT Procedure,Tier III,CGHS O.M. 03.10.2025,03-10-2025
1063,EP012,Mastoidectomy,23800,28000,28000,ENT Procedure,Tier III,CGHS O.M. 03.10.2025,03-10-2025
1064,EP013,Otoplasty,23800,28000,28000,ENT Procedure,Tier III,CGHS O.M. 03.10.2025,03-10-2025
1065,EP014,Labyrinthectomy,23800,28000,28000,ENT Procedure,Tier III,CGHS O.M. 03.10.2025,03-10-2025
1066,EP015,Skull Base Surgery,36040,42400,42400,ENT Procedure,Tier III,CGHS O.M. 03.10.2025,03-10-2025
1067,EP016,Facial Nerve Decompression,29240,34400,34400,ENT Procedure,Tier III,CGHS O.M. 03.10.2025,03-10-2025
1068,EP017,Septoplasty,18700,22000,22000,ENT Procedure,Tier III,CGHS O.M. 03.10.2025,03-10-2025
1069,EP018,Submucous Resection,9112,10720,10720,ENT Procedure,Tier III,CGHS O.M. 03.10.2025,03-10-2025
1070,EP019,Septo-Rhinoplasty,29240,34400,34400,ENT Procedure,Tier III,CGHS O.M. 03.10.2025,03-10-2025
1071,EP020,Rhinoplasty- Non-cosmetic,23800,28000,28000,ENT Procedure,Tier III,CGHS O.M. 03.10.2025,03-10-2025
1072,EP021,Fracture Reduction of Nasal Bone,9112,10720,10720,ENT Procedure,Tier III,CGHS O.M. 03.10.2025,03-10-2025
1073,EP022,Intra Nasal Diathermy,4080,4800,4800,ENT Procedure,Tier III,CGHS O.M. 03.10.2025,03-10-2025
1074,EP023,Turbinectomy,9112,10720,10720,ENT Procedure,Tier III,CGHS O.M. 03.10.2025,03-10-2025
1075,EP024,Endoscopic Dacryocystorhinostomy (DCR),23800,28000,28000,ENT Procedure,Tier III,CGHS O.M. 03.10.2025,03-10-2025
1076,EP025,Endoscopic Surgery (ENT),23800,28000,28000,ENT Procedure,Tier III,CGHS O.M. 03.10.2025,03-10-2025
1077,EP026,Septal Perforation Repair,18700,22000,22000,ENT Procedure,Tier III,CGHS O.M. 03.10.2025,03-10-2025
1078,EP027,Antrum Puncture,2040,2400,2400,ENT Procedure,Tier III,CGHS O.M. 03.10.2025,03-10-2025
1079,EP028,Lateral Rhinotomy,13600,16000,16000,ENT Procedure,Tier III,CGHS O.M. 03.10.2025,03-10-2025
1080,EP029,Cranio-Facial resection,29240,34400,34400,ENT Procedure,Tier III,CGHS O.M. 03.10.2025,03-10-2025
1081,EP030,Angiofibroma Excision,29240,34400,34400,ENT Procedure,Tier III,CGHS O.M. 03.10.2025,03-10-2025
1082,EP031,Endoscopic Hypophysectomy,36040,42400,42400,ENT Procedure,Tier III,CGHS O.M. 03.10.2025,03-10-2025
1083,EP032,Endoscopic Optic Nerve Decompression,36040,42400,42400,ENT Procedure,Tier III,CGHS O.M. 03.10.2025,03-10-2025
1084,EP033,Tonsillectomy,18700,22000,22000,ENT Procedure,Tier III,CGHS O.M. 03.10.2025,03-10-2025
1085,EP034,Uvulo-palatoplasty,23800,28000,28000,ENT Procedure,Tier III,CGHS O.M. 03.10.2025,03-10-2025
1086,EP035,Functional Endoscopic Sinus Surgery (FESS) for Antrochoanal polyp,23800,28000,28000,ENT Procedure,Tier III,CGHS O.M. 03.10.2025,03-10-2025
1087,EP036,Functional Endoscopic Sinus Surgery (FESS) for Ethmoidal polyp,23800,28000,28000,ENT Procedure,Tier III,CGHS O.M. 03.10.2025,03-10-2025
1088,EP037,Polyp removal ear,3400,4000,4000,ENT Procedure,Tier III,CGHS O.M. 03.10.2025,03-10-2025
1089,EP038,Polyp removal Nose (Septal polyp),5780,6800,6800,ENT Procedure,Tier III,CGHS O.M. 03.10.2025,03-10-2025
1090,EP039,Mastoidectomy plus Ossiculoplasty including TORP (Total Ossicular Replacement Prosthesis) or PORP (Partial Ossicular Replacement Prosthesis),23800,28000,28000,ENT Procedure,Tier III,CGHS O.M. 03.10.2025,03-10-2025
1091,EP040,Endolymphatic sac decompression,29240,34400,34400,ENT Procedure,Tier III,CGHS O.M. 03.10.2025,03-10-2025
1092,EP041,Diagnostic endoscopy under GA,3400,4000,4000,ENT Procedure,Tier III,CGHS O.M. 03.10.2025,03-10-2025
1093,EP042,Young's operation for Atrophic rhinitis,13600,16000,16000,ENT Procedure,Tier III,CGHS O.M. 03.10.2025,03-10-2025
1094,EP043,Vidian neurectomy for vasomotor Rhinitis,18700,22000,22000,ENT Procedure,Tier III,CGHS O.M. 03.10.2025,03-10-2025
1095,EP044,Nasal Packing-anterior,1700,2000,2000,ENT Procedure,Tier III,CGHS O.M. 03.10.2025,03-10-2025
1096,EP045,Nasal Packing-Posterior,2040,2400,2400,ENT Procedure,Tier III,CGHS O.M. 03.10.2025,03-10-2025
1097,EP046,Ranula Excision,13600,16000,16000,ENT Procedure,Tier III,CGHS O.M. 03.10.2025,03-10-2025
1098,EP047,Tongue Tie excision,5780,6800,6800,ENT Procedure,Tier III,CGHS O.M. 03.10.2025,03-10-2025
1099,EP048,Sub Mandibular Duct Lithotomy,4624,5440,5440,ENT Procedure,Tier III,CGHS O.M. 03.10.2025,03-10-2025
1100,EP049,Adenoidectomy,13600,16000,16000,ENT Procedure,Tier III,CGHS O.M. 03.10.2025,03-10-2025
1101,EP050,Palatopharyngoplasty,23800,28000,28000,ENT Procedure,Tier III,CGHS O.M. 03.10.2025,03-10-2025
1102,EP051,Pharyngoplasty,29240,34400,34400,ENT Procedure,Tier III,CGHS O.M. 03.10.2025,03-10-2025
1103,EP052,Styloidectomy,13600,16000,16000,ENT Procedure,Tier III,CGHS O.M. 03.10.2025,03-10-2025
1104,EP053,Direct Laryngoscopy including Biopsy under GA,9112,10720,10720,ENT Procedure,Tier III,CGHS O.M. 03.10.2025,03-10-2025
1105,EP054,Oesophagoscopy with foreign body removal from Oesophagus,9112,10720,10720,ENT Procedure,Tier III,CGHS O.M. 03.10.2025,03-10-2025
1106,EP055,Bronchoscopy with foreign body (FB) removal,9112,10720,10720,ENT Procedure,Tier III,CGHS O.M. 03.10.2025,03-10-2025
1107,EP056,Ear Lobe Repair one side,2720,3200,3200,ENT Procedure,Tier III,CGHS O.M. 03.10.2025,03-10-2025
1108,EP057,Excision of Pinna for non-cancerous Growth/Injuries - Skin Only,6256,7360,7360,ENT Procedure,Tier III,CGHS O.M. 03.10.2025,03-10-2025
1109,EP058,Excision of Pinna for non-cancerous/ Injuries - Skin and Cartilage,9112,10720,10720,ENT Procedure,Tier III,CGHS O.M. 03.10.2025,03-10-2025
1110,EP059,Partial Amputation of Pinna,9112,10720,10720,ENT Procedure,Tier III,CGHS O.M. 03.10.2025,03-10-2025
1111,EP060,Total Amputation of Pinna,13600,16000,16000,ENT Procedure,Tier III,CGHS O.M. 03.10.2025,03-10-2025
1112,EP061,Total Amputation & Excision of External Auditory Meatus,13600,16000,16000,ENT Procedure,Tier III,CGHS O.M. 03.10.2025,03-10-2025
1113,EP062,Excision of Cystic Hygroma,13600,16000,16000,ENT Procedure,Tier III,CGHS O.M. 03.10.2025,03-10-2025
1114,EP063,Excision of Cystic Hygroma Extensive,18700,22000,22000,ENT Procedure,Tier III,CGHS O.M. 03.10.2025,03-10-2025
1115,EP064,Excision of Branchial Cyst,18700,22000,22000,ENT Procedure,Tier III,CGHS O.M. 03.10.2025,03-10-2025
1116,EP065,Excision of Branchial Sinus,18700,22000,22000,ENT Procedure,Tier III,CGHS O.M. 03.10.2025,03-10-2025
1117,EP066,Excision of Pharyngeal Diverticulum,18700,22000,22000,ENT Procedure,Tier III,CGHS O.M. 03.10.2025,03-10-2025
1118,EP067,Excision of Carotid Body / Carotid Body Tumours,29240,34400,34400,ENT Procedure,Tier III,CGHS O.M. 03.10.2025,03-10-2025
1119,EP068,Operation for Cervical Rib,23800,28000,28000,ENT Procedure,Tier III,CGHS O.M. 03.10.2025,03-10-2025
1120,EP069,Estlander Operation (Estlander flap in plastic surgery of lips),23800,28000,28000,ENT Procedure,Tier III,CGHS O.M. 03.10.2025,03-10-2025
1121,EP070,Abbe Operation (Abbe flap in plastic surgery of lips),18700,22000,22000,ENT Procedure,Tier III,CGHS O.M. 03.10.2025,03-10-2025
1122,EP071,Cheek Advancement,23800,28000,28000,ENT Procedure,Tier III,CGHS O.M. 03.10.2025,03-10-2025
1123,EP072,Excision of the Maxilla,29240,34400,34400,ENT Procedure,Tier III,CGHS O.M. 03.10.2025,03-10-2025
1124,EP073,Excision of mandible-segmental,23800,28000,28000,ENT Procedure,Tier III,CGHS O.M. 03.10.2025,03-10-2025
1125,EP074,Parotidectomy - Superficial,23800,28000,28000,ENT Procedure,Tier III,CGHS O.M. 03.10.2025,03-10-2025
1126,EP075,Parotidectomy - Total,29240,34400,34400,ENT Procedure,Tier III,CGHS O.M. 03.10.2025,03-10-2025
1127,EP076,Repair of Parotid Duct,18700,22000,22000,ENT Procedure,Tier III,CGHS O.M. 03.10.2025,03-10-2025
1128,EP077,Removal of Submandibular Salivary gland,18700,22000,22000,ENT Procedure,Tier III,CGHS O.M. 03.10.2025,03-10-2025
1129,EP078,Hemithyroidectomy,23800,28000,28000,ENT Procedure,Tier III,CGHS O.M. 03.10.2025,03-10-2025
1130,EP079,Partial Thyroidectomy (lobectomy),23800,28000,28000,ENT Procedure,Tier III,CGHS O.M. 03.10.2025,03-10-2025
1131,EP080,Subtotal Thyroidectomy,29240,34400,34400,ENT Procedure,Tier III,CGHS O.M. 03.10.2025,03-10-2025
1132,EP081,Total Thyroidectomy,36040,42400,42400,ENT Procedure,Tier III,CGHS O.M. 03.10.2025,03-10-2025
1133,EP082,Resection Enucleation of thyroid Adenoma,18700,22000,22000,ENT Procedure,Tier III,CGHS O.M. 03.10.2025,03-10-2025
1134,EP083,Excision of Lingual Thyroid,23800,28000,28000,ENT Procedure,Tier III,CGHS O.M. 03.10.2025,03-10-2025
1135,EP084,Excision of Thyroglossal Cyst/Duct/Fistula,23800,28000,28000,ENT Procedure,Tier III,CGHS O.M. 03.10.2025,03-10-2025
1136,EP085,Laryngectomy,36040,42400,42400,ENT Procedure,Tier III,CGHS O.M. 03.10.2025,03-10-2025
1137,EP086,Hyoid Suspension,18700,22000,22000,ENT Procedure,Tier III,CGHS O.M. 03.10.2025,03-10-2025
1138,EP087,Genioplasty,23800,28000,28000,ENT Procedure,Tier III,CGHS O.M. 03.10.2025,03-10-2025
1139,EP088,Phonosurgery,18700,22000,22000,ENT Procedure,Tier III,CGHS O.M. 03.10.2025,03-10-2025
1140,EP089,Microlaryngeal Surgery,18700,22000,22000,ENT Procedure,Tier III,CGHS O.M. 03.10.2025,03-10-2025
1141,EP090,Laryngofissure,29240,34400,34400,ENT Procedure,Tier III,CGHS O.M. 03.10.2025,03-10-2025
1142,EP091,Tracheal Stenosis Excision,29240,34400,34400,ENT Procedure,Tier III,CGHS O.M. 03.10.2025,03-10-2025
1143,EP092,Tracheostomy,9112,10720,10720,ENT Procedure,Tier III,CGHS O.M. 03.10.2025,03-10-2025
1144,CC001,"ICU/CCU/PICU/MICU/HDU (For all categories of ward entitlement, inclusive of Room Rent)",5400,5400,5400,Critical Care,Tier III,CGHS O.M. 03.10.2025,03-10-2025
1145,CC002,Compressed Air / Piped Oxygen per hour,68,80,80,Critical Care,Tier III,CGHS O.M. 03.10.2025,03-10-2025
1146,CC003,Ventilator charges (Per day) inclusive of associated disposables,2040,2400,2400,Critical Care,Tier III,CGHS O.M. 03.10.2025,03-10-2025
1147,CC004,Non invasive Ventilator charges (Per day)( inclusive of associated disposables),408,480,480,Critical Care,Tier III,CGHS O.M. 03.10.2025,03-10-2025
1148,CC005,Pneupac Ventilator in Nursery (Per day),1768,2080,2080,Critical Care,Tier III,CGHS O.M. 03.10.2025,03-10-2025
1149,CC006,Incubator charges (Per day),1020,1200,1200,Critical Care,Tier III,CGHS O.M. 03.10.2025,03-10-2025
1150,CC007,Neonatal ICU charges (Per day) inclusive of incubator,5400,5400,5400,Critical Care,Tier III,CGHS O.M. 03.10.2025,03-10-2025
1151,CC008,Exchange Transfusion,2380,2800,2800,Critical Care,Tier III,CGHS O.M. 03.10.2025,03-10-2025
1152,CC009,Phototherapy per session (up to 6 Hours),272,320,320,Critical Care,Tier III,CGHS O.M. 03.10.2025,03-10-2025
1153,CC010,Resuscitation/CPR/Intubation,1020,1200,1200,Critical Care,Tier III,CGHS O.M. 03.10.2025,03-10-2025
1154,CC011,PICC line (peripherally inserted Central Cannulisation),3400,4000,4000,Critical Care,Tier III,CGHS O.M. 03.10.2025,03-10-2025
1155,CC012,Nebulization Per Session,34,40,40,Critical Care,Tier III,CGHS O.M. 03.10.2025,03-10-2025
1156,CC013,PICC Line Removal,680,800,800,Critical Care,Tier III,CGHS O.M. 03.10.2025,03-10-2025
1157,CC014,Ryles Tube Insertion,612,720,720,Critical Care,Tier III,CGHS O.M. 03.10.2025,03-10-2025
1158,BC001,Blood Component Charges - Whole Blood per Unit,1550,1550,1550,Blood Component Charges,Tier III,CGHS O.M. 03.10.2025,03-10-2025
1159,BC002,Blood Component Charges - Packed Red Cell per Unit,1550,1550,1550,Blood Component Charges,Tier III,CGHS O.M. 03.10.2025,03-10-2025
1160,BC003,Blood Component Charges - Fresh Frozen Plasma,400,400,400,Blood Component Charges,Tier III,CGHS O.M. 03.10.2025,03-10-2025
1161,BC004,Platelet Concentrate- Random Donor Platelet (RDP),400,400,400,Blood Component Charges,Tier III,CGHS O.M. 03.10.2025,03-10-2025
1162,BC005,Blood Component Charges - Cryoprecipitate,250,250,250,Blood Component Charges,Tier III,CGHS O.M. 03.10.2025,03-10-2025
1163,BC006,Platelet Concentrate – Single Donor Platelet (SDP)- Apheresis per unit,11000,11000,11000,Blood Component Charges,Tier III,CGHS O.M. 03.10.2025,03-10-2025
1164,GP001,Dressings of wounds,204,240,240,General Procedure,Tier III,CGHS O.M. 03.10.2025,03-10-2025
1165,GP002,Aspiration Pleural Effusion - Diagnostic,476,560,560,General Procedure,Tier III,CGHS O.M. 03.10.2025,03-10-2025
1166,GP003,Aspiration Pleural Effusion - Therapeutic,476,560,560,General Procedure,Tier III,CGHS O.M. 03.10.2025,03-10-2025
1167,GP004,Abdominal / Peritoneal Aspiration – Diagnostic/Ascitic tapping / Paracentesis - Diagnostic,476,560,560,General Procedure,Tier III,CGHS O.M. 03.10.2025,03-10-2025
1168,GP005,Abdominal / Peritoneal Aspiration – Therapeutic/Ascitic tapping / Paracentesis - Therapeutic,510,600,600,General Procedure,Tier III,CGHS O.M. 03.10.2025,03-10-2025
1169,GP006,Removal of Sutures (All),136,160,160,General Procedure,Tier III,CGHS O.M. 03.10.2025,03-10-2025
1170,GP007,Venesection,476,560,560,General Procedure,Tier III,CGHS O.M. 03.10.2025,03-10-2025
1171,GP008,Sternal puncture,1360,1600,1600,General Procedure,Tier III,CGHS O.M. 03.10.2025,03-10-2025
1172,GP009,Urinary bladder Catheterisation,476,560,560,General Procedure,Tier III,CGHS O.M. 03.10.2025,03-10-2025
1173,GP010,Incision & Drainage under local Anaesthesia (Large),1564,1840,1840,General Procedure,Tier III,CGHS O.M. 03.10.2025,03-10-2025
1174,GP011,Intercostal Drainage,2380,2800,2800,General Procedure,Tier III,CGHS O.M. 03.10.2025,03-10-2025
1175,GP012,Drainage of abscess with anaesthesia,9112,10720,10720,General Procedure,Tier III,CGHS O.M. 03.10.2025,03-10-2025
1176,GP013,Excision of lumps under anaesthesia,9112,10720,10720,General Procedure,Tier III,CGHS O.M. 03.10.2025,03-10-2025
1177,HN001,Temporal Bone Subtotal Resection,29240,34400,39560,Head and Neck Surgery,Tier III,CGHS O.M. 03.10.2025,03-10-2025
1178,HN002,Benign Tumour Excisions of Head and Neck,18700,22000,25300,Head and Neck Surgery,Tier III,CGHS O.M. 03.10.2025,03-10-2025
1179,SK001,Excision of Moles,680,800,800,Skin Procedure,Tier III,CGHS O.M. 03.10.2025,03-10-2025
1180,SK002,Excision of Warts,680,800,800,Skin Procedure,Tier III,CGHS O.M. 03.10.2025,03-10-2025
1181,SK003,Excision of Molluscum Contagiosum,680,800,800,Skin Procedure,Tier III,CGHS O.M. 03.10.2025,03-10-2025
1182,SK004,Excision of Venereal Warts,680,800,800,Skin Procedure,Tier III,CGHS O.M. 03.10.2025,03-10-2025
1183,SK005,Excision of Corns,680,800,800,Skin Procedure,Tier III,CGHS O.M. 03.10.2025,03-10-2025
1184,SK006,Intradermal (ID) Injection Keloid (Intralesional Injection) including the cost of the drug,680,800,800,Skin Procedure,Tier III,CGHS O.M. 03.10.2025,03-10-2025
1185,SK007,Chemical Cautery (s)/Cryotherapy,680,800,800,Skin Procedure,Tier III,CGHS O.M. 03.10.2025,03-10-2025
1186,CI001,Electrocardiogram (ECG),119,140,140,Cardiology Investigation,Tier III,CGHS O.M. 03.10.2025,03-10-2025
1187,CI002,Treadmill Test (TMT),762,896,896,Cardiology Investigation,Tier III,CGHS O.M. 03.10.2025,03-10-2025
1188,CI003,Holter analysis per day,1700,2000,2000,Cardiology Investigation,Tier III,CGHS O.M. 03.10.2025,03-10-2025
1189,CI004,Ambulatory BP monitoring per day,680,800,800,Cardiology Investigation,Tier III,CGHS O.M. 03.10.2025,03-10-2025
1190,CI005,Head Up Tilt Test (HUTT),6256,7360,7360,Cardiology Investigation,Tier III,CGHS O.M. 03.10.2025,03-10-2025
1191,CI006,External Loop/event recording -first day Rs.1500,1020,1200,1200,Cardiology Investigation,Tier III,CGHS O.M. 03.10.2025,03-10-2025
1192,CI007,External Loop/event recording - subsequent Days 1000/day (Maximum up to 6 days),680,800,800,Cardiology Investigation,Tier III,CGHS O.M. 03.10.2025,03-10-2025
1193,CI008,Diagnostic Electrophysiological studies conventional (Including catheter),49368,58080,58080,Cardiology Investigation,Tier III,CGHS O.M. 03.10.2025,03-10-2025
1194,CI009,Stress Thallium / Myocardial Perfusion Scintigraphy,9112,10720,10720,Cardiology Investigation,Tier III,CGHS O.M. 03.10.2025,03-10-2025
1195,CI010,Rest Thallium / Myocardial Perfusion Scintigraphy,6528,7680,7680,Cardiology Investigation,Tier III,CGHS O.M. 03.10.2025,03-10-2025
1196,CI011,Venography,3400,4000,4000,Cardiology Investigation,Tier III,CGHS O.M. 03.10.2025,03-10-2025
1197,CI012,Lymphangiography,3400,4000,4000,Cardiology Investigation,Tier III,CGHS O.M. 03.10.2025,03-10-2025
1198,CI013,Sinogram,1360,1600,1600,Cardiology Investigation,Tier III,CGHS O.M. 03.10.2025,03-10-2025
1199,CI014,Digital Subtraction Angiography-Peripheral artery,9935,11688,11688,Cardiology Investigation,Tier III,CGHS O.M. 03.10.2025,03-10-2025
1200,CI015,Digital Subtraction Angiography- venogram,9935,11688,11688,Cardiology Investigation,Tier III,CGHS O.M. 03.10.2025,03-10-2025
1201,CI016,Coronary Angiography,9112,10720,10720,Cardiology Investigation,Tier III,CGHS O.M. 03.10.2025,03-10-2025
1202,CI017,Cardiac Catheterization (CATH),10132,11920,11920,Cardiology Investigation,Tier III,CGHS O.M. 03.10.2025,03-10-2025
1203,CP001,Balloon Coronary Angioplasty / Percutaneous transluminal coronary angioplasty (PTCA) /Percutaneous coronary intervention (PCI) with Vascular closure device (VCD) excluding the cost of Stent. Cost of Drug Eluting Balloon allowed in lieu of Stent,65960,77600,89240,Cardiology Procedure,Tier III,CGHS O.M. 03.10.2025,03-10-2025
1204,CP002,Balloon Coronary Angioplasty / Percutaneous transluminal coronary angioplasty (PTCA) / Percutaneous coronary intervention (PCI) without Vascular closure device (VCD) excluding the cost of Stent.Cost of Drug Eluting Balloon allowed in lieu of Stent,56933,66980,77027,Cardiology Procedure,Tier III,CGHS O.M. 03.10.2025,03-10-2025
1205,CP003,Rotablation excluding the cost of Rotablator Burr/Advancer,42042,49462,56881,Cardiology Procedure,Tier III,CGHS O.M. 03.10.2025,03-10-2025
1206,CP004,Balloon Mitral Valvotomy / Percutaneous Transvenous Mitral Commissurotomy (PTMC),65960,77600,89240,Cardiology Procedure,Tier III,CGHS O.M. 03.10.2025,03-10-2025
1207,CP005,Temporary Pacemaker Implantation (TPI) (Temporary Cardiac Pacing) Single Chamber,14362,16896,19430,Cardiology Procedure,Tier III,CGHS O.M. 03.10.2025,03-10-2025
1208,CP006,Permanent pacemaker implantation (PPI)- Single Chamber excluding the cost of Pacemaker,23936,28160,32384,Cardiology Procedure,Tier III,CGHS O.M. 03.10.2025,03-10-2025
1209,CP007,Permanent pacemaker implantation- Dual Chamber excluding the cost of Pacemaker,32164,37840,43516,Cardiology Procedure,Tier III,CGHS O.M. 03.10.2025,03-10-2025
1210,CP008,Permanent pacemaker implantation (PPI)- Biventricular excluding the cost of pacemaker,37120,43670,50221,Cardiology Procedure,Tier III,CGHS O.M. 03.10.2025,03-10-2025
1211,CP009,Automatic implantable cardioverter defibrillator (AICD) Single Chamber - excluding the cost of Device,37400,44000,50600,Cardiology Procedure,Tier III,CGHS O.M. 03.10.2025,03-10-2025
1212,CP010,Automatic implantable cardioverter defibrillator (AICD) Dual Chamber excluding the cost of Device,39158,46068,52978,Cardiology Procedure,Tier III,CGHS O.M. 03.10.2025,03-10-2025
1213,CP011,Combo Device Implantation excluding the cost of Device,44132,51920,59708,Cardiology Procedure,Tier III,CGHS O.M. 03.10.2025,03-10-2025
1214,CP012,Radiofrequency (RF) Ablation Conventional,65960,77600,89240,Cardiology Procedure,Tier III,CGHS O.M. 03.10.2025,03-10-2025
1215,CP013,Radiofrequency (RF) Ablation Atrial Tachycardia/CARTO,122400,144000,165600,Cardiology Procedure,Tier III,CGHS O.M. 03.10.2025,03-10-2025
1216,CP014,Intra-aortic balloon pump (IABP) excluding the cost of the balloon,23800,28000,32200,Cardiology Procedure,Tier III,CGHS O.M. 03.10.2025,03-10-2025
1217,CP015,Intra vascular coiling excluding cost of the coils,51680,60800,69920,Cardiology Procedure,Tier III,CGHS O.M. 03.10.2025,03-10-2025
1218,CP016,Balloon Septostomy,22440,26400,30360,Cardiology Procedure,Tier III,CGHS O.M. 03.10.2025,03-10-2025
1219,CP017,Aortic Valve Balloon Dilatation (AVBD) / Pulmonary Valve Balloon Dilatation (PVBD),42187,49632,57077,Cardiology Procedure,Tier III,CGHS O.M. 03.10.2025,03-10-2025
1220,CP018,Peripheral Angioplasty with Vascular Closure Device (VCD) excluding the cost of Stent,41514,48840,56166,Cardiology Procedure,Tier III,CGHS O.M. 03.10.2025,03-10-2025
1221,CP019,Peripheral Angioplasty without Vascular Closure Device (VCD) excluding the cost of Stent,36040,42400,48760,Cardiology Procedure,Tier III,CGHS O.M. 03.10.2025,03-10-2025
1222,CP020,Renal Angioplasty excluding the cost of Stent,41140,48400,55660,Cardiology Procedure,Tier III,CGHS O.M. 03.10.2025,03-10-2025
1223,CP021,"Transcatheter Aortic Valve Implantation (TAVI) / Transcatheter Aortic Valve Replacement (TAVR) – Procedure Cost. (Approval of Director, CGHS in consultation with Special Technical Committee (STC) is required for this procedure)",68000,80000,92000,Cardiology Procedure,Tier III,CGHS O.M. 03.10.2025,03-10-2025
1224,CP022,TAVI / TAVR Implant (cost of implant only),1284000,1284000,1284000,Cardiology Implant(Valve),Tier III,CGHS O.M. 03.10.2025,03-10-2025
1225,CP023,Cost of Intravascular ultrasound (IVUS) Catheter excluding GST(Procedure Charge included in PTCA),55000,55000,55000,Cardiology Add on Procedure,Tier III,CGHS O.M. 03.10.2025,03-10-2025
1226,CP024,Cost of Fractional flow reserve (FFR) Catheter excluding GST (Procedure Charge included in PTCA),33000,33000,33000,Cardiology Add on Procedure,Tier III,CGHS O.M. 03.10.2025,03-10-2025
1227,CP025,Catheter cost of Intracoronary optical coherence tomography (OCT) / Intravascular optical coherence tomography (IVOCT) / Intravascular Ventricular Assist System excluding GST(Procedure cost is included in PTCA),65000,65000,65000,Cardiology Add on Procedure,Tier III,CGHS O.M. 03.10.2025,03-10-2025
1228,CP026,"IVL (Coronary Intra vascular Lithotripsy / Shock wave Lithotripsy – Including GST (Approval of Director, CGHS in consultation with Special Technical Committee (STC) is required for this procedure)",268000,268000,268000,Cardiology Add on Procedure,Tier III,CGHS O.M. 03.10.2025,03-10-2025
1229,CV001,Varicose vein Surgery-Trendelenburg Operation with Suturing or Ligation,17204,20240,23276,Cardiovascular And Cardiac Surgery Procedure,Tier III,CGHS O.M. 03.10.2025,03-10-2025
1230,CV002,Radio Ablation of Varicose Veins (RFA Ablation) excluding the cost of RFA Catheter,6358,7480,8602,Cardiovascular And Cardiac Surgery Procedure,Tier III,CGHS O.M. 03.10.2025,03-10-2025
1231,CV003,Laser Ablation of Varicose Veins,29920,35200,40480,Cardiovascular And Cardiac Surgery Procedure,Tier III,CGHS O.M. 03.10.2025,03-10-2025
1232,CV004,Atrial Septal Defect (ASD) closure excluding the cost of the Device,74800,88000,101200,Cardiovascular And Cardiac Surgery Procedure,Tier III,CGHS O.M. 03.10.2025,03-10-2025
1233,CV005,Ventricular Septal Defect (VSD) with Graft / VSD Device Closure excluding the cost of the Device,81600,96000,110400,Cardiovascular And Cardiac Surgery Procedure,Tier III,CGHS O.M. 03.10.2025,03-10-2025
1234,CV006,Tetralogy of Fallot (TOF)/TAPVC/TCPC/REV/RSOV repair,122400,144000,165600,Cardiovascular And Cardiac Surgery Procedure,Tier III,CGHS O.M. 03.10.2025,03-10-2025
1235,CV007,BD Glenn/Left Atrium Myxoma,122400,144000,165600,Cardiovascular And Cardiac Surgery Procedure,Tier III,CGHS O.M. 03.10.2025,03-10-2025
1236,CV008,Senning/Arterial Switch Operation (ASO) with graft,122400,144000,165600,Cardiovascular And Cardiac Surgery Procedure,Tier III,CGHS O.M. 03.10.2025,03-10-2025
1237,CV009,Double Switch Operation (DSO),160480,188800,217120,Cardiovascular And Cardiac Surgery Procedure,Tier III,CGHS O.M. 03.10.2025,03-10-2025
1238,CV010,Atrioventricular(AV) Canal Repair,160480,188800,217120,Cardiovascular And Cardiac Surgery Procedure,Tier III,CGHS O.M. 03.10.2025,03-10-2025
1239,CV011,Fontan Procedure,186320,219200,252080,Cardiovascular And Cardiac Surgery Procedure,Tier III,CGHS O.M. 03.10.2025,03-10-2025
1240,CV012,Conduit Repair,160480,188800,217120,Cardiovascular And Cardiac Surgery Procedure,Tier III,CGHS O.M. 03.10.2025,03-10-2025
1241,CV013,Coronary Artery Bypass Graft surgery (CABG),122400,144000,165600,Cardiovascular And Cardiac Surgery Procedure,Tier III,CGHS O.M. 03.10.2025,03-10-2025
1242,CV014,Coronary Artery Bypass Graft surgery (CABG) + Intra-Aortic Balloon Pump (IABP),160480,188800,217120,Cardiovascular And Cardiac Surgery Procedure,Tier III,CGHS O.M. 03.10.2025,03-10-2025
1243,CV015,Coronary Artery Bypass Graft surgery (CABG) + Valve Replacement excluding the cost of the valve,186320,219200,252080,Cardiovascular And Cardiac Surgery Procedure,Tier III,CGHS O.M. 03.10.2025,03-10-2025
1244,CV016,CABG without bypass.,160480,188800,217120,Cardiovascular And Cardiac Surgery Procedure,Tier III,CGHS O.M. 03.10.2025,03-10-2025
1245,CV017,Ascending Aorta Replacement,186320,219200,252080,Cardiovascular And Cardiac Surgery Procedure,Tier III,CGHS O.M. 03.10.2025,03-10-2025
1246,CV018,Double Valve Replacement (DVR),160480,188800,217120,Cardiovascular And Cardiac Surgery Procedure,Tier III,CGHS O.M. 03.10.2025,03-10-2025
1247,CV019,Mitral valve Replacement(MVR)/ Aortic valve Replacement (AVR)/ Tricuspid Valve Replacement (TVR) / Pulmonary valve replacement (PVR),122400,144000,165600,Cardiovascular And Cardiac Surgery Procedure,Tier III,CGHS O.M. 03.10.2025,03-10-2025
1248,CV020,Mitral valve (MV) Repair + Aortic valve (AV) Repair / Tricuspid Valve (TV) Repair + Pulmonary valve (PV) repair,122400,144000,165600,Cardiovascular And Cardiac Surgery Procedure,Tier III,CGHS O.M. 03.10.2025,03-10-2025
1249,CV021,Aorta Femoral Bypass,87720,103200,118680,Cardiovascular And Cardiac Surgery Procedure,Tier III,CGHS O.M. 03.10.2025,03-10-2025
1250,CV022,Blalock-Taussig Shunt (BT Shunt) / Coarctation,103360,121600,139840,Cardiovascular And Cardiac Surgery Procedure,Tier III,CGHS O.M. 03.10.2025,03-10-2025
1251,CV023,Pulmonary Artery Banding (PA Banding) Septostomy,103360,121600,139840,Cardiovascular And Cardiac Surgery Procedure,Tier III,CGHS O.M. 03.10.2025,03-10-2025
1252,CV024,Pericardiocentesis,6800,8000,8000,Cardiovascular And Cardiac Surgery Procedure,Tier III,CGHS O.M. 03.10.2025,03-10-2025
1253,CV025,Pericardiectomy,103360,121600,139840,Cardiovascular And Cardiac Surgery Procedure,Tier III,CGHS O.M. 03.10.2025,03-10-2025
1254,CV026,Patent Ductus Arteriosus (PDA)-Device Closure,74800,88000,101200,Cardiovascular And Cardiac Surgery Procedure,Tier III,CGHS O.M. 03.10.2025,03-10-2025
1255,CV027,Heart Transplant Surgery (As per Guidelines mentioned in OM.No. Z- 42011/11/2021-MG/EHS Dated 1st December 2023),1200000,1200000,1200000,Cardiovascular And Cardiac Surgery Procedure,Tier III,CGHS O.M. 03.10.2025,03-10-2025
1256,CV028,Aortic Arch Replacement,186320,219200,252080,Cardiovascular And Cardiac Surgery Procedure,Tier III,CGHS O.M. 03.10.2025,03-10-2025
1257,CV029,Aortic Dissection,186320,219200,252080,Cardiovascular And Cardiac Surgery Procedure,Tier III,CGHS O.M. 03.10.2025,03-10-2025
1258,CV030,Thoraco Abdominal Aneurysm Repair,160480,188800,217120,Cardiovascular And Cardiac Surgery Procedure,Tier III,CGHS O.M. 03.10.2025,03-10-2025
1259,CV031,Embolectomy,51680,60800,69920,Cardiovascular And Cardiac Surgery Procedure,Tier III,CGHS O.M. 03.10.2025,03-10-2025
1260,CV032,Vascular Repair,51680,60800,69920,Cardiovascular And Cardiac Surgery Procedure,Tier III,CGHS O.M. 03.10.2025,03-10-2025
1261,CV033,Bentall Repair with Prosthetic Valve,186320,219200,252080,Cardiovascular And Cardiac Surgery Procedure,Tier III,CGHS O.M. 03.10.2025,03-10-2025
1262,CV034,Bentall Repair with Biologic Valve,160480,188800,217120,Cardiovascular And Cardiac Surgery Procedure,Tier III,CGHS O.M. 03.10.2025,03-10-2025
1263,CV035,Coarctation dilatation / Balloon dilatation of Aortic coarctation -Excluding the the cost of Balloon,53557,63008,72459,Cardiovascular And Cardiac Surgery Procedure,Tier III,CGHS O.M. 03.10.2025,03-10-2025
1264,CV036,Coarctation dilatation with Stenting,42840,50400,57960,Cardiovascular And Cardiac Surgery Procedure,Tier III,CGHS O.M. 03.10.2025,03-10-2025
1265,CV037,Septostomy- Blade,42840,50400,57960,Cardiovascular And Cardiac Surgery Procedure,Tier III,CGHS O.M. 03.10.2025,03-10-2025
1266,CV038,Aortic stent grafting for aortic aneurysm,122400,144000,165600,Cardiovascular And Cardiac Surgery Procedure,Tier III,CGHS O.M. 03.10.2025,03-10-2025
1267,CV039,Inferior Vena Cava (IVC) filter implantation- excluding the cost of filter,22440,26400,30360,Cardiovascular And Cardiac Surgery Procedure,Tier III,CGHS O.M. 03.10.2025,03-10-2025
1268,CV040,Video Assisted Thoracoscopic Surgery (VATS) for Decortication of Lungs/Thymectomy/Other Major Surgeries,122400,144000,165600,Cardiovascular And Cardiac Surgery Procedure,Tier III,CGHS O.M. 03.10.2025,03-10-2025
1269,GS001,Sclerotherapy Injection / Banding of Haemorrhoids (cost of drug/sclerotherapy agent/band extra),476,560,560,General Surgery,Tier III,CGHS O.M. 03.10.2025,03-10-2025
1270,GS002,Injection for Varicose Veins (cost of drug/sclerotherapy agent extra),476,560,560,General Surgery,Tier III,CGHS O.M. 03.10.2025,03-10-2025
1271,GS003,Suturing of small wounds,935,1100,1100,General Surgery,Tier III,CGHS O.M. 03.10.2025,03-10-2025
1272,GS004,Secondary suture of wounds,2992,3520,3520,General Surgery,Tier III,CGHS O.M. 03.10.2025,03-10-2025
1273,GS005,Debridement of wounds - Small,1122,1320,1320,General Surgery,Tier III,CGHS O.M. 03.10.2025,03-10-2025
1274,GS006,Phimosis Under LA,4080,4800,4800,General Surgery,Tier III,CGHS O.M. 03.10.2025,03-10-2025
1275,GS007,Removal Of Foreign Bodies -without C-ARM,1020,1200,1200,General Surgery,Tier III,CGHS O.M. 03.10.2025,03-10-2025
1276,GS008,Toe Nail Removal,680,800,800,General Surgery,Tier III,CGHS O.M. 03.10.2025,03-10-2025
1277,GS009,Excision of Cervical Lymph Node under Local Anaesthesia,2108,2480,2480,General Surgery,Tier III,CGHS O.M. 03.10.2025,03-10-2025
1278,GS010,Excision of Axillary Lymph Node under General Anaesthesia,5780,6800,6800,General Surgery,Tier III,CGHS O.M. 03.10.2025,03-10-2025
1279,GS011,Excision of Inguinal Lymph Node under Local Anaesthesia,2040,2400,2400,General Surgery,Tier III,CGHS O.M. 03.10.2025,03-10-2025
1280,GS012,Excision of Sebaceous Cysts,3400,4000,4000,General Surgery,Tier III,CGHS O.M. 03.10.2025,03-10-2025
1281,GS013,Excision of Superficial Lipoma,3400,4000,4000,General Surgery,Tier III,CGHS O.M. 03.10.2025,03-10-2025
1282,GS014,Excision of Superficial Neurofibroma,3400,4000,4000,General Surgery,Tier III,CGHS O.M. 03.10.2025,03-10-2025
1283,GS015,Excision of Dermoid Cysts,3400,4000,4000,General Surgery,Tier III,CGHS O.M. 03.10.2025,03-10-2025
1284,GS016,Excision of Keloid,6256,7360,7360,General Surgery,Tier III,CGHS O.M. 03.10.2025,03-10-2025
1285,GS017,Excision of mammary fistula,18700,22000,22000,General Surgery,Tier III,CGHS O.M. 03.10.2025,03-10-2025
1286,GS018,Haemorrhoidectomy,22440,26400,26400,General Surgery,Tier III,CGHS O.M. 03.10.2025,03-10-2025
1287,GS019,Stapler haemorrhoidectomy excluding the cost of Stapler,23800,28000,28000,General Surgery,Tier III,CGHS O.M. 03.10.2025,03-10-2025
1288,GS020,Debridement of Large wounds including Diabetic Wound under Anaesthesia,18700,22000,22000,General Surgery,Tier III,CGHS O.M. 03.10.2025,03-10-2025
1289,GI001,Gastro Oesophageal Reflux Study (GER Study),2040,2400,2400,Gastro and Hepatobiliary Investigation,Tier III,CGHS O.M. 03.10.2025,03-10-2025
1290,GI002,Meckel's Scan,2040,2400,2400,Gastro and Hepatobiliary/Nuclear Medicine Investigation,Tier III,CGHS O.M. 03.10.2025,03-10-2025
1291,GI003,Hepatobiliary Scintigraphy.,2720,3200,3200,Gastro and Hepatobiliary/Nuclear Medicine Investigation,Tier III,CGHS O.M. 03.10.2025,03-10-2025
1292,GI004,Gastrointestinal Bleed (GloB.) Study with Technetium 99m labeled RBCs.,4080,4800,4800,Gastro and Hepatobiliary/Nuclear Medicine Investigation,Tier III,CGHS O.M. 03.10.2025,03-10-2025
1293,GI005,Gastric Emptying,1700,2000,2000,Gastro and Hepatobiliary/Nuclear Medicine Investigation,Tier III,CGHS O.M. 03.10.2025,03-10-2025
1294,GI006,Hepatosplenic scintigraphy with Technetium-99m radiopharmaceuticals,3400,4000,4000,Gastro and Hepatobiliary/Nuclear Medicine Investigation,Tier III,CGHS O.M. 03.10.2025,03-10-2025
1295,GI007,Diagnostic Angiography,6256,7360,7360,Gastroenterology/Interventional Radiology Investigation,Tier III,CGHS O.M. 03.10.2025,03-10-2025
1296,GI008,Oesophageal pH metry,6256,7360,7360,Gastroenterology / Endoscopic Procedures,Tier III,CGHS O.M. 03.10.2025,03-10-2025
1297,GI009,Oesophageal Manometry,6256,7360,7360,Gastroenterology / Endoscopic Procedures,Tier III,CGHS O.M. 03.10.2025,03-10-2025
1298,GI010,Small Bowel Manometry,6800,8000,8000,Gastroenterology / Endoscopic Procedures,Tier III,CGHS O.M. 03.10.2025,03-10-2025
1299,GI011,Anorectal manometry,29240,34400,34400,Gastroenterology / Endoscopic Investigation,Tier III,CGHS O.M. 03.10.2025,03-10-2025
1300,GI012,Colonic manometry,23800,28000,28000,Gastroenterology / Endoscopic Investigation,Tier III,CGHS O.M. 03.10.2025,03-10-2025
1301,GI013,Biliary Manometry,29240,34400,34400,Gastroenterology / Endoscopic Investigation,Tier III,CGHS O.M. 03.10.2025,03-10-2025
1302,GI014,Breath Tests (Urea breath test/ H. pylori breath test)/RUT,1965,2312,2312,Gastroenterology / Endoscopic Investigation,Tier III,CGHS O.M. 03.10.2025,03-10-2025
1303,MG001,Gastroscopy/Upper GI Endoscopy with or without Biopsy,2720,3200,3200,Gastroenterology / Endoscopic Procedures,Tier III,CGHS O.M. 03.10.2025,03-10-2025
1304,MG002,Lower GI Endoscopy (Colonoscopy/Sigmoidoscopy) with or without Biopsy,4080,4800,4800,Gastroenterology / Endoscopic Procedures,Tier III,CGHS O.M. 03.10.2025,03-10-2025
1305,MG003,Endoscopic mucosal resection,9112,10720,10720,Gastroenterology / Endoscopic Procedures,Tier III,CGHS O.M. 03.10.2025,03-10-2025
1306,MG004,Endoscopic Polypectomy - GIT,13600,16000,16000,Gastroenterology / Endoscopic Procedures,Tier III,CGHS O.M. 03.10.2025,03-10-2025
1307,MG005,Oesophageal Stricture dilatation,6256,7360,7360,Gastroenterology / Endoscopic Procedures,Tier III,CGHS O.M. 03.10.2025,03-10-2025
1308,MG006,Balloon dilatation of achalasia cardia,9112,10720,10720,Gastroenterology / Endoscopic Procedures,Tier III,CGHS O.M. 03.10.2025,03-10-2025
1309,MG007,Gastrointestinal (GIT) Foreign body removal,13600,16000,16000,Gastroenterology / Endoscopic Procedures,Tier III,CGHS O.M. 03.10.2025,03-10-2025
1310,MG008,Oesophageal stenting excluding the cost of stent,9112,10720,10720,Gastroenterology / Endoscopic Procedures,Tier III,CGHS O.M. 03.10.2025,03-10-2025
1311,MG009,Band ligation of oesophageal varices,5780,6800,6800,Gastroenterology / Endoscopic Procedures,Tier III,CGHS O.M. 03.10.2025,03-10-2025
1312,MG010,Sclerotherapy of oesophageal varices,5780,6800,6800,Gastroenterology / Endoscopic Procedures,Tier III,CGHS O.M. 03.10.2025,03-10-2025
1313,MG011,Glue injection of varices,9112,10720,10720,Gastroenterology / Endoscopic Procedures,Tier III,CGHS O.M. 03.10.2025,03-10-2025
1314,MG012,Argon plasma coagulation,6256,7360,7360,Gastroenterology / Endoscopic Procedures,Tier III,CGHS O.M. 03.10.2025,03-10-2025
1315,MG013,Pyloric balloon dilatation,5780,6800,6800,Gastroenterology / Endoscopic Procedures,Tier III,CGHS O.M. 03.10.2025,03-10-2025
1316,MG014,Enteral stenting excluding cost of the stent,13600,16000,16000,Gastroenterology / Endoscopic Procedures,Tier III,CGHS O.M. 03.10.2025,03-10-2025
1317,MG015,Duodenal stricture dilation,5780,6800,6800,Gastroenterology / Endoscopic Procedures,Tier III,CGHS O.M. 03.10.2025,03-10-2025
1318,MG016,Single balloon enteroscopy,9112,10720,10720,Gastroenterology / Endoscopic Procedures,Tier III,CGHS O.M. 03.10.2025,03-10-2025
1319,MG017,Double balloon enteroscopy,13600,16000,16000,Gastroenterology / Endoscopic Procedures,Tier III,CGHS O.M. 03.10.2025,03-10-2025
1320,MG018,Capsule endoscopy excluding the cost of capsule,9112,10720,10720,Gastroenterology / Endoscopic Procedures,Tier III,CGHS O.M. 03.10.2025,03-10-2025
1321,MG019,Piles banding,3400,4000,4000,Gastroenterology / Endoscopic Procedures,Tier III,CGHS O.M. 03.10.2025,03-10-2025
1322,MG020,Colonic stricture dilatation,5780,6800,6800,Gastroenterology / Endoscopic Procedures,Tier III,CGHS O.M. 03.10.2025,03-10-2025
1323,MG021,Hot biopsy forceps procedures,5780,6800,6800,Gastroenterology / Endoscopic Procedures,Tier III,CGHS O.M. 03.10.2025,03-10-2025
1324,MG022,Colonic stenting excluding cost of the stent,9112,10720,10720,Gastroenterology / Endoscopic Procedures,Tier III,CGHS O.M. 03.10.2025,03-10-2025
1325,MG023,Junction biopsy,3400,4000,4000,Gastroenterology / Endoscopic Procedures,Tier III,CGHS O.M. 03.10.2025,03-10-2025
1326,MG024,Conjugal microscopy,5780,6800,6800,Gastroenterology / Endoscopic Procedures,Tier III,CGHS O.M. 03.10.2025,03-10-2025
1327,MG025,ERCP (Endoscopic Retrograde Cholangio – Pancreatography) Diagnostic,9112,10720,10720,Gastro and Hepatobiliary Investigation,Tier III,CGHS O.M. 03.10.2025,03-10-2025
1328,MG026,Endoscopic sphincterotomy by ERCP,13600,16000,18400,Gastroenterology / Endoscopic Procedures,Tier III,CGHS O.M. 03.10.2025,03-10-2025
1329,MG027,Common Bile Duct (CBD) stone extraction by ERCP,13600,16000,18400,Gastroenterology / Endoscopic Procedures,Tier III,CGHS O.M. 03.10.2025,03-10-2025
1330,MG028,Common Bile Duct (CBD) stricture dilatation by ERCP,13600,16000,18400,Gastroenterology / Endoscopic Procedures,Tier III,CGHS O.M. 03.10.2025,03-10-2025
1331,MG029,Biliary stenting (plastic and metallic) by ERCP,13600,16000,18400,Gastroenterology / Endoscopic Procedures,Tier III,CGHS O.M. 03.10.2025,03-10-2025
1332,MG030,Mechanical lithotripsy of CBD stones by ERCP,23800,28000,32200,Gastroenterology / Endoscopic Procedures,Tier III,CGHS O.M. 03.10.2025,03-10-2025
1333,MG031,Pancreatic sphincterotomy by ERCP,13600,16000,18400,Gastroenterology / Endoscopic Procedures,Tier III,CGHS O.M. 03.10.2025,03-10-2025
1334,MG032,Pancreatic stricture dilatation by ERCP,13600,16000,18400,Gastroenterology / Endoscopic Procedures,Tier III,CGHS O.M. 03.10.2025,03-10-2025
1335,MG033,Pancreatic stone extraction by ERCP,13600,16000,18400,Gastroenterology / Endoscopic Procedures,Tier III,CGHS O.M. 03.10.2025,03-10-2025
1336,MG034,Mechanical lithotripsy of pancreatic stones,23800,28000,32200,Gastroenterology / Endoscopic Procedures,Tier III,CGHS O.M. 03.10.2025,03-10-2025
1337,MG035,Endoscopic cysto gastrostomy,13600,16000,18400,Gastroenterology / Endoscopic Procedures,Tier III,CGHS O.M. 03.10.2025,03-10-2025
1338,MG036,Balloon dilatation of papilla,13600,16000,18400,Gastroenterology / Endoscopic Procedures,Tier III,CGHS O.M. 03.10.2025,03-10-2025
1339,MG037,Percutaneous Transhepatic Biliary Drainage (PTBD),13600,16000,18400,Gastroenterology/Interventional Radiology Procedures,Tier III,CGHS O.M. 03.10.2025,03-10-2025
1340,MG038,Vascular Embolization,29240,34400,39560,Gastroenterology/Interventional Radiology Procedures,Tier III,CGHS O.M. 03.10.2025,03-10-2025
1341,MG039,Transjugular Intrahepatic Portosystemic Shunt (TIPS),36040,42400,48760,Gastroenterology/Interventional Radiology Procedures,Tier III,CGHS O.M. 03.10.2025,03-10-2025
1342,MG040,Inferior Vena Cava (IVC) Venography and Hepatic Vein (HV Venography),29240,34400,39560,Gastroenterology/Interventional Radiology Procedures,Tier III,CGHS O.M. 03.10.2025,03-10-2025
1343,MG041,Muscular Stenting,36040,42400,48760,Gastroenterology / Endoscopic Procedures,Tier III,CGHS O.M. 03.10.2025,03-10-2025
1344,MG042,Balloon-Occluded Retrograde Intravenous Obliteration (BRTO),36040,42400,48760,Gastroenterology/Interventional Radiology Procedures,Tier III,CGHS O.M. 03.10.2025,03-10-2025
1345,MG043,Portal Haemodynamic Studies,5780,6800,6800,Gastroenterology/Interventional Radiology Procedures,Tier III,CGHS O.M. 03.10.2025,03-10-2025
1346,MG044,Sengstaken Blakemore (SB) Tube Tamponade,6256,7360,7360,Gastroenterology / Endoscopic Procedures,Tier III,CGHS O.M. 03.10.2025,03-10-2025
1347,MG045,Lintas Machles Tube Tempode,4080,4800,4800,Gastroenterology / Endoscopic Procedures,Tier III,CGHS O.M. 03.10.2025,03-10-2025
1348,MG046,EUS (Endoscopic Ultrasound) guided FNAC Excluding the cost of the Needle,11220,13200,13200,Gastroenterology / Endoscopic Procedures,Tier III,CGHS O.M. 03.10.2025,03-10-2025
1349,AG001,Atresia of Oesophagus and Tracheo Oesophageal Fistula,36040,42400,48760,Abdomen/GI Surgery Procedure,Tier III,CGHS O.M. 03.10.2025,03-10-2025
1350,AG002,Operations for Replacement of Oesophagus by Colon / Colon-Inter position or Replacement of Oesophagus,36040,42400,48760,Abdomen/GI Surgery Procedure,Tier III,CGHS O.M. 03.10.2025,03-10-2025
1351,AG003,Heller’s Operation,29240,34400,39560,Abdomen/GI Surgery Procedure,Tier III,CGHS O.M. 03.10.2025,03-10-2025
1352,AG004,Oesophageal Intubation (Mousseau Barbin Tube),18700,22000,25300,Abdomen/GI Surgery Procedure,Tier III,CGHS O.M. 03.10.2025,03-10-2025
1353,AG005,Achalasia Cardia Transthoracic,29240,34400,39560,Abdomen/GI Surgery Procedure,Tier III,CGHS O.M. 03.10.2025,03-10-2025
1354,AG006,Achalasia Cardia Abdominal,29240,34400,39560,Abdomen/GI Surgery Procedure,Tier III,CGHS O.M. 03.10.2025,03-10-2025
1355,AG007,Pyloromyotomy,18700,22000,25300,Abdomen/GI Surgery Procedure,Tier III,CGHS O.M. 03.10.2025,03-10-2025
1356,AG008,Gastrostomy,18700,22000,25300,Abdomen/GI Surgery Procedure,Tier III,CGHS O.M. 03.10.2025,03-10-2025
1357,AG009,Simple Closure of Perforated peptic Ulcer,23800,28000,32200,Abdomen/GI Surgery Procedure,Tier III,CGHS O.M. 03.10.2025,03-10-2025
1358,AG010,Vagotomy Pyloroplasty / Gastro Jejunostomy,29240,34400,39560,Abdomen/GI Surgery Procedure,Tier III,CGHS O.M. 03.10.2025,03-10-2025
1359,AG011,Duodenojejunostomy,36040,42400,48760,Abdomen/GI Surgery Procedure,Tier III,CGHS O.M. 03.10.2025,03-10-2025
1360,AG012,Partial/Subtotal Gastrectomy for Ulcer,36040,42400,48760,Abdomen/GI Surgery Procedure,Tier III,CGHS O.M. 03.10.2025,03-10-2025
1361,AG013,Operation for Bleeding Peptic Ulcer,29240,34400,39560,Abdomen/GI Surgery Procedure,Tier III,CGHS O.M. 03.10.2025,03-10-2025
1362,AG014,Operation for Gastrojejunal Ulcer,29240,34400,39560,Abdomen/GI Surgery Procedure,Tier III,CGHS O.M. 03.10.2025,03-10-2025
1363,AG015,Highly Selective Vagotomy,36040,42400,48760,Abdomen/GI Surgery Procedure,Tier III,CGHS O.M. 03.10.2025,03-10-2025
1364,AG016,Selective Vagotomy & Drainage,36040,42400,48760,Abdomen/GI Surgery Procedure,Tier III,CGHS O.M. 03.10.2025,03-10-2025
1365,AG017,Exploratory Laparotomy (Open),18700,22000,25300,Abdomen/GI Surgery Procedure,Tier III,CGHS O.M. 03.10.2025,03-10-2025
1366,AG018,Congenital Diaphragmatic Hernia,29240,34400,39560,Abdomen/GI Surgery Procedure,Tier III,CGHS O.M. 03.10.2025,03-10-2025
1367,AG019,Hiatus Hernia Repair- Abdominal (excluding cost of mesh and tacker if used),24684,29040,33396,Abdomen/GI Surgery Procedure,Tier III,CGHS O.M. 03.10.2025,03-10-2025
1368,AG020,Hiatus Hernia Repair- Transthoracic (excluding cost of mesh and tacker if used),24684,29040,33396,Abdomen/GI Surgery Procedure,Tier III,CGHS O.M. 03.10.2025,03-10-2025
1369,AG021,Epigastric Hernia Repair - excluding the cost of mesh and tacker,18700,22000,25300,Abdomen/GI Surgery Procedure,Tier III,CGHS O.M. 03.10.2025,03-10-2025
1370,AG022,Umbilical Hernia Repair - excluding the cost of mesh and tacker,23800,28000,32200,Abdomen/GI Surgery Procedure,Tier III,CGHS O.M. 03.10.2025,03-10-2025
1371,AG023,Ventral /incisional Hernia Repair - excluding the cost of mesh and tacker,23800,28000,32200,Abdomen/GI Surgery Procedure,Tier III,CGHS O.M. 03.10.2025,03-10-2025
1372,AG024,Inguinal Hernia Herniorrhaphy,19448,22880,26312,Abdomen/GI Surgery Procedure,Tier III,CGHS O.M. 03.10.2025,03-10-2025
1373,AG025,Inguinal Hernia - Hernioplasty excluding the cost of mesh and tacker,23800,28000,32200,Abdomen/GI Surgery Procedure,Tier III,CGHS O.M. 03.10.2025,03-10-2025
1374,AG026,Femoral Hernia Repair - excluding the cost of mesh and tacker,23800,28000,32200,Abdomen/GI Surgery Procedure,Tier III,CGHS O.M. 03.10.2025,03-10-2025
1375,AG027,"Rare Hernias Repair (Spigelian, Obturator, Lumbar, Sciatic) - excluding the cost of mesh and tacker",29240,34400,39560,Abdomen/GI Surgery Procedure,Tier III,CGHS O.M. 03.10.2025,03-10-2025
1376,AG028,Splenectomy - For Trauma,36040,42400,48760,Abdomen/GI Surgery Procedure,Tier III,CGHS O.M. 03.10.2025,03-10-2025
1377,AG029,Splenectomy - For Hypersplenism,42840,50400,57960,Abdomen/GI Surgery Procedure,Tier III,CGHS O.M. 03.10.2025,03-10-2025
1378,AG030,Splenorenal Anastomosis,36040,42400,48760,Abdomen/GI Surgery Procedure,Tier III,CGHS O.M. 03.10.2025,03-10-2025
1379,AG031,Portocaval Anastomosis,42840,50400,57960,Abdomen/GI Surgery Procedure,Tier III,CGHS O.M. 03.10.2025,03-10-2025
1380,AG032,Direct Operation on Oesophagus for Portal Hypertension,36040,42400,48760,Abdomen/GI Surgery Procedure,Tier III,CGHS O.M. 03.10.2025,03-10-2025
1381,AG033,Mesentericocaval Anastomosis,29240,34400,39560,Abdomen/GI Surgery Procedure,Tier III,CGHS O.M. 03.10.2025,03-10-2025
1382,AG034,Warren Shunt (Distal Splenorenal Shunt),36040,42400,48760,Abdomen/GI Surgery Procedure,Tier III,CGHS O.M. 03.10.2025,03-10-2025
1383,AG035,Pancreaticoduodenectomy (Whipple's procedure),36040,42400,48760,Abdomen/GI Surgery Procedure,Tier III,CGHS O.M. 03.10.2025,03-10-2025
1384,AG036,Cystojejunostomy or Cystogastrostomy,29240,34400,39560,Abdomen/GI Surgery Procedure,Tier III,CGHS O.M. 03.10.2025,03-10-2025
1385,AG037,Cholecystectomy,23800,28000,32200,Abdomen/GI Surgery Procedure,Tier III,CGHS O.M. 03.10.2025,03-10-2025
1386,AG038,Cholecystectomy & Exploration of CBD,24684,29040,33396,Abdomen/GI Surgery Procedure,Tier III,CGHS O.M. 03.10.2025,03-10-2025
1387,AG039,Repair of Common Bile Duct (CBD),29240,34400,39560,Abdomen/GI Surgery Procedure,Tier III,CGHS O.M. 03.10.2025,03-10-2025
1388,AG040,Cholecystostomy,17952,21120,24288,Abdomen/GI Surgery Procedure,Tier III,CGHS O.M. 03.10.2025,03-10-2025
1389,AG041,Operation for Hydatid Cyst of Liver,20196,23760,27324,Abdomen/GI Surgery Procedure,Tier III,CGHS O.M. 03.10.2025,03-10-2025
1390,AG042,Hepatic Resections (Lobectomy /Hepatectomy),24684,29040,33396,Abdomen/GI Surgery Procedure,Tier III,CGHS O.M. 03.10.2025,03-10-2025
1391,AG043,Operation on Adrenal Glands - Bilateral,42840,50400,57960,Abdomen/GI Surgery Procedure,Tier III,CGHS O.M. 03.10.2025,03-10-2025
1392,AG044,Operation on Adrenal Glands - Unilateral,29240,34400,39560,Abdomen/GI Surgery Procedure,Tier III,CGHS O.M. 03.10.2025,03-10-2025
1393,AG045,Appendicectomy,14212,16720,19228,Abdomen/GI Surgery Procedure,Tier III,CGHS O.M. 03.10.2025,03-10-2025
1394,AG046,Appendicular Abscess – Drainage,23800,28000,32200,Abdomen/GI Surgery Procedure,Tier III,CGHS O.M. 03.10.2025,03-10-2025
1395,AG047,Mesenteric Cyst- Excision,23800,28000,32200,Abdomen/GI Surgery Procedure,Tier III,CGHS O.M. 03.10.2025,03-10-2025
1396,AG048,Diagnostic Peritonioscopy/Laparoscopy,13600,16000,18400,Abdomen/GI Surgery Procedure,Tier III,CGHS O.M. 03.10.2025,03-10-2025
1397,AG049,Jejunostomy,23800,28000,32200,Abdomen/GI Surgery Procedure,Tier III,CGHS O.M. 03.10.2025,03-10-2025
1398,AG050,Ileostomy,23800,28000,32200,Abdomen/GI Surgery Procedure,Tier III,CGHS O.M. 03.10.2025,03-10-2025
1399,AG051,Resection & Anastomosis of Small Intestine,35530,41800,48070,Abdomen/GI Surgery Procedure,Tier III,CGHS O.M. 03.10.2025,03-10-2025
1400,AG052,Duodenal Diverticulum,36040,42400,48760,Abdomen/GI Surgery Procedure,Tier III,CGHS O.M. 03.10.2025,03-10-2025
1401,AG053,"Operation for Intestinal Obstruction including resection , anastomosis ,Adhesiolysis",36040,42400,48760,Abdomen/GI Surgery Procedure,Tier III,CGHS O.M. 03.10.2025,03-10-2025
1402,AG054,"Operation for Intestinal perforation including resection ,anastomosis , Adhesiolysis",36040,42400,48760,Abdomen/GI Surgery Procedure,Tier III,CGHS O.M. 03.10.2025,03-10-2025
1403,AG055,Operations for Benign Tumours of Small Intestine,36040,42400,48760,Abdomen/GI Surgery Procedure,Tier III,CGHS O.M. 03.10.2025,03-10-2025
1404,AG056,Excision of Small Intestine Fistula,33660,39600,45540,Abdomen/GI Surgery Procedure,Tier III,CGHS O.M. 03.10.2025,03-10-2025
1405,AG057,Operations for GI Bleed,36040,42400,48760,Abdomen/GI Surgery Procedure,Tier III,CGHS O.M. 03.10.2025,03-10-2025
1406,AG058,Operations for Haemorrhage of Small Intestines,36040,42400,48760,Abdomen/GI Surgery Procedure,Tier III,CGHS O.M. 03.10.2025,03-10-2025
1407,AG059,Operations of the Duplication of the Intestines – including Exploratory Laparotomy,30668,36080,41492,Abdomen/GI Surgery Procedure,Tier III,CGHS O.M. 03.10.2025,03-10-2025
1408,AG060,Operations for Recurrent Intestinal Obstruction (Noble Plication & Other Operations for Adhesions),36040,42400,48760,Abdomen/GI Surgery Procedure,Tier III,CGHS O.M. 03.10.2025,03-10-2025
1409,AG061,Ileosigmoidostomy and related resection,36040,42400,48760,Abdomen/GI Surgery Procedure,Tier III,CGHS O.M. 03.10.2025,03-10-2025
1410,AG062,Ileotransverse Colostomy and related resection,36040,42400,48760,Abdomen/GI Surgery Procedure,Tier III,CGHS O.M. 03.10.2025,03-10-2025
1411,AG063,Caecostomy,23800,28000,32200,Abdomen/GI Surgery Procedure,Tier III,CGHS O.M. 03.10.2025,03-10-2025
1412,AG064,Loop Colostomy Transverse Sigmoid,29240,34400,39560,Abdomen/GI Surgery Procedure,Tier III,CGHS O.M. 03.10.2025,03-10-2025
1413,AG065,Terminal Colostomy,22440,26400,30360,Abdomen/GI Surgery Procedure,Tier III,CGHS O.M. 03.10.2025,03-10-2025
1414,AG066,Closure of Colostomy,22440,26400,30360,Abdomen/GI Surgery Procedure,Tier III,CGHS O.M. 03.10.2025,03-10-2025
1415,AG067,Right Hemicolectomy,23936,28160,32384,Abdomen/GI Surgery Procedure,Tier III,CGHS O.M. 03.10.2025,03-10-2025
1416,AG068,Left Hemicolectomy,23936,28160,32384,Abdomen/GI Surgery Procedure,Tier III,CGHS O.M. 03.10.2025,03-10-2025
1417,AG069,Total Colectomy,29920,35200,40480,Abdomen/GI Surgery Procedure,Tier III,CGHS O.M. 03.10.2025,03-10-2025
1418,AG070,Operations for Volvulus of Large Bowel,36040,42400,48760,Abdomen/GI Surgery Procedure,Tier III,CGHS O.M. 03.10.2025,03-10-2025
1419,AG071,Operations for Sigmoid Diverticulitis,29240,34400,39560,Abdomen/GI Surgery Procedure,Tier III,CGHS O.M. 03.10.2025,03-10-2025
1420,AG072,Fissure in Ano with Internal sphincterotomy with fissurectomy.,23800,28000,32200,Abdomen/GI Surgery Procedure,Tier III,CGHS O.M. 03.10.2025,03-10-2025
1421,AG073,Fissure in Ano - Fissurectomy,18700,22000,25300,Abdomen/GI Surgery Procedure,Tier III,CGHS O.M. 03.10.2025,03-10-2025
1422,AG074,Rectal Polyp-Excision,10248,12056,13864,Abdomen/GI Surgery Procedure,Tier III,CGHS O.M. 03.10.2025,03-10-2025
1423,AG075,Fistula in Ano - High Fistulectomy,23800,28000,32200,Abdomen/GI Surgery Procedure,Tier III,CGHS O.M. 03.10.2025,03-10-2025
1424,AG076,Fistula in Ano - Low Fistulectomy,17204,20240,23276,Abdomen/GI Surgery Procedure,Tier III,CGHS O.M. 03.10.2025,03-10-2025
1425,AG077,Prolapse Rectum - Thiersch Wiring,18700,22000,25300,Abdomen/GI Surgery Procedure,Tier III,CGHS O.M. 03.10.2025,03-10-2025
1426,AG078,Prolapse Rectum - Rectopexy,10472,12320,14168,Abdomen/GI Surgery Procedure,Tier III,CGHS O.M. 03.10.2025,03-10-2025
1427,AG079,Excision of Pilonidal Sinus (open),16456,19360,22264,Abdomen/GI Surgery Procedure,Tier III,CGHS O.M. 03.10.2025,03-10-2025
1428,AG080,Excision of Pilonidal Sinus with closure,18700,22000,25300,Abdomen/GI Surgery Procedure,Tier III,CGHS O.M. 03.10.2025,03-10-2025
1429,AG081,Abdomino-Perineal Excision of Rectum,36040,42400,48760,Abdomen/GI Surgery Procedure,Tier III,CGHS O.M. 03.10.2025,03-10-2025
1430,AG082,Anterior Resection of Rectum,42840,50400,57960,Abdomen/GI Surgery Procedure,Tier III,CGHS O.M. 03.10.2025,03-10-2025
1431,AG083,Pull Through Abdominal Resection,36040,42400,48760,Abdomen/GI Surgery Procedure,Tier III,CGHS O.M. 03.10.2025,03-10-2025
1432,AG084,Retro Peritoneal Tumour Removal,36040,42400,48760,Abdomen/GI Surgery Procedure,Tier III,CGHS O.M. 03.10.2025,03-10-2025
1433,AG085,Laparoscopic Fundoplication,42840,50400,57960,Abdomen/GI Surgery Procedure,Tier III,CGHS O.M. 03.10.2025,03-10-2025
1434,AG086,Laparoscopic Splenectomy,42840,50400,57960,Abdomen/GI Surgery Procedure,Tier III,CGHS O.M. 03.10.2025,03-10-2025
1435,AG087,Laparoscopic Removal of hydatid cyst,42840,50400,57960,Abdomen/GI Surgery Procedure,Tier III,CGHS O.M. 03.10.2025,03-10-2025
1436,AG088,Laparoscopic Treatment of Pseudo Pancreatic cyst,42840,50400,57960,Abdomen/GI Surgery Procedure,Tier III,CGHS O.M. 03.10.2025,03-10-2025
1437,AG089,Laparoscopic Whipple's operation (Laparoscopic Pancreaticoduodenectomy,36040,42400,48760,Abdomen/GI Surgery Procedure,Tier III,CGHS O.M. 03.10.2025,03-10-2025
1438,AG090,Laparoscopic GI bypass operation,42840,50400,57960,Abdomen/GI Surgery Procedure,Tier III,CGHS O.M. 03.10.2025,03-10-2025
1439,AG091,Laparoscopic Total Colectomy,42840,50400,57960,Abdomen/GI Surgery Procedure,Tier III,CGHS O.M. 03.10.2025,03-10-2025
1440,AG092,Laparoscopic Hemicolectomy,36040,42400,48760,Abdomen/GI Surgery Procedure,Tier III,CGHS O.M. 03.10.2025,03-10-2025
1441,AG093,Laparoscopic Anterior Resection (of Intestine/ Rectum),42840,50400,57960,Abdomen/GI Surgery Procedure,Tier III,CGHS O.M. 03.10.2025,03-10-2025
1442,AG094,Laparoscopic Cholecystectomy,24684,29040,33396,Abdomen/GI Surgery Procedure,Tier III,CGHS O.M. 03.10.2025,03-10-2025
1443,AG095,Laparoscopic Appendectomy,22440,26400,30360,Abdomen/GI Surgery Procedure,Tier III,CGHS O.M. 03.10.2025,03-10-2025
1444,AG096,Laparoscopic Hernia – Inguinoplasty (excluding the cost of Tacker and Mesh),26180,30800,35420,Abdomen/GI Surgery Procedure,Tier III,CGHS O.M. 03.10.2025,03-10-2025
1445,AG097,Laparoscopic Ventral Hernia Repair (excluding the cost of Tacker and Mesh),26180,30800,35420,Abdomen/GI Surgery Procedure,Tier III,CGHS O.M. 03.10.2025,03-10-2025
1446,AG098,Laparoscopic Paraumbilical Hernia Repair (excluding the cost of Tacker and Mesh),26180,30800,35420,Abdomen/GI Surgery Procedure,Tier III,CGHS O.M. 03.10.2025,03-10-2025
1447,AG099,Laparoscopic Adrenalectomy,42840,50400,57960,Abdomen/GI Surgery Procedure,Tier III,CGHS O.M. 03.10.2025,03-10-2025
1448,PS001,Diaphragmatic Hernia Repair (Thoracic or Abdominal Approach),36040,42400,48760,Paediatric Surgery Procedure,Tier III,CGHS O.M. 03.10.2025,03-10-2025
1449,PS002,Tracheoesophageal Fistula (Correction Surgery),36040,42400,48760,Paediatric Surgery Procedure,Tier III,CGHS O.M. 03.10.2025,03-10-2025
1450,PS003,Colon Replacement of Oesophagus,29240,34400,39560,Paediatric Surgery Procedure,Tier III,CGHS O.M. 03.10.2025,03-10-2025
1451,PS004,Omphalomesenteric Cyst Excision,29240,34400,39560,Paediatric Surgery Procedure,Tier III,CGHS O.M. 03.10.2025,03-10-2025
1452,PS005,Omphalomesenteric Duct- Excision,29240,34400,39560,Paediatric Surgery Procedure,Tier III,CGHS O.M. 03.10.2025,03-10-2025
1453,PS006,Omphalocele 1st Stage (Hernia Repair),23800,28000,32200,Paediatric Surgery Procedure,Tier III,CGHS O.M. 03.10.2025,03-10-2025
1454,PS007,Omphalocele 2nd Stage (Hernia Repair),23800,28000,32200,Paediatric Surgery Procedure,Tier III,CGHS O.M. 03.10.2025,03-10-2025
1455,PS008,Gastroschisis Repair,29240,34400,39560,Paediatric Surgery Procedure,Tier III,CGHS O.M. 03.10.2025,03-10-2025
1456,PS009,Inguinal Herniotomy,23800,28000,32200,Paediatric Surgery Procedure,Tier III,CGHS O.M. 03.10.2025,03-10-2025
1457,PS010,Congenital Hydrocele,23800,28000,32200,Paediatric Surgery Procedure,Tier III,CGHS O.M. 03.10.2025,03-10-2025
1458,PS011,Hydrocele of Cord,18700,22000,25300,Paediatric Surgery Procedure,Tier III,CGHS O.M. 03.10.2025,03-10-2025
1459,PS012,Torsion Testis Operation,23800,28000,32200,Paediatric Surgery Procedure,Tier III,CGHS O.M. 03.10.2025,03-10-2025
1460,PS013,Congenital Pyloric Stenosis- operation,23800,28000,32200,Paediatric Surgery Procedure,Tier III,CGHS O.M. 03.10.2025,03-10-2025
1461,PS014,Duodenal Atresia Operation,29240,34400,39560,Paediatric Surgery Procedure,Tier III,CGHS O.M. 03.10.2025,03-10-2025
1462,PS015,Pancreatic Ring Operation,36040,42400,48760,Paediatric Surgery Procedure,Tier III,CGHS O.M. 03.10.2025,03-10-2025
1463,PS016,Meconium Ileus Operation,29240,34400,39560,Paediatric Surgery Procedure,Tier III,CGHS O.M. 03.10.2025,03-10-2025
1464,PS017,Malrotation of Intestines Operation,29240,34400,39560,Paediatric Surgery Procedure,Tier III,CGHS O.M. 03.10.2025,03-10-2025
1465,PS018,Rectal Biopsy (Megacolon),13600,16000,18400,Paediatric Surgery Procedure,Tier III,CGHS O.M. 03.10.2025,03-10-2025
1466,PS019,Colostomy Transverse,29240,34400,39560,Paediatric Surgery Procedure,Tier III,CGHS O.M. 03.10.2025,03-10-2025
1467,PS020,Colostomy Left Iliac,29240,34400,39560,Paediatric Surgery Procedure,Tier III,CGHS O.M. 03.10.2025,03-10-2025
1468,PS021,Abdominal Perineal Pull Through (Hirschsprung's Disease),36040,42400,48760,Paediatric Surgery Procedure,Tier III,CGHS O.M. 03.10.2025,03-10-2025
1469,PS022,Imperforate Anus Low Anomaly -Cut Back Operation,18700,22000,25300,Paediatric Surgery Procedure,Tier III,CGHS O.M. 03.10.2025,03-10-2025
1470,PS023,Imperforate Anus Low Anomaly - Perineal Anoplasty,23800,28000,32200,Paediatric Surgery Procedure,Tier III,CGHS O.M. 03.10.2025,03-10-2025
1471,PS024,Imperforate Anus High Anomaly -Sacroabdomino Perineal Pull Through,36040,42400,48760,Paediatric Surgery Procedure,Tier III,CGHS O.M. 03.10.2025,03-10-2025
1472,PS025,Imperforate Anus High Anomaly - Closure of Colostomy,23800,28000,32200,Paediatric Surgery Procedure,Tier III,CGHS O.M. 03.10.2025,03-10-2025
1473,PS026,Intussusception Operation,29240,34400,39560,Paediatric Surgery Procedure,Tier III,CGHS O.M. 03.10.2025,03-10-2025
1474,PS027,Choledochoduodenostomy for Atresia of Extra Hepatic Biliary Duct,36040,42400,48760,Paediatric Surgery Procedure,Tier III,CGHS O.M. 03.10.2025,03-10-2025
1475,PS028,Operation of Choledochal Cyst,36040,42400,48760,Paediatric Surgery Procedure,Tier III,CGHS O.M. 03.10.2025,03-10-2025
1476,PS029,Nephrectomy for -Pyonephrosis,29240,34400,39560,Paediatric Surgery Procedure,Tier III,CGHS O.M. 03.10.2025,03-10-2025
1477,PS030,Nephrectomy for - Hydronephrosis,29240,34400,39560,Paediatric Surgery Procedure,Tier III,CGHS O.M. 03.10.2025,03-10-2025
1478,PS031,Sacro-Coccygeal Teratoma Excision,29240,34400,39560,Paediatric Surgery Procedure,Tier III,CGHS O.M. 03.10.2025,03-10-2025
1479,PS032,Congenital Atresia & Stenosis of Small Intestine,36040,42400,48760,Paediatric Surgery Procedure,Tier III,CGHS O.M. 03.10.2025,03-10-2025
1480,PS033,Malrotation & Volvulus of the Midgut,29240,34400,39560,Paediatric Surgery Procedure,Tier III,CGHS O.M. 03.10.2025,03-10-2025
1481,PS034,Excision of Meckel’s Deverticulum,29240,34400,39560,Paediatric Surgery Procedure,Tier III,CGHS O.M. 03.10.2025,03-10-2025
1482,OG001,Non Stress Test,1020,1200,1200,Obstetrics Investigation,Tier III,CGHS O.M. 03.10.2025,03-10-2025
1483,OG002,Normal delivery with or without Episiotomy & P. repair/ forceps delivery /Vacuum delivery/assisted breech delivery including Routine New Born Care,23800,28000,28000,Obstetrics And Gynaecology Procedure,Tier III,CGHS O.M. 03.10.2025,03-10-2025
1484,OG003,"Normal Delivery of High Risk Pregnancy(Preeclampsia/Eclapsia/GDM/Cardiac/Vascular/Renal/Pulmonary/Twin Pregnancy/RA/SLE/IVF Conception/Severe Anaemia,)",29240,34400,34400,Obstetrics And Gynaecology Procedure,Tier III,CGHS O.M. 03.10.2025,03-10-2025
1485,OG004,Caesarean Section(CS) with or without Sterilization including Routine New Born Care,36040,42400,42400,Obstetrics And Gynaecology Procedure,Tier III,CGHS O.M. 03.10.2025,03-10-2025
1486,OG005,Caesarian Delivery of High Risk Pregnancy(Preeclampsia/Eclapsia/GDM/Cardiac/Vascular/Renal/Pulmonary/Twin Pregnancy/RA/SLE/IVF Conception/Severe Anaemia),42840,50400,50400,Obstetrics And Gynaecology Procedure,Tier III,CGHS O.M. 03.10.2025,03-10-2025
1487,OG006,Rupture Uterus Closure & Repair with Tubal Ligation,29240,34400,34400,Obstetrics And Gynaecology Procedure,Tier III,CGHS O.M. 03.10.2025,03-10-2025
1488,OG007,Perforation of Uterus after D/E Laparotomy & Closure,13600,16000,16000,Obstetrics And Gynaecology Procedure,Tier III,CGHS O.M. 03.10.2025,03-10-2025
1489,OG008,Laparotomy for Ectopic Pregnancy,23800,28000,28000,Obstetrics And Gynaecology Procedure,Tier III,CGHS O.M. 03.10.2025,03-10-2025
1490,OG009,Laparotomy peritonitis Lavage and Drainage,23800,28000,28000,Obstetrics And Gynaecology Procedure,Tier III,CGHS O.M. 03.10.2025,03-10-2025
1491,OG010,Ovarian Cystectomy - Laparoscopic.,29240,34400,34400,Obstetrics And Gynaecology Procedure,Tier III,CGHS O.M. 03.10.2025,03-10-2025
1492,OG011,Ovarian Cystectomy - Laparotomy.,23800,28000,28000,Obstetrics And Gynaecology Procedure,Tier III,CGHS O.M. 03.10.2025,03-10-2025
1493,OG012,Laparoscopic Broad Ligament Hematoma Drainage with repair,9112,10720,10720,Obstetrics And Gynaecology Procedure,Tier III,CGHS O.M. 03.10.2025,03-10-2025
1494,OG013,Exploration of perineal Haematoma & Repair,9112,10720,10720,Obstetrics And Gynaecology Procedure,Tier III,CGHS O.M. 03.10.2025,03-10-2025
1495,OG014,Exploration of abdominal Haematoma (after laparotomy/ LSCS),18700,22000,22000,Obstetrics And Gynaecology Procedure,Tier III,CGHS O.M. 03.10.2025,03-10-2025
1496,OG015,Manual Removal of Placenta,6256,7360,7360,Obstetrics And Gynaecology Procedure,Tier III,CGHS O.M. 03.10.2025,03-10-2025
1497,OG016,Examination under anaesthesia (EUA),3400,4000,4000,Obstetrics And Gynaecology Procedure,Tier III,CGHS O.M. 03.10.2025,03-10-2025
1498,OG017,Burst-Abdomen Repair,23800,28000,28000,Obstetrics And Gynaecology Procedure,Tier III,CGHS O.M. 03.10.2025,03-10-2025
1499,OG018,Gaping Perineal Wound Secondary Suturing,3400,4000,4000,Obstetrics And Gynaecology Procedure,Tier III,CGHS O.M. 03.10.2025,03-10-2025
1500,OG019,Gaping Abdominal Wound Secondary Suturing,5780,6800,6800,Obstetrics And Gynaecology Procedure,Tier III,CGHS O.M. 03.10.2025,03-10-2025
1501,OG020,Complete Perineal Tear-Repair,6256,7360,7360,Obstetrics And Gynaecology Procedure,Tier III,CGHS O.M. 03.10.2025,03-10-2025
1502,OG021,Pelvic Floor Repair(Rectocele +/- Cystocele +/- Enterocele),23800,28000,28000,Obstetrics And Gynaecology Procedure,Tier III,CGHS O.M. 03.10.2025,03-10-2025
1503,OG022,Suction Evacuation Vesicular Mole,18700,22000,22000,Obstetrics And Gynaecology Procedure,Tier III,CGHS O.M. 03.10.2025,03-10-2025
1504,OG023,Colpotomy/Post-Coital Tear Repair,6256,7360,7360,Obstetrics And Gynaecology Procedure,Tier III,CGHS O.M. 03.10.2025,03-10-2025
1505,OG024,Excision of urethral carbuncle,9112,10720,10720,Obstetrics And Gynaecology Procedure,Tier III,CGHS O.M. 03.10.2025,03-10-2025
1506,OG025,Shirodkar/ McDonald stitch//Cervical Stitch(Cerclage),9112,10720,10720,Obstetrics And Gynaecology Procedure,Tier III,CGHS O.M. 03.10.2025,03-10-2025
1507,OG026,Abdominal Hysterectomy with or without salpingo- oophorectomy,29240,34400,34400,Obstetrics And Gynaecology Procedure,Tier III,CGHS O.M. 03.10.2025,03-10-2025
1508,OG027,Non-descent Vaginal Hysterectomy (NDVH) with or without BSO,29240,34400,34400,Obstetrics And Gynaecology Procedure,Tier III,CGHS O.M. 03.10.2025,03-10-2025
1509,OG028,Vaginal Hysterectomy (including of BSO) with or without repairs,29240,34400,34400,Obstetrics And Gynaecology Procedure,Tier III,CGHS O.M. 03.10.2025,03-10-2025
1510,OG029,Myomectomy -laparotomy,23800,28000,28000,Obstetrics And Gynaecology Procedure,Tier III,CGHS O.M. 03.10.2025,03-10-2025
1511,OG030,Myomectomy -laparoscopic,29240,34400,34400,Obstetrics And Gynaecology Procedure,Tier III,CGHS O.M. 03.10.2025,03-10-2025
1512,OG031,Vaginoplasty,29240,34400,34400,Obstetrics And Gynaecology Procedure,Tier III,CGHS O.M. 03.10.2025,03-10-2025
1513,OG032,Vulvectomy -Simple,23800,28000,28000,Obstetrics And Gynaecology Procedure,Tier III,CGHS O.M. 03.10.2025,03-10-2025
1514,OG033,Rectovaginal Fistula (RVF) Repair,29240,34400,34400,Obstetrics And Gynaecology Procedure,Tier III,CGHS O.M. 03.10.2025,03-10-2025
1515,OG034,Manchester/Fothergill’s operation,23800,28000,28000,Obstetrics And Gynaecology Procedure,Tier III,CGHS O.M. 03.10.2025,03-10-2025
1516,OG035,Shirodkar’s sling Operation or other sling operations for prolapse uterus,13600,16000,16000,Obstetrics And Gynaecology Procedure,Tier III,CGHS O.M. 03.10.2025,03-10-2025
1517,OG036,Laparoscopic sling operations for prolapse uterus,29240,34400,34400,Obstetrics And Gynaecology Procedure,Tier III,CGHS O.M. 03.10.2025,03-10-2025
1518,OG037,Dilatation and Curettage(diagnostic/therapeutic) with or without Polypectomy,9112,10720,10720,Obstetrics And Gynaecology Procedure,Tier III,CGHS O.M. 03.10.2025,03-10-2025
1519,OG038,Cervical Biopsy,6256,7360,7360,Obstetrics And Gynaecology Procedure,Tier III,CGHS O.M. 03.10.2025,03-10-2025
1520,OG039,Transcervical/Hysteroscopic Polypectomy,9112,10720,10720,Obstetrics And Gynaecology Procedure,Tier III,CGHS O.M. 03.10.2025,03-10-2025
1521,OG040,Excision of Vaginal Cyst/Bartholin Cyst/Gartner Cyst,6256,7360,7360,Obstetrics And Gynaecology Procedure,Tier III,CGHS O.M. 03.10.2025,03-10-2025
1522,OG041,Excision of Vaginal/Uterus Septum,13600,16000,16000,Obstetrics And Gynaecology Procedure,Tier III,CGHS O.M. 03.10.2025,03-10-2025
1523,OG042,Diagnostic hysterolaparoscopy(DHL) with or without chromopertubation/Adhesiolysis/ovarian drilling,13600,16000,16000,Obstetrics And Gynaecology Procedure,Tier III,CGHS O.M. 03.10.2025,03-10-2025
1524,OG043,Laparoscopy Sterilization/Laparoscopic tubal occlusion(LTO),18700,22000,22000,Obstetrics And Gynaecology Procedure,Tier III,CGHS O.M. 03.10.2025,03-10-2025
1525,OG044,Laparoscopically Assisted Vaginal Hysterectomy (LAVH) with or without BSO,42840,50400,50400,Obstetrics And Gynaecology Procedure,Tier III,CGHS O.M. 03.10.2025,03-10-2025
1526,OG045,Balloon Tamponade for Post Partum Haemorrhage/Conservative management of PPH(Atonic/traumatic PPH),5780,6800,6800,Obstetrics And Gynaecology Procedure,Tier III,CGHS O.M. 03.10.2025,03-10-2025
1527,OG046,Total Laparoscopic Hysterectomy with or without BSO,42840,50400,50400,Obstetrics And Gynaecology Procedure,Tier III,CGHS O.M. 03.10.2025,03-10-2025
1528,OG047,Laparoscopic Treatment of Ectopic Pregnancy- Milking/Salpingotomy/Salpingectomy,29240,34400,34400,Obstetrics And Gynaecology Procedure,Tier III,CGHS O.M. 03.10.2025,03-10-2025
1529,OG048,Conisation of cervix/Chemical Cautery of Cervical Ectopy/Erosion,6256,7360,7360,Obstetrics And Gynaecology Procedure,Tier III,CGHS O.M. 03.10.2025,03-10-2025
1530,OG049,Diagnostic hysteroscopy with or without polypectomy/endometrial curettage,13600,16000,16000,Obstetrics And Gynaecology Procedure,Tier III,CGHS O.M. 03.10.2025,03-10-2025
1531,OG050,Laparotomy recanalization of Fallopian tubes- (Tuboplasty),36040,42400,42400,Obstetrics And Gynaecology Procedure,Tier III,CGHS O.M. 03.10.2025,03-10-2025
1532,OG051,Laparoscopic recanalization of Fallopian tubes- (Tuboplasty),36040,42400,42400,Obstetrics And Gynaecology Procedure,Tier III,CGHS O.M. 03.10.2025,03-10-2025
1533,OG052,Colposcopy,3400,4000,4000,Obstetrics And Gynaecology Procedure,Tier III,CGHS O.M. 03.10.2025,03-10-2025
1534,OG053,Inversion of Uterus – Vaginal Reposition,4080,4800,4800,Obstetrics And Gynaecology Procedure,Tier III,CGHS O.M. 03.10.2025,03-10-2025
1535,OG054,Inversion of Uterus – Abdominal Reposition,4080,4800,4800,Obstetrics And Gynaecology Procedure,Tier III,CGHS O.M. 03.10.2025,03-10-2025
1536,OG055,Vaginal Vesicovaginal Fistula (VVF) Repair,42840,50400,50400,Obstetrics And Gynaecology Procedure,Tier III,CGHS O.M. 03.10.2025,03-10-2025
1537,OG056,Interventional Ultrasonography- Chorionic villus sampling (CVS),3400,4000,4000,Obstetrics And Gynaecology Procedure,Tier III,CGHS O.M. 03.10.2025,03-10-2025
1538,OG057,Amniocentesis,9112,10720,10720,Obstetrics And Gynaecology Procedure,Tier III,CGHS O.M. 03.10.2025,03-10-2025
1539,OG058,Thermal balloon ablation.,23800,28000,28000,Obstetrics And Gynaecology Procedure,Tier III,CGHS O.M. 03.10.2025,03-10-2025
1540,OG059,Ultrasonographic myolysis,18700,22000,22000,Obstetrics And Gynaecology Procedure,Tier III,CGHS O.M. 03.10.2025,03-10-2025
1541,OG060,Vaginal/Cervical Myomectomy,29240,34400,34400,Obstetrics And Gynaecology Procedure,Tier III,CGHS O.M. 03.10.2025,03-10-2025
1542,OG061,Intra Uterine Insemination,3400,4000,4000,Obstetrics And Gynaecology Procedure,Tier III,CGHS O.M. 03.10.2025,03-10-2025
1543,OG062,Intracytoplasmic sperm injection (ICSI),13600,16000,16000,Obstetrics And Gynaecology Procedure,Tier III,CGHS O.M. 03.10.2025,03-10-2025
1544,OG063,Laparotomy abdominal sacro-colpopexy,36040,42400,42400,Obstetrics And Gynaecology Procedure,Tier III,CGHS O.M. 03.10.2025,03-10-2025
1545,OG064,Vaginal Colpopexy/colpopexy-abdominal,29240,34400,34400,Obstetrics And Gynaecology Procedure,Tier III,CGHS O.M. 03.10.2025,03-10-2025
1546,OG065,Laparoscopic abdominal colpopexy/sacro-colpopexy,36040,42400,42400,Obstetrics And Gynaecology Procedure,Tier III,CGHS O.M. 03.10.2025,03-10-2025
1547,OG066,Endometrial aspiration cytology/biopsy (including Pipelle Charges),2040,2400,2400,Obstetrics And Gynaecology Procedure,Tier III,CGHS O.M. 03.10.2025,03-10-2025
1548,OG067,Laparoscopic treatment for stress incontinence,29240,34400,34400,Obstetrics And Gynaecology Procedure,Tier III,CGHS O.M. 03.10.2025,03-10-2025
1549,OG068,Transvaginal tapes for Stress incontinence,23800,28000,28000,Obstetrics And Gynaecology Procedure,Tier III,CGHS O.M. 03.10.2025,03-10-2025
1550,OG069,Trans-obturator tapes for Stress incontinence,29240,34400,34400,Obstetrics And Gynaecology Procedure,Tier III,CGHS O.M. 03.10.2025,03-10-2025
1551,OG070,Interventional radiographic arterial embolization/Uterine artery embolization(UAE),23800,28000,28000,Obstetrics And Gynaecology Procedure,Tier III,CGHS O.M. 03.10.2025,03-10-2025
1552,OG071,Internal Iliac Artery ligation,5780,6800,6800,Obstetrics And Gynaecology Procedure,Tier III,CGHS O.M. 03.10.2025,03-10-2025
1553,OG072,Surgical management of PPH (Uterine compression stitches/stepwise devascularisation)/peripartum hysterectomy,13600,16000,16000,Obstetrics And Gynaecology Procedure,Tier III,CGHS O.M. 03.10.2025,03-10-2025
1554,OG073,Intra-uterine fetal blood transfusion,36040,42400,42400,Obstetrics And Gynaecology Procedure,Tier III,CGHS O.M. 03.10.2025,03-10-2025
1555,OG074,Hysteroscopy Transcervical Resection of Endometrium (TCRE),23800,28000,28000,Obstetrics And Gynaecology Procedure,Tier III,CGHS O.M. 03.10.2025,03-10-2025
1556,OG075,Hysteroscopy Removal of Intra-Uterine Contraceptive Device (IUCD),13600,16000,16000,Obstetrics And Gynaecology Procedure,Tier III,CGHS O.M. 03.10.2025,03-10-2025
1557,OG076,hysteroscopic resection of uterine septum,23800,28000,28000,Obstetrics And Gynaecology Procedure,Tier III,CGHS O.M. 03.10.2025,03-10-2025
1558,OG077,Diagnostic Hysteroscopy with or without endometrial Biopsy,13600,16000,16000,Obstetrics And Gynaecology Procedure,Tier III,CGHS O.M. 03.10.2025,03-10-2025
1559,OG078,Sterilization (minilap)-post partum/post abortion,6256,7360,7360,Obstetrics And Gynaecology Procedure,Tier III,CGHS O.M. 03.10.2025,03-10-2025
1560,OG079,Interval Sterilization(minilap)-BAT / Male Sterilization(Vasectomy),13600,16000,16000,Obstetrics And Gynaecology Procedure,Tier III,CGHS O.M. 03.10.2025,03-10-2025
1561,OG080,Medical Termination of Pregnancy (MTP)- 1st Trimester with Medicine /Manual Vacuum Aspiration /Check Curettage,9112,10720,10720,Obstetrics And Gynaecology Procedure,Tier III,CGHS O.M. 03.10.2025,03-10-2025
1562,OG081,Medical Termination of Pregnancy (MTP) - 2nd Trimester /Suction and Evacuation/Dilatation and Curettage/Dilatation and expulsion,13600,16000,16000,Obstetrics And Gynaecology Procedure,Tier III,CGHS O.M. 03.10.2025,03-10-2025
1563,OG082,Insertion of IUD/IUCD/Pessary,2720,3200,3200,Obstetrics And Gynaecology Procedure,Tier III,CGHS O.M. 03.10.2025,03-10-2025
1564,OG083,Removal of IUD/IUCD/Pessary,680,800,800,Obstetrics And Gynaecology Procedure,Tier III,CGHS O.M. 03.10.2025,03-10-2025
1565,NU001,Ultrasound guided kidney Biopsy,6256,7360,7360,Nephrology And Urology - Biopsy,Tier III,CGHS O.M. 03.10.2025,03-10-2025
1566,NU002,Testicular Biopsy,9112,10720,10720,Nephrology And Urology - Biopsy,Tier III,CGHS O.M. 03.10.2025,03-10-2025
1567,NU003,Transrectal Ultrasound (TRUS) guided prostate biopsy,6256,7360,7360,Nephrology And Urology - Biopsy,Tier III,CGHS O.M. 03.10.2025,03-10-2025
1568,NU004,Uroflow Study (Uroflowmetry),680,800,800,Nephrology And Urology Investigation,Tier III,CGHS O.M. 03.10.2025,03-10-2025
1569,NU005,Urodynamic Study (Cystometry),2040,2400,2400,Nephrology And Urology Investigation,Tier III,CGHS O.M. 03.10.2025,03-10-2025
1570,NU006,Voiding-cysto-urethrogram and retrograde urethrogram (Nephrostogram),5780,6800,6800,Nephrology And Urology Investigation,Tier III,CGHS O.M. 03.10.2025,03-10-2025
1571,NU007,Fistulogram for Arteriovenous Fistula,6256,7360,7360,Nephrology And Urology Investigation,Tier III,CGHS O.M. 03.10.2025,03-10-2025
1572,NU008,Partial Nephrectomy -open,29240,34400,39560,Nephrology And Urology Procedure,Tier III,CGHS O.M. 03.10.2025,03-10-2025
1573,NU009,Partial Nephrectomy-Laparoscopic/Endoscopic,36040,42400,48760,Nephrology And Urology Procedure,Tier III,CGHS O.M. 03.10.2025,03-10-2025
1574,NU010,Nephrectomy Simple -Open,42840,50400,57960,Nephrology And Urology Procedure,Tier III,CGHS O.M. 03.10.2025,03-10-2025
1575,NU011,Laparoscopic Nephrectomy,42840,50400,57960,Nephrology And Urology Procedure,Tier III,CGHS O.M. 03.10.2025,03-10-2025
1576,NU012,Nephrolithotomy -open,29240,34400,39560,Nephrology And Urology Procedure,Tier III,CGHS O.M. 03.10.2025,03-10-2025
1577,NU013,Nephrolithotomy -Laparoscopic/endoscopic,36040,42400,48760,Nephrology And Urology Procedure,Tier III,CGHS O.M. 03.10.2025,03-10-2025
1578,NU014,Pyelolithotomy-open,42840,50400,57960,Nephrology And Urology Procedure,Tier III,CGHS O.M. 03.10.2025,03-10-2025
1579,NU015,Pyelolithotomy -Laparoscopic/endoscopic,36040,42400,48760,Nephrology And Urology Procedure,Tier III,CGHS O.M. 03.10.2025,03-10-2025
1580,NU016,Operations for Hydronephrosis -pyeloplasty open,36040,42400,48760,Nephrology And Urology Procedure,Tier III,CGHS O.M. 03.10.2025,03-10-2025
1581,NU017,Operations for Hydronephrosis -pyeloplasty Lap/endoscopic,42840,50400,57960,Nephrology And Urology Procedure,Tier III,CGHS O.M. 03.10.2025,03-10-2025
1582,NU018,Operations for Hydronephrosis Endopyelotomy antegrade,29240,34400,39560,Nephrology And Urology Procedure,Tier III,CGHS O.M. 03.10.2025,03-10-2025
1583,NU019,Operations for Hydronephrosis Endopyelotomy retrograde,29240,34400,39560,Nephrology And Urology Procedure,Tier III,CGHS O.M. 03.10.2025,03-10-2025
1584,NU020,Operations for Hydronephrosis ureterocalicostomy,29240,34400,39560,Nephrology And Urology Procedure,Tier III,CGHS O.M. 03.10.2025,03-10-2025
1585,NU021,Operations for Hydronephrosis-Ileal ureter,36040,42400,48760,Nephrology And Urology Procedure,Tier III,CGHS O.M. 03.10.2025,03-10-2025
1586,NU022,Open Drainage of Perinephric Abscess,23800,28000,32200,Nephrology And Urology Procedure,Tier III,CGHS O.M. 03.10.2025,03-10-2025
1587,NU023,Percutaneous Drainage of Perinephric Abscess -Ultrasound guided,9112,10720,10720,Nephrology And Urology Procedure,Tier III,CGHS O.M. 03.10.2025,03-10-2025
1588,NU024,Cavernostomy,18700,22000,25300,Nephrology And Urology Procedure,Tier III,CGHS O.M. 03.10.2025,03-10-2025
1589,NU025,Operations for Cyst of the Kidney -open,29240,34400,39560,Nephrology And Urology Procedure,Tier III,CGHS O.M. 03.10.2025,03-10-2025
1590,NU026,Operations for Cyst of the Kidney Lap/endoscopic,36040,42400,48760,Nephrology And Urology Procedure,Tier III,CGHS O.M. 03.10.2025,03-10-2025
1591,NU027,Ureterolithotomy -open,29240,34400,39560,Nephrology And Urology Procedure,Tier III,CGHS O.M. 03.10.2025,03-10-2025
1592,NU028,Ureterolithotomy-Lap/Endoscopic,36040,42400,48760,Nephrology And Urology Procedure,Tier III,CGHS O.M. 03.10.2025,03-10-2025
1593,NU029,Nephroureterectomy open,36040,42400,48760,Nephrology And Urology Procedure,Tier III,CGHS O.M. 03.10.2025,03-10-2025
1594,NU030,Operations for Ureter for -Double Ureters,36040,42400,48760,Nephrology And Urology Procedure,Tier III,CGHS O.M. 03.10.2025,03-10-2025
1595,NU031,Operations for Ureter -for Ectopia of Single Ureter,29240,34400,39560,Nephrology And Urology Procedure,Tier III,CGHS O.M. 03.10.2025,03-10-2025
1596,NU032,Operations for Vesicoureteral Reflux (VUR) -Open,29240,34400,39560,Nephrology And Urology Procedure,Tier III,CGHS O.M. 03.10.2025,03-10-2025
1597,NU033,Operations for Vesicoureteral Reflux (VUR)-Lap/Endoscopic,36040,42400,48760,Nephrology And Urology Procedure,Tier III,CGHS O.M. 03.10.2025,03-10-2025
1598,NU034,Operations for Vesicoureteral Reflux (VUR)/ Urinary incontinence with bulking agents,29240,34400,39560,Nephrology And Urology Procedure,Tier III,CGHS O.M. 03.10.2025,03-10-2025
1599,NU035,Ureterostomy - Cutaneous,23800,28000,32200,Nephrology And Urology Procedure,Tier III,CGHS O.M. 03.10.2025,03-10-2025
1600,NU036,Uretero-Colic anastomosis,29240,34400,39560,Nephrology And Urology Procedure,Tier III,CGHS O.M. 03.10.2025,03-10-2025
1601,NU037,Formation of an Ileal Conduit,36040,42400,48760,Nephrology And Urology Procedure,Tier III,CGHS O.M. 03.10.2025,03-10-2025
1602,NU038,Ureteric Catheterisation/DJ Stenting,13600,16000,18400,Nephrology And Urology Procedure,Tier III,CGHS O.M. 03.10.2025,03-10-2025
1603,NU039,DJ stent removal,6508,7656,7656,Nephrology And Urology Procedure,Tier III,CGHS O.M. 03.10.2025,03-10-2025
1604,NU040,Biopsy of Bladder (Cystoscopic) including (Cold Cup Biopsy),9112,10720,10720,Nephrology And Urology Procedure,Tier III,CGHS O.M. 03.10.2025,03-10-2025
1605,NU041,Cysto-Litholapaxy,23800,28000,32200,Nephrology And Urology Procedure,Tier III,CGHS O.M. 03.10.2025,03-10-2025
1606,NU042,Operations for Injuries of the Bladder,29240,34400,39560,Nephrology And Urology Procedure,Tier III,CGHS O.M. 03.10.2025,03-10-2025
1607,NU043,Suprapubic Drainage (Cystostomy/vesicostomy),13600,16000,18400,Nephrology And Urology Procedure,Tier III,CGHS O.M. 03.10.2025,03-10-2025
1608,NU044,Simple Cystectomy,29240,34400,39560,Nephrology And Urology Procedure,Tier III,CGHS O.M. 03.10.2025,03-10-2025
1609,NU045,Diverticulectomy -open,29240,34400,39560,Nephrology And Urology Procedure,Tier III,CGHS O.M. 03.10.2025,03-10-2025
1610,NU046,Diverticulectomy- Lap/Endoscopic,36040,42400,48760,Nephrology And Urology Procedure,Tier III,CGHS O.M. 03.10.2025,03-10-2025
1611,NU047,Diverticulectomy -Endoscopic incision of neck,23800,28000,32200,Nephrology And Urology Procedure,Tier III,CGHS O.M. 03.10.2025,03-10-2025
1612,NU048,Augmentation Cystoplasty,36040,42400,48760,Nephrology And Urology Procedure,Tier III,CGHS O.M. 03.10.2025,03-10-2025
1613,NU049,Operations for Exstrophy of the Bladder- Single stage repair,29240,34400,39560,Nephrology And Urology Procedure,Tier III,CGHS O.M. 03.10.2025,03-10-2025
1614,NU050,Operations for Exstrophy of the Bladder- Multistage repair,29240,34400,39560,Nephrology And Urology Procedure,Tier III,CGHS O.M. 03.10.2025,03-10-2025
1615,NU051,Operations for Exstrophy of the Bladder- simple cystectomy with urinary diversion,42840,50400,57960,Nephrology And Urology Procedure,Tier III,CGHS O.M. 03.10.2025,03-10-2025
1616,NU052,Repair of Ureterocele -Open,29240,34400,39560,Nephrology And Urology Procedure,Tier III,CGHS O.M. 03.10.2025,03-10-2025
1617,NU053,Repair of Ureterocele -Lap/Endoscopic,29240,34400,39560,Nephrology And Urology Procedure,Tier III,CGHS O.M. 03.10.2025,03-10-2025
1618,NU054,Repair of Ureterocele -Endoscopic incision,23800,28000,32200,Nephrology And Urology Procedure,Tier III,CGHS O.M. 03.10.2025,03-10-2025
1619,NU055,Vesicovaginal Fistula (VVF) Repair (Open),29240,34400,39560,Nephrology And Urology Procedure,Tier III,CGHS O.M. 03.10.2025,03-10-2025
1620,NU056,Vesicovaginal Fistula (VVF) Repair (Laparoscopic),36040,42400,48760,Nephrology And Urology Procedure,Tier III,CGHS O.M. 03.10.2025,03-10-2025
1621,NU057,Open Suprapubic Prostatectomy,29240,34400,39560,Nephrology And Urology Procedure,Tier III,CGHS O.M. 03.10.2025,03-10-2025
1622,NU058,Open Retropubic Prostatectomy,29240,34400,39560,Nephrology And Urology Procedure,Tier III,CGHS O.M. 03.10.2025,03-10-2025
1623,NU059,Transurethral Resection of Prostate (TURP),42840,50400,57960,Nephrology And Urology Procedure,Tier III,CGHS O.M. 03.10.2025,03-10-2025
1624,NU060,Urethroscopy/ Cystopanendoscopy,9112,10720,10720,Nephrology And Urology Procedure,Tier III,CGHS O.M. 03.10.2025,03-10-2025
1625,NU061,Internal urethrotomy -optical,18700,22000,25300,Nephrology And Urology Procedure,Tier III,CGHS O.M. 03.10.2025,03-10-2025
1626,NU062,Internal urethrotomy -Core through urethroplasty,29240,34400,39560,Nephrology And Urology Procedure,Tier III,CGHS O.M. 03.10.2025,03-10-2025
1627,NU063,Urethral Reconstruction -End to end anastomosis,29240,34400,39560,Nephrology And Urology Procedure,Tier III,CGHS O.M. 03.10.2025,03-10-2025
1628,NU064,Urethral Reconstruction - substitution urethroplasty (Transpubic urethroplasty),36040,42400,48760,Nephrology And Urology Procedure,Tier III,CGHS O.M. 03.10.2025,03-10-2025
1629,NU065,Abdomino Perineal urethroplasty,36040,42400,48760,Nephrology And Urology Procedure,Tier III,CGHS O.M. 03.10.2025,03-10-2025
1630,NU066,Posterior Urethral Valve fulguration.,23800,28000,32200,Nephrology And Urology Procedure,Tier III,CGHS O.M. 03.10.2025,03-10-2025
1631,NU067,Operations for Incontinence of Urine - Male -Open,29240,34400,39560,Nephrology And Urology Procedure,Tier III,CGHS O.M. 03.10.2025,03-10-2025
1632,NU068,Operations for Incontinence of Urine - Male -Sling,36040,42400,48760,Nephrology And Urology Procedure,Tier III,CGHS O.M. 03.10.2025,03-10-2025
1633,NU069,Operations for Incontinence of Urine - Male-Bulking agent,29240,34400,39560,Nephrology And Urology Procedure,Tier III,CGHS O.M. 03.10.2025,03-10-2025
1634,NU070,Operations for Incontinence of Urine - Female -Open,29240,34400,39560,Nephrology And Urology Procedure,Tier III,CGHS O.M. 03.10.2025,03-10-2025
1635,NU071,Operations for Incontinence of Urine - Female-Sling,36040,42400,48760,Nephrology And Urology Procedure,Tier III,CGHS O.M. 03.10.2025,03-10-2025
1636,NU072,Operations for Incontinence of Urine - Female-Bulking agent,29240,34400,39560,Nephrology And Urology Procedure,Tier III,CGHS O.M. 03.10.2025,03-10-2025
1637,NU073,Reduction of Paraphimosis,4080,4800,4800,Nephrology And Urology Procedure,Tier III,CGHS O.M. 03.10.2025,03-10-2025
1638,NU074,Circumcision,9112,10720,10720,Nephrology And Urology Procedure,Tier III,CGHS O.M. 03.10.2025,03-10-2025
1639,NU075,Meatotomy,5780,6800,6800,Nephrology And Urology Procedure,Tier III,CGHS O.M. 03.10.2025,03-10-2025
1640,NU076,Meatoplasty,9112,10720,10720,Nephrology And Urology Procedure,Tier III,CGHS O.M. 03.10.2025,03-10-2025
1641,NU077,Operations for Hypospadias + Chordee Correction,23800,28000,32200,Nephrology And Urology Procedure,Tier III,CGHS O.M. 03.10.2025,03-10-2025
1642,NU078,Operations for Hypospadias - Second Stage,29240,34400,39560,Nephrology And Urology Procedure,Tier III,CGHS O.M. 03.10.2025,03-10-2025
1643,NU079,Operations for Hypospadias - One Stage Repair,29240,34400,39560,Nephrology And Urology Procedure,Tier III,CGHS O.M. 03.10.2025,03-10-2025
1644,NU080,Operations for Crippled Hypospadias,29240,34400,39560,Nephrology And Urology Procedure,Tier III,CGHS O.M. 03.10.2025,03-10-2025
1645,NU081,Operations for Epispadias -primary repair,29240,34400,39560,Nephrology And Urology Procedure,Tier III,CGHS O.M. 03.10.2025,03-10-2025
1646,NU082,Operations for Epispadias-crippled epispadias,36040,42400,48760,Nephrology And Urology Procedure,Tier III,CGHS O.M. 03.10.2025,03-10-2025
1647,NU083,Partial Amputation of the Penis,23800,28000,32200,Nephrology And Urology Procedure,Tier III,CGHS O.M. 03.10.2025,03-10-2025
1648,NU084,Total amputation of the Penis,29240,34400,39560,Nephrology And Urology Procedure,Tier III,CGHS O.M. 03.10.2025,03-10-2025
1649,NU085,Orchidectomy-Simple,18700,22000,25300,Nephrology And Urology Procedure,Tier III,CGHS O.M. 03.10.2025,03-10-2025
1650,NU086,Epididymectomy,13600,16000,18400,Nephrology And Urology Procedure,Tier III,CGHS O.M. 03.10.2025,03-10-2025
1651,NU087,Operations for Hydrocele - Unilateral,18700,22000,25300,Nephrology And Urology Procedure,Tier III,CGHS O.M. 03.10.2025,03-10-2025
1652,NU088,Operations for Hydrocele - Bilateral,23800,28000,32200,Nephrology And Urology Procedure,Tier III,CGHS O.M. 03.10.2025,03-10-2025
1653,NU089,Operation for Torsion of Testis,18700,22000,25300,Nephrology And Urology Procedure,Tier III,CGHS O.M. 03.10.2025,03-10-2025
1654,NU090,Micro-surgical Vasovasostomy /Vaso epididymal anastomosis .,18700,22000,25300,Nephrology And Urology Procedure,Tier III,CGHS O.M. 03.10.2025,03-10-2025
1655,NU091,Operations for Varicocele Unilateral Microsurgical,23800,28000,32200,Nephrology And Urology Procedure,Tier III,CGHS O.M. 03.10.2025,03-10-2025
1656,NU092,Operations for Varicocele Palomo’s Unilateral -Laparoscopic,23800,28000,32200,Nephrology And Urology Procedure,Tier III,CGHS O.M. 03.10.2025,03-10-2025
1657,NU093,Operations for Varicocele Bilateral --Microsurgical,29240,34400,39560,Nephrology And Urology Procedure,Tier III,CGHS O.M. 03.10.2025,03-10-2025
1658,NU094,Operations for Varicocele Palomo’s Bilateral - Laparoscopic,29240,34400,39560,Nephrology And Urology Procedure,Tier III,CGHS O.M. 03.10.2025,03-10-2025
1659,NU095,Excision of Filarial Scrotum,18700,22000,25300,Nephrology And Urology Procedure,Tier III,CGHS O.M. 03.10.2025,03-10-2025
1660,NU096,Kidney Transplantation (related),254320,299200,344080,Nephrology And Urology Procedure,Tier III,CGHS O.M. 03.10.2025,03-10-2025
1661,NU097,Kidney Transplantation (Spousal/ unrelated) Including immunosuppressant therapy,289000,340000,391000,Nephrology And Urology Procedure,Tier III,CGHS O.M. 03.10.2025,03-10-2025
1662,NU098,Kidney Transplantation (Cadaver),238000,280000,322000,Nephrology And Urology Procedure,Tier III,CGHS O.M. 03.10.2025,03-10-2025
1663,NU099,ABO incompatible Transplantation,408000,480000,552000,Nephrology And Urology Procedure,Tier III,CGHS O.M. 03.10.2025,03-10-2025
1664,NU100,Kidney Transplant Graft Nephrectomy,55760,65600,75440,Nephrology And Urology Procedure,Tier III,CGHS O.M. 03.10.2025,03-10-2025
1665,NU101,Donor Nephrectomy (Open),42840,50400,57960,Nephrology And Urology Procedure,Tier III,CGHS O.M. 03.10.2025,03-10-2025
1666,NU102,Donor Nephrectomy (Laparoscopic),74800,88000,101200,Nephrology And Urology Procedure,Tier III,CGHS O.M. 03.10.2025,03-10-2025
1667,NU103,Post-Transplant Collection drainage for Lymphocele (open),6256,7360,8464,Nephrology And Urology Procedure,Tier III,CGHS O.M. 03.10.2025,03-10-2025
1668,NU104,Post-Transplant Collection drainage for Lymphocele (percutaneous),9112,10720,12328,Nephrology And Urology Procedure,Tier III,CGHS O.M. 03.10.2025,03-10-2025
1669,NU105,Post-Transplant Collection drainage for Lymphocele (Laparoscopic),13600,16000,18400,Nephrology And Urology Procedure,Tier III,CGHS O.M. 03.10.2025,03-10-2025
1670,NU106,Arteriovenous Fistula for Haemodialysis,13600,16000,16000,Nephrology And Urology Procedure,Tier III,CGHS O.M. 03.10.2025,03-10-2025
1671,NU107,Arteriovenous Shunt for Haemodialysis,13600,16000,16000,Nephrology And Urology Procedure,Tier III,CGHS O.M. 03.10.2025,03-10-2025
1672,NU108,Jugular Catheterization for Haemodialysis,4080,4800,4800,Nephrology And Urology Procedure,Tier III,CGHS O.M. 03.10.2025,03-10-2025
1673,NU109,Subclavian Catheterization for Haemodialysis,4080,4800,4800,Nephrology And Urology Procedure,Tier III,CGHS O.M. 03.10.2025,03-10-2025
1674,NU110,One Sided (single Lumen) Femoral Catheterization for Haemodialysis,2720,3200,3200,Nephrology And Urology Procedure,Tier III,CGHS O.M. 03.10.2025,03-10-2025
1675,NU111,Bilateral (single Lumen) Femoral Catheterization for Haemodialysis,4080,4800,4800,Nephrology And Urology Procedure,Tier III,CGHS O.M. 03.10.2025,03-10-2025
1676,NU112,Double Lumen Femoral Catheterization for Haemodialysis,9112,10720,10720,Nephrology And Urology Procedure,Tier III,CGHS O.M. 03.10.2025,03-10-2025
1677,NU113,Permcath Insertion excluding the cost of the catheter,5780,6800,6800,Nephrology And Urology Procedure,Tier III,CGHS O.M. 03.10.2025,03-10-2025
1678,NU114,Arterio Venous Prosthetic Graft,29240,34400,39560,Nephrology And Urology Procedure,Tier III,CGHS O.M. 03.10.2025,03-10-2025
1679,NU115,Single lumen Jugular Catheterization,3400,4000,4000,Nephrology And Urology Procedure,Tier III,CGHS O.M. 03.10.2025,03-10-2025
1680,NU116,Single lumen Subclavian Catheterization,3400,4000,4000,Nephrology And Urology Procedure,Tier III,CGHS O.M. 03.10.2025,03-10-2025
1681,NU117,Plasma Exchange/ Plasmapheresis,13600,16000,16000,Nephrology And Urology Procedure,Tier III,CGHS O.M. 03.10.2025,03-10-2025
1682,NU118,Continuous Ambulatory Peritoneal Dialysis (CAPD) catheter insertion- Open method,13600,16000,16000,Nephrology And Urology Procedure,Tier III,CGHS O.M. 03.10.2025,03-10-2025
1683,NU119,Continuous Ambulatory Peritoneal Dialysis (CAPD) catheter insertion- Schlendinger/ Seldinger method,13600,16000,16000,Nephrology And Urology Procedure,Tier III,CGHS O.M. 03.10.2025,03-10-2025
1684,NU120,Sustained low efficiency haemodialysis /haemodialysis,6256,7360,7360,Nephrology And Urology Procedure,Tier III,CGHS O.M. 03.10.2025,03-10-2025
1685,NU121,Continuous Veno venous/Arteriovenous Haemofiltration /Haemofiltration/CRRT per day,11560,13600,13600,Nephrology And Urology Procedure,Tier III,CGHS O.M. 03.10.2025,03-10-2025
1686,NU122,Haemodialysis / Haemodialysis for Sero negative cases including Dialyser and all other Consumables,1700,2000,2000,Nephrology And Urology Procedure,Tier III,CGHS O.M. 03.10.2025,03-10-2025
1687,NU123,Haemodialysis / Haemodialysis for Sero Positive cases including Dialyser and all other Consumables,2040,2400,2400,Nephrology And Urology Procedure,Tier III,CGHS O.M. 03.10.2025,03-10-2025
1688,NU124,Acute Peritoneal Dialysis,3604,4240,4240,Nephrology And Urology Procedure,Tier III,CGHS O.M. 03.10.2025,03-10-2025
1689,NU125,Peritoneal Dialysis,2448,2880,2880,Nephrology And Urology Procedure,Tier III,CGHS O.M. 03.10.2025,03-10-2025
1690,NU126,Fistula stenosis dilation,9112,10720,10720,Nephrology And Urology Procedure,Tier III,CGHS O.M. 03.10.2025,03-10-2025
1691,NU127,Slow continuous Ultrafiltration,5780,6800,6800,Nephrology And Urology Procedure,Tier III,CGHS O.M. 03.10.2025,03-10-2025
1692,NU128,Percutaneous Nephrolithotomy (PCNL) - Unilateral,36040,42400,48760,Nephrology And Urology Procedure,Tier III,CGHS O.M. 03.10.2025,03-10-2025
1693,NU129,Percutaneous Nephrolithotomy (PCNL) - Bilateral,42840,50400,57960,Nephrology And Urology Procedure,Tier III,CGHS O.M. 03.10.2025,03-10-2025
1694,NU130,Endoscopic Bulking agent Inject (including cost of bulking agent),23800,28000,32200,Nephrology And Urology Procedure,Tier III,CGHS O.M. 03.10.2025,03-10-2025
1695,NU131,Nephrostomy -Open,23800,28000,32200,Nephrology And Urology Procedure,Tier III,CGHS O.M. 03.10.2025,03-10-2025
1696,NU132,Nephrostomy -Lap/Endoscopic,23800,28000,32200,Nephrology And Urology Procedure,Tier III,CGHS O.M. 03.10.2025,03-10-2025
1697,NU133,Ureteric Reimplant for Megaureter/ Vesicoureteric reflux/ureterocele (Open),29240,34400,39560,Nephrology And Urology Procedure,Tier III,CGHS O.M. 03.10.2025,03-10-2025
1698,NU134,Ureteric Reimplant for Megaureter / Vesicoureteric reflux/ ureterocele (Laparoscopic),29240,34400,39560,Nephrology And Urology Procedure,Tier III,CGHS O.M. 03.10.2025,03-10-2025
1699,NU135,Partial Cystectomy,36040,42400,48760,Nephrology And Urology Procedure,Tier III,CGHS O.M. 03.10.2025,03-10-2025
1700,NU136,Transurethral Resection of Prostate (TURP) with Cystolithotripsy,42840,50400,57960,Nephrology And Urology Procedure,Tier III,CGHS O.M. 03.10.2025,03-10-2025
1701,NU137,Closure of Urethral Fistula,23800,28000,32200,Nephrology And Urology Procedure,Tier III,CGHS O.M. 03.10.2025,03-10-2025
1702,NU138,Orchidopexy - Unilateral -Open,23800,28000,32200,Nephrology And Urology Procedure,Tier III,CGHS O.M. 03.10.2025,03-10-2025
1703,NU139,Orchidopexy - Unilateral- Lap/Endoscopic,29240,34400,39560,Nephrology And Urology Procedure,Tier III,CGHS O.M. 03.10.2025,03-10-2025
1704,NU140,Orchidopexy - Bilateral -Open,29240,34400,39560,Nephrology And Urology Procedure,Tier III,CGHS O.M. 03.10.2025,03-10-2025
1705,NU141,Orchidopexy - Bilateral -Lap/Endoscopic,36040,42400,48760,Nephrology And Urology Procedure,Tier III,CGHS O.M. 03.10.2025,03-10-2025
1706,NU142,Cystolithotomy -Suprapubic,18700,22000,25300,Nephrology And Urology Procedure,Tier III,CGHS O.M. 03.10.2025,03-10-2025
1707,NU143,Endoscopic Removal of Stone in Bladder,23800,28000,32200,Nephrology And Urology Procedure,Tier III,CGHS O.M. 03.10.2025,03-10-2025
1708,NU144,Resection Bladder Neck Endoscopic / Bladder neck incision / transurethral incision on prostrate,29240,34400,39560,Nephrology And Urology Procedure,Tier III,CGHS O.M. 03.10.2025,03-10-2025
1709,NU145,Ureteroscopic Surgery,23800,28000,32200,Nephrology And Urology Procedure,Tier III,CGHS O.M. 03.10.2025,03-10-2025
1710,NU146,Urethroplasty 1st Stage,29240,34400,39560,Nephrology And Urology Procedure,Tier III,CGHS O.M. 03.10.2025,03-10-2025
1711,NU147,Scrotal Exploration,18700,22000,25300,Nephrology And Urology Procedure,Tier III,CGHS O.M. 03.10.2025,03-10-2025
1712,NU148,Perineal Urethrostomy,23800,28000,32200,Nephrology And Urology Procedure,Tier III,CGHS O.M. 03.10.2025,03-10-2025
1713,NU149,Dilatation of Stricture Urethra under G.A.,3400,4000,4000,Nephrology And Urology Procedure,Tier III,CGHS O.M. 03.10.2025,03-10-2025
1714,NU150,Laparoscopic pyelolithotomy,42840,50400,57960,Nephrology And Urology Procedure,Tier III,CGHS O.M. 03.10.2025,03-10-2025
1715,NU151,Laparoscopic Pyeloplasty,42840,50400,57960,Nephrology And Urology Procedure,Tier III,CGHS O.M. 03.10.2025,03-10-2025
1716,NU152,Laparoscopic surgery for Renal cyst,42840,50400,57960,Nephrology And Urology Procedure,Tier III,CGHS O.M. 03.10.2025,03-10-2025
1717,NU153,Laparoscopic ureterolithotomy,42840,50400,57960,Nephrology And Urology Procedure,Tier III,CGHS O.M. 03.10.2025,03-10-2025
1718,NU154,Laparoscopic Nephroureterectomy,36040,42400,48760,Nephrology And Urology Procedure,Tier III,CGHS O.M. 03.10.2025,03-10-2025
1719,NU155,Extracorporeal Shock Wave Lithotripsy (ESWL),29240,34400,39560,Nephrology And Urology Procedure,Tier III,CGHS O.M. 03.10.2025,03-10-2025
1720,NU156,Diagnostic Cystoscopy,5780,6800,6800,Nephrology And Urology Procedure,Tier III,CGHS O.M. 03.10.2025,03-10-2025
1721,NU157,Cystoscopy with Retrograde Catheter -Unilateral/RGP,13600,16000,18400,Nephrology And Urology Procedure,Tier III,CGHS O.M. 03.10.2025,03-10-2025
1722,NU158,Cystoscopy with Retrograde Catheter - Bilateral/RGP,18700,22000,25300,Nephrology And Urology Procedure,Tier III,CGHS O.M. 03.10.2025,03-10-2025
1723,NU159,Retrograde Intrarenal Surgery (RIRS)/ Flexible Ureteroscopy,42840,50400,57960,Nephrology And Urology Procedure,Tier III,CGHS O.M. 03.10.2025,03-10-2025
1724,NU160,Holmium YAG Prostate Surgery,51680,60800,69920,Nephrology And Urology Procedure,Tier III,CGHS O.M. 03.10.2025,03-10-2025
1725,NU161,Holmium YAG Optical Internal Urethrotomy (OIU),29240,34400,39560,Nephrology And Urology Procedure,Tier III,CGHS O.M. 03.10.2025,03-10-2025
1726,NU162,Holmium YAG Core through internal Urethrotomy,36040,42400,48760,Nephrology And Urology Procedure,Tier III,CGHS O.M. 03.10.2025,03-10-2025
1727,NU163,Holmium YAG Stone Lithotripsy,51680,60800,69920,Nephrology And Urology Procedure,Tier III,CGHS O.M. 03.10.2025,03-10-2025
1728,NU164,Green Light Laser for Prostate,51680,60800,69920,Nephrology And Urology Procedure,Tier III,CGHS O.M. 03.10.2025,03-10-2025
1729,NU165,Cystoscopic Botulinum Toxin Injection ( Over active bladder/ Neurogenic bladder) -excluding cost of drug,9112,10720,10720,Nephrology And Urology Procedure,Tier III,CGHS O.M. 03.10.2025,03-10-2025
1730,NU166,Peyronie’s Disease – Plaque excision with grafting,23800,28000,32200,Nephrology And Urology Procedure,Tier III,CGHS O.M. 03.10.2025,03-10-2025
1731,NU167,Prosthetic Surgery for urinary incontinence,29240,34400,39560,Nephrology And Urology Procedure,Tier III,CGHS O.M. 03.10.2025,03-10-2025
1732,NU168,Ultrasound Guided Percutaneous Nephrostomy (PCN),13600,16000,16000,Nephrology And Urology Procedure,Tier III,CGHS O.M. 03.10.2025,03-10-2025
1733,NI001,Electroencephalogram (EEG)/ Video EEG,680,800,800,Neurology Investigation,Tier III,CGHS O.M. 03.10.2025,03-10-2025
1734,NI002,Electromyography (EMG),1020,1200,1200,Neurology Investigation,Tier III,CGHS O.M. 03.10.2025,03-10-2025
1735,NI003,"Nerve conduction velocity (NCV), -two or more limbs",1020,1200,1200,Neurology Investigation,Tier III,CGHS O.M. 03.10.2025,03-10-2025
1736,NI004,Repetitive nerve stimulation (RNS)-Decremental response (before and after neostigmine),1020,1200,1200,Neurology Investigation,Tier III,CGHS O.M. 03.10.2025,03-10-2025
1737,NI005,Repetitive nerve stimulation (RNS)-Incremental response,1020,1200,1200,Neurology Investigation,Tier III,CGHS O.M. 03.10.2025,03-10-2025
1738,NI006,Somatosensory evoked potentials (SSEP),1020,1200,1200,Neurology Investigation,Tier III,CGHS O.M. 03.10.2025,03-10-2025
1739,NI007,Polysomnography (PSG) / Level I Sleep study including Room Rent and Titration,6120,7200,7200,Neurology Investigation,Tier III,CGHS O.M. 03.10.2025,03-10-2025
1740,NI008,Brachial plexus study,1020,1200,1200,Neurology Investigation,Tier III,CGHS O.M. 03.10.2025,03-10-2025
1741,NI009,RNS( Repetitive Nerve stimulation),1088,1280,1280,Neurology Investigation,Tier III,CGHS O.M. 03.10.2025,03-10-2025
1742,NS001,Lumbar Pressure Monitoring,6256,7360,7360,Neuro-Surgery Investigation,Tier III,CGHS O.M. 03.10.2025,03-10-2025
1743,NS002,Brain Mapping,18700,22000,22000,Neuro-Surgery Investigation,Tier III,CGHS O.M. 03.10.2025,03-10-2025
1744,NS003,Nerve Biopsy,13600,16000,16000,Neuro-Surgery Biopsy,Tier III,CGHS O.M. 03.10.2025,03-10-2025
1745,NS004,Brain Biopsy,29240,34400,34400,Neuro-Surgery Biopsy,Tier III,CGHS O.M. 03.10.2025,03-10-2025
1746,NS005,Craniotomy and Evacuation of Haematoma -Subdural,55760,65600,75440,Neuro-Surgery Procedure,Tier III,CGHS O.M. 03.10.2025,03-10-2025
1747,NS006,Craniotomy and Evacuation of Haematoma - Extradural,55760,65600,75440,Neuro-Surgery Procedure,Tier III,CGHS O.M. 03.10.2025,03-10-2025
1748,NS007,Evacuation /Excision of Brain Abscess by craniotomy,55760,65600,75440,Neuro-Surgery Procedure,Tier III,CGHS O.M. 03.10.2025,03-10-2025
1749,NS008,Excision of Lobe (Frontal Temporal Cerebellum etc.),55760,65600,75440,Neuro-Surgery Procedure,Tier III,CGHS O.M. 03.10.2025,03-10-2025
1750,NS009,Twist Drill Craniostomy,29240,34400,39560,Neuro-Surgery Procedure,Tier III,CGHS O.M. 03.10.2025,03-10-2025
1751,NS010,Subdural Tapping,9112,10720,12328,Neuro-Surgery Procedure,Tier III,CGHS O.M. 03.10.2025,03-10-2025
1752,NS011,Ventricular Tapping,23800,28000,32200,Neuro-Surgery Procedure,Tier III,CGHS O.M. 03.10.2025,03-10-2025
1753,NS012,Brain Abscess Tapping,18700,22000,25300,Neuro-Surgery Procedure,Tier III,CGHS O.M. 03.10.2025,03-10-2025
1754,NS013,Placement of Intracranial pressure (ICP) Monitor,18700,22000,25300,Neuro-Surgery Procedure,Tier III,CGHS O.M. 03.10.2025,03-10-2025
1755,NS014,Skull Traction Application,6256,7360,8464,Neuro-Surgery Procedure,Tier III,CGHS O.M. 03.10.2025,03-10-2025
1756,NS015,Vascular Malformations,65960,77600,89240,Neuro-Surgery Procedure,Tier III,CGHS O.M. 03.10.2025,03-10-2025
1757,NS016,Meningoencephalocele excision and repair,51680,60800,69920,Neuro-Surgery Procedure,Tier III,CGHS O.M. 03.10.2025,03-10-2025
1758,NS017,Meningomyelocele Repair,42840,50400,57960,Neuro-Surgery Procedure,Tier III,CGHS O.M. 03.10.2025,03-10-2025
1759,NS018,CSF Rhinorrhoea Repair,42840,50400,57960,Neuro-Surgery Procedure,Tier III,CGHS O.M. 03.10.2025,03-10-2025
1760,NS019,Cranioplasty,42840,50400,57960,Neuro-Surgery Procedure,Tier III,CGHS O.M. 03.10.2025,03-10-2025
1761,NS020,Anterior Cervical Discectomy,42840,50400,57960,Neuro-Surgery Procedure,Tier III,CGHS O.M. 03.10.2025,03-10-2025
1762,NS021,Brachial Plexus Exploration and neurotization,42840,50400,57960,Neuro-Surgery Procedure,Tier III,CGHS O.M. 03.10.2025,03-10-2025
1763,NS022,Median Nerve Decompression,29240,34400,39560,Neuro-Surgery Procedure,Tier III,CGHS O.M. 03.10.2025,03-10-2025
1764,NS023,Peripheral Nerve Surgery – Major,42840,50400,57960,Neuro-Surgery Procedure,Tier III,CGHS O.M. 03.10.2025,03-10-2025
1765,NS024,Peripheral Nerve Surgery Minor,36040,42400,48760,Neuro-Surgery Procedure,Tier III,CGHS O.M. 03.10.2025,03-10-2025
1766,NS025,Ventriculoatrial /Ventriculoperitoneal Shunt,36040,42400,48760,Neuro-Surgery Procedure,Tier III,CGHS O.M. 03.10.2025,03-10-2025
1767,NS026,Anterior Cervical Spine Surgery with fusion,51680,60800,69920,Neuro-Surgery Procedure,Tier III,CGHS O.M. 03.10.2025,03-10-2025
1768,NS027,Anterio Lateral Decompression of spine,55760,65600,75440,Neuro-Surgery Procedure,Tier III,CGHS O.M. 03.10.2025,03-10-2025
1769,NS028,Cervical or Dorsal or Lumbar Laminectomy,36040,42400,48760,Neuro-Surgery Procedure,Tier III,CGHS O.M. 03.10.2025,03-10-2025
1770,NS029,Combined Trans-Oral Surgery & Craniovertebral (CV) Junction Fusion,42840,50400,57960,Neuro-Surgery Procedure,Tier III,CGHS O.M. 03.10.2025,03-10-2025
1771,NS030,Craniovertebral Junction (CVJ) Fusion procedures,51680,60800,69920,Neuro-Surgery Procedure,Tier III,CGHS O.M. 03.10.2025,03-10-2025
1772,NS031,Depressed Fracture Elevation,36040,42400,48760,Neuro-Surgery Procedure,Tier III,CGHS O.M. 03.10.2025,03-10-2025
1773,NS032,Lumbar Discectomy,42840,50400,57960,Neuro-Surgery Procedure,Tier III,CGHS O.M. 03.10.2025,03-10-2025
1774,NS033,Endarterectomy (Carotid),42840,50400,57960,Neuro-Surgery Procedure,Tier III,CGHS O.M. 03.10.2025,03-10-2025
1775,NS034,Radiofrequency (RF) Lesion for Trigeminal Neuralgia,36040,42400,48760,Neuro-Surgery Procedure,Tier III,CGHS O.M. 03.10.2025,03-10-2025
1776,NS035,Spasticity Surgery,36040,42400,48760,Neuro-Surgery Procedure,Tier III,CGHS O.M. 03.10.2025,03-10-2025
1777,NS036,Spinal Fusion Procedure,51680,60800,69920,Neuro-Surgery Procedure,Tier III,CGHS O.M. 03.10.2025,03-10-2025
1778,NS037,Spinal Bifida Surgery Major,42840,50400,57960,Neuro-Surgery Procedure,Tier III,CGHS O.M. 03.10.2025,03-10-2025
1779,NS038,Spinal Bifida Surgery Minor,36040,42400,48760,Neuro-Surgery Procedure,Tier III,CGHS O.M. 03.10.2025,03-10-2025
1780,NS039,Stereotaxic Procedures- biopsy/aspiration of cyst,29240,34400,39560,Neuro-Surgery Procedure,Tier III,CGHS O.M. 03.10.2025,03-10-2025
1781,NS040,Trans Sphenoidal Surgery,36040,42400,48760,Neuro-Surgery Procedure,Tier III,CGHS O.M. 03.10.2025,03-10-2025
1782,NS041,Trans Oral Surgery,36040,42400,48760,Neuro-Surgery Procedure,Tier III,CGHS O.M. 03.10.2025,03-10-2025
1783,NS042,Implantation of Deep Brain Stimulation (DBS) -One electrode (as per guidelines mentioned in OM.No.Z15025/44/2023/DIR/CGHS/EHS Dated 09.09.2024),42840,50400,57960,Neuro-Surgery Procedure,Tier III,CGHS O.M. 03.10.2025,03-10-2025
1784,NS043,Implantation of Deep Brain Stimulation (DBS) -two electrodes (as per guidelines mentioned in OM.No.Z15025/44/2023/DIR/CGHS/EHS Dated 09.09.2024),51680,60800,69920,Neuro-Surgery Procedure,Tier III,CGHS O.M. 03.10.2025,03-10-2025
1785,NS044,Endoscopic aqueductoplasty,36040,42400,48760,Neuro-Surgery Procedure,Tier III,CGHS O.M. 03.10.2025,03-10-2025
1786,NS045,Facial nerve reconstruction,51680,60800,69920,Neuro-Surgery Procedure,Tier III,CGHS O.M. 03.10.2025,03-10-2025
1787,NS046,Carotid Stenting excluding the cost of Stent,42840,50400,57960,Neuro-Surgery Procedure,Tier III,CGHS O.M. 03.10.2025,03-10-2025
1788,NS047,Cervical disc arthroplasty,42840,50400,57960,Neuro-Surgery Procedure,Tier III,CGHS O.M. 03.10.2025,03-10-2025
1789,NS048,Lumbar disc arthroplasty,36040,42400,48760,Neuro-Surgery Procedure,Tier III,CGHS O.M. 03.10.2025,03-10-2025
1790,NS049,Corpus callostomy for Epilepsy,55760,65600,75440,Neuro-Surgery Procedure,Tier III,CGHS O.M. 03.10.2025,03-10-2025
1791,NS050,Hemispherotomy for Epilepsy,55760,65600,75440,Neuro-Surgery Procedure,Tier III,CGHS O.M. 03.10.2025,03-10-2025
1792,NS051,Endoscopic CSF rhinorrhoea repair,36040,42400,48760,Neuro-Surgery Procedure,Tier III,CGHS O.M. 03.10.2025,03-10-2025
1793,NS052,Burr hole evacuation of chronic subdural haematoma,42840,50400,57960,Neuro-Surgery Procedure,Tier III,CGHS O.M. 03.10.2025,03-10-2025
1794,NS053,Epilepsy surgery other than at Code No. NS049 and NS050,65960,77600,89240,Neuro-Surgery Procedure,Tier III,CGHS O.M. 03.10.2025,03-10-2025
1795,NS054,Radiofrequency (RF) lesion for facet joint pain syndrome,42840,50400,57960,Neuro-Surgery Procedure,Tier III,CGHS O.M. 03.10.2025,03-10-2025
1796,NS055,Cervical Laminoplasty,51680,60800,69920,Neuro-Surgery Procedure,Tier III,CGHS O.M. 03.10.2025,03-10-2025
1797,NS056,Lateral mass C1-C2 screw fixation,51680,60800,69920,Neuro-Surgery Procedure,Tier III,CGHS O.M. 03.10.2025,03-10-2025
1798,NS057,Microsurgical decompression for Trigeminal nerve,42840,50400,57960,Neuro-Surgery Procedure,Tier III,CGHS O.M. 03.10.2025,03-10-2025
1799,NS058,Microsurgical decompression for hemifacial spasm,42840,50400,57960,Neuro-Surgery Procedure,Tier III,CGHS O.M. 03.10.2025,03-10-2025
1800,NS059,Extracranial-Intracranial Bypass Procedures (EC-IC) bypass procedures,42840,50400,57960,Neuro-Surgery Procedure,Tier III,CGHS O.M. 03.10.2025,03-10-2025
1801,NS060,Image Guided Craniotomy,55760,65600,75440,Neuro-Surgery Procedure,Tier III,CGHS O.M. 03.10.2025,03-10-2025
1802,NS061,Baclofen pump implantation lesioning for movement disorder including Parkinsonism/Spinal Cord Stimulator Implantation,51680,60800,69920,Neuro-Surgery Procedure,Tier III,CGHS O.M. 03.10.2025,03-10-2025
1803,NS062,Programmable Ventriculo-Peritoneal (VP) shunt excluding the cost of the Device,42840,50400,57960,Neuro-Surgery Procedure,Tier III,CGHS O.M. 03.10.2025,03-10-2025
1804,NS063,Endoscopic Sympathectomy,42840,50400,57960,Neuro-Surgery Procedure,Tier III,CGHS O.M. 03.10.2025,03-10-2025
1805,NS064,Lumbar Puncture,2040,2400,2400,Neuro-Surgery Procedure,Tier III,CGHS O.M. 03.10.2025,03-10-2025
1806,NS065,External Ventricular Drainage (EVD),18700,22000,25300,Neuro-Surgery Procedure,Tier III,CGHS O.M. 03.10.2025,03-10-2025
1807,NS066,Endoscopic 3rd ventriculostomy,36040,42400,48760,Neuro-Surgery Procedure,Tier III,CGHS O.M. 03.10.2025,03-10-2025
1808,NS067,Endoscopic cranial surgery/Biopsy/aspiration,42840,50400,57960,Neuro-Surgery Procedure,Tier III,CGHS O.M. 03.10.2025,03-10-2025
1809,NS068,"Endoscopic discectomy (Lumbar, Cervical)",42840,50400,57960,Neuro-Surgery Procedure,Tier III,CGHS O.M. 03.10.2025,03-10-2025
1810,NS069,Aneurysm coiling (Endovascular),42840,50400,57960,Neuro-Surgery Procedure,Tier III,CGHS O.M. 03.10.2025,03-10-2025
1811,NS070,Surgery for Skull Fractures,51680,60800,69920,Neuro-Surgery Procedure,Tier III,CGHS O.M. 03.10.2025,03-10-2025
1812,NS071,Carpel Tunnel decompression,29240,34400,39560,Neuro-Surgery Procedure,Tier III,CGHS O.M. 03.10.2025,03-10-2025
1813,NS072,Clipping of intracranial aneurysm,55760,65600,75440,Neuro-Surgery Procedure,Tier III,CGHS O.M. 03.10.2025,03-10-2025
1814,NS073,Surgery for intracranial Arteriovenous malformations (AVM),65960,77600,89240,Neuro-Surgery Procedure,Tier III,CGHS O.M. 03.10.2025,03-10-2025
1815,NS074,Foramen magnum decompression for Chiari Malformation,87720,103200,118680,Neuro-Surgery Procedure,Tier III,CGHS O.M. 03.10.2025,03-10-2025
1816,NS075,Dorsal column stimulation for backache in failed back syndrome,42840,50400,57960,Neuro-Surgery Procedure,Tier III,CGHS O.M. 03.10.2025,03-10-2025
1817,NS076,Surgery for recurrent disc prolapse/epidural fibrosis,42840,50400,57960,Neuro-Surgery Procedure,Tier III,CGHS O.M. 03.10.2025,03-10-2025
1818,NS077,Decompressive craniotomy for hemispherical acute subdural haematoma/ brain swelling/large infarct,55760,65600,75440,Neuro-Surgery Procedure,Tier III,CGHS O.M. 03.10.2025,03-10-2025
1819,NS078,Intra-arterial thrombolysis with Tissue Plasminogen Activator (TPA) (for ischemic stroke ),23800,28000,32200,Neuro-Surgery Procedure,Tier III,CGHS O.M. 03.10.2025,03-10-2025
1820,NS079,Stereotactic aspiration of intracerebral haematoma,51680,60800,69920,Neuro-Surgery Procedure,Tier III,CGHS O.M. 03.10.2025,03-10-2025
1821,NS080,Endoscopic aspiration of intracerebellar haematoma,51680,60800,69920,Neuro-Surgery Procedure,Tier III,CGHS O.M. 03.10.2025,03-10-2025
1822,NS081,Stereotactic Radiosurgery for brain pathology (X knife/Gamma) - ONE session,36040,42400,48760,Neuro-Surgery Procedure,Tier III,CGHS O.M. 03.10.2025,03-10-2025
1823,NS082,Stereotactic Radiosurgery for brain pathology (X knife / Gamma knife -Two or more sessions),51680,60800,69920,Neuro-Surgery Procedure,Tier III,CGHS O.M. 03.10.2025,03-10-2025
1824,NS083,Battery Placement for Deep Brain Stimulation (DBS),23800,28000,32200,Neuro-Surgery Procedure,Tier III,CGHS O.M. 03.10.2025,03-10-2025
1825,NS084,Baclofen pump implantation for spasticity/Intra-thecal Pump Implantation,23800,28000,32200,Neuro-Surgery Procedure,Tier III,CGHS O.M. 03.10.2025,03-10-2025
1826,NS085,Surgery for Scalp Arteriovenous Malformations (AVMs),42840,50400,57960,Neuro-Surgery Procedure,Tier III,CGHS O.M. 03.10.2025,03-10-2025
1827,NS086,Kyphoplasty excluding the cost of implants,36040,42400,48760,Neuro-Surgery Procedure,Tier III,CGHS O.M. 03.10.2025,03-10-2025
1828,NS087,Balloon Kyphoplasty,42840,50400,57960,Neuro-Surgery Procedure,Tier III,CGHS O.M. 03.10.2025,03-10-2025
1829,NS088,"Lesioning procedures for Parkinson’s disease,Dystonia etc.",36040,42400,48760,Neuro-Surgery Procedure,Tier III,CGHS O.M. 03.10.2025,03-10-2025
1830,OR001,Joints Aspiration,1088,1280,1280,Orthopaedics Procedure,Tier III,CGHS O.M. 03.10.2025,03-10-2025
1831,OR002,Plaster Work,3400,4000,4000,Orthopaedics Procedure,Tier III,CGHS O.M. 03.10.2025,03-10-2025
1832,OR003,Fingers (post slab),680,800,800,Orthopaedics Procedure,Tier III,CGHS O.M. 03.10.2025,03-10-2025
1833,OR004,Fingers full plaster,1020,1200,1200,Orthopaedics Procedure,Tier III,CGHS O.M. 03.10.2025,03-10-2025
1834,OR005,Colles Fracture - Below elbow,4080,4800,4800,Orthopaedics Procedure,Tier III,CGHS O.M. 03.10.2025,03-10-2025
1835,OR006,Colles Fracture - Full plaster,3060,3600,3600,Orthopaedics Procedure,Tier III,CGHS O.M. 03.10.2025,03-10-2025
1836,OR007,Colles fracture Ant. Or post. slab,2040,2400,2400,Orthopaedics Procedure,Tier III,CGHS O.M. 03.10.2025,03-10-2025
1837,OR008,Above elbow full plaster,2720,3200,3200,Orthopaedics Procedure,Tier III,CGHS O.M. 03.10.2025,03-10-2025
1838,OR009,Above Knee post-slab,2040,2400,2400,Orthopaedics Procedure,Tier III,CGHS O.M. 03.10.2025,03-10-2025
1839,OR010,Below Knee full plaster,2720,3200,3200,Orthopaedics Procedure,Tier III,CGHS O.M. 03.10.2025,03-10-2025
1840,OR011,Below Knee post-slab,3400,4000,4000,Orthopaedics Procedure,Tier III,CGHS O.M. 03.10.2025,03-10-2025
1841,OR012,Tube Plaster (or plaster cylinder),3400,4000,4000,Orthopaedics Procedure,Tier III,CGHS O.M. 03.10.2025,03-10-2025
1842,OR013,Above knee full plaster,3400,4000,4000,Orthopaedics Procedure,Tier III,CGHS O.M. 03.10.2025,03-10-2025
1843,OR014,Above knee full slab,2380,2800,2800,Orthopaedics Procedure,Tier III,CGHS O.M. 03.10.2025,03-10-2025
1844,OR015,Minerva Jacket,6256,7360,7360,Orthopaedics Procedure,Tier III,CGHS O.M. 03.10.2025,03-10-2025
1845,OR016,Plaster Jacket,4080,4800,4800,Orthopaedics Procedure,Tier III,CGHS O.M. 03.10.2025,03-10-2025
1846,OR017,Shoulder spica,5780,6800,6800,Orthopaedics Procedure,Tier III,CGHS O.M. 03.10.2025,03-10-2025
1847,OR018,Single Hip spica,4760,5600,5600,Orthopaedics Procedure,Tier III,CGHS O.M. 03.10.2025,03-10-2025
1848,OR019,Double Hip spica,5780,6800,6800,Orthopaedics Procedure,Tier III,CGHS O.M. 03.10.2025,03-10-2025
1849,OR020,Strapping of Finger,340,400,400,Orthopaedics Procedure,Tier III,CGHS O.M. 03.10.2025,03-10-2025
1850,OR021,Strapping of Toes,408,480,480,Orthopaedics Procedure,Tier III,CGHS O.M. 03.10.2025,03-10-2025
1851,OR022,Strapping of Wrist,510,600,600,Orthopaedics Procedure,Tier III,CGHS O.M. 03.10.2025,03-10-2025
1852,OR023,Strapping of Elbow,1020,1200,1200,Orthopaedics Procedure,Tier III,CGHS O.M. 03.10.2025,03-10-2025
1853,OR024,Strapping of Knee,680,800,800,Orthopaedics Procedure,Tier III,CGHS O.M. 03.10.2025,03-10-2025
1854,OR025,Strapping of Ankle,544,640,640,Orthopaedics Procedure,Tier III,CGHS O.M. 03.10.2025,03-10-2025
1855,OR026,Strapping of Chest,1020,1200,1200,Orthopaedics Procedure,Tier III,CGHS O.M. 03.10.2025,03-10-2025
1856,OR027,Strapping of Shoulder,1020,1200,1200,Orthopaedics Procedure,Tier III,CGHS O.M. 03.10.2025,03-10-2025
1857,OR028,Figure of 8 bandage,680,800,800,Orthopaedics Procedure,Tier III,CGHS O.M. 03.10.2025,03-10-2025
1858,OR029,Collar and cuff sling,340,400,400,Orthopaedics Procedure,Tier III,CGHS O.M. 03.10.2025,03-10-2025
1859,OR030,Ball bandage,544,640,640,Orthopaedics Procedure,Tier III,CGHS O.M. 03.10.2025,03-10-2025
1860,OR031,Application of POP Casts for Upper & Lower Limbs,4080,4800,4800,Orthopaedics Procedure,Tier III,CGHS O.M. 03.10.2025,03-10-2025
1861,OR032,Application of Functional Cast Brace,2720,3200,3200,Orthopaedics Procedure,Tier III,CGHS O.M. 03.10.2025,03-10-2025
1862,OR033,Application of Skin Traction,1700,2000,2000,Orthopaedics Procedure,Tier III,CGHS O.M. 03.10.2025,03-10-2025
1863,OR034,Application of Skeletal Tractions,4080,4800,4800,Orthopaedics Procedure,Tier III,CGHS O.M. 03.10.2025,03-10-2025
1864,OR035,Bandage & Strappings for Fractures,1360,1600,1600,Orthopaedics Procedure,Tier III,CGHS O.M. 03.10.2025,03-10-2025
1865,OR036,Aspiration & Intra Articular Injections,3400,4000,4000,Orthopaedics Procedure,Tier III,CGHS O.M. 03.10.2025,03-10-2025
1866,OR037,Application of POP Spices & Jackets,4080,4800,4800,Orthopaedics Procedure,Tier III,CGHS O.M. 03.10.2025,03-10-2025
1867,OR038,Close Reduction of Fractures of Limb & POP,9112,10720,10720,Orthopaedics Procedure,Tier III,CGHS O.M. 03.10.2025,03-10-2025
1868,OR039,Open Reduction & Internal Fixation (ORIF) of Fingers & Toes,13600,16000,16000,Orthopaedics Procedure,Tier III,CGHS O.M. 03.10.2025,03-10-2025
1869,OR040,Open Reduction of fracture of Long Bones of Upper / Lower Limb -Nailing & External Fixation,29240,34400,34400,Orthopaedics Procedure,Tier III,CGHS O.M. 03.10.2025,03-10-2025
1870,OR041,Open Reduction of fracture of Long Bones of Upper /Lower Limb -AO Procedures,29240,34400,34400,Orthopaedics Procedure,Tier III,CGHS O.M. 03.10.2025,03-10-2025
1871,OR042,Tension Band Wirings,18700,22000,22000,Orthopaedics Procedure,Tier III,CGHS O.M. 03.10.2025,03-10-2025
1872,OR043,Bone Grafting,18700,22000,22000,Orthopaedics Procedure,Tier III,CGHS O.M. 03.10.2025,03-10-2025
1873,OR044,Excision or other Operations for Scaphoid Fractures,23800,28000,28000,Orthopaedics Procedure,Tier III,CGHS O.M. 03.10.2025,03-10-2025
1874,OR045,Sequestrectomy & Saucerisation,23800,28000,28000,Orthopaedics Procedure,Tier III,CGHS O.M. 03.10.2025,03-10-2025
1875,OR046,Sequestrectomy & Saucerizations -Arthrotomy,23800,28000,28000,Orthopaedics Procedure,Tier III,CGHS O.M. 03.10.2025,03-10-2025
1876,OR047,Multiple Pinning Fracture Neck Femur,36040,42400,42400,Orthopaedics Procedure,Tier III,CGHS O.M. 03.10.2025,03-10-2025
1877,OR048,Plate Fixations for Fracture Neck Femur,36040,42400,42400,Orthopaedics Procedure,Tier III,CGHS O.M. 03.10.2025,03-10-2025
1878,OR049,AO Compression Procedures for Fracture Neck Femur,36040,42400,42400,Orthopaedics Procedure,Tier III,CGHS O.M. 03.10.2025,03-10-2025
1879,OR050,Open Reduction of Fracture Neck Femur Muscle Pedicle Graft and Internal Fixations,36040,42400,42400,Orthopaedics Procedure,Tier III,CGHS O.M. 03.10.2025,03-10-2025
1880,OR051,Close Reduction of Dislocations,13600,16000,16000,Orthopaedics Procedure,Tier III,CGHS O.M. 03.10.2025,03-10-2025
1881,OR052,Open Reduction of Dislocations,23800,28000,28000,Orthopaedics Procedure,Tier III,CGHS O.M. 03.10.2025,03-10-2025
1882,OR053,Open Reduction & Internal Fixation (ORIF) of Fracture Dislocation,29240,34400,34400,Orthopaedics Procedure,Tier III,CGHS O.M. 03.10.2025,03-10-2025
1883,OR054,Neurolysis/Nerve repair,29240,34400,34400,Orthopaedics Procedure,Tier III,CGHS O.M. 03.10.2025,03-10-2025
1884,OR055,Nerve Repair with Grafting,42840,50400,50400,Orthopaedics Procedure,Tier III,CGHS O.M. 03.10.2025,03-10-2025
1885,OR056,Tendon with Transplant or Graft,29240,34400,34400,Orthopaedics Procedure,Tier III,CGHS O.M. 03.10.2025,03-10-2025
1886,OR057,Tendon Lengthening/Tendon repair,18700,22000,22000,Orthopaedics Procedure,Tier III,CGHS O.M. 03.10.2025,03-10-2025
1887,OR058,Tendon Transfer,23800,28000,28000,Orthopaedics Procedure,Tier III,CGHS O.M. 03.10.2025,03-10-2025
1888,OR059,Split Osteotomy and Internal Fixations,36040,42400,42400,Orthopaedics Procedure,Tier III,CGHS O.M. 03.10.2025,03-10-2025
1889,OR060,Anterolateral decompression for tuberculosis/ Costo-Transversectomy,29240,34400,34400,Orthopaedics Procedure,Tier III,CGHS O.M. 03.10.2025,03-10-2025
1890,OR061,Anterolateral Decompression and Spine Fusion,42840,50400,50400,Orthopaedics Procedure,Tier III,CGHS O.M. 03.10.2025,03-10-2025
1891,OR062,Corrective Osteotomy & Internal Fixation- short bones,23800,28000,28000,Orthopaedics Procedure,Tier III,CGHS O.M. 03.10.2025,03-10-2025
1892,OR063,Corrective Osteotomy & Internal Fixation- long bones,29240,34400,34400,Orthopaedics Procedure,Tier III,CGHS O.M. 03.10.2025,03-10-2025
1893,OR064,Arthrodesis of - Minor Joints,23800,28000,28000,Orthopaedics Procedure,Tier III,CGHS O.M. 03.10.2025,03-10-2025
1894,OR065,Arthrodesis of - Major Joints,29240,34400,34400,Orthopaedics Procedure,Tier III,CGHS O.M. 03.10.2025,03-10-2025
1895,OR066,Soft Tissue Operations for Congenital Talipes Equinovarus (CTEV),23800,28000,28000,Orthopaedics Procedure,Tier III,CGHS O.M. 03.10.2025,03-10-2025
1896,OR067,Hemiarthroplasty- Hip,42840,50400,50400,Orthopaedics Procedure,Tier III,CGHS O.M. 03.10.2025,03-10-2025
1897,OR068,Hemiarthroplasty- Shoulder,36040,42400,42400,Orthopaedics Procedure,Tier III,CGHS O.M. 03.10.2025,03-10-2025
1898,OR069,Operations for Brachial Plexus & Cervical Rib,51680,60800,60800,Orthopaedics Procedure,Tier III,CGHS O.M. 03.10.2025,03-10-2025
1899,OR070,Amputations - Below Knee,29240,34400,34400,Orthopaedics Procedure,Tier III,CGHS O.M. 03.10.2025,03-10-2025
1900,OR071,Amputations - Below Elbow,23800,28000,28000,Orthopaedics Procedure,Tier III,CGHS O.M. 03.10.2025,03-10-2025
1901,OR072,Amputations - Above Knee,36040,42400,42400,Orthopaedics Procedure,Tier III,CGHS O.M. 03.10.2025,03-10-2025
1902,OR073,Amputations - Above Elbow,29240,34400,34400,Orthopaedics Procedure,Tier III,CGHS O.M. 03.10.2025,03-10-2025
1903,OR074,Amputations - Forequarter,42840,50400,50400,Orthopaedics Procedure,Tier III,CGHS O.M. 03.10.2025,03-10-2025
1904,OR075,Amputations -Hind Quarter and Hemipelvectomy,51680,60800,60800,Orthopaedics Procedure,Tier III,CGHS O.M. 03.10.2025,03-10-2025
1905,OR076,Disarticulations - Major joint,29240,34400,34400,Orthopaedics Procedure,Tier III,CGHS O.M. 03.10.2025,03-10-2025
1906,OR077,Disarticulations - Minor joint,23800,28000,28000,Orthopaedics Procedure,Tier III,CGHS O.M. 03.10.2025,03-10-2025
1907,OR078,Arthrography,13600,16000,16000,Orthopaedics Investigation,Tier III,CGHS O.M. 03.10.2025,03-10-2025
1908,OR079,Arthroscopy - Diagnostic,23800,28000,28000,Orthopaedics Procedure,Tier III,CGHS O.M. 03.10.2025,03-10-2025
1909,OR080,Arthroscopy-therapeutic: without implant,29240,34400,34400,Orthopaedics Procedure,Tier III,CGHS O.M. 03.10.2025,03-10-2025
1910,OR081,Arthroscopy-therapeutic: with implant,36040,42400,42400,Orthopaedics Procedure,Tier III,CGHS O.M. 03.10.2025,03-10-2025
1911,OR082,Soft Tissue Operation on Joints -Small,18700,22000,22000,Orthopaedics Procedure,Tier III,CGHS O.M. 03.10.2025,03-10-2025
1912,OR083,Soft Tissue Operation on Joints -Large,29240,34400,34400,Orthopaedics Procedure,Tier III,CGHS O.M. 03.10.2025,03-10-2025
1913,OR084,Myocutaneous and Fasciocutaneous Flap Procedures for Limbs,36040,42400,42400,Orthopaedics Procedure,Tier III,CGHS O.M. 03.10.2025,03-10-2025
1914,OR085,Removal of Wires & Screw,9112,10720,10720,Orthopaedics Procedure,Tier III,CGHS O.M. 03.10.2025,03-10-2025
1915,OR086,Removal of Plates,18700,22000,22000,Orthopaedics Procedure,Tier III,CGHS O.M. 03.10.2025,03-10-2025
1916,OR087,Total Hip Replacement (THR),87720,103200,118680,Orthopaedics Procedure,Tier III,CGHS O.M. 03.10.2025,03-10-2025
1917,OR088,Total Ankle Joint Replacement (TAR) - Unilateral,87720,103200,118680,Orthopaedics Procedure,Tier III,CGHS O.M. 03.10.2025,03-10-2025
1918,OR089,Total Knee Joint Replacement (TKR) - Unilateral,103360,121600,139840,Orthopaedics Procedure,Tier III,CGHS O.M. 03.10.2025,03-10-2025
1919,OR090,Total Shoulder Joint Replacement - Unilateral,87720,103200,118680,Orthopaedics Procedure,Tier III,CGHS O.M. 03.10.2025,03-10-2025
1920,OR091,Total Elbow Joint Replacement - Unilateral,74800,88000,101200,Orthopaedics Procedure,Tier III,CGHS O.M. 03.10.2025,03-10-2025
1921,OR092,Total Wrist Joint Replacement - Unilateral,87720,103200,118680,Orthopaedics Procedure,Tier III,CGHS O.M. 03.10.2025,03-10-2025
1922,OR093,Total Finger Joint Replacement,42840,50400,57960,Orthopaedics Procedure,Tier III,CGHS O.M. 03.10.2025,03-10-2025
1923,OR094,Tubular external fixator,23800,28000,28000,Orthopaedics Procedure,Tier III,CGHS O.M. 03.10.2025,03-10-2025
1924,OR095,Ilizarov's External Fixator,36040,42400,42400,Orthopaedics Procedure,Tier III,CGHS O.M. 03.10.2025,03-10-2025
1925,OR096,Pelvi-acetabular fracture -Internal fixation,42840,50400,50400,Orthopaedics Procedure,Tier III,CGHS O.M. 03.10.2025,03-10-2025
1926,OR097,Meniscectomy,36040,42400,42400,Orthopaedics Procedure,Tier III,CGHS O.M. 03.10.2025,03-10-2025
1927,OR098,Meniscus Repair,42840,50400,50400,Orthopaedics Procedure,Tier III,CGHS O.M. 03.10.2025,03-10-2025
1928,OR099,Anterior Cruciate Ligament (ACL) Reconstruction,42840,50400,50400,Orthopaedics Procedure,Tier III,CGHS O.M. 03.10.2025,03-10-2025
1929,OR100,Posterior Cruciate Ligament (PCL) Reconstruction,51680,60800,60800,Orthopaedics Procedure,Tier III,CGHS O.M. 03.10.2025,03-10-2025
1930,OR101,Knee Collateral Ligament Reconstruction,51680,60800,60800,Orthopaedics Procedure,Tier III,CGHS O.M. 03.10.2025,03-10-2025
1931,OR102,Bankart Repair Shoulder,42840,50400,50400,Orthopaedics Procedure,Tier III,CGHS O.M. 03.10.2025,03-10-2025
1932,OR103,Rotator cuff repair / RC repair,42840,50400,50400,Orthopaedics Procedure,Tier III,CGHS O.M. 03.10.2025,03-10-2025
1933,OR104,Biceps Tenodesis,36040,42400,42400,Orthopaedics Procedure,Tier III,CGHS O.M. 03.10.2025,03-10-2025
1934,OR105,Distal biceps tendon repair,36040,42400,42400,Orthopaedics Procedure,Tier III,CGHS O.M. 03.10.2025,03-10-2025
1935,OR106,Arthrolysis of knee,36040,42400,42400,Orthopaedics Procedure,Tier III,CGHS O.M. 03.10.2025,03-10-2025
1936,OR107,Capsulotomy of Shoulder,36040,42400,42400,Orthopaedics Procedure,Tier III,CGHS O.M. 03.10.2025,03-10-2025
1937,OR108,Conservative Plaster of Paris (POP),2720,3200,3200,Orthopaedics Procedure,Tier III,CGHS O.M. 03.10.2025,03-10-2025
1938,OR109,Application for CTEV per sitting,5780,6800,6800,Orthopaedics Procedure,Tier III,CGHS O.M. 03.10.2025,03-10-2025
1939,OR110,Total Hip Replacement (THR) Revision Stage-I,65960,77600,89240,Orthopaedics Procedure,Tier III,CGHS O.M. 03.10.2025,03-10-2025
1940,OR111,Total Hip Replacement (THR) Revision Stage-II,87720,103200,118680,Orthopaedics Procedure,Tier III,CGHS O.M. 03.10.2025,03-10-2025
1941,OR112,Total Knee Replacement (TKR) Revision Stage-I,65960,77600,89240,Orthopaedics Procedure,Tier III,CGHS O.M. 03.10.2025,03-10-2025
1942,OR113,Total Knee Replacement (TKR) Revision Stage-II,87720,103200,118680,Orthopaedics Procedure,Tier III,CGHS O.M. 03.10.2025,03-10-2025
1943,OR114,Illizarov/ external fixation for limb lengthening/deformity correction,42840,50400,50400,Orthopaedics Procedure,Tier III,CGHS O.M. 03.10.2025,03-10-2025
1944,OR115,Discectomy/ Micro Discectomy,55760,65600,65600,Orthopaedics Procedure,Tier III,CGHS O.M. 03.10.2025,03-10-2025
1945,OR116,Spinal Fixation Cervical/dorsolumbar/ lumbosacral,103360,121600,121600,Orthopaedics Procedure,Tier III,CGHS O.M. 03.10.2025,03-10-2025
1946,OR117,Fusion Surgery Cervical/ Lumbar Spine up to 2 Level,42840,50400,50400,Orthopaedics Procedure,Tier III,CGHS O.M. 03.10.2025,03-10-2025
1947,OR118,Spinal Fusion Surgery Cervical/ Lumbar Spine -More than 2 Level,55760,65600,65600,Orthopaedics Procedure,Tier III,CGHS O.M. 03.10.2025,03-10-2025
1948,OR119,Scoliosis Surgery/ Deformity Correction of Spine,65960,77600,77600,Orthopaedics Procedure,Tier III,CGHS O.M. 03.10.2025,03-10-2025
1949,OR120,Vertebroplasty,51680,60800,60800,Orthopaedics Procedure,Tier III,CGHS O.M. 03.10.2025,03-10-2025
1950,OR121,Spinal Injections,3400,4000,4000,Orthopaedics Procedure,Tier III,CGHS O.M. 03.10.2025,03-10-2025
1951,OR122,Dynamic Hip Screw (DHS) for Fracture Neck Femur,36040,42400,42400,Orthopaedics Procedure,Tier III,CGHS O.M. 03.10.2025,03-10-2025
1952,OR123,Proximal Femur Nail (PFN) for IT fracture (Intertrochanteric Fractures),36040,42400,42400,Orthopaedics Procedure,Tier III,CGHS O.M. 03.10.2025,03-10-2025
1953,OR124,Spinal Osteotomy,36040,42400,42400,Orthopaedics Procedure,Tier III,CGHS O.M. 03.10.2025,03-10-2025
1954,OR125,Illizarov’s / External Fixation for Trauma,36040,42400,42400,Orthopaedics Procedure,Tier III,CGHS O.M. 03.10.2025,03-10-2025
1955,OR126,Soft Tissue Operations for Polio/ Cerebral Palsy,23800,28000,28000,Orthopaedics Procedure,Tier III,CGHS O.M. 03.10.2025,03-10-2025
1956,OR127,Mini Fixator for Hand/Foot,23800,28000,28000,Orthopaedics Procedure,Tier III,CGHS O.M. 03.10.2025,03-10-2025
1957,BP001,Injection of Keloids - Ganglion,2720,3200,3200,Burns And Plastic Surgery Procedure,Tier III,CGHS O.M. 03.10.2025,03-10-2025
1958,BP002,Injection of Keloids - Haemangioma,2720,3200,3200,Burns And Plastic Surgery Procedure,Tier III,CGHS O.M. 03.10.2025,03-10-2025
1959,BP003,Free Grafts - Wolfe Grafts,13600,16000,18400,Burns And Plastic Surgery Procedure,Tier III,CGHS O.M. 03.10.2025,03-10-2025
1960,BP004,Free Grafts - Thiersch- Small Area 5%,13600,16000,18400,Burns And Plastic Surgery Procedure,Tier III,CGHS O.M. 03.10.2025,03-10-2025
1961,BP005,Free Grafts - Large Area 10%,23800,28000,32200,Burns And Plastic Surgery Procedure,Tier III,CGHS O.M. 03.10.2025,03-10-2025
1962,BP006,Free Grafts - Very Large Area 20% and above.,29240,34400,39560,Burns And Plastic Surgery Procedure,Tier III,CGHS O.M. 03.10.2025,03-10-2025
1963,BP007,Skin Flaps - Rotation Flaps,18700,22000,25300,Burns And Plastic Surgery Procedure,Tier III,CGHS O.M. 03.10.2025,03-10-2025
1964,BP008,Skin Flaps - Advancement Flaps,23800,28000,32200,Burns And Plastic Surgery Procedure,Tier III,CGHS O.M. 03.10.2025,03-10-2025
1965,BP009,Skin Flaps - Direct- cross Leg Flaps- Cross Arm Flap,29240,34400,39560,Burns And Plastic Surgery Procedure,Tier III,CGHS O.M. 03.10.2025,03-10-2025
1966,BP010,Skin Flaps - Cross Finger,23800,28000,32200,Burns And Plastic Surgery Procedure,Tier III,CGHS O.M. 03.10.2025,03-10-2025
1967,BP011,Skin Flaps - Abdominal,23800,28000,32200,Burns And Plastic Surgery Procedure,Tier III,CGHS O.M. 03.10.2025,03-10-2025
1968,BP012,Skin Flaps - Thoracic,18700,22000,25300,Burns And Plastic Surgery Procedure,Tier III,CGHS O.M. 03.10.2025,03-10-2025
1969,BP013,Skin Flaps - Arm Etc.,18700,22000,25300,Burns And Plastic Surgery Procedure,Tier III,CGHS O.M. 03.10.2025,03-10-2025
1970,BP014,Subcutaneous Pedicle Flaps Raising,18700,22000,25300,Burns And Plastic Surgery Procedure,Tier III,CGHS O.M. 03.10.2025,03-10-2025
1971,BP015,Subcutaneous Pedicle Flaps Delay,18700,22000,25300,Burns And Plastic Surgery Procedure,Tier III,CGHS O.M. 03.10.2025,03-10-2025
1972,BP016,Subcutaneous Pedicle Flaps Transfer,18700,22000,25300,Burns And Plastic Surgery Procedure,Tier III,CGHS O.M. 03.10.2025,03-10-2025
1973,BP017,Cartilage Grafting,29240,34400,39560,Burns And Plastic Surgery Procedure,Tier III,CGHS O.M. 03.10.2025,03-10-2025
1974,BP018,Cleft Lip - Repair.,23800,28000,32200,Burns And Plastic Surgery Procedure,Tier III,CGHS O.M. 03.10.2025,03-10-2025
1975,BP019,Cleft Palate Repair,29240,34400,39560,Burns And Plastic Surgery Procedure,Tier III,CGHS O.M. 03.10.2025,03-10-2025
1976,BP020,Primary Bone Grafting for Alveolar Cleft in Cleft Lip,29240,34400,39560,Burns And Plastic Surgery Procedure,Tier III,CGHS O.M. 03.10.2025,03-10-2025
1977,BP021,Secondary Surgery for Cleft Lip Deformity,29240,34400,39560,Burns And Plastic Surgery Procedure,Tier III,CGHS O.M. 03.10.2025,03-10-2025
1978,BP022,Secondary Surgery for Cleft Palate,29240,34400,39560,Burns And Plastic Surgery Procedure,Tier III,CGHS O.M. 03.10.2025,03-10-2025
1979,BP023,Reconstruction of Eyelid Defects - Minor,18700,22000,25300,Burns And Plastic Surgery Procedure,Tier III,CGHS O.M. 03.10.2025,03-10-2025
1980,BP024,Reconstruction of Eyelid Defects - Major,23800,28000,32200,Burns And Plastic Surgery Procedure,Tier III,CGHS O.M. 03.10.2025,03-10-2025
1981,BP025,Plastic Surgery of Different Regions of the Ear -Minor,23800,28000,32200,Burns And Plastic Surgery Procedure,Tier III,CGHS O.M. 03.10.2025,03-10-2025
1982,BP026,Plastic Surgery of Different Regions of the Ear -Major,29240,34400,39560,Burns And Plastic Surgery Procedure,Tier III,CGHS O.M. 03.10.2025,03-10-2025
1983,BP027,Plastic Surgery of the Nose - Minor,18700,22000,25300,Burns And Plastic Surgery Procedure,Tier III,CGHS O.M. 03.10.2025,03-10-2025
1984,BP028,Plastic Surgery of the Nose - Major,29240,34400,39560,Burns And Plastic Surgery Procedure,Tier III,CGHS O.M. 03.10.2025,03-10-2025
1985,BP029,Plastic Surgery for Facial Paralysis (Support with Reanimation),29240,34400,39560,Burns And Plastic Surgery Procedure,Tier III,CGHS O.M. 03.10.2025,03-10-2025
1986,BP030,After Mastectomy (Reconstruction) Mammoplasty,29240,34400,39560,Burns And Plastic Surgery Procedure,Tier III,CGHS O.M. 03.10.2025,03-10-2025
1987,BP031,Syndactyly Repair,23800,28000,32200,Burns And Plastic Surgery Procedure,Tier III,CGHS O.M. 03.10.2025,03-10-2025
1988,BP032,Dermabrasion Face,29240,34400,39560,Burns And Plastic Surgery Procedure,Tier III,CGHS O.M. 03.10.2025,03-10-2025
1989,BP033,Flap Reconstructive Surgery - Head and Neck,42840,50400,57960,Burns and Plastic Surgery,Tier III,CGHS O.M. 03.10.2025,03-10-2025
1990,BP034,up to 30% Burns 1st Dressing,2040,2400,2400,Burns And Plastic Surgery Procedure,Tier III,CGHS O.M. 03.10.2025,03-10-2025
1991,BP035,up to 30% Burns Subsequent Dressing,1700,2000,2000,Burns And Plastic Surgery Procedure,Tier III,CGHS O.M. 03.10.2025,03-10-2025
1992,BP036,30% to 50% Burns 1st Dressing,3400,4000,4000,Burns And Plastic Surgery Procedure,Tier III,CGHS O.M. 03.10.2025,03-10-2025
1993,BP037,30% to 50% Burns Subsequent Dressing,2380,2800,2800,Burns And Plastic Surgery Procedure,Tier III,CGHS O.M. 03.10.2025,03-10-2025
1994,BP038,Extensive Burn -above 50% Frist Dressing,4080,4800,4800,Burns And Plastic Surgery Procedure,Tier III,CGHS O.M. 03.10.2025,03-10-2025
1995,BP039,Extensive Burn -above 50% Subsequent dressing,2380,2800,2800,Burns And Plastic Surgery Procedure,Tier III,CGHS O.M. 03.10.2025,03-10-2025
1996,BP040,VAC Therapy/Dressing including all Consumables,6800,8000,8000,Burns And Plastic Surgery Procedure,Tier III,CGHS O.M. 03.10.2025,03-10-2025
1997,HC001,"Annual Health Check-up - CCS Group A Officer of above 40 years of age / Pensioner primary card holder 75 years of age and above–Male,",2000,2000,2000,Annual Health Check-up,Tier III,CGHS O.M. 03.10.2025,03-10-2025
1998,HC002,Annual Health Check-up - CCS Group A Officer of above 40 years of age / Pensioner primary card holder 75 years of age and above - Female,2200,2200,2200,Annual Health Check-up,Tier III,CGHS O.M. 03.10.2025,03-10-2025
