sl_no,cghs_code,procedure_name,non_nabh_rate,nabh_rate,super_speciality_rate,speciality,city_tier,source,source_date
1,CN001,Consultation OPD,350.0,350.0,350.0,Consultation,Tier I,CGHS O.M. 03.10.2025,2025-10-03
2,CN002,Consultation for Inpatients,350.0,350.0,350.0,Consultation,Tier I,CGHS O.M. 03.10.2025,2025-10-03
3,CN003,Consultation OPD – Super speciality/Psychiatry,700.0,700.0,700.0,Consultation,Tier I,CGHS O.M. 03.10.2025,2025-10-03
4,LB001,"Urine Routine- pH, Specific Gravity, Sugar, Protein and Microscopy",85.0,100.0,100.0,Laboratory Investigation,Tier I,CGHS O.M. 03.10.2025,2025-10-03
5,LB002,Urine Microalbumin,207.0,243.0,243.0,Laboratory Investigation,Tier I,CGHS O.M. 03.10.2025,2025-10-03
6,LB003,Stool Routine and Microscopy,68.0,80.0,80.0,Laboratory Investigation,Tier I,CGHS O.M. 03.10.2025,2025-10-03
7,LB004,Stool for Occult Blood,85.0,100.0,100.0,Laboratory Investigation,Tier I,CGHS O.M. 03.10.2025,2025-10-03
8,LB005,Post Coital Smear Examination,340.0,400.0,400.0,Laboratory Investigation,Tier I,CGHS O.M. 03.10.2025,2025-10-03
9,LB006,Semen Analysis (Automated/Manual),213.0,250.0,250.0,Laboratory Investigation,Tier I,CGHS O.M. 03.10.2025,2025-10-03
10,LB007,Haemoglobin (Hb),43.0,50.0,50.0,Laboratory Investigation,Tier I,CGHS O.M. 03.10.2025,2025-10-03
11,LB008,Total Leucocytic Count (TLC),43.0,50.0,50.0,Laboratory Investigation,Tier I,CGHS O.M. 03.10.2025,2025-10-03
12,LB009,Differential Leucocytic Count (DLC),85.0,100.0,100.0,Laboratory Investigation,Tier I,CGHS O.M. 03.10.2025,2025-10-03
13,LB010,Erythrocyte Sedimentation Rate (ESR),85.0,100.0,100.0,Laboratory Investigation,Tier I,CGHS O.M. 03.10.2025,2025-10-03
14,LB011,"Total Red Cell count with MCV,MCH,MCHC,DRW",43.0,50.0,50.0,Laboratory Investigation,Tier I,CGHS O.M. 03.10.2025,2025-10-03
15,LB012,"Complete Haemogram/CBC, Hb, RBC Count and Indices, TLC, DLC, Platelet, ESR, Peripheral Smear Examination)",255.0,300.0,300.0,Laboratory Investigation,Tier I,CGHS O.M. 03.10.2025,2025-10-03
16,LB013,Platelet Count,85.0,100.0,100.0,Laboratory Investigation,Tier I,CGHS O.M. 03.10.2025,2025-10-03
17,LB014,Reticulocyte Count,85.0,100.0,100.0,Laboratory Investigation,Tier I,CGHS O.M. 03.10.2025,2025-10-03
18,LB015,Absolute Eosinophil Count (AEC),85.0,100.0,100.0,Laboratory Investigation,Tier I,CGHS O.M. 03.10.2025,2025-10-03
19,LB016,Packed Cell Volume (PCV),43.0,50.0,50.0,Laboratory Investigation,Tier I,CGHS O.M. 03.10.2025,2025-10-03
20,LB017,Peripheral Smear Examination,85.0,100.0,100.0,Laboratory Investigation,Tier I,CGHS O.M. 03.10.2025,2025-10-03
21,LB018,Smear for Malaria/Filaria Parasite,85.0,100.0,100.0,Laboratory Investigation,Tier I,CGHS O.M. 03.10.2025,2025-10-03
22,LB019,Bleeding Time,43.0,50.0,50.0,Laboratory Investigation,Tier I,CGHS O.M. 03.10.2025,2025-10-03
23,LB020,Clotting Time,43.0,50.0,50.0,Laboratory Investigation,Tier I,CGHS O.M. 03.10.2025,2025-10-03
24,LB021,Osmotic Fragility Test,255.0,300.0,300.0,Laboratory Investigation,Tier I,CGHS O.M. 03.10.2025,2025-10-03
25,LB022,Bone Marrow Smear Examination,298.0,350.0,350.0,Laboratory Investigation,Tier I,CGHS O.M. 03.10.2025,2025-10-03
26,LB023,Bone Marrow Smear Examination with Iron Stain,680.0,800.0,800.0,Laboratory Investigation,Tier I,CGHS O.M. 03.10.2025,2025-10-03
27,LB024,Bone Marrow Smear Examination and Cytochemistry,10200.0,12000.0,12000.0,Laboratory Investigation,Tier I,CGHS O.M. 03.10.2025,2025-10-03
28,LB025,Activated Partial Thromboplastin Time (APTT),247.0,290.0,290.0,Laboratory Investigation,Tier I,CGHS O.M. 03.10.2025,2025-10-03
29,LB026,Rapid Test for Malaria (Card Test)/QBC Malaria Test,85.0,100.0,100.0,Laboratory Investigation,Tier I,CGHS O.M. 03.10.2025,2025-10-03
30,LB027,"Bleeding Disorder Panel- PT, APTT, Thrombin Time Fibrinogen, D-Dimer/ Fibrinogen Degradation Products (FDP)",680.0,800.0,800.0,Laboratory Investigation,Tier I,CGHS O.M. 03.10.2025,2025-10-03
31,LB028,Factor Assays-Factor VIII,1275.0,1500.0,1500.0,Laboratory Investigation,Tier I,CGHS O.M. 03.10.2025,2025-10-03
32,LB029,Factor Assays-Factor IX,1275.0,1500.0,1500.0,Laboratory Investigation,Tier I,CGHS O.M. 03.10.2025,2025-10-03
33,LB030,Platelet Function Tests,1075.0,1265.0,1265.0,Laboratory Investigation,Tier I,CGHS O.M. 03.10.2025,2025-10-03
34,LB031,"Tests for Hypercoagulable States- Protein C, Protein S, Antithrombin",2873.0,3380.0,3380.0,Laboratory Investigation,Tier I,CGHS O.M. 03.10.2025,2025-10-03
35,LB032,Tests for Lupus Anticoagulant,1105.0,1300.0,1300.0,Laboratory Investigation,Tier I,CGHS O.M. 03.10.2025,2025-10-03
36,LB033,"Tests for Antiphospholipid Antibody IgG, IgM (for Cardiolipin and B2 Glycoprotein 1)",850.0,1000.0,1000.0,Laboratory Investigation,Tier I,CGHS O.M. 03.10.2025,2025-10-03
37,LB034,Thalassemia Studies (Red Cell Indices and Hb HPLC),850.0,1000.0,1000.0,Laboratory Investigation,Tier I,CGHS O.M. 03.10.2025,2025-10-03
38,LB035,Tests for Sickling / Hb HPLC),850.0,1000.0,1000.0,Laboratory Investigation,Tier I,CGHS O.M. 03.10.2025,2025-10-03
39,LB036,Blood Group & Rh Type,77.0,90.0,90.0,Laboratory Investigation,Tier I,CGHS O.M. 03.10.2025,2025-10-03
40,LB037,Cross Match,170.0,200.0,200.0,Laboratory Investigation,Tier I,CGHS O.M. 03.10.2025,2025-10-03
41,LB038,Coomb’s Test - Direct,170.0,200.0,200.0,Laboratory Investigation,Tier I,CGHS O.M. 03.10.2025,2025-10-03
42,LB039,Coomb’s Test - Indirect,213.0,250.0,250.0,Laboratory Investigation,Tier I,CGHS O.M. 03.10.2025,2025-10-03
43,LB040,3 Cell Panel- Antibody Screening for Pregnant Female,893.0,1050.0,1050.0,Laboratory Investigation,Tier I,CGHS O.M. 03.10.2025,2025-10-03
44,LB041,11 Cells Panel for Antibody Identification,1942.0,2285.0,2285.0,Laboratory Investigation,Tier I,CGHS O.M. 03.10.2025,2025-10-03
45,LB042,Hepatitis B Surface Antigen (HBsAg),255.0,300.0,300.0,Laboratory Investigation,Tier I,CGHS O.M. 03.10.2025,2025-10-03
46,LB043,Hepatitis C Virus (HCV),425.0,500.0,500.0,Laboratory Investigation,Tier I,CGHS O.M. 03.10.2025,2025-10-03
47,LB044,Human Immunodeficiency Virus- HIV I and II,327.0,385.0,385.0,Laboratory Investigation,Tier I,CGHS O.M. 03.10.2025,2025-10-03
48,LB045,Venereal Disease Research Laboratory Test (VDRL),85.0,100.0,100.0,Laboratory Investigation,Tier I,CGHS O.M. 03.10.2025,2025-10-03
49,LB046,Rh Antibody Titre,255.0,300.0,300.0,Laboratory Investigation,Tier I,CGHS O.M. 03.10.2025,2025-10-03
50,LB047,Platelet Concentrate Test,850.0,1000.0,1000.0,Laboratory Investigation,Tier I,CGHS O.M. 03.10.2025,2025-10-03
51,LB048,Routine - H & E,463.0,545.0,545.0,Laboratory Investigation,Tier I,CGHS O.M. 03.10.2025,2025-10-03
52,LB049,Special Stain,170.0,200.0,200.0,Laboratory Investigation,Tier I,CGHS O.M. 03.10.2025,2025-10-03
53,LB050,Histopathology Examination (HPE) - Frozen Section,1275.0,1500.0,1500.0,Laboratory Investigation,Tier I,CGHS O.M. 03.10.2025,2025-10-03
54,LB051,Histopathology Examination (HPE) - Paraffin Section,425.0,500.0,500.0,Laboratory Investigation,Tier I,CGHS O.M. 03.10.2025,2025-10-03
55,LB052,Pap Smear,340.0,400.0,400.0,Laboratory Investigation,Tier I,CGHS O.M. 03.10.2025,2025-10-03
56,LB053,Body Fluid for Malignant cells,298.0,350.0,350.0,Laboratory Investigation,Tier I,CGHS O.M. 03.10.2025,2025-10-03
57,LB054,"Paroxysmal Nocturnal Haemoglobinuria (PNH) Panel- CD55, CD59",1275.0,1500.0,1500.0,Laboratory Investigation,Tier I,CGHS O.M. 03.10.2025,2025-10-03
58,LB055,Blood Glucose Random / Blood Glucose Fasting /Blood Glucose PP,34.0,40.0,40.0,Laboratory Investigation,Tier I,CGHS O.M. 03.10.2025,2025-10-03
59,LB056,"24 Hrs Urine for Proteins, Sodium, Creatinine",255.0,300.0,300.0,Laboratory Investigation,Tier I,CGHS O.M. 03.10.2025,2025-10-03
60,LB057,Blood Urea Nitrogen (BUN) / Urea,85.0,100.0,100.0,Laboratory Investigation,Tier I,CGHS O.M. 03.10.2025,2025-10-03
61,LB058,Serum Creatinine,85.0,100.0,100.0,Laboratory Investigation,Tier I,CGHS O.M. 03.10.2025,2025-10-03
62,LB059,Urine Bile Pigment and Salt,60.0,70.0,70.0,Laboratory Investigation,Tier I,CGHS O.M. 03.10.2025,2025-10-03
63,LB060,Urine Urobilinogen,60.0,70.0,70.0,Laboratory Investigation,Tier I,CGHS O.M. 03.10.2025,2025-10-03
64,LB061,Urine Ketones,60.0,70.0,70.0,Laboratory Investigation,Tier I,CGHS O.M. 03.10.2025,2025-10-03
65,LB062,Urine Occult Blood,60.0,70.0,70.0,Laboratory Investigation,Tier I,CGHS O.M. 03.10.2025,2025-10-03
66,LB063,Urine Total Proteins,60.0,70.0,70.0,Laboratory Investigation,Tier I,CGHS O.M. 03.10.2025,2025-10-03
67,LB064,Rheumatoid Factor / Rh Factor Test,638.0,750.0,750.0,Laboratory Investigation,Tier I,CGHS O.M. 03.10.2025,2025-10-03
68,LB065,Bence Jones Protein,85.0,100.0,100.0,Laboratory Investigation,Tier I,CGHS O.M. 03.10.2025,2025-10-03
69,LB066,Serum Uric Acid,128.0,150.0,150.0,Laboratory Investigation,Tier I,CGHS O.M. 03.10.2025,2025-10-03
70,LB067,Serum Bilirubin total & direct,128.0,150.0,150.0,Laboratory Investigation,Tier I,CGHS O.M. 03.10.2025,2025-10-03
71,LB068,Serum Iron,213.0,250.0,250.0,Laboratory Investigation,Tier I,CGHS O.M. 03.10.2025,2025-10-03
72,LB069,C-Reactive Protein (CRP),213.0,250.0,250.0,Laboratory Investigation,Tier I,CGHS O.M. 03.10.2025,2025-10-03
73,LB070,C-Reactive Protein (CRP) Quantitative,255.0,300.0,300.0,Laboratory Investigation,Tier I,CGHS O.M. 03.10.2025,2025-10-03
74,LB071,"Body Fluid (CSF/Ascitic Fluid etc.) Sugar, Protein etc.",255.0,300.0,300.0,Laboratory Investigation,Tier I,CGHS O.M. 03.10.2025,2025-10-03
75,LB072,Albumin,43.0,50.0,50.0,Laboratory Investigation,Tier I,CGHS O.M. 03.10.2025,2025-10-03
76,LB073,Creatinine Clearance,170.0,200.0,200.0,Laboratory Investigation,Tier I,CGHS O.M. 03.10.2025,2025-10-03
77,LB074,Serum Cholesterol,128.0,150.0,150.0,Laboratory Investigation,Tier I,CGHS O.M. 03.10.2025,2025-10-03
78,LB075,Total Iron Binding Capacity (TIBC),255.0,300.0,300.0,Laboratory Investigation,Tier I,CGHS O.M. 03.10.2025,2025-10-03
79,LB076,Glucose (Fasting & PP),68.0,80.0,80.0,Laboratory Investigation,Tier I,CGHS O.M. 03.10.2025,2025-10-03
80,LB077,Serum Calcium –Total,128.0,150.0,150.0,Laboratory Investigation,Tier I,CGHS O.M. 03.10.2025,2025-10-03
81,LB078,Serum Calcium – Ionic,510.0,600.0,600.0,Laboratory Investigation,Tier I,CGHS O.M. 03.10.2025,2025-10-03
82,LB079,Serum Phosphorus,128.0,150.0,150.0,Laboratory Investigation,Tier I,CGHS O.M. 03.10.2025,2025-10-03
83,LB080,Total Protein Albumin/Globulin Ratio (A/G Ratio),60.0,70.0,70.0,Laboratory Investigation,Tier I,CGHS O.M. 03.10.2025,2025-10-03
84,LB081,Immunoglobulin G (IgG),340.0,400.0,400.0,Laboratory Investigation,Tier I,CGHS O.M. 03.10.2025,2025-10-03
85,LB082,Immunoglobulin M(IgM),340.0,400.0,400.0,Laboratory Investigation,Tier I,CGHS O.M. 03.10.2025,2025-10-03
86,LB083,Immunoglobulin A(IgA),340.0,400.0,400.0,Laboratory Investigation,Tier I,CGHS O.M. 03.10.2025,2025-10-03
87,LB084,Antinuclear Antibody (ANA),557.0,655.0,655.0,Laboratory Investigation,Tier I,CGHS O.M. 03.10.2025,2025-10-03
88,LB085,Anti-double stranded DNA (anti-dsDNA),680.0,800.0,800.0,Laboratory Investigation,Tier I,CGHS O.M. 03.10.2025,2025-10-03
89,LB086,Serum Glutamic Pyruvic Transaminase (SGPT) / Alanine Aminotransferase (ALT),85.0,100.0,100.0,Laboratory Investigation,Tier I,CGHS O.M. 03.10.2025,2025-10-03
90,LB087,Serum Glutamic Oxaloacetic Transaminase (SGOT) /Aspartate Aminotransferase (AST),85.0,100.0,100.0,Laboratory Investigation,Tier I,CGHS O.M. 03.10.2025,2025-10-03
91,LB088,Serum Amylase,255.0,300.0,300.0,Laboratory Investigation,Tier I,CGHS O.M. 03.10.2025,2025-10-03
92,LB089,Serum Lipase,340.0,400.0,400.0,Laboratory Investigation,Tier I,CGHS O.M. 03.10.2025,2025-10-03
93,LB090,Serum Lactate,425.0,500.0,500.0,Laboratory Investigation,Tier I,CGHS O.M. 03.10.2025,2025-10-03
94,LB091,Serum Magnesium,255.0,300.0,300.0,Laboratory Investigation,Tier I,CGHS O.M. 03.10.2025,2025-10-03
95,LB092,Serum Sodium,102.0,120.0,120.0,Laboratory Investigation,Tier I,CGHS O.M. 03.10.2025,2025-10-03
96,LB093,Serum Potassium,102.0,120.0,120.0,Laboratory Investigation,Tier I,CGHS O.M. 03.10.2025,2025-10-03
97,LB094,Chloride,128.0,150.0,150.0,Laboratory Investigation,Tier I,CGHS O.M. 03.10.2025,2025-10-03
98,LB095,Serum Bicarbonate,170.0,200.0,200.0,Laboratory Investigation,Tier I,CGHS O.M. 03.10.2025,2025-10-03
99,LB096,Serum Ammonia,570.0,670.0,670.0,Laboratory Investigation,Tier I,CGHS O.M. 03.10.2025,2025-10-03
100,LB097,"Anaemia Profile (Hb, Serum Iron, TIBC, Ferritin, Transferrin Saturation,Stool Occult Blood, CBC, Reticulocyte Count)",1122.0,1320.0,1320.0,Laboratory Investigation,Tier I,CGHS O.M. 03.10.2025,2025-10-03
101,LB098,Serum Testosterone,340.0,400.0,400.0,Laboratory Investigation,Tier I,CGHS O.M. 03.10.2025,2025-10-03
102,LB099,Imprint Smear from Endoscopy,850.0,1000.0,1000.0,Laboratory Investigation,Tier I,CGHS O.M. 03.10.2025,2025-10-03
103,LB100,Triglycerides,128.0,150.0,150.0,Laboratory Investigation,Tier I,CGHS O.M. 03.10.2025,2025-10-03
104,LB101,Glucose Tolerance Test (GTT),255.0,300.0,300.0,Laboratory Investigation,Tier I,CGHS O.M. 03.10.2025,2025-10-03
105,LB102,"Triple Marker Test (AFP,HCG,UE3)",1275.0,1500.0,1500.0,Laboratory Investigation,Tier I,CGHS O.M. 03.10.2025,2025-10-03
106,LB103,Creatine Phosphokinase (CPK)/Creatine Kinase (CK),196.0,230.0,230.0,Laboratory Investigation,Tier I,CGHS O.M. 03.10.2025,2025-10-03
107,LB104,Foetal Haemoglobin (HbF),425.0,500.0,500.0,Laboratory Investigation,Tier I,CGHS O.M. 03.10.2025,2025-10-03
108,LB105,Prothrombin Time (PT)/ International normalized ratio (INR),213.0,250.0,250.0,Laboratory Investigation,Tier I,CGHS O.M. 03.10.2025,2025-10-03
109,LB106,Lactate dehydrogenase (LDH),187.0,220.0,220.0,Laboratory Investigation,Tier I,CGHS O.M. 03.10.2025,2025-10-03
110,LB107,Alkaline Phosphatase,128.0,150.0,150.0,Laboratory Investigation,Tier I,CGHS O.M. 03.10.2025,2025-10-03
111,LB108,Acid Phosphatase,128.0,150.0,150.0,Laboratory Investigation,Tier I,CGHS O.M. 03.10.2025,2025-10-03
112,LB109,CPK MB/CK MB,306.0,360.0,360.0,Laboratory Investigation,Tier I,CGHS O.M. 03.10.2025,2025-10-03
113,LB110,CK MB Mass/CPK MB Mass,306.0,360.0,360.0,Laboratory Investigation,Tier I,CGHS O.M. 03.10.2025,2025-10-03
114,LB111,Troponin I,595.0,700.0,700.0,Laboratory Investigation,Tier I,CGHS O.M. 03.10.2025,2025-10-03
115,LB112,Troponin T,595.0,700.0,700.0,Laboratory Investigation,Tier I,CGHS O.M. 03.10.2025,2025-10-03
116,LB113,Glucose-6-Phosphate Dehydrogenase (G6PD),255.0,300.0,300.0,Laboratory Investigation,Tier I,CGHS O.M. 03.10.2025,2025-10-03
117,LB114,Lithium,298.0,350.0,350.0,Laboratory Investigation,Tier I,CGHS O.M. 03.10.2025,2025-10-03
118,LB115,Dilantin (Phenytoin),510.0,600.0,600.0,Laboratory Investigation,Tier I,CGHS O.M. 03.10.2025,2025-10-03
119,LB116,Carbamazepine.,595.0,700.0,700.0,Laboratory Investigation,Tier I,CGHS O.M. 03.10.2025,2025-10-03
120,LB117,Cyclosporine,2125.0,2500.0,2500.0,Laboratory Investigation,Tier I,CGHS O.M. 03.10.2025,2025-10-03
121,LB118,Valproic acid.,510.0,600.0,600.0,Laboratory Investigation,Tier I,CGHS O.M. 03.10.2025,2025-10-03
122,LB119,Blood gas analysis / Arterial Blood Gas (ABG),476.0,560.0,560.0,Laboratory Investigation,Tier I,CGHS O.M. 03.10.2025,2025-10-03
123,LB120,Blood gas analysis / Arterial Blood Gas (ABG) with electrolytes,680.0,800.0,800.0,Laboratory Investigation,Tier I,CGHS O.M. 03.10.2025,2025-10-03
124,LB121,Urine Pregnancy Test(UPT),85.0,100.0,100.0,Laboratory Investigation,Tier I,CGHS O.M. 03.10.2025,2025-10-03
125,LB122,Glycosylated Haemoglobin (HbA1c),255.0,300.0,300.0,Laboratory Investigation,Tier I,CGHS O.M. 03.10.2025,2025-10-03
126,LB123,"Kidney Function Test (KFT)- (Sr.Creatinine,Blood Urea,BUN,Sr.Uric Acid,Sr.Sodium,Sr.Potassium,Urine R/E)",425.0,500.0,500.0,Laboratory Investigation,Tier I,CGHS O.M. 03.10.2025,2025-10-03
127,LB124,Liver Function Test (LFT),425.0,500.0,500.0,Laboratory Investigation,Tier I,CGHS O.M. 03.10.2025,2025-10-03
128,LB125,"Lipid Profile (Total cholesterol ,Triglycerides, LDL, HDL,VLDL)",417.0,490.0,490.0,Laboratory Investigation,Tier I,CGHS O.M. 03.10.2025,2025-10-03
129,LB126,Serum Ferritin,298.0,350.0,350.0,Laboratory Investigation,Tier I,CGHS O.M. 03.10.2025,2025-10-03
130,LB127,Vitamin B12 Assay.,510.0,600.0,600.0,Laboratory Investigation,Tier I,CGHS O.M. 03.10.2025,2025-10-03
131,LB128,Folic Acid Assay.,553.0,650.0,650.0,Laboratory Investigation,Tier I,CGHS O.M. 03.10.2025,2025-10-03
132,LB129,"Extended Lipid Profile. (Total cholesterol, LDL,HDL, Triglycerides Apo A1, Apo B,Lp (a) )",850.0,1000.0,1000.0,Laboratory Investigation,Tier I,CGHS O.M. 03.10.2025,2025-10-03
133,LB130,Apolipoprotein A1 (ApoA1),340.0,400.0,400.0,Laboratory Investigation,Tier I,CGHS O.M. 03.10.2025,2025-10-03
134,LB131,Apolipoprotein B (Apo B),340.0,400.0,400.0,Laboratory Investigation,Tier I,CGHS O.M. 03.10.2025,2025-10-03
135,LB132,Lipoprotein A / Lp A,340.0,400.0,400.0,Laboratory Investigation,Tier I,CGHS O.M. 03.10.2025,2025-10-03
136,LB133,"CD 3,4 and 8 Counts",1054.0,1240.0,1240.0,Laboratory Investigation,Tier I,CGHS O.M. 03.10.2025,2025-10-03
137,LB134,"CD 3,4 and 8 Percentage",1284.0,1510.0,1510.0,Laboratory Investigation,Tier I,CGHS O.M. 03.10.2025,2025-10-03
138,LB135,Low Density Lipoprotein (LDL),128.0,150.0,150.0,Laboratory Investigation,Tier I,CGHS O.M. 03.10.2025,2025-10-03
139,LB136,Homocysteine,553.0,650.0,650.0,Laboratory Investigation,Tier I,CGHS O.M. 03.10.2025,2025-10-03
140,LB137,Serum Electrophoresis,595.0,700.0,700.0,Laboratory Investigation,Tier I,CGHS O.M. 03.10.2025,2025-10-03
141,LB138,Fibrinogen,425.0,500.0,500.0,Laboratory Investigation,Tier I,CGHS O.M. 03.10.2025,2025-10-03
142,LB139,Gamma-Glutamyl Transpeptidase (GGTP),128.0,150.0,150.0,Laboratory Investigation,Tier I,CGHS O.M. 03.10.2025,2025-10-03
143,LB140,Fructosamine,425.0,500.0,500.0,Laboratory Investigation,Tier I,CGHS O.M. 03.10.2025,2025-10-03
144,LB141,Beta 2 microglobulin (B2M) /β2 microglobulin,510.0,600.0,600.0,Laboratory Investigation,Tier I,CGHS O.M. 03.10.2025,2025-10-03
145,LB142,Prostate Specific Antigen (PSA)- Total,404.0,475.0,475.0,Laboratory Investigation,Tier I,CGHS O.M. 03.10.2025,2025-10-03
146,LB143,Prostate-Specific Antigen (PSA) - Free,680.0,800.0,800.0,Laboratory Investigation,Tier I,CGHS O.M. 03.10.2025,2025-10-03
147,LB144,Alpha Fetoprotein (AFP),468.0,550.0,550.0,Laboratory Investigation,Tier I,CGHS O.M. 03.10.2025,2025-10-03
148,LB145,Human Chorionic Gonadotropin (HCG)/ Beta HCG,383.0,450.0,450.0,Laboratory Investigation,Tier I,CGHS O.M. 03.10.2025,2025-10-03
149,LB146,Cancer Antigen 125 (CA 125),680.0,800.0,800.0,Laboratory Investigation,Tier I,CGHS O.M. 03.10.2025,2025-10-03
150,LB147,Cancer Antigen 19.9 (CA 19.9),680.0,800.0,800.0,Laboratory Investigation,Tier I,CGHS O.M. 03.10.2025,2025-10-03
151,LB148,Cancer Antigen 15.3 (CA 15.3),680.0,800.0,800.0,Laboratory Investigation,Tier I,CGHS O.M. 03.10.2025,2025-10-03
152,LB149,Vanillylmandelic Acid (VMA),1360.0,1600.0,1600.0,Laboratory Investigation,Tier I,CGHS O.M. 03.10.2025,2025-10-03
153,LB150,Calcitonin,1020.0,1200.0,1200.0,Laboratory Investigation,Tier I,CGHS O.M. 03.10.2025,2025-10-03
154,LB151,Carcinoembryonic Antigen (CEA),510.0,600.0,600.0,Laboratory Investigation,Tier I,CGHS O.M. 03.10.2025,2025-10-03
155,LB152,Direct Immunofluorescence (Skin and Kidney Disease etc),1020.0,1200.0,1200.0,Laboratory Investigation,Tier I,CGHS O.M. 03.10.2025,2025-10-03
156,LB153,Indirect (anti ds DNA Anti Smith ANCA),1020.0,1200.0,1200.0,Laboratory Investigation,Tier I,CGHS O.M. 03.10.2025,2025-10-03
157,LB154,Calcidiol / 25-hydroxycholecalciferol / Vitamin D3 assay (Vit D3),850.0,1000.0,1000.0,Laboratory Investigation,Tier I,CGHS O.M. 03.10.2025,2025-10-03
158,LB155,Serum Protein electrophoresis with immunofixation electrophoresis (IFE),595.0,700.0,700.0,Laboratory Investigation,Tier I,CGHS O.M. 03.10.2025,2025-10-03
159,LB156,Anti-Cyclic Citrullinated Peptide (Anti CCP),765.0,900.0,900.0,Laboratory Investigation,Tier I,CGHS O.M. 03.10.2025,2025-10-03
160,LB157,Anti-tissue Transglutaminase antibody (Anti TTG Antibody) / Tissue Transglutaminase IgA (tTg-IgA),680.0,800.0,800.0,Laboratory Investigation,Tier I,CGHS O.M. 03.10.2025,2025-10-03
161,LB158,Serum Erythropoietin,1020.0,1200.0,1200.0,Laboratory Investigation,Tier I,CGHS O.M. 03.10.2025,2025-10-03
162,LB159,Adrenocorticotropic Hormone (ACTH),1020.0,1200.0,1200.0,Laboratory Investigation,Tier I,CGHS O.M. 03.10.2025,2025-10-03
163,LB160,"T3, T4, TSH -Thyroid Function Test (TFT)",383.0,450.0,450.0,Laboratory Investigation,Tier I,CGHS O.M. 03.10.2025,2025-10-03
164,LB161,Thyroid stimulating hormone (TSH),170.0,200.0,200.0,Laboratory Investigation,Tier I,CGHS O.M. 03.10.2025,2025-10-03
165,LB162,Luteinizing hormone (LH),340.0,400.0,400.0,Laboratory Investigation,Tier I,CGHS O.M. 03.10.2025,2025-10-03
166,LB163,Follicle stimulating hormone (FSH),340.0,400.0,400.0,Laboratory Investigation,Tier I,CGHS O.M. 03.10.2025,2025-10-03
167,LB164,Prolactin,340.0,400.0,400.0,Laboratory Investigation,Tier I,CGHS O.M. 03.10.2025,2025-10-03
168,LB165,Cortisol,468.0,550.0,550.0,Laboratory Investigation,Tier I,CGHS O.M. 03.10.2025,2025-10-03
169,LB166,PTH(Parathormone),850.0,1000.0,1000.0,Laboratory Investigation,Tier I,CGHS O.M. 03.10.2025,2025-10-03
170,LB167,C-Peptide (Connecting Peptide),638.0,750.0,750.0,Laboratory Investigation,Tier I,CGHS O.M. 03.10.2025,2025-10-03
171,LB168,Insulin,425.0,500.0,500.0,Laboratory Investigation,Tier I,CGHS O.M. 03.10.2025,2025-10-03
172,LB169,Progesterone,340.0,400.0,400.0,Laboratory Investigation,Tier I,CGHS O.M. 03.10.2025,2025-10-03
173,LB170,17 Hydroxyprogesterone (17 OH Progesterone),638.0,750.0,750.0,Laboratory Investigation,Tier I,CGHS O.M. 03.10.2025,2025-10-03
174,LB171,Dehydroepiandrosterone sulfate (DHEAS),850.0,1000.0,1000.0,Laboratory Investigation,Tier I,CGHS O.M. 03.10.2025,2025-10-03
175,LB172,Androstenedione,850.0,1000.0,1000.0,Laboratory Investigation,Tier I,CGHS O.M. 03.10.2025,2025-10-03
176,LB173,Growth Hormone,510.0,600.0,600.0,Laboratory Investigation,Tier I,CGHS O.M. 03.10.2025,2025-10-03
177,LB174,Thyroid peroxidase antibody (TPO),595.0,700.0,700.0,Laboratory Investigation,Tier I,CGHS O.M. 03.10.2025,2025-10-03
178,LB175,Thyroglobulin.,595.0,700.0,700.0,Laboratory Investigation,Tier I,CGHS O.M. 03.10.2025,2025-10-03
179,LB176,Hydatid Serology,697.0,820.0,820.0,Laboratory Investigation,Tier I,CGHS O.M. 03.10.2025,2025-10-03
180,LB177,Anti Sperm Antibodies.,765.0,900.0,900.0,Laboratory Investigation,Tier I,CGHS O.M. 03.10.2025,2025-10-03
181,LB178,Hepatitis B Virus (HBV) DNA Qualitative,2125.0,2500.0,2500.0,Laboratory Investigation,Tier I,CGHS O.M. 03.10.2025,2025-10-03
182,LB179,Hepatitis B Virus (HBV) DNA Quantitative.,2975.0,3500.0,3500.0,Laboratory Investigation,Tier I,CGHS O.M. 03.10.2025,2025-10-03
183,LB180,Hepatitis C Virus (HCV) RNA Qualitative.,2550.0,3000.0,3000.0,Laboratory Investigation,Tier I,CGHS O.M. 03.10.2025,2025-10-03
184,LB181,Human papillomavirus (HPV) Serology,1360.0,1600.0,1600.0,Laboratory Investigation,Tier I,CGHS O.M. 03.10.2025,2025-10-03
185,LB182,Rota Virus serology,340.0,400.0,400.0,Laboratory Investigation,Tier I,CGHS O.M. 03.10.2025,2025-10-03
186,LB183,Mantoux Test,170.0,200.0,200.0,Laboratory Investigation,Tier I,CGHS O.M. 03.10.2025,2025-10-03
187,LB184,ADA( Adenosine deaminase),553.0,650.0,650.0,Laboratory Investigation,Tier I,CGHS O.M. 03.10.2025,2025-10-03
188,LB185,GeneXpert Test (Tuberculosis),880.0,1035.0,1035.0,Laboratory Investigation,Tier I,CGHS O.M. 03.10.2025,2025-10-03
189,LB186,QuantiFERON TB Gold,2125.0,2500.0,2500.0,Laboratory Investigation,Tier I,CGHS O.M. 03.10.2025,2025-10-03
190,LB187,PCR for Tuberculosis (TB),1020.0,1200.0,1200.0,Laboratory Investigation,Tier I,CGHS O.M. 03.10.2025,2025-10-03
191,LB188,PCR for Human immunodeficiency virus (HIV),1530.0,1800.0,1800.0,Laboratory Investigation,Tier I,CGHS O.M. 03.10.2025,2025-10-03
192,LB189,Chlamydia antigen,850.0,1000.0,1000.0,Laboratory Investigation,Tier I,CGHS O.M. 03.10.2025,2025-10-03
193,LB190,Chlamydia antibody,723.0,850.0,850.0,Laboratory Investigation,Tier I,CGHS O.M. 03.10.2025,2025-10-03
194,LB191,Brucella serology,383.0,450.0,450.0,Laboratory Investigation,Tier I,CGHS O.M. 03.10.2025,2025-10-03
195,LB192,Influenza A serology,850.0,1000.0,1000.0,Laboratory Investigation,Tier I,CGHS O.M. 03.10.2025,2025-10-03
196,LB193,Acetylcholine receptor (AChR) antibody titre,3825.0,4500.0,4500.0,Laboratory Investigation,Tier I,CGHS O.M. 03.10.2025,2025-10-03
197,LB194,Anti muscle specific receptor tyrosine kinase (Anti MuSK) antibody titre,5695.0,6700.0,6700.0,Laboratory Investigation,Tier I,CGHS O.M. 03.10.2025,2025-10-03
198,LB195,Serum Copper,553.0,650.0,650.0,Laboratory Investigation,Tier I,CGHS O.M. 03.10.2025,2025-10-03
199,LB196,Serum Ceruloplasmin,553.0,650.0,650.0,Laboratory Investigation,Tier I,CGHS O.M. 03.10.2025,2025-10-03
200,LB197,Urinary copper,714.0,840.0,840.0,Laboratory Investigation,Tier I,CGHS O.M. 03.10.2025,2025-10-03
201,LB198,Serum phenobarbitone level,510.0,600.0,600.0,Laboratory Investigation,Tier I,CGHS O.M. 03.10.2025,2025-10-03
202,LB199,Coagulation profile,638.0,750.0,750.0,Laboratory Investigation,Tier I,CGHS O.M. 03.10.2025,2025-10-03
203,LB200,D-Dimer,425.0,500.0,500.0,Laboratory Investigation,Tier I,CGHS O.M. 03.10.2025,2025-10-03
204,LB201,"CSF/Any Body Fluid for Basic studies including cell count, protein, sugar, gram stain, India Ink preparation and smear for AFB",298.0,350.0,350.0,Laboratory Investigation,Tier I,CGHS O.M. 03.10.2025,2025-10-03
205,LB202,PCR for Herpes simplex,1190.0,1400.0,1400.0,Laboratory Investigation,Tier I,CGHS O.M. 03.10.2025,2025-10-03
206,LB203,Bacterial culture and sensitivity - Aerobic,391.0,460.0,460.0,Laboratory Investigation,Tier I,CGHS O.M. 03.10.2025,2025-10-03
207,LB204,Bacterial culture and sensitivity - Anaerobic,595.0,700.0,700.0,Laboratory Investigation,Tier I,CGHS O.M. 03.10.2025,2025-10-03
208,LB205,Mycobacterial culture and sensitivity,468.0,550.0,550.0,Laboratory Investigation,Tier I,CGHS O.M. 03.10.2025,2025-10-03
209,LB206,Fungal culture,421.0,495.0,495.0,Laboratory Investigation,Tier I,CGHS O.M. 03.10.2025,2025-10-03
210,LB207,Anti measles antibody titre (with serum antibody titre),1020.0,1200.0,1200.0,Laboratory Investigation,Tier I,CGHS O.M. 03.10.2025,2025-10-03
211,LB208,Viral culture,510.0,600.0,600.0,Laboratory Investigation,Tier I,CGHS O.M. 03.10.2025,2025-10-03
212,LB209,"Antibody titre (Herpes simplex, cytomegalovirus, flavivirus, zoster varicella virus)",1785.0,2100.0,2100.0,Laboratory Investigation,Tier I,CGHS O.M. 03.10.2025,2025-10-03
213,LB210,Oligoclonal bands (OCBs),1913.0,2250.0,2250.0,Laboratory Investigation,Tier I,CGHS O.M. 03.10.2025,2025-10-03
214,LB211,Myelin basic protein (MBP),2975.0,3500.0,3500.0,Laboratory Investigation,Tier I,CGHS O.M. 03.10.2025,2025-10-03
215,LB212,Cryptococcal antigen,1275.0,1500.0,1500.0,Laboratory Investigation,Tier I,CGHS O.M. 03.10.2025,2025-10-03
216,LB213,D Xylose test,935.0,1100.0,1100.0,Laboratory Investigation,Tier I,CGHS O.M. 03.10.2025,2025-10-03
217,LB214,Faecal / Faecal fat test/ faecal chymotrypsin/ faecal elastase,850.0,1000.0,1000.0,Laboratory Investigation,Tier I,CGHS O.M. 03.10.2025,2025-10-03
218,LB215,H pylori serology for Coeliac disease /Celiac disease,1020.0,1200.0,1200.0,Laboratory Investigation,Tier I,CGHS O.M. 03.10.2025,2025-10-03
219,LB216,HBV genotyping,2444.0,2875.0,2875.0,Laboratory Investigation,Tier I,CGHS O.M. 03.10.2025,2025-10-03
220,LB217,HCV genotyping,4765.0,5606.0,5606.0,Laboratory Investigation,Tier I,CGHS O.M. 03.10.2025,2025-10-03
221,LB218,Urinary Vanillylmandelic Acid (VMA),1857.0,2185.0,2185.0,Laboratory Investigation,Tier I,CGHS O.M. 03.10.2025,2025-10-03
222,LB219,Urinary metanephrine/Normetanephrine,2465.0,2900.0,2900.0,Laboratory Investigation,Tier I,CGHS O.M. 03.10.2025,2025-10-03
223,LB220,Urinary free catecholamine,2125.0,2500.0,2500.0,Laboratory Investigation,Tier I,CGHS O.M. 03.10.2025,2025-10-03
224,LB221,Serum aldosterone,1530.0,1800.0,1800.0,Laboratory Investigation,Tier I,CGHS O.M. 03.10.2025,2025-10-03
225,LB222,24 Hr urinary aldosterone,1275.0,1500.0,1500.0,Laboratory Investigation,Tier I,CGHS O.M. 03.10.2025,2025-10-03
226,LB223,Plasma renin activity,1360.0,1600.0,1600.0,Laboratory Investigation,Tier I,CGHS O.M. 03.10.2025,2025-10-03
227,LB224,Serum aldosterone/renin ratio,1275.0,1500.0,1500.0,Laboratory Investigation,Tier I,CGHS O.M. 03.10.2025,2025-10-03
228,LB225,Osmolality urine,383.0,450.0,450.0,Laboratory Investigation,Tier I,CGHS O.M. 03.10.2025,2025-10-03
229,LB226,Osmolality serum,383.0,450.0,450.0,Laboratory Investigation,Tier I,CGHS O.M. 03.10.2025,2025-10-03
230,LB227,Urinary sodium,128.0,150.0,150.0,Laboratory Investigation,Tier I,CGHS O.M. 03.10.2025,2025-10-03
231,LB228,Urinary Chloride,128.0,150.0,150.0,Laboratory Investigation,Tier I,CGHS O.M. 03.10.2025,2025-10-03
232,LB229,Urinary potassium,128.0,150.0,150.0,Laboratory Investigation,Tier I,CGHS O.M. 03.10.2025,2025-10-03
233,LB230,Urinary calcium,128.0,150.0,150.0,Laboratory Investigation,Tier I,CGHS O.M. 03.10.2025,2025-10-03
234,LB231,Thyroid binding globulin,935.0,1100.0,1100.0,Laboratory Investigation,Tier I,CGHS O.M. 03.10.2025,2025-10-03
235,LB232,24-hour urinary free cortisol,638.0,750.0,750.0,Laboratory Investigation,Tier I,CGHS O.M. 03.10.2025,2025-10-03
236,LB233,Islet cell antibody,1020.0,1200.0,1200.0,Laboratory Investigation,Tier I,CGHS O.M. 03.10.2025,2025-10-03
237,LB234,Glutamic Acid Decarboxylase Autoantibodies test (GAD antibodies),1700.0,2000.0,2000.0,Laboratory Investigation,Tier I,CGHS O.M. 03.10.2025,2025-10-03
238,LB235,Insulin associated antibody,833.0,980.0,980.0,Laboratory Investigation,Tier I,CGHS O.M. 03.10.2025,2025-10-03
239,LB236,Insulin-like growth factor-1 (IGF-1),1870.0,2200.0,2200.0,Laboratory Investigation,Tier I,CGHS O.M. 03.10.2025,2025-10-03
240,LB237,Insulin-like growth factor binding protein 3 (IGF- BP3),1955.0,2300.0,2300.0,Laboratory Investigation,Tier I,CGHS O.M. 03.10.2025,2025-10-03
241,LB238,Sex hormone binding globulin,1309.0,1540.0,1540.0,Laboratory Investigation,Tier I,CGHS O.M. 03.10.2025,2025-10-03
242,LB239,Estradiol (E2),340.0,400.0,400.0,Laboratory Investigation,Tier I,CGHS O.M. 03.10.2025,2025-10-03
243,LB240,Thyroglobulin antibody,595.0,700.0,700.0,Laboratory Investigation,Tier I,CGHS O.M. 03.10.2025,2025-10-03
244,LB241,"Kappa Lambda Light Chains, Free, Serum/ Serum free light chains (SFLC)",3421.0,4025.0,4025.0,Laboratory Investigation,Tier I,CGHS O.M. 03.10.2025,2025-10-03
245,LB242,Serum IgE Level,323.0,380.0,380.0,Laboratory Investigation,Tier I,CGHS O.M. 03.10.2025,2025-10-03
246,LB243,N-terminal pro BNP (NT-pro BNP / Brain natriuretic peptide (BNP),1760.0,2070.0,2070.0,Laboratory Investigation,Tier I,CGHS O.M. 03.10.2025,2025-10-03
247,LB244,HCV RNA Quantitative,1568.0,1845.0,1845.0,Laboratory Investigation,Tier I,CGHS O.M. 03.10.2025,2025-10-03
248,LB245,Tacrolimus Level,2248.0,2645.0,2645.0,Laboratory Investigation,Tier I,CGHS O.M. 03.10.2025,2025-10-03
249,LB246,"Protein Creatinine Ratio (PCR), Urine / Albumin Creatinine Ratio (ACR), Urine",129.0,152.0,152.0,Laboratory Investigation,Tier I,CGHS O.M. 03.10.2025,2025-10-03
250,LB247,HLA B27 (PCR),489.0,575.0,575.0,Laboratory Investigation,Tier I,CGHS O.M. 03.10.2025,2025-10-03
251,LB248,Procalcitonin,1760.0,2070.0,2070.0,Laboratory Investigation,Tier I,CGHS O.M. 03.10.2025,2025-10-03
252,LB249,TORCH Test,1095.0,1288.0,1288.0,Laboratory Investigation,Tier I,CGHS O.M. 03.10.2025,2025-10-03
253,LB250,Anti –Smooth Muscle Antibody Test (ASMA),1241.0,1460.0,1460.0,Laboratory Investigation,Tier I,CGHS O.M. 03.10.2025,2025-10-03
254,LB251,C ANCA-IFA,1275.0,1500.0,1500.0,Laboratory Investigation,Tier I,CGHS O.M. 03.10.2025,2025-10-03
255,LB252,P ANCA-IFA,1275.0,1500.0,1500.0,Laboratory Investigation,Tier I,CGHS O.M. 03.10.2025,2025-10-03
256,LB253,Angiotensin converting enzyme (ACE),850.0,1000.0,1000.0,Laboratory Investigation,Tier I,CGHS O.M. 03.10.2025,2025-10-03
257,LB254,Extractable Nuclear Antigens (ENA) - Quantitative,3910.0,4600.0,4600.0,Laboratory Investigation,Tier I,CGHS O.M. 03.10.2025,2025-10-03
258,LB255,Chromogranin A,4250.0,5000.0,5000.0,Laboratory Investigation,Tier I,CGHS O.M. 03.10.2025,2025-10-03
259,LB256,Faecal calprotectin,2321.0,2730.0,2730.0,Laboratory Investigation,Tier I,CGHS O.M. 03.10.2025,2025-10-03
260,LB257,C3-COMPLEMENT,553.0,650.0,650.0,Laboratory Investigation,Tier I,CGHS O.M. 03.10.2025,2025-10-03
261,LB258,C4-COMPLEMENT,553.0,650.0,650.0,Laboratory Investigation,Tier I,CGHS O.M. 03.10.2025,2025-10-03
262,LB259,H1N1 (RT-PCR),921.0,1084.0,1084.0,Laboratory Investigation,Tier I,CGHS O.M. 03.10.2025,2025-10-03
263,LB260,Anti HEV IgM,850.0,1000.0,1000.0,Laboratory Investigation,Tier I,CGHS O.M. 03.10.2025,2025-10-03
264,LB261,Anti HAV IgM,638.0,750.0,750.0,Laboratory Investigation,Tier I,CGHS O.M. 03.10.2025,2025-10-03
265,LB262,HBsAg Quantitative,553.0,650.0,650.0,Laboratory Investigation,Tier I,CGHS O.M. 03.10.2025,2025-10-03
266,LB263,Typhidot IgM,340.0,400.0,400.0,Laboratory Investigation,Tier I,CGHS O.M. 03.10.2025,2025-10-03
267,LB264,Hepatitis B Core Antibody (HBcAb) Level (Hepatitis B Core IgM Antibody),408.0,480.0,480.0,Laboratory Investigation,Tier I,CGHS O.M. 03.10.2025,2025-10-03
268,LB265,Hepatitis B surface antibody (anti HBs),553.0,650.0,650.0,Laboratory Investigation,Tier I,CGHS O.M. 03.10.2025,2025-10-03
269,LB266,Free Triiodothyronine (FT3),106.0,125.0,125.0,Laboratory Investigation,Tier I,CGHS O.M. 03.10.2025,2025-10-03
270,LB267,Free Thyroxine (FT4),106.0,125.0,125.0,Laboratory Investigation,Tier I,CGHS O.M. 03.10.2025,2025-10-03
271,LB268,Widal Test,60.0,70.0,70.0,Laboratory Investigation,Tier I,CGHS O.M. 03.10.2025,2025-10-03
272,LB269,Dengue NS1 Ag,340.0,400.0,400.0,Laboratory Investigation,Tier I,CGHS O.M. 03.10.2025,2025-10-03
273,LB270,Dengue IgM and Ig G,680.0,800.0,800.0,Laboratory Investigation,Tier I,CGHS O.M. 03.10.2025,2025-10-03
274,LB271,Interleukin 6 (IL 6),1360.0,1600.0,1600.0,Laboratory Investigation,Tier I,CGHS O.M. 03.10.2025,2025-10-03
275,LB272,Covid Antibody Test,595.0,700.0,700.0,Laboratory Investigation,Tier I,CGHS O.M. 03.10.2025,2025-10-03
276,LB273,Cryoglobulins,850.0,1000.0,1000.0,Laboratory Investigation,Tier I,CGHS O.M. 03.10.2025,2025-10-03
277,LB274,Cytogenetics,4250.0,5000.0,5000.0,Laboratory Investigation,Tier I,CGHS O.M. 03.10.2025,2025-10-03
278,LB275,Plasma Free Normetanephrine,1955.0,2300.0,2300.0,Laboratory Investigation,Tier I,CGHS O.M. 03.10.2025,2025-10-03
279,LB276,Plasma Metanephrines,1955.0,2300.0,2300.0,Laboratory Investigation,Tier I,CGHS O.M. 03.10.2025,2025-10-03
280,LB277,PLA2 receptor antibody quantitative,3570.0,4200.0,4200.0,Laboratory Investigation,Tier I,CGHS O.M. 03.10.2025,2025-10-03
281,LB278,Allergic Bronchopulmonary Aspergillosis (ABPA) Panel,2465.0,2900.0,2900.0,Laboratory Investigation,Tier I,CGHS O.M. 03.10.2025,2025-10-03
282,LB279,Allergy Food Screening Panel,5100.0,6000.0,6000.0,Laboratory Investigation,Tier I,CGHS O.M. 03.10.2025,2025-10-03
283,LB280,AMA (Anti Mitochondrial Antibody),850.0,1000.0,1000.0,Laboratory Investigation,Tier I,CGHS O.M. 03.10.2025,2025-10-03
284,LB281,AMH (Anti- Mullerian Hormone),850.0,1000.0,1000.0,Laboratory Investigation,Tier I,CGHS O.M. 03.10.2025,2025-10-03
285,LB282,ANA BLOT,2550.0,3000.0,3000.0,Laboratory Investigation,Tier I,CGHS O.M. 03.10.2025,2025-10-03
286,LB283,ANA Profile,2550.0,3000.0,3000.0,Laboratory Investigation,Tier I,CGHS O.M. 03.10.2025,2025-10-03
287,LB284,Anti GBM (Glomerular Basement Membrane) Antibody,1275.0,1500.0,1500.0,Laboratory Investigation,Tier I,CGHS O.M. 03.10.2025,2025-10-03
288,LB285,Anti LKM (Liver Kidney Microsome) Ab,1275.0,1500.0,1500.0,Laboratory Investigation,Tier I,CGHS O.M. 03.10.2025,2025-10-03
289,LB286,Anti Parietal Cell Antibodies,1700.0,2000.0,2000.0,Laboratory Investigation,Tier I,CGHS O.M. 03.10.2025,2025-10-03
290,LB287,Anti Intrinsic Factor Antibodies,1700.0,2000.0,2000.0,Laboratory Investigation,Tier I,CGHS O.M. 03.10.2025,2025-10-03
291,LB288,ASO Titre /ASLO Titre,459.0,540.0,540.0,Laboratory Investigation,Tier I,CGHS O.M. 03.10.2025,2025-10-03
292,LB289,Aspergillus Fumigatus Specific IgE,1318.0,1550.0,1550.0,Laboratory Investigation,Tier I,CGHS O.M. 03.10.2025,2025-10-03
293,LB290,Autoimmune Encephalitis Panel,14450.0,17000.0,17000.0,Laboratory Investigation,Tier I,CGHS O.M. 03.10.2025,2025-10-03
294,LB291,Autoimmune Hepatitis Profile,2516.0,2960.0,2960.0,Laboratory Investigation,Tier I,CGHS O.M. 03.10.2025,2025-10-03
295,LB292,Beta-D-Glucan Assay,12750.0,15000.0,15000.0,Laboratory Investigation,Tier I,CGHS O.M. 03.10.2025,2025-10-03
296,LB293,C1 Esterase inhibitor (Quantitative ),2040.0,2400.0,2400.0,Laboratory Investigation,Tier I,CGHS O.M. 03.10.2025,2025-10-03
297,LB294,CMV Quantitative (Viral load) Test,1955.0,2300.0,2300.0,Laboratory Investigation,Tier I,CGHS O.M. 03.10.2025,2025-10-03
298,LB295,"Double Marker (Beta-hCG,PAPP-A)",1700.0,2000.0,2000.0,Laboratory Investigation,Tier I,CGHS O.M. 03.10.2025,2025-10-03
299,LB296,"Quadruple test (AFP,HCG,UE3,Inhibin A)",2040.0,2400.0,2400.0,Laboratory Investigation,Tier I,CGHS O.M. 03.10.2025,2025-10-03
300,LB297,HBeAb (Hepatitis B envelope Antibody),306.0,360.0,360.0,Laboratory Investigation,Tier I,CGHS O.M. 03.10.2025,2025-10-03
301,LB298,HBeAg (Hepatitis B envelope Antigen),306.0,360.0,360.0,Laboratory Investigation,Tier I,CGHS O.M. 03.10.2025,2025-10-03
302,LB299,HIAA 24 Hours Urinary,1955.0,2300.0,2300.0,Laboratory Investigation,Tier I,CGHS O.M. 03.10.2025,2025-10-03
303,LB300,HIV Viral Load by PCR,4250.0,5000.0,5000.0,Laboratory Investigation,Tier I,CGHS O.M. 03.10.2025,2025-10-03
304,LB301,HSV 1 & 2 IgG,697.0,820.0,820.0,Laboratory Investigation,Tier I,CGHS O.M. 03.10.2025,2025-10-03
305,LB302,Hypersensitive Pneumonitis Panel,6120.0,7200.0,7200.0,Laboratory Investigation,Tier I,CGHS O.M. 03.10.2025,2025-10-03
306,LB303,IgG4,1700.0,2000.0,2000.0,Laboratory Investigation,Tier I,CGHS O.M. 03.10.2025,2025-10-03
307,LB304,Inhibin A,765.0,900.0,900.0,Laboratory Investigation,Tier I,CGHS O.M. 03.10.2025,2025-10-03
308,LB305,Inhibin B,1615.0,1900.0,1900.0,Laboratory Investigation,Tier I,CGHS O.M. 03.10.2025,2025-10-03
309,LB306,Scrub Typhus IgM,1360.0,1600.0,1600.0,Laboratory Investigation,Tier I,CGHS O.M. 03.10.2025,2025-10-03
310,LB307,Interferon Gamma Release Assay (IGRA),2550.0,3000.0,3000.0,Laboratory Investigation,Tier I,CGHS O.M. 03.10.2025,2025-10-03
311,LB308,KOH Mount,128.0,150.0,150.0,Laboratory Investigation,Tier I,CGHS O.M. 03.10.2025,2025-10-03
312,LB309,Serum AMA M2 (IFA Method),1700.0,2000.0,2000.0,Laboratory Investigation,Tier I,CGHS O.M. 03.10.2025,2025-10-03
313,LB310,Serum Gastrin,1020.0,1200.0,1200.0,Laboratory Investigation,Tier I,CGHS O.M. 03.10.2025,2025-10-03
314,LB311,Serum Haptoglobin Levels,850.0,1000.0,1000.0,Laboratory Investigation,Tier I,CGHS O.M. 03.10.2025,2025-10-03
315,LB312,Skin Prick Test for Allergy,1530.0,1800.0,1800.0,Laboratory Investigation,Tier I,CGHS O.M. 03.10.2025,2025-10-03
316,LB313,Myositis Profile (Up to 16 Antigens),6800.0,8000.0,8000.0,Laboratory Investigation,Tier I,CGHS O.M. 03.10.2025,2025-10-03
317,LB314,Paraneoplastic Panel,8500.0,10000.0,10000.0,Laboratory Investigation,Tier I,CGHS O.M. 03.10.2025,2025-10-03
318,LB315,TSH Receptor Antibody,1020.0,1200.0,1200.0,Laboratory Investigation,Tier I,CGHS O.M. 03.10.2025,2025-10-03
319,LB316,Anti-Nuclear Antibodies - IFA,1360.0,1600.0,1600.0,Laboratory Investigation,Tier I,CGHS O.M. 03.10.2025,2025-10-03
320,LB317,Autoimmune Liver Diseases Profile,4250.0,5000.0,5000.0,Laboratory Investigation,Tier I,CGHS O.M. 03.10.2025,2025-10-03
321,LB318,Citrate Urine 24 Hour,978.0,1150.0,1150.0,Laboratory Investigation,Tier I,CGHS O.M. 03.10.2025,2025-10-03
322,LB319,Comprehensive Allergy Panel,5950.0,7000.0,7000.0,Laboratory Investigation,Tier I,CGHS O.M. 03.10.2025,2025-10-03
323,LB320,Comprehensive Myeloma Protein Panel,5950.0,7000.0,7000.0,Laboratory Investigation,Tier I,CGHS O.M. 03.10.2025,2025-10-03
324,LB321,DCP (DES Gamma-Carboxy- Prothrombin),2848.0,3350.0,3350.0,Laboratory Investigation,Tier I,CGHS O.M. 03.10.2025,2025-10-03
325,LB322,Desmoglein (DSG) 1 And 3 Antibody,4590.0,5400.0,5400.0,Laboratory Investigation,Tier I,CGHS O.M. 03.10.2025,2025-10-03
326,LB323,Galactomannan,2644.0,3110.0,3110.0,Laboratory Investigation,Tier I,CGHS O.M. 03.10.2025,2025-10-03
327,LB324,SCL 70 Antibody,1428.0,1680.0,1680.0,Laboratory Investigation,Tier I,CGHS O.M. 03.10.2025,2025-10-03
328,LB325,Serum Chromogranin A,3230.0,3800.0,3800.0,Laboratory Investigation,Tier I,CGHS O.M. 03.10.2025,2025-10-03
329,LB326,SSA- Antibody Ro Serum Test,1233.0,1450.0,1450.0,Laboratory Investigation,Tier I,CGHS O.M. 03.10.2025,2025-10-03
330,LB327,SSB- Antibody La Serum Test,1233.0,1450.0,1450.0,Laboratory Investigation,Tier I,CGHS O.M. 03.10.2025,2025-10-03
331,LB328,Stool for Clostridium difficile Toxin,2414.0,2840.0,2840.0,Laboratory Investigation,Tier I,CGHS O.M. 03.10.2025,2025-10-03
332,LB329,TPHA,340.0,400.0,400.0,Laboratory Investigation,Tier I,CGHS O.M. 03.10.2025,2025-10-03
333,LB330,UGT1A1 Gene Analysis,5100.0,6000.0,6000.0,Laboratory Investigation,Tier I,CGHS O.M. 03.10.2025,2025-10-03
334,LB331,Urine For Myoglobin,468.0,550.0,550.0,Laboratory Investigation,Tier I,CGHS O.M. 03.10.2025,2025-10-03
335,LB332,Leptospira Ig M,850.0,1000.0,1000.0,Laboratory Investigation,Tier I,CGHS O.M. 03.10.2025,2025-10-03
336,LB333,Chikungunya Ig M,850.0,1000.0,1000.0,Laboratory Investigation,Tier I,CGHS O.M. 03.10.2025,2025-10-03
337,LB334,Weil Felix Agglutination Test,425.0,500.0,500.0,Laboratory Investigation,Tier I,CGHS O.M. 03.10.2025,2025-10-03
338,LB335,Continuous Glucose Monitoring for 2 Weeks,3400.0,4000.0,4000.0,Laboratory Investigation,Tier I,CGHS O.M. 03.10.2025,2025-10-03
339,RI001,2D echocardiography,1254.0,1475.0,1475.0,Radiological Investigation,Tier I,CGHS O.M. 03.10.2025,2025-10-03
340,RI002,Fetal Echo,1360.0,1600.0,1600.0,Radiological Investigation,Tier I,CGHS O.M. 03.10.2025,2025-10-03
341,RI003,2D Transoesophageal Echocardiography (TEE),1403.0,1650.0,1650.0,Radiological Investigation,Tier I,CGHS O.M. 03.10.2025,2025-10-03
342,RI004,3D Transoesophageal Echocardiography (TEE),1403.0,1650.0,1650.0,Radiological Investigation,Tier I,CGHS O.M. 03.10.2025,2025-10-03
343,RI005,Stress Echo- exercise,2040.0,2400.0,2400.0,Radiological Investigation,Tier I,CGHS O.M. 03.10.2025,2025-10-03
344,RI006,Stress Echo- pharmacological / D Stress Echo,2550.0,3000.0,3000.0,Radiological Investigation,Tier I,CGHS O.M. 03.10.2025,2025-10-03
345,RI007,Stress Myocardial Perfusion Imaging (MPI)- exercise,7820.0,9200.0,9200.0,Radiological Investigation,Tier I,CGHS O.M. 03.10.2025,2025-10-03
346,RI008,Stress Myocardial Perfusion Imaging (MPI) - pharmacological,7820.0,9200.0,9200.0,Radiological Investigation,Tier I,CGHS O.M. 03.10.2025,2025-10-03
347,RI009,CT Coronary Angiography including Calcium Score Test,7820.0,9200.0,9200.0,Radiological Investigation,Tier I,CGHS O.M. 03.10.2025,2025-10-03
348,RI010,Cardiac CT scan,5525.0,6500.0,6500.0,Radiological Investigation,Tier I,CGHS O.M. 03.10.2025,2025-10-03
349,RI011,MRI Cardiac,6800.0,8000.0,8000.0,Radiological Investigation,Tier I,CGHS O.M. 03.10.2025,2025-10-03
350,RI012,Stress Cardiac MRI,7820.0,9200.0,9200.0,Radiological Investigation,Tier I,CGHS O.M. 03.10.2025,2025-10-03
351,RI013,Cardiac PET,7820.0,9200.0,9200.0,Radiological Investigation,Tier I,CGHS O.M. 03.10.2025,2025-10-03
352,RI014,USG Transvaginal sonography (TVS for Follicular monitoring /aspiration) /TVS for follicular monitoring/pelvic pathology/ET measurement,850.0,1000.0,1000.0,Radiological Investigation,Tier I,CGHS O.M. 03.10.2025,2025-10-03
353,RI015,"Growth scan (including BPP, AFI, Doppler)",1700.0,2000.0,2000.0,Radiological Investigation,Tier I,CGHS O.M. 03.10.2025,2025-10-03
354,RI016,1st trimester scan-dating scan/NT scan/Early pregnancy scan,595.0,700.0,700.0,Radiological Investigation,Tier I,CGHS O.M. 03.10.2025,2025-10-03
355,RI017,USG Colour Doppler Pregnancy / Fetal Doppler/Umbilical Doppler/Uterine Vessel Doppler,1424.0,1675.0,1675.0,Radiological Investigation,Tier I,CGHS O.M. 03.10.2025,2025-10-03
356,RI018,Biophysical score / Biophysical profile test (BPP test),1275.0,1500.0,1500.0,Radiological Investigation,Tier I,CGHS O.M. 03.10.2025,2025-10-03
357,RI019,USG Obstetrics for Anomalies scan,1700.0,2000.0,2000.0,Radiological Investigation,Tier I,CGHS O.M. 03.10.2025,2025-10-03
358,RI020,USG Whole Abdomen Including Pelvis and post Void urine,680.0,800.0,800.0,Radiological Investigation,Tier I,CGHS O.M. 03.10.2025,2025-10-03
359,RI021,"Pelvic USG (gynae, infertility, prostate , KUB with post- void residual (PVR) etc ).",425.0,500.0,500.0,Radiological Investigation,Tier I,CGHS O.M. 03.10.2025,2025-10-03
360,RI022,"USG Small parts (scrotum, thyroid, parathyroid etc)",655.0,770.0,770.0,Radiological Investigation,Tier I,CGHS O.M. 03.10.2025,2025-10-03
361,RI023,"USG Large Parts (Joints/Chest,...etc)",680.0,800.0,800.0,Radiological Investigation,Tier I,CGHS O.M. 03.10.2025,2025-10-03
362,RI024,USG Neonatal spine,850.0,1000.0,1000.0,Radiological Investigation,Tier I,CGHS O.M. 03.10.2025,2025-10-03
363,RI025,USG Breast including relevant Lymph nodes- Bilateral/Unilateral,680.0,800.0,800.0,Radiological Investigation,Tier I,CGHS O.M. 03.10.2025,2025-10-03
364,RI026,USG Hysterosalpingography (HSG),2040.0,2400.0,2400.0,Radiological Investigation,Tier I,CGHS O.M. 03.10.2025,2025-10-03
365,RI027,Fibroscan Liver,978.0,1150.0,1150.0,Radiological Investigation,Tier I,CGHS O.M. 03.10.2025,2025-10-03
366,RI028,Carotid Doppler Bilateral,850.0,1000.0,1000.0,Radiological Investigation,Tier I,CGHS O.M. 03.10.2025,2025-10-03
367,RI029,Arterial Colour Doppler Bilateral,850.0,1000.0,1000.0,Radiological Investigation,Tier I,CGHS O.M. 03.10.2025,2025-10-03
368,RI030,Venous Colour Doppler Bilateral,850.0,1000.0,1000.0,Radiological Investigation,Tier I,CGHS O.M. 03.10.2025,2025-10-03
369,RI031,"Colour Doppler, renal arteries/any other organ",850.0,1000.0,1000.0,Radiological Investigation,Tier I,CGHS O.M. 03.10.2025,2025-10-03
370,RI032,X Ray Abdomen AP Supine or Erect (One film),213.0,250.0,250.0,Radiological Investigation,Tier I,CGHS O.M. 03.10.2025,2025-10-03
371,RI033,X Ray Abdomen Lateral view (one film),179.0,210.0,210.0,Radiological Investigation,Tier I,CGHS O.M. 03.10.2025,2025-10-03
372,RI034,X Ray Chest PA /AP/ Oblique view (one film),196.0,230.0,230.0,Radiological Investigation,Tier I,CGHS O.M. 03.10.2025,2025-10-03
373,RI035,X Ray Chest Lateral (one film),196.0,230.0,230.0,Radiological Investigation,Tier I,CGHS O.M. 03.10.2025,2025-10-03
374,RI036,"X Ray Mastoids: Towne view, oblique views (3 films)",425.0,500.0,500.0,Radiological Investigation,Tier I,CGHS O.M. 03.10.2025,2025-10-03
375,RI037,"X Ray Extremities (Hand/Leg/Feet/Finger/Toe) bones & Joints (Hip/ Knee/Ankle / shoulder/ Wrist / fingers/Toes, etc) AP & Lateral views (standing or weight bearing)(Two films)",323.0,380.0,380.0,Radiological Investigation,Tier I,CGHS O.M. 03.10.2025,2025-10-03
376,RI038,X Ray Pelvis AP (one film),170.0,200.0,200.0,Radiological Investigation,Tier I,CGHS O.M. 03.10.2025,2025-10-03
377,RI039,X Ray Temporomandibular (TM) Joints (one film),213.0,250.0,250.0,Radiological Investigation,Tier I,CGHS O.M. 03.10.2025,2025-10-03
378,RI040,X Ray Abdomen & Pelvis for KUB,200.0,235.0,235.0,Radiological Investigation,Tier I,CGHS O.M. 03.10.2025,2025-10-03
379,RI041,"X Ray Skull AP & Lateral (2 films)/ Extra oral radiographs - All skull views, TMJ, Lateral oblique [Dental]",340.0,400.0,400.0,Radiological Investigation,Tier I,CGHS O.M. 03.10.2025,2025-10-03
380,RI042,X Ray Spine AP & Lateral (2 films),340.0,400.0,400.0,Radiological Investigation,Tier I,CGHS O.M. 03.10.2025,2025-10-03
381,RI043,X Ray Paranasal sinuses (PNS) view (1 film),170.0,200.0,200.0,Radiological Investigation,Tier I,CGHS O.M. 03.10.2025,2025-10-03
382,RI044,Barium Swallow,1020.0,1200.0,1200.0,Radiological Investigation,Tier I,CGHS O.M. 03.10.2025,2025-10-03
383,RI045,Barium Upper GI study,1275.0,1500.0,1500.0,Radiological Investigation,Tier I,CGHS O.M. 03.10.2025,2025-10-03
384,RI046,Barium Upper GI study (Double contrast),1700.0,2000.0,2000.0,Radiological Investigation,Tier I,CGHS O.M. 03.10.2025,2025-10-03
385,RI047,Barium Meal follow through,1700.0,2000.0,2000.0,Radiological Investigation,Tier I,CGHS O.M. 03.10.2025,2025-10-03
386,RI048,Barium Enema (Single contrast/double contrast),1700.0,2000.0,2000.0,Radiological Investigation,Tier I,CGHS O.M. 03.10.2025,2025-10-03
387,RI049,Small bowel enteroclysis,1700.0,2000.0,2000.0,Radiological Investigation,Tier I,CGHS O.M. 03.10.2025,2025-10-03
388,RI050,General:Fistulography / Sinography/Sialography/Dacrocystography/ T-Tube cholangiogram/Nephrostogram,1080.0,1270.0,1270.0,Radiological Investigation,Tier I,CGHS O.M. 03.10.2025,2025-10-03
389,RI051,Intravenous Pyelography (IVP),1403.0,1650.0,1650.0,Radiological Investigation,Tier I,CGHS O.M. 03.10.2025,2025-10-03
390,RI052,Micturating Cystourethrography (MCU),952.0,1120.0,1120.0,Radiological Investigation,Tier I,CGHS O.M. 03.10.2025,2025-10-03
391,RI053,Retrograde Urethrography (RGU),952.0,1120.0,1120.0,Radiological Investigation,Tier I,CGHS O.M. 03.10.2025,2025-10-03
392,RI054,Contrast Hystero-Salpingography (HSG),1700.0,2000.0,2000.0,Radiological Investigation,Tier I,CGHS O.M. 03.10.2025,2025-10-03
393,RI055,X ray Arthrography,1700.0,2000.0,2000.0,Radiological Investigation,Tier I,CGHS O.M. 03.10.2025,2025-10-03
394,RI056,Ortho Scanogram,1437.0,1690.0,1690.0,Radiological Investigation,Tier I,CGHS O.M. 03.10.2025,2025-10-03
395,RI057,Cephalography,298.0,350.0,350.0,Radiological Investigation,Tier I,CGHS O.M. 03.10.2025,2025-10-03
396,RI058,Myelography,2125.0,2500.0,2500.0,Radiological Investigation,Tier I,CGHS O.M. 03.10.2025,2025-10-03
397,RI059,Diagnostic Digital Subtraction Angiography (DSA) cerebral vessels,11390.0,13400.0,13400.0,Radiological Investigation,Tier I,CGHS O.M. 03.10.2025,2025-10-03
398,RI060,X Ray Mammography – Bilateral/Unilateral,1169.0,1375.0,1375.0,Radiological Investigation,Tier I,CGHS O.M. 03.10.2025,2025-10-03
399,RI061,MRI Mammography,4250.0,5000.0,5000.0,Radiological Investigation,Tier I,CGHS O.M. 03.10.2025,2025-10-03
400,RI062,CT Scan Head/ Brain-Without Contrast / NCCT Head/Brain,880.0,1035.0,1035.0,Radiological Investigation,Tier I,CGHS O.M. 03.10.2025,2025-10-03
401,RI063,CT Scan Head / Brain- with Contrast -including CT angiography,1870.0,2200.0,2200.0,Radiological Investigation,Tier I,CGHS O.M. 03.10.2025,2025-10-03
402,RI064,CT Scan Chest - without contrast (for lungs),1700.0,2000.0,2000.0,Radiological Investigation,Tier I,CGHS O.M. 03.10.2025,2025-10-03
403,RI065,High Resolution computed Tomography (HRCT Chest),1700.0,2000.0,2000.0,Radiological Investigation,Tier I,CGHS O.M. 03.10.2025,2025-10-03
404,RI066,Contrast Enhanced Computed Tomograpy (CECT) Chest (Including CD),2444.0,2875.0,2875.0,Radiological Investigation,Tier I,CGHS O.M. 03.10.2025,2025-10-03
405,RI067,CT Scan Lower Abdomen (incl. Pelvis) With Contrast/ CT KUB with Contrast,3825.0,4500.0,4500.0,Radiological Investigation,Tier I,CGHS O.M. 03.10.2025,2025-10-03
406,RI068,CT Scan Lower Abdomen (Incl. Pelvis) Without Contrast / CT KUB without Contrast,2975.0,3500.0,3500.0,Radiological Investigation,Tier I,CGHS O.M. 03.10.2025,2025-10-03
407,RI069,CT Scan Whole Abdomen Without Contrast,2933.0,3450.0,3450.0,Radiological Investigation,Tier I,CGHS O.M. 03.10.2025,2025-10-03
408,RI070,CT Scan Whole Abdomen With Contrast,4399.0,5175.0,5175.0,Radiological Investigation,Tier I,CGHS O.M. 03.10.2025,2025-10-03
409,RI071,Triple Phase CT abdomen,4399.0,5175.0,5175.0,Radiological Investigation,Tier I,CGHS O.M. 03.10.2025,2025-10-03
410,RI072,CT Urography,3825.0,4500.0,4500.0,Radiological Investigation,Tier I,CGHS O.M. 03.10.2025,2025-10-03
411,RI073,CT Scan Angiography Chest,4399.0,5175.0,5175.0,Radiological Investigation,Tier I,CGHS O.M. 03.10.2025,2025-10-03
412,RI074,CT Scan Angiography Abdomen,4399.0,5175.0,5175.0,Radiological Investigation,Tier I,CGHS O.M. 03.10.2025,2025-10-03
413,RI075,CT Angiography Entire Aorta ( CT Aortogram),8500.0,10000.0,10000.0,Radiological Investigation,Tier I,CGHS O.M. 03.10.2025,2025-10-03
414,RI076,CT Scan Enteroclysis,5865.0,6900.0,6900.0,Radiological Investigation,Tier I,CGHS O.M. 03.10.2025,2025-10-03
415,RI077,CT Scan Neck – Without Contrast,2125.0,2500.0,2500.0,Radiological Investigation,Tier I,CGHS O.M. 03.10.2025,2025-10-03
416,RI078,CT Scan Neck – With Contrast,2975.0,3500.0,3500.0,Radiological Investigation,Tier I,CGHS O.M. 03.10.2025,2025-10-03
417,RI079,CT Angio-Neck Vessels,5100.0,6000.0,6000.0,Radiological Investigation,Tier I,CGHS O.M. 03.10.2025,2025-10-03
418,RI080,CT Scan Orbits - Without Contrast,1870.0,2200.0,2200.0,Radiological Investigation,Tier I,CGHS O.M. 03.10.2025,2025-10-03
419,RI081,CT Scan Orbits - With Contrast,2720.0,3200.0,3200.0,Radiological Investigation,Tier I,CGHS O.M. 03.10.2025,2025-10-03
420,RI082,CT Scan of Para Nasal Sinuses (CT PNS)- Without Contrast,1955.0,2300.0,2300.0,Radiological Investigation,Tier I,CGHS O.M. 03.10.2025,2025-10-03
421,RI083,CT Scan of Para Nasal Sinuses (CT PNS)- With Contrast,2805.0,3300.0,3300.0,Radiological Investigation,Tier I,CGHS O.M. 03.10.2025,2025-10-03
422,RI084,"CT Scan Spine (Cervical, Dorsal, Lumbar,Sacral)–without Contrast",2380.0,2800.0,2800.0,Radiological Investigation,Tier I,CGHS O.M. 03.10.2025,2025-10-03
423,RI085,CT Scan Temporal bone – without contrast,2125.0,2500.0,2500.0,Radiological Investigation,Tier I,CGHS O.M. 03.10.2025,2025-10-03
424,RI086,CT Scan / Cone Beam CT (CBCT) Dental,1275.0,1500.0,1500.0,Radiological Investigation,Tier I,CGHS O.M. 03.10.2025,2025-10-03
425,RI087,CT Scan Limbs -Without Contrast,2380.0,2800.0,2800.0,Radiological Investigation,Tier I,CGHS O.M. 03.10.2025,2025-10-03
426,RI088,CT Scan Limbs -With Contrast including CT angiography,4930.0,5800.0,5800.0,Radiological Investigation,Tier I,CGHS O.M. 03.10.2025,2025-10-03
427,RI089,MRI Head / Brain – Without Contrast,2338.0,2750.0,2750.0,Radiological Investigation,Tier I,CGHS O.M. 03.10.2025,2025-10-03
428,RI090,MRI Head / Brain– With Contrast,4250.0,5000.0,5000.0,Radiological Investigation,Tier I,CGHS O.M. 03.10.2025,2025-10-03
429,RI091,MRI Orbits – Without Contrast,1590.0,1870.0,1870.0,Radiological Investigation,Tier I,CGHS O.M. 03.10.2025,2025-10-03
430,RI092,MRI Orbits – With Contrast,4250.0,5000.0,5000.0,Radiological Investigation,Tier I,CGHS O.M. 03.10.2025,2025-10-03
431,RI093,MRI Nasopharynx and PNS – Without Contrast,2975.0,3500.0,3500.0,Radiological Investigation,Tier I,CGHS O.M. 03.10.2025,2025-10-03
432,RI094,MRI Nasopharynx and PNS – With Contrast,4250.0,5000.0,5000.0,Radiological Investigation,Tier I,CGHS O.M. 03.10.2025,2025-10-03
433,RI095,MR for Salivary Glands with Sialography/Maxillofacial MRI,4250.0,5000.0,5000.0,Radiological Investigation,Tier I,CGHS O.M. 03.10.2025,2025-10-03
434,RI096,MRI Neck - Without Contrast,2975.0,3500.0,3500.0,Radiological Investigation,Tier I,CGHS O.M. 03.10.2025,2025-10-03
435,RI097,MRI Neck- with contrast,4888.0,5750.0,5750.0,Radiological Investigation,Tier I,CGHS O.M. 03.10.2025,2025-10-03
436,RI098,MRI Shoulder – Without contrast,2975.0,3500.0,3500.0,Radiological Investigation,Tier I,CGHS O.M. 03.10.2025,2025-10-03
437,RI099,MRI Shoulder – With contrast,4250.0,5000.0,5000.0,Radiological Investigation,Tier I,CGHS O.M. 03.10.2025,2025-10-03
438,RI100,MRI shoulder both Joints - Without contrast,3400.0,4000.0,4000.0,Radiological Investigation,Tier I,CGHS O.M. 03.10.2025,2025-10-03
439,RI101,MRI Shoulder both joints – With contrast,5100.0,6000.0,6000.0,Radiological Investigation,Tier I,CGHS O.M. 03.10.2025,2025-10-03
440,RI102,MRI Wrist Single joint - Without contrast,2805.0,3300.0,3300.0,Radiological Investigation,Tier I,CGHS O.M. 03.10.2025,2025-10-03
441,RI103,MRI Wrist Single joint - With contrast,4250.0,5000.0,5000.0,Radiological Investigation,Tier I,CGHS O.M. 03.10.2025,2025-10-03
442,RI104,MRI Wrist both joints - Without contrast,3400.0,4000.0,4000.0,Radiological Investigation,Tier I,CGHS O.M. 03.10.2025,2025-10-03
443,RI105,MRI Wrist Both joints - With contrast,4888.0,5750.0,5750.0,Radiological Investigation,Tier I,CGHS O.M. 03.10.2025,2025-10-03
444,RI106,MRI knee Single joint - Without contrast,2550.0,3000.0,3000.0,Radiological Investigation,Tier I,CGHS O.M. 03.10.2025,2025-10-03
445,RI107,MRI knee Single joint - With contrast,4888.0,5750.0,5750.0,Radiological Investigation,Tier I,CGHS O.M. 03.10.2025,2025-10-03
446,RI108,MRI knee both joints - Without contrast,3400.0,4000.0,4000.0,Radiological Investigation,Tier I,CGHS O.M. 03.10.2025,2025-10-03
447,RI109,MRI knee both joints - With contrast,4888.0,5750.0,5750.0,Radiological Investigation,Tier I,CGHS O.M. 03.10.2025,2025-10-03
448,RI110,MRI Ankle Single joint - Without contrast,2975.0,3500.0,3500.0,Radiological Investigation,Tier I,CGHS O.M. 03.10.2025,2025-10-03
449,RI111,MRI Ankle single joint - With contrast,4250.0,5000.0,5000.0,Radiological Investigation,Tier I,CGHS O.M. 03.10.2025,2025-10-03
450,RI112,MRI Ankle both joints - With contrast,5525.0,6500.0,6500.0,Radiological Investigation,Tier I,CGHS O.M. 03.10.2025,2025-10-03
451,RI113,MRI Ankle both joints - Without contrast,2975.0,3500.0,3500.0,Radiological Investigation,Tier I,CGHS O.M. 03.10.2025,2025-10-03
452,RI114,MRI Hip - With contrast,4250.0,5000.0,5000.0,Radiological Investigation,Tier I,CGHS O.M. 03.10.2025,2025-10-03
453,RI115,MRI Hip – without contrast,2975.0,3500.0,3500.0,Radiological Investigation,Tier I,CGHS O.M. 03.10.2025,2025-10-03
454,RI116,MRI Pelvis – Without Contrast,2975.0,3500.0,3500.0,Radiological Investigation,Tier I,CGHS O.M. 03.10.2025,2025-10-03
455,RI117,MRI Pelvis – with contrast,4888.0,5750.0,5750.0,Radiological Investigation,Tier I,CGHS O.M. 03.10.2025,2025-10-03
456,RI118,MRI Extremities - With contrast,4888.0,5750.0,5750.0,Radiological Investigation,Tier I,CGHS O.M. 03.10.2025,2025-10-03
457,RI119,MRI Extremities - Without contrast,2975.0,3500.0,3500.0,Radiological Investigation,Tier I,CGHS O.M. 03.10.2025,2025-10-03
458,RI120,MRI Temporomandibular – B/L - With contrast / MRI TMJ (Double Joint) with contrast,4250.0,5000.0,5000.0,Radiological Investigation,Tier I,CGHS O.M. 03.10.2025,2025-10-03
459,RI121,MRI Temporomandibular – B/L - Without contrast / MRI -TMJ(Double Joint) without contrast,2975.0,3500.0,3500.0,Radiological Investigation,Tier I,CGHS O.M. 03.10.2025,2025-10-03
460,RI122,MR Temporal Bone/ Inner ear with contrast,4250.0,5000.0,5000.0,Radiological Investigation,Tier I,CGHS O.M. 03.10.2025,2025-10-03
461,RI123,MRI Temporal Bone/ Inner ear without contrast,2975.0,3500.0,3500.0,Radiological Investigation,Tier I,CGHS O.M. 03.10.2025,2025-10-03
462,RI124,MRI Abdomen – Without Contrast,2975.0,3500.0,3500.0,Radiological Investigation,Tier I,CGHS O.M. 03.10.2025,2025-10-03
463,RI125,MRI Abdomen – With Contrast,4888.0,5750.0,5750.0,Radiological Investigation,Tier I,CGHS O.M. 03.10.2025,2025-10-03
464,RI126,MRI-Prostate (Multi-parametric) (Including CD),5865.0,6900.0,6900.0,Radiological Investigation,Tier I,CGHS O.M. 03.10.2025,2025-10-03
465,RI127,MRI Breast - With Contrast,4250.0,5000.0,5000.0,Radiological Investigation,Tier I,CGHS O.M. 03.10.2025,2025-10-03
466,RI128,MRI Breast - Without Contrast,2975.0,3500.0,3500.0,Radiological Investigation,Tier I,CGHS O.M. 03.10.2025,2025-10-03
467,RI129,MRI whole Spine Screening- Without Contrast,1700.0,2000.0,2000.0,Radiological Investigation,Tier I,CGHS O.M. 03.10.2025,2025-10-03
468,RI130,MRI Chest – Without Contrast,2975.0,3500.0,3500.0,Radiological Investigation,Tier I,CGHS O.M. 03.10.2025,2025-10-03
469,RI131,MRI Chest – With Contrast,4250.0,5000.0,5000.0,Radiological Investigation,Tier I,CGHS O.M. 03.10.2025,2025-10-03
470,RI132,MRI Whole spine – Without Contrast,3740.0,4400.0,4400.0,Radiological Investigation,Tier I,CGHS O.M. 03.10.2025,2025-10-03
471,RI133,MRI Cervical/ Cervico Dorsal Spine – With Contrast,4250.0,5000.0,5000.0,Radiological Investigation,Tier I,CGHS O.M. 03.10.2025,2025-10-03
472,RI134,MRI Dorsal/ Dorso Lumbar Spine - Without Contrast,2975.0,3500.0,3500.0,Radiological Investigation,Tier I,CGHS O.M. 03.10.2025,2025-10-03
473,RI135,MRI Dorsal/ Dorso Lumbar Spine – With Contrast,4250.0,5000.0,5000.0,Radiological Investigation,Tier I,CGHS O.M. 03.10.2025,2025-10-03
474,RI136,MRI Lumbar/ Lumbo-Sacral Spine – Without Contrast,2975.0,3500.0,3500.0,Radiological Investigation,Tier I,CGHS O.M. 03.10.2025,2025-10-03
475,RI137,MRI Lumbar/ Lumbo-Sacral Spine – With Contrast,4888.0,5750.0,5750.0,Radiological Investigation,Tier I,CGHS O.M. 03.10.2025,2025-10-03
476,RI138,Whole body MRI (For oncological workup),7820.0,9200.0,9200.0,Radiological Investigation,Tier I,CGHS O.M. 03.10.2025,2025-10-03
477,RI139,MR cholecysto-pancreatography (MRCP),7225.0,8500.0,8500.0,Radiological Investigation,Tier I,CGHS O.M. 03.10.2025,2025-10-03
478,RI140,MRI Angiography - with contrast,4888.0,5750.0,5750.0,Radiological Investigation,Tier I,CGHS O.M. 03.10.2025,2025-10-03
479,RI141,MR Enteroclysis,4250.0,5000.0,5000.0,Radiological Investigation,Tier I,CGHS O.M. 03.10.2025,2025-10-03
480,RI142,MRI DEFECOGRAPHY,5950.0,7000.0,7000.0,Radiological Investigation,Tier I,CGHS O.M. 03.10.2025,2025-10-03
481,RI143,MRI FISTULOGRAM,3825.0,4500.0,4500.0,Radiological Investigation,Tier I,CGHS O.M. 03.10.2025,2025-10-03
482,RI144,MRI SPECTROSCOPY,2550.0,3000.0,3000.0,Radiological Investigation,Tier I,CGHS O.M. 03.10.2025,2025-10-03
483,RI145,Dexa Scan Bone Densitometry - Two sites,1700.0,2000.0,2000.0,Radiological Investigation,Tier I,CGHS O.M. 03.10.2025,2025-10-03
484,RI146,"Dexa Scan Bone Densitometry - Three sites (Spine, Hip &extremity)",2125.0,2500.0,2500.0,Radiological Investigation,Tier I,CGHS O.M. 03.10.2025,2025-10-03
485,RI147,Dexa Scan Bone Densitometry Whole body,2550.0,3000.0,3000.0,Radiological Investigation,Tier I,CGHS O.M. 03.10.2025,2025-10-03
486,PI001,Pulmonary Function Test (PFT) / (Spirometry with Diffusing Capacity of the Lungs for Carbon monoxide (DLCO),425.0,500.0,500.0,Pulmonology Investigation,Tier I,CGHS O.M. 03.10.2025,2025-10-03
487,PI002,Lung Ventilation & Perfusion Scan (V/Q Scan),5100.0,6000.0,6000.0,Pulmonology Investigation,Tier I,CGHS O.M. 03.10.2025,2025-10-03
488,PI003,Lung Perfusion Scan,4250.0,5000.0,5000.0,Pulmonology Investigation,Tier I,CGHS O.M. 03.10.2025,2025-10-03
489,PI004,6 Minute Walk Test,425.0,500.0,500.0,Pulmonology Investigation,Tier I,CGHS O.M. 03.10.2025,2025-10-03
490,PI005,FeNO Breathing Test,612.0,720.0,720.0,Pulmonology Investigation,Tier I,CGHS O.M. 03.10.2025,2025-10-03
491,PP001,Endo bronchial Ultrasound (EBUS) -Trans bronchial needle aspiration (TBNA) - Excluding the cost of Needle,17000.0,20000.0,20000.0,Pulmonology Procedure,Tier I,CGHS O.M. 03.10.2025,2025-10-03
492,PP002,Video Bronchoscopy with BAL,9350.0,11000.0,11000.0,Pulmonology Procedure,Tier I,CGHS O.M. 03.10.2025,2025-10-03
493,NM001,Whole Body Bone Scan with SPECT.,4250.0,5000.0,5000.0,Nuclear Medicine Investigation,Tier I,CGHS O.M. 03.10.2025,2025-10-03
494,NM002,Three phase whole body Bone Scan,5100.0,6000.0,6000.0,Nuclear Medicine Investigation,Tier I,CGHS O.M. 03.10.2025,2025-10-03
495,NM003,Brain Perfusion SPECT Scan with Technetium 99m radiopharmaceuticals.,11390.0,13400.0,13400.0,Nuclear Medicine Investigation,Tier I,CGHS O.M. 03.10.2025,2025-10-03
496,NM004,Radionuclide Cisternography for CSF leak,5780.0,6800.0,6800.0,Nuclear Medicine Investigation,Tier I,CGHS O.M. 03.10.2025,2025-10-03
497,NM005,Renal Cortical Scintigraphy with Technetium 99m Dimercaptosuccinic acid (DMSA)/DTPA,3400.0,4000.0,4000.0,Nuclear Medicine Investigation,Tier I,CGHS O.M. 03.10.2025,2025-10-03
498,NM006,Dynamic Renography.,3400.0,4000.0,4000.0,Nuclear Medicine Investigation,Tier I,CGHS O.M. 03.10.2025,2025-10-03
499,NM007,Dynamic Renography with Diuretic.,3400.0,4000.0,4000.0,Nuclear Medicine Investigation,Tier I,CGHS O.M. 03.10.2025,2025-10-03
500,NM008,Dynamic Renography with Captopril,5780.0,6800.0,6800.0,Nuclear Medicine Investigation,Tier I,CGHS O.M. 03.10.2025,2025-10-03
501,NM009,Testicular Scan with Technetium 99m Pertechnetate,1445.0,1700.0,1700.0,Nuclear Medicine Investigation,Tier I,CGHS O.M. 03.10.2025,2025-10-03
502,NM010,Thyroid Uptake measurements with 131-Iodine.,2125.0,2500.0,2500.0,Nuclear Medicine Investigation,Tier I,CGHS O.M. 03.10.2025,2025-10-03
503,NM011,Thyroid Scan with Technetium 99m Pertechnetate,1615.0,1900.0,1900.0,Nuclear Medicine Investigation,Tier I,CGHS O.M. 03.10.2025,2025-10-03
504,NM012,Iodine-131 Whole Body Scan,11390.0,13400.0,13400.0,Nuclear Medicine Investigation,Tier I,CGHS O.M. 03.10.2025,2025-10-03
505,NM013,Whole Body Scan with MIBG,11390.0,13400.0,13400.0,Nuclear Medicine Investigation,Tier I,CGHS O.M. 03.10.2025,2025-10-03
506,NM014,Parathyroid Scan,6218.0,7315.0,7315.0,Nuclear Medicine Investigation,Tier I,CGHS O.M. 03.10.2025,2025-10-03
507,NM015,Scintimammography.,5100.0,6000.0,6000.0,Nuclear Medicine Investigation,Tier I,CGHS O.M. 03.10.2025,2025-10-03
508,NM016,Indium labelled octreotide Scan,61200.0,72000.0,72000.0,Nuclear Medicine Investigation,Tier I,CGHS O.M. 03.10.2025,2025-10-03
509,NM017,FDG Whole body PET CT Scan,12219.0,14375.0,14375.0,Nuclear Medicine Investigation,Tier I,CGHS O.M. 03.10.2025,2025-10-03
510,NM018,Brain / Heart FDG PET CT Scan,12219.0,14375.0,14375.0,Nuclear Medicine Investigation,Tier I,CGHS O.M. 03.10.2025,2025-10-03
511,NM019,Gallium-68 Peptide PET / CT imaging for Neuroendocrine Tumour,12219.0,14375.0,14375.0,Nuclear Medicine Investigation,Tier I,CGHS O.M. 03.10.2025,2025-10-03
512,NM020,PSMA PET CT Scan,12750.0,15000.0,15000.0,Nuclear Medicine Investigation,Tier I,CGHS O.M. 03.10.2025,2025-10-03
513,NM021,F-DOPA PET-CT scan,12750.0,15000.0,15000.0,Nuclear Medicine Investigation,Tier I,CGHS O.M. 03.10.2025,2025-10-03
514,BY001,Skin Biopsy,1063.0,1250.0,1250.0,Biopsies,Tier I,CGHS O.M. 03.10.2025,2025-10-03
515,BY002,Punch/Wedge biopsy,2550.0,3000.0,3000.0,Biopsies,Tier I,CGHS O.M. 03.10.2025,2025-10-03
516,BY003,Excision Biopsy of Ulcers,4250.0,5000.0,5000.0,Biopsies,Tier I,CGHS O.M. 03.10.2025,2025-10-03
517,BY004,Excision Biopsy of Superficial Lumps,7820.0,9200.0,9200.0,Biopsies,Tier I,CGHS O.M. 03.10.2025,2025-10-03
518,BY005,Incision Biopsy of Growths/Ulcers,4250.0,5000.0,5000.0,Biopsies,Tier I,CGHS O.M. 03.10.2025,2025-10-03
519,BY006,Bone Marrow Aspiration and Biopsy,7225.0,8500.0,8500.0,Biopsies,Tier I,CGHS O.M. 03.10.2025,2025-10-03
520,BY007,Scalene Node Biopsy,7820.0,9200.0,9200.0,Biopsies,Tier I,CGHS O.M. 03.10.2025,2025-10-03
521,BY008,Liver Biopsy,7225.0,8500.0,8500.0,Biopsies,Tier I,CGHS O.M. 03.10.2025,2025-10-03
522,BY009,Muscle Biopsy,2125.0,2500.0,2500.0,Biopsies,Tier I,CGHS O.M. 03.10.2025,2025-10-03
523,BY010,Trucut Needle Biopsy- (excluding the cost of Needle/Biopsy Gun if used),3273.0,3850.0,3850.0,Biopsies,Tier I,CGHS O.M. 03.10.2025,2025-10-03
524,RP001,USG Guided Intervention- Diagnostic,850.0,1000.0,1000.0,Interventional Radiological Procedure,Tier I,CGHS O.M. 03.10.2025,2025-10-03
525,RP002,USG Guided Intervention -Therapeutic,1700.0,2000.0,2000.0,Interventional Radiological Procedure,Tier I,CGHS O.M. 03.10.2025,2025-10-03
526,RP003,USG Guided Intervention - Specialized Procedures excluding cost of Catheter or biopsy gun,2550.0,3000.0,3000.0,Interventional Radiological Procedure,Tier I,CGHS O.M. 03.10.2025,2025-10-03
527,RP004,CT Guided biopsy including all the consumables,7820.0,9200.0,9200.0,Interventional Radiology Procedure,Tier I,CGHS O.M. 03.10.2025,2025-10-03
528,RP005,CT Guided Intervention -Percutaneous catheter drainage/tube placement excluding the cost of tube /catheter,2975.0,3500.0,3500.0,Interventional Radiological Procedure,Tier I,CGHS O.M. 03.10.2025,2025-10-03
529,RP006,Percutaneous transhepatic cholangiography (PTC),1530.0,1800.0,1800.0,Interventional Radiological Procedure,Tier I,CGHS O.M. 03.10.2025,2025-10-03
530,RP007,Transarterial Chemoembolization (TACE),45050.0,53000.0,53000.0,Interventional Radiological Procedure,Tier I,CGHS O.M. 03.10.2025,2025-10-03
531,CA001,"A, B, DR Molecular Typing PCR - SSP",8768.0,10315.0,10315.0,Oncology Investigations,Tier I,CGHS O.M. 03.10.2025,2025-10-03
532,CA002,"ABL Kinase Domain Mutation for Chronic Myeloid leukemia (TKI Resistance, Imatinib Resistance",6885.0,8100.0,8100.0,Oncology Investigations,Tier I,CGHS O.M. 03.10.2025,2025-10-03
533,CA003,"ABL Kinase Domain Mutation for Ph Positive Acute Lymphoblastic leukemia (TKI Resistance, I",6885.0,8100.0,8100.0,Oncology Investigations,Tier I,CGHS O.M. 03.10.2025,2025-10-03
534,CA004,Acute Leukemia karyotyping,4713.0,5545.0,5545.0,Oncology Investigations,Tier I,CGHS O.M. 03.10.2025,2025-10-03
535,CA005,Acute Leukemia mutation detection (per gene)ASXL1 /c-KIT/DNMT3A/ IDH1 and IDH2 /K RAS and N RAS mutation detection,4582.0,5390.0,5390.0,Oncology Investigations,Tier I,CGHS O.M. 03.10.2025,2025-10-03
536,CA006,Acute Leukemia RUNX1 mutation detection,4582.0,5390.0,5390.0,Oncology Investigations,Tier I,CGHS O.M. 03.10.2025,2025-10-03
537,CA007,Acute Leukemia TET2 mutation detection,19567.0,23020.0,23020.0,Oncology Investigations,Tier I,CGHS O.M. 03.10.2025,2025-10-03
538,CA008,Acute Leukemia TP53 mutation detection,19567.0,23020.0,23020.0,Oncology Investigations,Tier I,CGHS O.M. 03.10.2025,2025-10-03
539,CA009,Acute Lymphoblastic leukemia karyotyping,4713.0,5545.0,5545.0,Oncology Investigations,Tier I,CGHS O.M. 03.10.2025,2025-10-03
540,CA010,Acute Lymphoblastic Leukemia Mutation Detection,9384.0,11040.0,11040.0,Oncology Investigations,Tier I,CGHS O.M. 03.10.2025,2025-10-03
541,CA011,Acute Lymphoblastic Leukemia Transcript Identification,2567.0,3020.0,3020.0,Oncology Investigations,Tier I,CGHS O.M. 03.10.2025,2025-10-03
542,CA012,Acute Myeloid Leukemia (AML) Panel,11365.0,13370.0,13370.0,Oncology Investigations,Tier I,CGHS O.M. 03.10.2025,2025-10-03
543,CA013,ALK -1,3987.0,4690.0,4690.0,Oncology Investigations,Tier I,CGHS O.M. 03.10.2025,2025-10-03
544,CA014,ALK rearrangement: 2p23,3987.0,4690.0,4690.0,Oncology Investigations,Tier I,CGHS O.M. 03.10.2025,2025-10-03
545,CA015,B-cell Acute Lymphoblastic Leukemia (B-ALL) Panel,9835.0,11570.0,11570.0,Oncology Investigations,Tier I,CGHS O.M. 03.10.2025,2025-10-03
546,CA016,BCL3 rearrangement 19q13.3 / BCL6 rearrangement: 3q27,2962.0,3485.0,3485.0,Oncology Investigations,Tier I,CGHS O.M. 03.10.2025,2025-10-03
547,CA017,BCOR alteration,5143.0,6050.0,6050.0,Oncology Investigations,Tier I,CGHS O.M. 03.10.2025,2025-10-03
548,CA018,"BCR/ABL (Ph) duplication, trisomy 8, trisomy 21, TP53 deletion",5181.0,6095.0,6095.0,Oncology Investigations,Tier I,CGHS O.M. 03.10.2025,2025-10-03
549,CA019,BCR/ABL Ph: t(9;22),2962.0,3485.0,3485.0,Oncology Investigations,Tier I,CGHS O.M. 03.10.2025,2025-10-03
550,CA020,BCR-ABL by PCR-Quantitative,3400.0,4000.0,4000.0,Oncology Investigations,Tier I,CGHS O.M. 03.10.2025,2025-10-03
551,CA021,BRAF,7650.0,9000.0,9000.0,Oncology Investigations,Tier I,CGHS O.M. 03.10.2025,2025-10-03
552,CA022,BRCA1 & BRCA2,17000.0,20000.0,20000.0,Oncology Investigations,Tier I,CGHS O.M. 03.10.2025,2025-10-03
553,CA023,C3d Single Allele Antibody for HLA Class I (C3dLSA Class I) /C3d Single Allele Antibody for HLA Class II (C3dLSA Class II),14875.0,17500.0,17500.0,Oncology Investigations,Tier I,CGHS O.M. 03.10.2025,2025-10-03
554,CA024,CAN ASSIST,42500.0,50000.0,50000.0,Oncology Investigations,Tier I,CGHS O.M. 03.10.2025,2025-10-03
555,CA025,CCND1/IgH: t(11;14),3987.0,4690.0,4690.0,Oncology Investigations,Tier I,CGHS O.M. 03.10.2025,2025-10-03
556,CA026,CD 19 and CD 20,1275.0,1500.0,1500.0,Oncology Investigations,Tier I,CGHS O.M. 03.10.2025,2025-10-03
557,CA027,Cell line karyotyping,9435.0,11100.0,11100.0,Oncology Investigations,Tier I,CGHS O.M. 03.10.2025,2025-10-03
558,CA028,Chimerism Analysis,1309.0,1540.0,1540.0,Oncology Investigations,Tier I,CGHS O.M. 03.10.2025,2025-10-03
559,CA029,Chromosomal breakage (fragility) studies in Fanconi's Anemia/Aplastic Anemia,4713.0,5545.0,5545.0,Oncology Investigations,Tier I,CGHS O.M. 03.10.2025,2025-10-03
560,CA030,Chronic Lymphocytic Leukemia (CLL) Panel,9835.0,11570.0,11570.0,Oncology Investigations,Tier I,CGHS O.M. 03.10.2025,2025-10-03
561,CA031,"Chronic Lymphocytic Leukemia Comprehensive Mutation Profile (IGVH Gene Mutation & Usage, T",28322.0,33320.0,33320.0,Oncology Investigations,Tier I,CGHS O.M. 03.10.2025,2025-10-03
562,CA032,Chronic Lymphocytic Leukemia IGVH Mutation Detection,5398.0,6350.0,6350.0,Oncology Investigations,Tier I,CGHS O.M. 03.10.2025,2025-10-03
563,CA033,Chronic Lymphoproliferative disorder IGVH Mutation Detection,5398.0,6350.0,6350.0,Oncology Investigations,Tier I,CGHS O.M. 03.10.2025,2025-10-03
564,CA034,Chronic Lymphoproliferative disorder NOTCH1 mutation / NOTCH2 mutation,4582.0,5390.0,5390.0,Oncology Investigations,Tier I,CGHS O.M. 03.10.2025,2025-10-03
565,CA035,Chronic Lymphoproliferative disorder SF3B1 mutation,4582.0,5390.0,5390.0,Oncology Investigations,Tier I,CGHS O.M. 03.10.2025,2025-10-03
566,CA036,Chronic Lymphoproliferative disorder TP53 mutation,19567.0,23020.0,23020.0,Oncology Investigations,Tier I,CGHS O.M. 03.10.2025,2025-10-03
567,CA037,CLINICAL EXOME SEQUENCING,12750.0,15000.0,15000.0,Oncology Investigations,Tier I,CGHS O.M. 03.10.2025,2025-10-03
568,CA038,CLL PANEL FISH,8500.0,10000.0,10000.0,Oncology Investigations,Tier I,CGHS O.M. 03.10.2025,2025-10-03
569,CA039,CML Blast Crisis karyotyping,4713.0,5545.0,5545.0,Oncology Investigations,Tier I,CGHS O.M. 03.10.2025,2025-10-03
570,CA040,Combined High Sensitivity JAK2 V617F and Exon12 Mutation Detection,5806.0,6830.0,6830.0,Oncology Investigations,Tier I,CGHS O.M. 03.10.2025,2025-10-03
571,CA041,Comprehensive Molecular Testing,16422.0,19320.0,19320.0,Oncology Investigations,Tier I,CGHS O.M. 03.10.2025,2025-10-03
572,CA042,Comprehensive Next Generation sequencing assay for Hematolymphoid malignancies,22950.0,27000.0,27000.0,Oncology Investigations,Tier I,CGHS O.M. 03.10.2025,2025-10-03
573,CA043,Constitutional karyotyping,4713.0,5545.0,5545.0,Oncology Investigations,Tier I,CGHS O.M. 03.10.2025,2025-10-03
574,CA044,Custom Sequencing Assay,9384.0,11040.0,11040.0,Oncology Investigations,Tier I,CGHS O.M. 03.10.2025,2025-10-03
575,CA045,DICER1 Mutation,3298.0,3880.0,3880.0,Oncology Investigations,Tier I,CGHS O.M. 03.10.2025,2025-10-03
576,CA046,Donor Specific Antibodies (DSA),6800.0,8000.0,8000.0,Oncology Investigations,Tier I,CGHS O.M. 03.10.2025,2025-10-03
577,CA047,EGFR Mutation DETECTION,8075.0,9500.0,9500.0,Oncology Investigations,Tier I,CGHS O.M. 03.10.2025,2025-10-03
578,CA048,EGFR Resistance Mutation (T790m Mutation Analysis),6800.0,8000.0,8000.0,Oncology Investigations,Tier I,CGHS O.M. 03.10.2025,2025-10-03
579,CA049,ER PR Her2 Neu,2678.0,3150.0,3150.0,Oncology Investigations,Tier I,CGHS O.M. 03.10.2025,2025-10-03
580,CA050,"ER/PR/Her2neu, Ki67",4250.0,5000.0,5000.0,Oncology Investigations,Tier I,CGHS O.M. 03.10.2025,2025-10-03
581,CA051,Extended Immune subset for Post Allogenic Stem Cell Transplant Monitoring,4250.0,5000.0,5000.0,Oncology Investigations,Tier I,CGHS O.M. 03.10.2025,2025-10-03
582,CA052,Factor V Leiden Mutation Detection,5610.0,6600.0,6600.0,Oncology Investigations,Tier I,CGHS O.M. 03.10.2025,2025-10-03
583,CA053,FISH for 1p33/TAL1 deletion,4233.0,4980.0,4980.0,Oncology Investigations,Tier I,CGHS O.M. 03.10.2025,2025-10-03
584,CA054,FISH FOR HER2 Neu,8500.0,10000.0,10000.0,Oncology Investigations,Tier I,CGHS O.M. 03.10.2025,2025-10-03
585,CA055,FISH for t(10;11)(p12;q14)/MLLT10(AF10)/PICALM,4233.0,4980.0,4980.0,Oncology Investigations,Tier I,CGHS O.M. 03.10.2025,2025-10-03
586,CA056,FISH for t(11;19)(q23;p13.1)/KMT2A/ELL,4233.0,4980.0,4980.0,Oncology Investigations,Tier I,CGHS O.M. 03.10.2025,2025-10-03
587,CA057,FISH for t(5;11)(q35;p15.5) NUP98/NSD1,4233.0,4980.0,4980.0,Oncology Investigations,Tier I,CGHS O.M. 03.10.2025,2025-10-03
588,CA058,FISH for t(6;14)(p21;q32) IGH/CCND3,4233.0,4980.0,4980.0,Oncology Investigations,Tier I,CGHS O.M. 03.10.2025,2025-10-03
589,CA059,FISH on Bone marrow Smear( 1 marker),2962.0,3485.0,3485.0,Oncology Investigations,Tier I,CGHS O.M. 03.10.2025,2025-10-03
590,CA060,FISH on bone marrow smear( 2 markers),4654.0,5475.0,5475.0,Oncology Investigations,Tier I,CGHS O.M. 03.10.2025,2025-10-03
591,CA061,FISH on FFPE - Block /Slide (2 markers),4046.0,4760.0,4760.0,Oncology Investigations,Tier I,CGHS O.M. 03.10.2025,2025-10-03
592,CA062,FISH PANEL FOR MYELOMA,11900.0,14000.0,14000.0,Oncology Investigations,Tier I,CGHS O.M. 03.10.2025,2025-10-03
593,CA063,FISH Test for C19MC amplification,10838.0,12750.0,12750.0,Oncology Investigations,Tier I,CGHS O.M. 03.10.2025,2025-10-03
594,CA064,FISH test for CDKN2A,6333.0,7450.0,7450.0,Oncology Investigations,Tier I,CGHS O.M. 03.10.2025,2025-10-03
595,CA065,FISH test for CEN 10 loss - on Tissue,3528.0,4150.0,4150.0,Oncology Investigations,Tier I,CGHS O.M. 03.10.2025,2025-10-03
596,CA066,FISH test for ETV6 break-apart analysis - On Tissue,5925.0,6970.0,6970.0,Oncology Investigations,Tier I,CGHS O.M. 03.10.2025,2025-10-03
597,CA067,FISH test for MAML2 break-apart analysis - On Tissue,6086.0,7160.0,7160.0,Oncology Investigations,Tier I,CGHS O.M. 03.10.2025,2025-10-03
598,CA068,Fluorescent PCR + fragment length analysis per Amplicon,298.0,350.0,350.0,Oncology Investigations,Tier I,CGHS O.M. 03.10.2025,2025-10-03
599,CA069,GeneCORE Somatic 161 Gene Panel (NGS),25500.0,30000.0,30000.0,Oncology Investigations,Tier I,CGHS O.M. 03.10.2025,2025-10-03
600,CA070,Hairy Cell Leukemia Mutation (BRAF V600E) Detection,2967.0,3490.0,3490.0,Oncology Investigations,Tier I,CGHS O.M. 03.10.2025,2025-10-03
601,CA071,Hematolymphoid Malignancy At Diagnosis- Cancer Cytogenetics Testing,14548.0,17115.0,17115.0,Oncology Investigations,Tier I,CGHS O.M. 03.10.2025,2025-10-03
602,CA072,Hematolymphoid Malignancy Follow-up- Cancer Cytogenetics Testing,12750.0,15000.0,15000.0,Oncology Investigations,Tier I,CGHS O.M. 03.10.2025,2025-10-03
603,CA073,Hereditary Cancer Panel,10200.0,12000.0,12000.0,Oncology Investigations,Tier I,CGHS O.M. 03.10.2025,2025-10-03
604,CA074,High Sensitivity JAK2 Mutation Detection (V617F),3919.0,4610.0,4610.0,Oncology Investigations,Tier I,CGHS O.M. 03.10.2025,2025-10-03
605,CA075,Histone Mutation Detection Assay,7884.0,9275.0,9275.0,Oncology Investigations,Tier I,CGHS O.M. 03.10.2025,2025-10-03
606,CA076,"HLA C, DQB Molecular Typing PCR - SSP",6265.0,7370.0,7370.0,Oncology Investigations,Tier I,CGHS O.M. 03.10.2025,2025-10-03
607,CA077,HLA Disease Association Next Generation Sequencing HLA-A/B/DRB1/G,3995.0,4700.0,4700.0,Oncology Investigations,Tier I,CGHS O.M. 03.10.2025,2025-10-03
608,CA078,HLA Disease Association Sequence based Typing HLA A/B/DRB1,4080.0,4800.0,4800.0,Oncology Investigations,Tier I,CGHS O.M. 03.10.2025,2025-10-03
609,CA079,HLA Drug Hypersensitivity Next Generation Sequencing HLA-A/B/DRB1 HLA- A/B/DRB1/G,3995.0,4700.0,4700.0,Oncology Investigations,Tier I,CGHS O.M. 03.10.2025,2025-10-03
610,CA080,HLA Drug Hypersensitivity Typing HLA-A/B/DRB1,4080.0,4800.0,4800.0,Oncology Investigations,Tier I,CGHS O.M. 03.10.2025,2025-10-03
611,CA081,HLA Loss Chimerism,10200.0,12000.0,12000.0,Oncology Investigations,Tier I,CGHS O.M. 03.10.2025,2025-10-03
612,CA082,"HLA-A, B, C, DRB1, DQB1, DPB1 (Sequence Based Typing - SBT)",12750.0,15000.0,15000.0,Oncology Investigations,Tier I,CGHS O.M. 03.10.2025,2025-10-03
613,CA083,"HLA-A, B, DRB1 (Sequence Based Typing - SBT)",8500.0,10000.0,10000.0,Oncology Investigations,Tier I,CGHS O.M. 03.10.2025,2025-10-03
614,CA084,"HLA-A, B, DRB1(Sequence Specific Oligonucleotide - SSO)",6630.0,7800.0,7800.0,Oncology Investigations,Tier I,CGHS O.M. 03.10.2025,2025-10-03
615,CA085,"HLA-C, DQB1(Sequence Specific Oligonucleotide - SSO)",4420.0,5200.0,5200.0,Oncology Investigations,Tier I,CGHS O.M. 03.10.2025,2025-10-03
616,CA086,HRR Gene Test,26350.0,31000.0,31000.0,Oncology Investigations,Tier I,CGHS O.M. 03.10.2025,2025-10-03
617,CA087,"IGH Characterization IGH/CCND1:t(11;14), IGH/BCL2:t(14;18),BCL6(3q27), MYC(8q24) (4markers",4505.0,5300.0,5300.0,Oncology Investigations,Tier I,CGHS O.M. 03.10.2025,2025-10-03
618,CA088,IgH/BCL2 :t(14;18),3987.0,4690.0,4690.0,Oncology Investigations,Tier I,CGHS O.M. 03.10.2025,2025-10-03
619,CA089,IGHV Gene Mutation,6375.0,7500.0,7500.0,Oncology Investigations,Tier I,CGHS O.M. 03.10.2025,2025-10-03
620,CA090,Interphase FISH test for Chr. 1 copy number variations,9095.0,10700.0,10700.0,Oncology Investigations,Tier I,CGHS O.M. 03.10.2025,2025-10-03
621,CA091,IRFA/DUSP22 gene rearrangement by FISH,13243.0,15580.0,15580.0,Oncology Investigations,Tier I,CGHS O.M. 03.10.2025,2025-10-03
622,CA092,JAK2 Exon 12 Mutation Detection,3919.0,4610.0,4610.0,Oncology Investigations,Tier I,CGHS O.M. 03.10.2025,2025-10-03
623,CA093,"JAK2V617 MUTATION, WITH REFLEX TO JAK2 EX-12,CALR EX-9 MUTATION AND MPL W515, S505 MUTATION",9775.0,11500.0,11500.0,Oncology Investigations,Tier I,CGHS O.M. 03.10.2025,2025-10-03
624,CA094,KI67,1105.0,1300.0,1300.0,Oncology Investigations,Tier I,CGHS O.M. 03.10.2025,2025-10-03
625,CA095,KIR Typing,4930.0,5800.0,5800.0,Oncology Investigations,Tier I,CGHS O.M. 03.10.2025,2025-10-03
626,CA096,KMT2A Characterization for AML,6711.0,7895.0,7895.0,Oncology Investigations,Tier I,CGHS O.M. 03.10.2025,2025-10-03
627,CA097,KMT2A Characterization for B-ALL,5181.0,6095.0,6095.0,Oncology Investigations,Tier I,CGHS O.M. 03.10.2025,2025-10-03
628,CA098,KRAS + NRAS + BRAF + Mutation Profile,11730.0,13800.0,13800.0,Oncology Investigations,Tier I,CGHS O.M. 03.10.2025,2025-10-03
629,CA099,"Lineage specific Chimerism - B Cell, T Cell and NK Cells",6120.0,7200.0,7200.0,Oncology Investigations,Tier I,CGHS O.M. 03.10.2025,2025-10-03
630,CA100,Liquid Biopsy (Onco),25500.0,30000.0,30000.0,Oncology Investigations,Tier I,CGHS O.M. 03.10.2025,2025-10-03
631,CA101,Lung Basic Panel By NGS,25500.0,30000.0,30000.0,Oncology Investigations,Tier I,CGHS O.M. 03.10.2025,2025-10-03
632,CA102,Lymphoma Panel,5925.0,6970.0,6970.0,Oncology Investigations,Tier I,CGHS O.M. 03.10.2025,2025-10-03
633,CA103,Lymphoplasmacytic Leukemia / Waldenstroms Macroglobulinemia Mutation (MYD88 L265P) Detection,2967.0,3490.0,3490.0,Oncology Investigations,Tier I,CGHS O.M. 03.10.2025,2025-10-03
634,CA104,MDS Panel,5925.0,6970.0,6970.0,Oncology Investigations,Tier I,CGHS O.M. 03.10.2025,2025-10-03
635,CA105,MECOM (EVI1) rearrangement: inv(3)(q21.3q26.2)/t(3;3),3987.0,4690.0,4690.0,Oncology Investigations,Tier I,CGHS O.M. 03.10.2025,2025-10-03
636,CA106,MGMT PCR,6919.0,8140.0,8140.0,Oncology Investigations,Tier I,CGHS O.M. 03.10.2025,2025-10-03
637,CA107,Miscellaneous Profile I(1 marker),2962.0,3485.0,3485.0,Oncology Investigations,Tier I,CGHS O.M. 03.10.2025,2025-10-03
638,CA108,Miscellaneous profile II(2 markers),4654.0,5475.0,5475.0,Oncology Investigations,Tier I,CGHS O.M. 03.10.2025,2025-10-03
639,CA109,MLPA per gene,3400.0,4000.0,4000.0,Oncology Investigations,Tier I,CGHS O.M. 03.10.2025,2025-10-03
640,CA110,Monosomy 5/deletion 5q,2962.0,3485.0,3485.0,Oncology Investigations,Tier I,CGHS O.M. 03.10.2025,2025-10-03
641,CA111,Monosomy 7/deletion 7q,2962.0,3485.0,3485.0,Oncology Investigations,Tier I,CGHS O.M. 03.10.2025,2025-10-03
642,CA112,MPN (Myelo Proliferative Neoplasm)PANEL,10200.0,12000.0,12000.0,Oncology Investigations,Tier I,CGHS O.M. 03.10.2025,2025-10-03
643,CA113,MSI ( Micro Satellite Instability) and MMR (Mis Match Repair),5525.0,6500.0,6500.0,Oncology Investigations,Tier I,CGHS O.M. 03.10.2025,2025-10-03
644,CA114,Multigene NGS Germline Panel,15300.0,18000.0,18000.0,Oncology Investigations,Tier I,CGHS O.M. 03.10.2025,2025-10-03
645,CA115,Multiple Myeloma (MM) Panel,12640.0,14870.0,14870.0,Oncology Investigations,Tier I,CGHS O.M. 03.10.2025,2025-10-03
646,CA116,Multiple Myeloma High Risk Markers (4 Markers),4505.0,5300.0,5300.0,Oncology Investigations,Tier I,CGHS O.M. 03.10.2025,2025-10-03
647,CA117,Multiple Myeloma Screening Panel,6800.0,8000.0,8000.0,Oncology Investigations,Tier I,CGHS O.M. 03.10.2025,2025-10-03
648,CA118,MYD88 L265 Mutation Detection Test,5746.0,6760.0,6760.0,Oncology Investigations,Tier I,CGHS O.M. 03.10.2025,2025-10-03
649,CA119,Myelodysplastic Syndromes karyotyping,4713.0,5545.0,5545.0,Oncology Investigations,Tier I,CGHS O.M. 03.10.2025,2025-10-03
650,CA120,Next generation RNA sequencing assay for Chimeric Trancript in Hematolymphod malignancies,14450.0,17000.0,17000.0,Oncology Investigations,Tier I,CGHS O.M. 03.10.2025,2025-10-03
651,CA121,Next Generation sequencing assay for Minimal residual disease(MRD) for NPM mutated AML,22950.0,27000.0,27000.0,Oncology Investigations,Tier I,CGHS O.M. 03.10.2025,2025-10-03
652,CA122,NGS HLA Typing,8500.0,10000.0,10000.0,Oncology Investigations,Tier I,CGHS O.M. 03.10.2025,2025-10-03
653,CA123,NGS Platform-extended Panel >50 gene,30600.0,36000.0,36000.0,Oncology Investigations,Tier I,CGHS O.M. 03.10.2025,2025-10-03
654,CA124,NGS Platform-limited Panel(10 Genes),15300.0,18000.0,18000.0,Oncology Investigations,Tier I,CGHS O.M. 03.10.2025,2025-10-03
655,CA125,NRAS (Neuroblastoma RAS ) Gene,2975.0,3500.0,3500.0,Oncology Investigations,Tier I,CGHS O.M. 03.10.2025,2025-10-03
656,CA126,Panel Reactive Antibodies (PRA) class I,2550.0,3000.0,3000.0,Oncology Investigations,Tier I,CGHS O.M. 03.10.2025,2025-10-03
657,CA127,Panel Reactive Antibodies (PRA) class II,2550.0,3000.0,3000.0,Oncology Investigations,Tier I,CGHS O.M. 03.10.2025,2025-10-03
658,CA128,PCR + Sanger Sequencing per Amplicon,723.0,850.0,850.0,Oncology Investigations,Tier I,CGHS O.M. 03.10.2025,2025-10-03
659,CA129,"PDGFRA (4q12), PDGFRB (5q33), FGFR1 (8p11.2) rearrangement",5181.0,6095.0,6095.0,Oncology Investigations,Tier I,CGHS O.M. 03.10.2025,2025-10-03
660,CA130,PDGFRA rearrangement: 4q12,3987.0,4690.0,4690.0,Oncology Investigations,Tier I,CGHS O.M. 03.10.2025,2025-10-03
661,CA131,PDGFRB rearrangement: 5q33,3987.0,4690.0,4690.0,Oncology Investigations,Tier I,CGHS O.M. 03.10.2025,2025-10-03
662,CA132,PDL 1,4250.0,5000.0,5000.0,Oncology Investigations,Tier I,CGHS O.M. 03.10.2025,2025-10-03
663,CA133,PDL-1-28-8 (FDA Approved),6375.0,7500.0,7500.0,Oncology Investigations,Tier I,CGHS O.M. 03.10.2025,2025-10-03
664,CA134,Ph: t(9;22) karyotyping,3362.0,3955.0,3955.0,Oncology Investigations,Tier I,CGHS O.M. 03.10.2025,2025-10-03
665,CA135,Ph-like ALL Panel (4 Markers),4505.0,5300.0,5300.0,Oncology Investigations,Tier I,CGHS O.M. 03.10.2025,2025-10-03
666,CA136,PIK3CA GENE MUTATION,4590.0,5400.0,5400.0,Oncology Investigations,Tier I,CGHS O.M. 03.10.2025,2025-10-03
667,CA137,PIK3CA Mutation Testing,4845.0,5700.0,5700.0,Oncology Investigations,Tier I,CGHS O.M. 03.10.2025,2025-10-03
668,CA138,Ploidy analysis,3362.0,3955.0,3955.0,Oncology Investigations,Tier I,CGHS O.M. 03.10.2025,2025-10-03
669,CA139,"PML-RARA t(15;17), variants",4450.0,5235.0,5235.0,Oncology Investigations,Tier I,CGHS O.M. 03.10.2025,2025-10-03
670,CA140,PRA Screen,2550.0,3000.0,3000.0,Oncology Investigations,Tier I,CGHS O.M. 03.10.2025,2025-10-03
671,CA141,PTPRT: Deletion 20q,3987.0,4690.0,4690.0,Oncology Investigations,Tier I,CGHS O.M. 03.10.2025,2025-10-03
672,CA142,RARA Variant - ZBTB16 / RARA : t(11;17) (1 marker),2576.0,3030.0,3030.0,Oncology Investigations,Tier I,CGHS O.M. 03.10.2025,2025-10-03
673,CA143,RHOA Mutation Detection Assay,5925.0,6970.0,6970.0,Oncology Investigations,Tier I,CGHS O.M. 03.10.2025,2025-10-03
674,CA144,ROS 1,8262.0,9720.0,9720.0,Oncology Investigations,Tier I,CGHS O.M. 03.10.2025,2025-10-03
675,CA145,RQ PCR based assay for MRD monitoring of Acute Leukaemia,8075.0,9500.0,9500.0,Oncology Investigations,Tier I,CGHS O.M. 03.10.2025,2025-10-03
676,CA146,RQ-PCR BCR-ABL (P210),9316.0,10960.0,10960.0,Oncology Investigations,Tier I,CGHS O.M. 03.10.2025,2025-10-03
677,CA147,RQ-PCR PML-RARA,9316.0,10960.0,10960.0,Oncology Investigations,Tier I,CGHS O.M. 03.10.2025,2025-10-03
678,CA148,"RT-PCR Multiplex, Acute Leukaemia Panel",6205.0,7300.0,7300.0,Oncology Investigations,Tier I,CGHS O.M. 03.10.2025,2025-10-03
679,CA149,"RT-PCR Multiplex, BCR-ABL (P190, P210)",5398.0,6350.0,6350.0,Oncology Investigations,Tier I,CGHS O.M. 03.10.2025,2025-10-03
680,CA150,"RT-PCR Nested, IGH Chain Gene Rearrangement /TCR Gene Rearrangement",3919.0,4610.0,4610.0,Oncology Investigations,Tier I,CGHS O.M. 03.10.2025,2025-10-03
681,CA151,Single Antigen Class I,11050.0,13000.0,13000.0,Oncology Investigations,Tier I,CGHS O.M. 03.10.2025,2025-10-03
682,CA152,Single Antigen Class II,11050.0,13000.0,13000.0,Oncology Investigations,Tier I,CGHS O.M. 03.10.2025,2025-10-03
683,CA153,Slide / Images for Second Opinion- Cancer Cytogenetics,782.0,920.0,920.0,Oncology Investigations,Tier I,CGHS O.M. 03.10.2025,2025-10-03
684,CA154,STR Panel studies,3783.0,4450.0,4450.0,Oncology Investigations,Tier I,CGHS O.M. 03.10.2025,2025-10-03
685,CA155,Surface Marker Complete Panel,10340.0,12165.0,12165.0,Oncology Investigations,Tier I,CGHS O.M. 03.10.2025,2025-10-03
686,CA156,Surface Marker Individual,1615.0,1900.0,1900.0,Oncology Investigations,Tier I,CGHS O.M. 03.10.2025,2025-10-03
687,CA157,t(1;22) and Trisomy 21 in Acute Megakaryoblastic Leukemia (AML -M7) (2 Markers),4046.0,4760.0,4760.0,Oncology Investigations,Tier I,CGHS O.M. 03.10.2025,2025-10-03
688,CA158,T-cell Acute Lymphoblastic Leukemia (T-ALL) Panel,12895.0,15170.0,15170.0,Oncology Investigations,Tier I,CGHS O.M. 03.10.2025,2025-10-03
689,CA159,TCR-A rearrangement: 14q11,3987.0,4690.0,4690.0,Oncology Investigations,Tier I,CGHS O.M. 03.10.2025,2025-10-03
690,CA160,TERT Promoter Mutation Assay,4934.0,5805.0,5805.0,Oncology Investigations,Tier I,CGHS O.M. 03.10.2025,2025-10-03
691,CA161,TFE-3 FISH,10268.0,12080.0,12080.0,Oncology Investigations,Tier I,CGHS O.M. 03.10.2025,2025-10-03
692,CA162,TPMT (Thiopurine Methyl Transferase) Genotyping,4335.0,5100.0,5100.0,Oncology Investigations,Tier I,CGHS O.M. 03.10.2025,2025-10-03
693,CA163,Trisomy 12,2061.0,2425.0,2425.0,Oncology Investigations,Tier I,CGHS O.M. 03.10.2025,2025-10-03
694,CA164,Trisomy 21,2061.0,2425.0,2425.0,Oncology Investigations,Tier I,CGHS O.M. 03.10.2025,2025-10-03
695,CA165,"Trisomy 4, 10 & 17",2962.0,3485.0,3485.0,Oncology Investigations,Tier I,CGHS O.M. 03.10.2025,2025-10-03
696,CA166,Trisomy 8,2061.0,2425.0,2425.0,Oncology Investigations,Tier I,CGHS O.M. 03.10.2025,2025-10-03
697,CA167,V Beta Repertoire Analysis by Flow Cytometry for T-Cell Clonality,10340.0,12165.0,12165.0,Oncology Investigations,Tier I,CGHS O.M. 03.10.2025,2025-10-03
698,CA168,XX/XY (Chimerism Studies) in Sex mismatch Bone Marrow Transplantation (BMT),2061.0,2425.0,2425.0,Oncology Investigations,Tier I,CGHS O.M. 03.10.2025,2025-10-03
699,CT001,Single drug Chemotherapy,1445.0,1700.0,1700.0,Chemotherapy,Tier I,CGHS O.M. 03.10.2025,2025-10-03
700,CT002,Multiple drugs Chemotherapy/Targeted therapy/Immunotherapy,1955.0,2300.0,2300.0,Chemotherapy,Tier I,CGHS O.M. 03.10.2025,2025-10-03
701,CT003,Neoadjuvant Chemotherapy,2295.0,2700.0,2700.0,Chemotherapy,Tier I,CGHS O.M. 03.10.2025,2025-10-03
702,CT004,Adjuvant Chemotherapy,1870.0,2200.0,2200.0,Chemotherapy,Tier I,CGHS O.M. 03.10.2025,2025-10-03
703,CT005,Concurrent-chemoradiation,1615.0,1900.0,1900.0,Chemotherapy,Tier I,CGHS O.M. 03.10.2025,2025-10-03
704,CT006,Intravesical Instillation of BCG excluding the cost of BCG,2550.0,3000.0,3000.0,Chemotherapy,Tier I,CGHS O.M. 03.10.2025,2025-10-03
705,RT001,Level 1- Brachytherapy (Eye Plaque or SIVA or CVS per insertion or application),5950.0,7000.0,8050.0,Radiotherapy,Tier I,CGHS O.M. 03.10.2025,2025-10-03
706,RT002,"Level 2- Brachytherapy (Simple ICA with Xray based 2D planning, ILRT, Endobilliary BCT)",8500.0,10000.0,11500.0,Radiotherapy,Tier I,CGHS O.M. 03.10.2025,2025-10-03
707,RT003,"Level 3- Brachytherapy (Surface Mould, Radical Interstitial BCT, Intraoperative Template or interstitial brachytherapy catheter insertion)",21250.0,25000.0,28750.0,Radiotherapy,Tier I,CGHS O.M. 03.10.2025,2025-10-03
708,RT004,Level 4- Brachytherapy (ICA with CT based Planning),25500.0,30000.0,34500.0,Radiotherapy,Tier I,CGHS O.M. 03.10.2025,2025-10-03
709,RT005,Level 5- Brachytherapy (Complex ICA with interstitial with CT or MR based planning),34000.0,40000.0,46000.0,Radiotherapy,Tier I,CGHS O.M. 03.10.2025,2025-10-03
710,RT006,Level 1- Radiation Therapy (1-10 fractions on Cobalt),12750.0,15000.0,17250.0,Radiotherapy,Tier I,CGHS O.M. 03.10.2025,2025-10-03
711,RT007,Level 2- Radiation Therapy (More than 10 fractions on Cobalt OR Upto 10 fractions on LA clinical (without CT or TPS planning) without IGRT OR Hemibody palliative RT (1-2 fractions weekly)),23800.0,28000.0,32200.0,Radiotherapy,Tier I,CGHS O.M. 03.10.2025,2025-10-03
712,RT008,Level 3- Radiation Therapy (LA 3D with conventional fractionation of 2-5 Gy OR Weekly hypofractionation of >5 Gy with 3D CRT plan in 1-2 fractions. No IGRT allowed.),42500.0,50000.0,57500.0,Radiotherapy,Tier I,CGHS O.M. 03.10.2025,2025-10-03
713,RT009,Level 4- Radiation therapy (LA 3D with IGRT conventional fractionation of 2- 5 Gy OR Weekly hypofractionation >5 Gy with 3D CRT plan in 1-2 fractions. with IGRT),53550.0,63000.0,72450.0,Radiotherapy,Tier I,CGHS O.M. 03.10.2025,2025-10-03
714,RT010,Level 5- Radiation Therapy (LA IMRT/ Rapid Arc/VMAT with < 5Gy per fraction and <10 IGRT (CBCT or MVCT or EPID) OR Cobalt Radical with LA boost including electron boost OR TSET OR TBI),127500.0,150000.0,172500.0,Radiotherapy,Tier I,CGHS O.M. 03.10.2025,2025-10-03
715,RT011,Level 6- Radiation Therapy (LA 4D/DE or DIBH with 3D CRT/ IMRT/ Rapid Arc/VMAT with >10 IGRT (CBCT or MVCT or EPID) OR LA IMRT/ Rapid Arc/VMAT with <5Gy per fraction and >10 IGRT (CBCT or MVCT or EPID) OR Adaptive RT OR CSI OR Multisite,153000.0,180000.0,207000.0,Radiotherapy,Tier I,CGHS O.M. 03.10.2025,2025-10-03
716,IT001,Radiosynovectomy with Yttrium,21250.0,25000.0,28750.0,Radio-Isotope Therapy,Tier I,CGHS O.M. 03.10.2025,2025-10-03
717,IT002,131-Iodine Therapy 51-100mCi,12172.0,14320.0,16468.0,Radio-Isotope Therapy,Tier I,CGHS O.M. 03.10.2025,2025-10-03
718,IT003,131-Iodine Therapy >100mCi,16809.0,19775.0,22741.0,Radio-Isotope Therapy,Tier I,CGHS O.M. 03.10.2025,2025-10-03
719,IT004,Samarium-153 therapy for metastatic bone pain palliation,17043.0,20050.0,23058.0,Radio-Isotope Therapy,Tier I,CGHS O.M. 03.10.2025,2025-10-03
720,IT005,131-Iodine Therapy <15mCi,6299.0,7410.0,8522.0,Radio-Isotope Therapy,Tier I,CGHS O.M. 03.10.2025,2025-10-03
721,IT006,131-Iodine Therapy 15-50mCi,9486.0,11160.0,12834.0,Radio-Isotope Therapy,Tier I,CGHS O.M. 03.10.2025,2025-10-03
722,IT007,Phosphorus-32 therapy for metastatic bone pain palliation,12040.0,14165.0,16290.0,Radio-Isotope Therapy,Tier I,CGHS O.M. 03.10.2025,2025-10-03
723,PT001,Cervical Traction (per session),255.0,300.0,300.0,Physiotherapy,Tier I,CGHS O.M. 03.10.2025,2025-10-03
724,PT002,Lumbar Traction (per session),255.0,300.0,300.0,Physiotherapy,Tier I,CGHS O.M. 03.10.2025,2025-10-03
725,PT003,Exercises /Post Natal Exercises/Prenatal Exercises/Therapeutic Exercises/Orthopaedic Rehabilitation (Joint Replacement/Post Surgery)/Hand Rehab (per session),255.0,300.0,300.0,Physiotherapy,Tier I,CGHS O.M. 03.10.2025,2025-10-03
726,PT004,Chest Physiotherapy/ Breathing Exercise &Postural Drainage per Session/Post Covid Rehabilitation /Pulmonary Rehabilitation/Cardiac Rehabilitation (per session),255.0,300.0,300.0,Physiotherapy,Tier I,CGHS O.M. 03.10.2025,2025-10-03
727,PT005,Ultra Sonic Therapy /Short Wave Diathermy / Microwave/ Long Wave Diathermy /Infrared/IFT) (per session),255.0,300.0,300.0,Physiotherapy,Tier I,CGHS O.M. 03.10.2025,2025-10-03
728,PT006,Electrical Muscle Stimulation/Cryotherapy/TENS (per session),340.0,400.0,400.0,Physiotherapy,Tier I,CGHS O.M. 03.10.2025,2025-10-03
729,PT007,Hot Pack/ Cold Pack/Wax Bath/Moist Heat (per session),255.0,300.0,300.0,Physiotherapy,Tier I,CGHS O.M. 03.10.2025,2025-10-03
730,PT008,Shock Wave Therapy/Matrix Rhythm Therapy/Laser/PEMF -Pulse Electro Magnetic Therapy (per session),340.0,400.0,400.0,Physiotherapy,Tier I,CGHS O.M. 03.10.2025,2025-10-03
731,PT009,Gait Assessment (per session),510.0,600.0,600.0,Physiotherapy,Tier I,CGHS O.M. 03.10.2025,2025-10-03
732,PT010,Gait Training (per session),255.0,300.0,300.0,Physiotherapy,Tier I,CGHS O.M. 03.10.2025,2025-10-03
733,PT011,Tilt Training/Neuro-Rehab Basic (per session),255.0,300.0,300.0,Physiotherapy,Tier I,CGHS O.M. 03.10.2025,2025-10-03
734,PT012,Neuro Rehabilitation Advanced (per session),680.0,800.0,800.0,Physiotherapy,Tier I,CGHS O.M. 03.10.2025,2025-10-03
735,PT013,Paediatric Rehabilitation (per session),255.0,300.0,300.0,Physiotherapy,Tier I,CGHS O.M. 03.10.2025,2025-10-03
736,BT001,Speech Therapy per session of at least 40 minutes,340.0,400.0,400.0,Behavioural Therapy,Tier I,CGHS O.M. 03.10.2025,2025-10-03
737,BT002,Occupational Therapy per session of at least 40 minutes,340.0,400.0,400.0,Behavioural therapy,Tier I,CGHS O.M. 03.10.2025,2025-10-03
738,BT003,Applied Behaviour Analysis based behaviour therapy (ABA based Behaviour therapy) per session of at least 40 minutes,340.0,400.0,400.0,Behavioural therapy,Tier I,CGHS O.M. 03.10.2025,2025-10-03
739,BT004,Special education per session of at least 40 minutes,340.0,400.0,400.0,Behavioural therapy,Tier I,CGHS O.M. 03.10.2025,2025-10-03
740,BT005,Biofeedback per session,2550.0,3000.0,3000.0,Behavioural therapy,Tier I,CGHS O.M. 03.10.2025,2025-10-03
741,DI001,Intraoral Periapical (IOPA) Radiograph X-ray/RVG(Single Film),170.0,200.0,200.0,Dental Investigation,Tier I,CGHS O.M. 03.10.2025,2025-10-03
742,DI002,Intraoral Occlusal/Bite Wing X-Ray,255.0,300.0,300.0,Dental Investigation,Tier I,CGHS O.M. 03.10.2025,2025-10-03
743,DI003,Digital OPG with X ray film/ CD,425.0,500.0,500.0,Dental Investigation,Tier I,CGHS O.M. 03.10.2025,2025-10-03
744,DI004,Biopsy of Oral tissue- Soft,1020.0,1200.0,1200.0,Dental Biopsy,Tier I,CGHS O.M. 03.10.2025,2025-10-03
745,DI005,"Biopsy of Oral tissue - Hard (bone, tooth)",1700.0,2000.0,2000.0,Dental Biopsy,Tier I,CGHS O.M. 03.10.2025,2025-10-03
746,DP001,Abscess - Drainage-Dental,1275.0,1500.0,1500.0,Dental Procedure,Tier I,CGHS O.M. 03.10.2025,2025-10-03
747,DP002,Scaling,850.0,1000.0,1000.0,Dental Procedure,Tier I,CGHS O.M. 03.10.2025,2025-10-03
748,DP003,Curettage and Root Planning - Per Tooth,298.0,350.0,350.0,Dental Procedure,Tier I,CGHS O.M. 03.10.2025,2025-10-03
749,DP004,Curettage and Root Planning - Per Arch,1700.0,2000.0,2000.0,Dental Procedure,Tier I,CGHS O.M. 03.10.2025,2025-10-03
750,DP005,Gingivoplasty - Per Quadrant,850.0,1000.0,1000.0,Dental Procedure,Tier I,CGHS O.M. 03.10.2025,2025-10-03
751,DP006,Gingivectomy - Per Quadrant,1020.0,1200.0,1200.0,Dental Procedure,Tier I,CGHS O.M. 03.10.2025,2025-10-03
752,DP007,Flap Surgery- Per Tooth,383.0,450.0,450.0,Dental Procedure,Tier I,CGHS O.M. 03.10.2025,2025-10-03
753,DP008,Flap Surgery- Per Quadrant,1700.0,2000.0,2000.0,Dental Procedure,Tier I,CGHS O.M. 03.10.2025,2025-10-03
754,DP009,Flap Surgery and Bone Graft per quadrant,2550.0,3000.0,3000.0,Dental Procedure,Tier I,CGHS O.M. 03.10.2025,2025-10-03
755,DP010,Extraction - Normal Tooth,340.0,400.0,400.0,Dental Procedure,Tier I,CGHS O.M. 03.10.2025,2025-10-03
756,DP011,Complicated Extraction per tooth under LA,680.0,800.0,800.0,Dental Procedure,Tier I,CGHS O.M. 03.10.2025,2025-10-03
757,DP012,Extraction Impacted - Soft tissue/ 3rd Molar/wisdom tooth extraction,1700.0,2000.0,2000.0,Dental Procedure,Tier I,CGHS O.M. 03.10.2025,2025-10-03
758,DP013,"Multiple Extraction and Treatment Procedures for Special Children, Patients with Systemic Diseases, Patient with Special Needs Which Requires Admission and Treatment Under GA",5100.0,6000.0,6000.0,Dental Procedure,Tier I,CGHS O.M. 03.10.2025,2025-10-03
759,DP014,Extraction - Orthodontic Extraction,638.0,750.0,750.0,Dental Procedure,Tier I,CGHS O.M. 03.10.2025,2025-10-03
760,DP015,Operculectomy- Pericoronal flap excision,1700.0,2000.0,2000.0,Dental Procedure,Tier I,CGHS O.M. 03.10.2025,2025-10-03
761,DP016,Extraction Impacted – Bony,4250.0,5000.0,5000.0,Dental Procedure,Tier I,CGHS O.M. 03.10.2025,2025-10-03
762,DP017,Alveoloplasty - Per Tooth,255.0,300.0,300.0,Dental Procedure,Tier I,CGHS O.M. 03.10.2025,2025-10-03
763,DP018,Alveoloplasty - Per Quadrant,1020.0,1200.0,1200.0,Dental Procedure,Tier I,CGHS O.M. 03.10.2025,2025-10-03
764,DP019,Frenectomy,2125.0,2500.0,2500.0,Dental Procedure,Tier I,CGHS O.M. 03.10.2025,2025-10-03
765,DP020,Excision of hyperplastic tissue - per arch,1020.0,1200.0,1200.0,Dental Procedure,Tier I,CGHS O.M. 03.10.2025,2025-10-03
766,DP021,Surgical Augmentation/Alveolectomy per Arch,2975.0,3500.0,3500.0,Dental Procedure,Tier I,CGHS O.M. 03.10.2025,2025-10-03
767,DP022,Bone replacement graft for ridge preservation - per site,1700.0,2000.0,2000.0,Dental Procedure,Tier I,CGHS O.M. 03.10.2025,2025-10-03
768,DP023,"Minor oral surgery, cyst, granuloma, residual infection, mucocele, epulis under LA",1700.0,2000.0,2000.0,Dental Procedure,Tier I,CGHS O.M. 03.10.2025,2025-10-03
769,DP024,Application of Desensitizing Medicament,425.0,500.0,500.0,Dental Procedure,Tier I,CGHS O.M. 03.10.2025,2025-10-03
770,DP025,Fluoride Application for Children,850.0,1000.0,1000.0,Dental Procedure,Tier I,CGHS O.M. 03.10.2025,2025-10-03
771,DP026,Temporary restoration,128.0,150.0,150.0,Dental Procedure,Tier I,CGHS O.M. 03.10.2025,2025-10-03
772,DP027,Glass ionomer Cement Restoration,510.0,600.0,600.0,Dental Procedure,Tier I,CGHS O.M. 03.10.2025,2025-10-03
773,DP028,Composite - Occlusal Pit/Class I,425.0,500.0,500.0,Dental Procedure,Tier I,CGHS O.M. 03.10.2025,2025-10-03
774,DP029,Composite -Class I with buccal extension/Class II Class III/Class IV/Class VI/Diastema Closure/MOD,850.0,1000.0,1000.0,Dental Procedure,Tier I,CGHS O.M. 03.10.2025,2025-10-03
775,DP030,RCT-Single Rooted tooth,1700.0,2000.0,2000.0,Dental Procedure,Tier I,CGHS O.M. 03.10.2025,2025-10-03
776,DP031,RCT Multiple root and/ canal tooth,2550.0,3000.0,3000.0,Dental Procedure,Tier I,CGHS O.M. 03.10.2025,2025-10-03
777,DP032,Re-RCT - Anterior,2125.0,2500.0,2500.0,Dental Procedure,Tier I,CGHS O.M. 03.10.2025,2025-10-03
778,DP033,Re-RCT - Posterior,2550.0,3000.0,3000.0,Dental Procedure,Tier I,CGHS O.M. 03.10.2025,2025-10-03
779,DP034,Medication -intracanal medicament (only lesion cases),425.0,500.0,500.0,Dental Procedure,Tier I,CGHS O.M. 03.10.2025,2025-10-03
780,DP035,Apicectomy-Single tooth,1700.0,2000.0,2000.0,Dental Procedure,Tier I,CGHS O.M. 03.10.2025,2025-10-03
781,DP036,Apicectomy-Multiple tooth,2550.0,3000.0,3000.0,Dental Procedure,Tier I,CGHS O.M. 03.10.2025,2025-10-03
782,DP037,Apexification with any bio-compatible material,1700.0,2000.0,2000.0,Dental Procedure,Tier I,CGHS O.M. 03.10.2025,2025-10-03
783,DP038,Root end resection and Retro grade filling,2550.0,3000.0,3000.0,Dental Procedure,Tier I,CGHS O.M. 03.10.2025,2025-10-03
784,DP039,Surgical - Apicectomy/ Periapical surgery without bone grafting,595.0,700.0,700.0,Dental Procedure,Tier I,CGHS O.M. 03.10.2025,2025-10-03
785,DP040,"Tissue Conditioning, Maxillary/Mandibular",255.0,300.0,300.0,Dental Procedure,Tier I,CGHS O.M. 03.10.2025,2025-10-03
786,DP041,Core build-up/ Post and Core - Custom made /Inlay/onlay,1275.0,1500.0,1500.0,Dental Procedure,Tier I,CGHS O.M. 03.10.2025,2025-10-03
787,DP042,Crown lengthening - Per Tooth,425.0,500.0,500.0,Dental Procedure,Tier I,CGHS O.M. 03.10.2025,2025-10-03
788,DP043,Crown - PMMA Crown,850.0,1000.0,1000.0,Dental Procedure,Tier I,CGHS O.M. 03.10.2025,2025-10-03
789,DP044,Crown - All Metal-Nickel Free,1700.0,2000.0,2000.0,Dental Procedure,Tier I,CGHS O.M. 03.10.2025,2025-10-03
790,DP045,Crown - Metal with Ceramic Facing,2550.0,3000.0,3000.0,Dental Procedure,Tier I,CGHS O.M. 03.10.2025,2025-10-03
791,DP046,Crown - Recementation,510.0,600.0,600.0,Dental Procedure,Tier I,CGHS O.M. 03.10.2025,2025-10-03
792,DP047,Crown - Removal,425.0,500.0,500.0,Dental Procedure,Tier I,CGHS O.M. 03.10.2025,2025-10-03
793,DP048,Odontoplasty /Enameloplasty,425.0,500.0,500.0,Dental Procedure,Tier I,CGHS O.M. 03.10.2025,2025-10-03
794,DP049,Pulpectomy (Anterior Tooth),1700.0,2000.0,2000.0,Dental Procedure,Tier I,CGHS O.M. 03.10.2025,2025-10-03
795,DP050,Pulpectomy (Posterior Tooth),2550.0,3000.0,3000.0,Dental Procedure,Tier I,CGHS O.M. 03.10.2025,2025-10-03
796,DP051,Pulpotomy,850.0,1000.0,1000.0,Dental Procedure,Tier I,CGHS O.M. 03.10.2025,2025-10-03
797,DP052,Veneer - Ceramic paediatric,2550.0,3000.0,3000.0,Dental Procedure,Tier I,CGHS O.M. 03.10.2025,2025-10-03
798,DP053,Interceptive Orthodontic Treatment of the Primary Dentition/Transition Dentition,5950.0,7000.0,7000.0,Dental Procedure,Tier I,CGHS O.M. 03.10.2025,2025-10-03
799,DP054,Limited Orthodontic Treatment of the Primary Dentition,4250.0,5000.0,5000.0,Dental Procedure,Tier I,CGHS O.M. 03.10.2025,2025-10-03
800,DP055,Occlusion Analysis/Adjustment/Occlusal Equilibration,425.0,500.0,500.0,Dental Procedure,Tier I,CGHS O.M. 03.10.2025,2025-10-03
801,DP056,Tooth Splinting -General,1275.0,1500.0,1500.0,Dental Procedure,Tier I,CGHS O.M. 03.10.2025,2025-10-03
802,DP057,Splinting - Periodontally weak teeth,1530.0,1800.0,1800.0,Dental Procedure,Tier I,CGHS O.M. 03.10.2025,2025-10-03
803,DP058,Night Guard,1700.0,2000.0,2000.0,Dental Procedure,Tier I,CGHS O.M. 03.10.2025,2025-10-03
804,DP059,Bridge/ Fixed Partial denture (per missing/ extracted tooth) metal crown,1700.0,2000.0,2000.0,Dental Procedure,Tier I,CGHS O.M. 03.10.2025,2025-10-03
805,DP060,,2550.0,3000.0,3000.0,Dental Procedure,Tier I,CGHS O.M. 03.10.2025,2025-10-03
806,DP061,Removable Partial Denture - Flexible Per Arch,6375.0,7500.0,7500.0,Dental Procedure,Tier I,CGHS O.M. 03.10.2025,2025-10-03
807,DP062,Removable Partial Denture - Cast Metal Up to 3 Teeth,3400.0,4000.0,4000.0,Dental Procedure,Tier I,CGHS O.M. 03.10.2025,2025-10-03
808,DP063,Removable Partial Denture - Cast Metal (additional Per tooth),255.0,300.0,300.0,Dental Procedure,Tier I,CGHS O.M. 03.10.2025,2025-10-03
809,DP064,Removable Partial Denture - Acrylic Up to 3 teeth,1700.0,2000.0,2000.0,Dental Procedure,Tier I,CGHS O.M. 03.10.2025,2025-10-03
810,DP065,Removable Partial Denture - Tooth Addition (per tooth),255.0,300.0,300.0,Dental Procedure,Tier I,CGHS O.M. 03.10.2025,2025-10-03
811,DP066,Add Clasp to existing Partial Denture,425.0,500.0,500.0,Dental Procedure,Tier I,CGHS O.M. 03.10.2025,2025-10-03
812,DP067,Add Tooth to existing Partial Denture,340.0,400.0,400.0,Dental Procedure,Tier I,CGHS O.M. 03.10.2025,2025-10-03
813,DP068,Tooth Supported Overdenture Per Arch,6375.0,7500.0,7500.0,Dental Procedure,Tier I,CGHS O.M. 03.10.2025,2025-10-03
814,DP069,Complete Denture - Per Arch,8500.0,10000.0,10000.0,Dental Procedure,Tier I,CGHS O.M. 03.10.2025,2025-10-03
815,DP070,Removable orthodontic appliance / Post Orthodontic R O A -per arch,2125.0,2500.0,2500.0,Dental Procedure,Tier I,CGHS O.M. 03.10.2025,2025-10-03
816,DP071,Fixed orthodontic per arch,12750.0,15000.0,15000.0,Dental Procedure,Tier I,CGHS O.M. 03.10.2025,2025-10-03
817,DP072,Space Maintainers - Fixed,3400.0,4000.0,4000.0,Dental Procedure,Tier I,CGHS O.M. 03.10.2025,2025-10-03
818,DP073,Minor Treatment to Control Habits-Removable Appliance Therapy,2125.0,2500.0,2500.0,Dental Procedure,Tier I,CGHS O.M. 03.10.2025,2025-10-03
819,DP074,Minor Treatment to Control Habits-Fixed Appliance Therapy,3400.0,4000.0,4000.0,Dental Procedure,Tier I,CGHS O.M. 03.10.2025,2025-10-03
820,DP075,Functional orthodontic appliance,5100.0,6000.0,6000.0,Dental Procedure,Tier I,CGHS O.M. 03.10.2025,2025-10-03
821,DP076,Feeding appliance for Cleft Palate,4250.0,5000.0,5000.0,Dental Procedure,Tier I,CGHS O.M. 03.10.2025,2025-10-03
822,DP077,Expansion plate,5525.0,6500.0,6500.0,Dental Procedure,Tier I,CGHS O.M. 03.10.2025,2025-10-03
823,DP078,Maxillofacial Prosthesis -Sal/auricular/orbital/Nasal/Palatal/facial lost/ Speech Aid,5950.0,7000.0,7000.0,Dental Procedure,Tier I,CGHS O.M. 03.10.2025,2025-10-03
824,DP079,Obturator Prosthesis - Surgical/Definitive/Modification,4250.0,5000.0,5000.0,Dental Procedure,Tier I,CGHS O.M. 03.10.2025,2025-10-03
825,DP080,Removal of - Lateral Exostosis/Torus Mandibularis/Torus Palatines/Surgical reduction of Osseous Tuberosity,2550.0,3000.0,3000.0,Dental Procedure,Tier I,CGHS O.M. 03.10.2025,2025-10-03
826,DP081,Sialolithotomy/Sialodocotomy/ Closure of Salivary Fistula,1700.0,2000.0,2000.0,Dental Procedure,Tier I,CGHS O.M. 03.10.2025,2025-10-03
827,DP082,Excision of Salivary gland,12750.0,15000.0,15000.0,Dental Procedure,Tier I,CGHS O.M. 03.10.2025,2025-10-03
828,DP083,Release of fibrous bands & grafting in (OSMF) treatment under GA,17000.0,20000.0,20000.0,Dental Procedure,Tier I,CGHS O.M. 03.10.2025,2025-10-03
829,DP084,Facial Space Abscess,4250.0,5000.0,5000.0,Dental Procedure,Tier I,CGHS O.M. 03.10.2025,2025-10-03
830,DP085,Partial Ostectomy / sequestrectomy for removal of non-vital bone,1700.0,2000.0,2000.0,Dental Procedure,Tier I,CGHS O.M. 03.10.2025,2025-10-03
831,DP086,Alveolus – Closed Reduction stabilization of Teeth,3400.0,4000.0,4000.0,Dental Procedure,Tier I,CGHS O.M. 03.10.2025,2025-10-03
832,DP087,Alveolus – Open Reduction stabilization of Teeth,5100.0,6000.0,6000.0,Dental Procedure,Tier I,CGHS O.M. 03.10.2025,2025-10-03
833,DP088,Arch bar fixation,4250.0,5000.0,5000.0,Dental Procedure,Tier I,CGHS O.M. 03.10.2025,2025-10-03
834,DP089,Oroantral Fistula closure,4250.0,5000.0,5000.0,Dental Procedure,Tier I,CGHS O.M. 03.10.2025,2025-10-03
835,DP090,"Osseous, Oste periosteal, or Cartilage graft of the Mandible or Maxilla - autogenous or non-autogenous bone graft",2550.0,3000.0,3000.0,Dental Procedure,Tier I,CGHS O.M. 03.10.2025,2025-10-03
836,DP091,Osteoplasty - for Orthognathic deformities/ Mandibular Rami/ Body of Mandible,25500.0,30000.0,30000.0,Dental Procedure,Tier I,CGHS O.M. 03.10.2025,2025-10-03
837,DP092,Maxilla - Closed Reduction,5100.0,6000.0,6000.0,Dental Procedure,Tier I,CGHS O.M. 03.10.2025,2025-10-03
838,DP093,Maxilla - Open Reduction,8500.0,10000.0,10000.0,Dental Procedure,Tier I,CGHS O.M. 03.10.2025,2025-10-03
839,DP094,Mandible - Closed Reduction,5100.0,6000.0,6000.0,Dental Procedure,Tier I,CGHS O.M. 03.10.2025,2025-10-03
840,DP095,Mandible – Open Reduction,8500.0,10000.0,10000.0,Dental Procedure,Tier I,CGHS O.M. 03.10.2025,2025-10-03
841,DP096,Cyst of Maxilla/mandible by enucleation/excision/marsupialization upto 4 cms under LA,4250.0,5000.0,5000.0,Dental Procedure,Tier I,CGHS O.M. 03.10.2025,2025-10-03
842,DP097,Cyst of Maxilla/mandible by enucleation/excision/marsupialization more than 4 cms under LA,5100.0,6000.0,6000.0,Dental Procedure,Tier I,CGHS O.M. 03.10.2025,2025-10-03
843,DP098,Cyst of Maxilla/mandible by enucleation/excision/marsupialization more than 4 cms under GA and admission,21250.0,25000.0,25000.0,Dental Procedure,Tier I,CGHS O.M. 03.10.2025,2025-10-03
844,DP099,Temporomandibular(TM) joint ankylosis- under GA/Open /Closed Reduction,17000.0,20000.0,20000.0,Dental Procedure,Tier I,CGHS O.M. 03.10.2025,2025-10-03
845,DP100,Segmental / Hemi Mandibulectomy with graft,21250.0,25000.0,25000.0,Dental Procedure,Tier I,CGHS O.M. 03.10.2025,2025-10-03
846,DP101,Segmental /Hemi Mandibulectomy without graft,17000.0,20000.0,20000.0,Dental Procedure,Tier I,CGHS O.M. 03.10.2025,2025-10-03
847,DP102,Sub-Total mandibulectomy with graft,29750.0,35000.0,35000.0,Dental Procedure,Tier I,CGHS O.M. 03.10.2025,2025-10-03
848,DP103,Sub-Total mandibulectomy without graft,25500.0,30000.0,30000.0,Dental Procedure,Tier I,CGHS O.M. 03.10.2025,2025-10-03
849,DP104,Maxillectomy/Mandibulectomy- Total with graft,29750.0,35000.0,35000.0,Dental Procedure,Tier I,CGHS O.M. 03.10.2025,2025-10-03
850,DP105,Maxillectomy/Mandibulectomy- Total without graft,25500.0,30000.0,30000.0,Dental Procedure,Tier I,CGHS O.M. 03.10.2025,2025-10-03
851,DP106,Maxillectomy- partial with graft,21250.0,25000.0,25000.0,Dental Procedure,Tier I,CGHS O.M. 03.10.2025,2025-10-03
852,DP107,Maxillectomy- partial without graft,17000.0,20000.0,20000.0,Dental Procedure,Tier I,CGHS O.M. 03.10.2025,2025-10-03
853,DP108,Malar and/or Zygomatic arch - Closed Reduction,5100.0,6000.0,6000.0,Dental Procedure,Tier I,CGHS O.M. 03.10.2025,2025-10-03
854,DP109,Malar and/or Zygomatic arch - Open Reduction,8500.0,10000.0,10000.0,Dental Procedure,Tier I,CGHS O.M. 03.10.2025,2025-10-03
855,DP110,Distraction osteogenesis of mandible or maxilla under GA,25500.0,30000.0,30000.0,Dental Procedure,Tier I,CGHS O.M. 03.10.2025,2025-10-03
856,DP111,Facial bones - Complicated Reduction with fixation,38250.0,45000.0,45000.0,Dental Procedure,Tier I,CGHS O.M. 03.10.2025,2025-10-03
857,OI001,Refraction with auto refraction - Both Eyes,170.0,200.0,200.0,Ophthalmology Investigation,Tier I,CGHS O.M. 03.10.2025,2025-10-03
858,OI002,Indirect Ophthalmoscopy (Fundoscopy) - Both Eyes,255.0,300.0,300.0,Ophthalmology Investigation,Tier I,CGHS O.M. 03.10.2025,2025-10-03
859,OI003,Orthoptic check-up- with synoptophore- Both Eyes,170.0,200.0,200.0,Ophthalmology Investigation,Tier I,CGHS O.M. 03.10.2025,2025-10-03
860,OI004,Lees’ charting or Hess’ charting- Both Eyes,255.0,300.0,300.0,Ophthalmology Investigation,Tier I,CGHS O.M. 03.10.2025,2025-10-03
861,OI005,Perimetry (Visual Field Testing) -Goldman- Both Eyes,425.0,500.0,500.0,Ophthalmology Investigation,Tier I,CGHS O.M. 03.10.2025,2025-10-03
862,OI006,Perimetry /Humphrey Visual Field (HVF ) test- Automated- Both Eyes,680.0,800.0,800.0,Ophthalmology Investigation,Tier I,CGHS O.M. 03.10.2025,2025-10-03
863,OI007,Fluorescein angiography for fundus or iris- Both Eyes,1700.0,2000.0,2000.0,Ophthalmology Investigation,Tier I,CGHS O.M. 03.10.2025,2025-10-03
864,OI008,Indocyanine green angiography - Both Eyes,1700.0,2000.0,2000.0,Ophthalmology Investigation,Tier I,CGHS O.M. 03.10.2025,2025-10-03
865,OI009,"Ultrasound A- Scan/optical biometry[lenstar, IOL master] - Both Eyes",850.0,1000.0,1000.0,Ophthalmology Investigation,Tier I,CGHS O.M. 03.10.2025,2025-10-03
866,OI010,Ultrasound B- Scan - Both Eyes,425.0,500.0,500.0,Ophthalmology Investigation,Tier I,CGHS O.M. 03.10.2025,2025-10-03
867,OI011,Fundus Photo Test /disc photo for glaucoma- Both Eyes,425.0,500.0,500.0,Ophthalmology Investigation,Tier I,CGHS O.M. 03.10.2025,2025-10-03
868,OI012,Corneal endothelial cell count with specular microscopy- Both Eyes,510.0,600.0,600.0,Ophthalmology Investigation,Tier I,CGHS O.M. 03.10.2025,2025-10-03
869,OI013,Corneal topography /pentacam- Both Eyes,1700.0,2000.0,2000.0,Ophthalmology Investigation,Tier I,CGHS O.M. 03.10.2025,2025-10-03
870,OI014,Corneal pachymetry (corneal thickness)/ CCT - Both Eyes,451.0,530.0,530.0,Ophthalmology Investigation,Tier I,CGHS O.M. 03.10.2025,2025-10-03
871,OI015,OCT (Optical Coherence Tomography) /Ocular OCT Angiography - Both Eyes,1785.0,2100.0,2100.0,Ophthalmology Investigation,Tier I,CGHS O.M. 03.10.2025,2025-10-03
872,OI016,UBM- Ultrasound bio microscopy- Both Eyes,850.0,1000.0,1000.0,Ophthalmology Investigation,Tier I,CGHS O.M. 03.10.2025,2025-10-03
873,OI017,Non Contact tonometry (NCT) - Both Eyes,128.0,150.0,150.0,Ophthalmology Investigation,Tier I,CGHS O.M. 03.10.2025,2025-10-03
874,OI018,IOP measurement with Schiotz - Both Eyes,85.0,100.0,100.0,Ophthalmology Investigation,Tier I,CGHS O.M. 03.10.2025,2025-10-03
875,OI019,IOP measurement with applanation tonometry - Both Eyes,170.0,200.0,200.0,Ophthalmology Investigation,Tier I,CGHS O.M. 03.10.2025,2025-10-03
876,OI020,Diurnal variation of IOP - Both Eyes,1275.0,1500.0,1500.0,Ophthalmology Investigation,Tier I,CGHS O.M. 03.10.2025,2025-10-03
877,OI021,90 D lens examination/Three mirror examination for retina - Both Eyes,128.0,150.0,150.0,Ophthalmology Investigation,Tier I,CGHS O.M. 03.10.2025,2025-10-03
878,OI022,Gonioscopy- Both Eyes,255.0,300.0,300.0,Ophthalmology Investigation,Tier I,CGHS O.M. 03.10.2025,2025-10-03
879,OI023,EOG- Electrooculogram - Both Eyes,1760.0,2070.0,2070.0,Ophthalmology Investigation,Tier I,CGHS O.M. 03.10.2025,2025-10-03
880,OI024,ERG- Electroretinogram- Both Eyes,1530.0,1800.0,1800.0,Ophthalmology Investigation,Tier I,CGHS O.M. 03.10.2025,2025-10-03
881,OI025,VEP- visually evoked potential - Both Eyes,1530.0,1800.0,1800.0,Ophthalmology Investigation,Tier I,CGHS O.M. 03.10.2025,2025-10-03
882,OI026,X Ray orbit -Bilateral,298.0,350.0,350.0,Ophthalmology Investigation,Tier I,CGHS O.M. 03.10.2025,2025-10-03
883,OI027,Dacryocystography - Bilateral,1700.0,2000.0,2000.0,Ophthalmology Investigation,Tier I,CGHS O.M. 03.10.2025,2025-10-03
884,OI028,Orbital Angiographical Studies - Bilateral,4250.0,5000.0,5000.0,Ophthalmology Investigation,Tier I,CGHS O.M. 03.10.2025,2025-10-03
885,OI029,Neostigmine test - Both Eyes,4250.0,5000.0,5000.0,Ophthalmology Investigation,Tier I,CGHS O.M. 03.10.2025,2025-10-03
886,OI030,Lipi View One Eye,765.0,900.0,900.0,Ophthalmology Investigation,Tier I,CGHS O.M. 03.10.2025,2025-10-03
887,OI031,Lipi View Both Eyes,1275.0,1500.0,1500.0,Ophthalmology Investigation,Tier I,CGHS O.M. 03.10.2025,2025-10-03
888,OI032,Schirmer Test,255.0,300.0,300.0,Ophthalmology Investigation,Tier I,CGHS O.M. 03.10.2025,2025-10-03
889,OI033,Vitreous biopsy per eye,4250.0,5000.0,5000.0,Ophthalmology Biopsy,Tier I,CGHS O.M. 03.10.2025,2025-10-03
890,OP001,Subconjunctival/sub-tenon’s injections in one eye,425.0,500.0,500.0,Ophthalmology Procedure,Tier I,CGHS O.M. 03.10.2025,2025-10-03
891,OP002,Subconjunctival/sub-tenon’s injections in both eyes,680.0,800.0,800.0,Ophthalmology Procedure,Tier I,CGHS O.M. 03.10.2025,2025-10-03
892,OP003,Pterygium surgery with auto conjunctival graft per eye,11390.0,13400.0,13400.0,Ophthalmology Procedure,Tier I,CGHS O.M. 03.10.2025,2025-10-03
893,OP004,Conjunctival Peritomy per eye,1275.0,1500.0,1500.0,Ophthalmology Procedure,Tier I,CGHS O.M. 03.10.2025,2025-10-03
894,OP005,Conjunctival wound repair or exploration following blunt trauma per eye,7225.0,8500.0,8500.0,Ophthalmology Procedure,Tier I,CGHS O.M. 03.10.2025,2025-10-03
895,OP006,Removal of corneal foreign body,340.0,400.0,400.0,Ophthalmology Procedure,Tier I,CGHS O.M. 03.10.2025,2025-10-03
896,OP007,Cauterization of ulcer/subconjunctival injection in one eye,425.0,500.0,500.0,Ophthalmology Procedure,Tier I,CGHS O.M. 03.10.2025,2025-10-03
897,OP008,Cauterization of ulcer/subconjunctival injection in both eyes,680.0,800.0,800.0,Ophthalmology Procedure,Tier I,CGHS O.M. 03.10.2025,2025-10-03
898,OP009,Corneal grafting—Penetrating keratoplasty per eye,17000.0,20000.0,20000.0,Ophthalmology Procedure,Tier I,CGHS O.M. 03.10.2025,2025-10-03
899,OP010,Bandage contact lenses for corneal perforation/PED per eye,1700.0,2000.0,2000.0,Ophthalmology Procedure,Tier I,CGHS O.M. 03.10.2025,2025-10-03
900,OP011,Scleral grafting or conjunctival flap for corneal perforation per eye,7225.0,8500.0,8500.0,Ophthalmology Procedure,Tier I,CGHS O.M. 03.10.2025,2025-10-03
901,OP012,Keratoconus correction with therapeutic contact lenses - Both Eyes,7225.0,8500.0,8500.0,Ophthalmology Procedure,Tier I,CGHS O.M. 03.10.2025,2025-10-03
902,OP013,Ultraviolet (UV) radiation for cross-linking for keratoconus /C3R/KXL - Both Eyes,17000.0,20000.0,20000.0,Ophthalmology Procedure,Tier I,CGHS O.M. 03.10.2025,2025-10-03
903,OP014,EDTA for band shaped keratopathy - Both Eyes,2550.0,3000.0,3000.0,Ophthalmology Procedure,Tier I,CGHS O.M. 03.10.2025,2025-10-03
904,OP015,Arcuate keratotomy for astigmatism /Limbal Relaxing Incision - Both Eyes,5780.0,6800.0,6800.0,Ophthalmology Procedure,Tier I,CGHS O.M. 03.10.2025,2025-10-03
905,OP016,Re-suturing (Primary suturing) of corneal wound per eye,4250.0,5000.0,5000.0,Ophthalmology Procedure,Tier I,CGHS O.M. 03.10.2025,2025-10-03
906,OP017,Penetrating keratoplasty with glaucoma surgery per eye,29750.0,35000.0,35000.0,Ophthalmology Procedure,Tier I,CGHS O.M. 03.10.2025,2025-10-03
907,OP018,Penetrating keratoplasty with vitrectomy per eye,29750.0,35000.0,35000.0,Ophthalmology Procedure,Tier I,CGHS O.M. 03.10.2025,2025-10-03
908,OP019,Penetrating keratoplasty with IOL implantation per eye,29750.0,35000.0,35000.0,Ophthalmology Procedure,Tier I,CGHS O.M. 03.10.2025,2025-10-03
909,OP020,DALK- Deep anterior lamellar keratoplasty per eye,36550.0,43000.0,43000.0,Ophthalmology Procedure,Tier I,CGHS O.M. 03.10.2025,2025-10-03
910,OP021,Keratoprosthesis stage I and II per eye,36550.0,43000.0,43000.0,Ophthalmology Procedure,Tier I,CGHS O.M. 03.10.2025,2025-10-03
911,OP022,DSAEK Descemet’s stripping automated endothelial keratoplasty/DMEK- Descemet membrane endothelial keratoplasty per eye,36550.0,43000.0,43000.0,Ophthalmology Procedure,Tier I,CGHS O.M. 03.10.2025,2025-10-03
912,OP023,ALTK- Automated lamellar therapeutic keratoplasty per eye,36550.0,43000.0,43000.0,Ophthalmology Procedure,Tier I,CGHS O.M. 03.10.2025,2025-10-03
913,OP024,Bleb repair with conjunctival autograft per eye,12750.0,15000.0,15000.0,Ophthalmology Procedure,Tier I,CGHS O.M. 03.10.2025,2025-10-03
914,OP025,Bleb compression sutures per eye,5950.0,7000.0,7000.0,Ophthalmology Procedure,Tier I,CGHS O.M. 03.10.2025,2025-10-03
915,OP026,Bleb needling with MMC/5-FU per eye,6800.0,8000.0,8000.0,Ophthalmology Procedure,Tier I,CGHS O.M. 03.10.2025,2025-10-03
916,OP027,Probing and Syringing of lacrimal sac- in one eye,850.0,1000.0,1000.0,Ophthalmology Procedure,Tier I,CGHS O.M. 03.10.2025,2025-10-03
917,OP028,Probing and Syringing of lacrimal sac- in both eye,1275.0,1500.0,1500.0,Ophthalmology Procedure,Tier I,CGHS O.M. 03.10.2025,2025-10-03
918,OP029,Dacryocystorhinostomy-Plain,11390.0,13400.0,13400.0,Ophthalmology Procedure,Tier I,CGHS O.M. 03.10.2025,2025-10-03
919,OP030,Dacryocystorhinostomy-Plain with intubation and/or with lacrimal implants excluding the cost of implant per eye,17000.0,20000.0,20000.0,Ophthalmology Procedure,Tier I,CGHS O.M. 03.10.2025,2025-10-03
920,OP031,Dacryocystorhinostomy-conjunctival with implant excluding the cost of implant per eye,17000.0,20000.0,20000.0,Ophthalmology Procedure,Tier I,CGHS O.M. 03.10.2025,2025-10-03
921,OP032,Canaliculoplasty per eye,4497.0,5290.0,5290.0,Ophthalmology Procedure,Tier I,CGHS O.M. 03.10.2025,2025-10-03
922,OP033,Dacryocystectomy per eye,7820.0,9200.0,9200.0,Ophthalmology Procedure,Tier I,CGHS O.M. 03.10.2025,2025-10-03
923,OP034,Punctal plugs for dry eyes - Both Eyes,383.0,450.0,450.0,Ophthalmology Procedure,Tier I,CGHS O.M. 03.10.2025,2025-10-03
924,OP035,Chalazion incision and curettage in one eye,1700.0,2000.0,2000.0,Ophthalmology Procedure,Tier I,CGHS O.M. 03.10.2025,2025-10-03
925,OP036,Chalazion incision and curettage in both eyes,2550.0,3000.0,3000.0,Ophthalmology Procedure,Tier I,CGHS O.M. 03.10.2025,2025-10-03
926,OP037,Ptosis surgery with Fasanella-Servat procedure /Ptosis surgery with LPS resection one lid Ptosis surgery with Sling surgery one lid,17000.0,20000.0,20000.0,Ophthalmology Procedure,Tier I,CGHS O.M. 03.10.2025,2025-10-03
927,OP038,Ectropion surgery- one lid,7225.0,8500.0,8500.0,Ophthalmology Procedure,Tier I,CGHS O.M. 03.10.2025,2025-10-03
928,OP039,Ectropion surgery- both lids,11390.0,13400.0,13400.0,Ophthalmology Procedure,Tier I,CGHS O.M. 03.10.2025,2025-10-03
929,OP040,Epicanthus correction - Both Eyes,7225.0,8500.0,8500.0,Ophthalmology Procedure,Tier I,CGHS O.M. 03.10.2025,2025-10-03
930,OP041,Cantholysis and canthotomy- Both Eyes,2975.0,3500.0,3500.0,Ophthalmology Procedure,Tier I,CGHS O.M. 03.10.2025,2025-10-03
931,OP042,Entropion surgery- one lid,7225.0,8500.0,8500.0,Ophthalmology Procedure,Tier I,CGHS O.M. 03.10.2025,2025-10-03
932,OP043,Entropion surgery- both lids,11390.0,13400.0,13400.0,Ophthalmology Procedure,Tier I,CGHS O.M. 03.10.2025,2025-10-03
933,OP044,Tarsorrhaphy- Both Eyes,2550.0,3000.0,3000.0,Ophthalmology Procedure,Tier I,CGHS O.M. 03.10.2025,2025-10-03
934,OP045,Suturing of lid lacerations- Both Eyes,4250.0,5000.0,5000.0,Ophthalmology Procedure,Tier I,CGHS O.M. 03.10.2025,2025-10-03
935,OP046,Lid retraction repair per eye,7225.0,8500.0,8500.0,Ophthalmology Procedure,Tier I,CGHS O.M. 03.10.2025,2025-10-03
936,OP047,Concretions removal- Both Eyes,425.0,500.0,500.0,Ophthalmology Procedure,Tier I,CGHS O.M. 03.10.2025,2025-10-03
937,OP048,Bucket handle procedure for lid tumours per eye (for non-malignant conditions),11390.0,13400.0,13400.0,Ophthalmology Procedure,Tier I,CGHS O.M. 03.10.2025,2025-10-03
938,OP049,Eyelid reconstruction with flap one eye,17000.0,20000.0,20000.0,Ophthalmology Procedure,Tier I,CGHS O.M. 03.10.2025,2025-10-03
939,OP050,Eyelid reconstruction with flap both eyes,21250.0,25000.0,25000.0,Ophthalmology Procedure,Tier I,CGHS O.M. 03.10.2025,2025-10-03
940,OP051,Cheek rotation flap for lid tumours per eye (for non-malignant conditions),17000.0,20000.0,20000.0,Ophthalmology Procedure,Tier I,CGHS O.M. 03.10.2025,2025-10-03
941,OP052,Orbitotomy per eye,23375.0,27500.0,27500.0,Ophthalmology Procedure,Tier I,CGHS O.M. 03.10.2025,2025-10-03
942,OP053,Enucleation per eye(for non-malignant conditions),11390.0,13400.0,13400.0,Ophthalmology Procedure,Tier I,CGHS O.M. 03.10.2025,2025-10-03
943,OP054,Enucleation with orbital implants and artificial (Cost of implants included) per eye,17000.0,20000.0,20000.0,Ophthalmology Procedure,Tier I,CGHS O.M. 03.10.2025,2025-10-03
944,OP055,Evisceration per eye,11390.0,13400.0,13400.0,Ophthalmology Procedure,Tier I,CGHS O.M. 03.10.2025,2025-10-03
945,OP056,Evisceration with orbital implants and artificial (Cost of implants included) prosthesis per eye,17000.0,20000.0,20000.0,Ophthalmology Procedure,Tier I,CGHS O.M. 03.10.2025,2025-10-03
946,OP057,Telecanthus correction- Both Eyes,11390.0,13400.0,13400.0,Ophthalmology Procedure,Tier I,CGHS O.M. 03.10.2025,2025-10-03
947,OP058,Orbital decompression /with incision or excision biopsy per eye,29750.0,35000.0,35000.0,Ophthalmology Procedure,Tier I,CGHS O.M. 03.10.2025,2025-10-03
948,OP059,Exenteration per eye,17000.0,20000.0,20000.0,Ophthalmology Procedure,Tier I,CGHS O.M. 03.10.2025,2025-10-03
949,OP060,Exenteration with skin grafting per eye,29750.0,35000.0,35000.0,Ophthalmology Procedure,Tier I,CGHS O.M. 03.10.2025,2025-10-03
950,OP061,Fracture orbital repair per eye,29750.0,35000.0,35000.0,Ophthalmology Procedure,Tier I,CGHS O.M. 03.10.2025,2025-10-03
951,OP062,"Retinal laser procedures -green laser for PRP,retinal tears, ROP,endolaser per eye",2975.0,3500.0,3500.0,Ophthalmology Procedure,Tier I,CGHS O.M. 03.10.2025,2025-10-03
952,OP063,Retinal detachment surgery (RDS) per eye,23375.0,27500.0,27500.0,Ophthalmology Procedure,Tier I,CGHS O.M. 03.10.2025,2025-10-03
953,OP064,Retinal detachment surgery (RDS) with scleral buckling per eye,29750.0,35000.0,35000.0,Ophthalmology Procedure,Tier I,CGHS O.M. 03.10.2025,2025-10-03
954,OP065,Buckle removal per eye,7225.0,8500.0,8500.0,Ophthalmology Procedure,Tier I,CGHS O.M. 03.10.2025,2025-10-03
955,OP066,Silicone oil removal per eye,7820.0,9200.0,9200.0,Ophthalmology Procedure,Tier I,CGHS O.M. 03.10.2025,2025-10-03
956,OP067,Anterior retinal cryopexy per eye,4250.0,5000.0,5000.0,Ophthalmology Procedure,Tier I,CGHS O.M. 03.10.2025,2025-10-03
957,OP068,Squint correction for one eye,11390.0,13400.0,13400.0,Ophthalmology Procedure,Tier I,CGHS O.M. 03.10.2025,2025-10-03
958,OP069,Squint correction for both eyes,17000.0,20000.0,20000.0,Ophthalmology Procedure,Tier I,CGHS O.M. 03.10.2025,2025-10-03
959,OP070,Trabeculectomy per eye,17000.0,20000.0,20000.0,Ophthalmology Procedure,Tier I,CGHS O.M. 03.10.2025,2025-10-03
960,OP071,Trabeculotomy /kahook dual blade goniotomy excluding blade cost per eye,17000.0,20000.0,20000.0,Ophthalmology Procedure,Tier I,CGHS O.M. 03.10.2025,2025-10-03
961,OP072,Trabeculectomy with Trabeculotomy- Both Eyes,29750.0,35000.0,35000.0,Ophthalmology Procedure,Tier I,CGHS O.M. 03.10.2025,2025-10-03
962,OP073,Microincisional trabeculectomy(MIT) per eye,21250.0,25000.0,25000.0,Ophthalmology Procedure,Tier I,CGHS O.M. 03.10.2025,2025-10-03
963,OP074,Surgical posterior capsulotomy one eye,8500.0,10000.0,10000.0,Ophthalmology Procedure,Tier I,CGHS O.M. 03.10.2025,2025-10-03
964,OP075,Goniotomy per eye,4250.0,5000.0,5000.0,Ophthalmology Procedure,Tier I,CGHS O.M. 03.10.2025,2025-10-03
965,OP076,Glaucoma surgery with Glaucoma valves (Cost of Valve extra) per eye,17000.0,20000.0,20000.0,Ophthalmology Procedure,Tier I,CGHS O.M. 03.10.2025,2025-10-03
966,OP077,Cost of the Glaucoma valve/Glaucoma Ahmed valve per eye,15000.0,15000.0,15000.0,Ophthalmology Procedure,Tier I,CGHS O.M. 03.10.2025,2025-10-03
967,OP078,AC wash per eye,4250.0,5000.0,5000.0,Ophthalmology Procedure,Tier I,CGHS O.M. 03.10.2025,2025-10-03
968,OP079,Endocyclophotocoagulation per eye,15300.0,18000.0,18000.0,Ophthalmology Procedure,Tier I,CGHS O.M. 03.10.2025,2025-10-03
969,OP080,Cyclocryotherapy /Trans scleral cyclophotocoagulation TSCPC per eye,4250.0,5000.0,5000.0,Ophthalmology Procedure,Tier I,CGHS O.M. 03.10.2025,2025-10-03
970,OP081,YAG Laser iridotomy / Hyaloidotomy/Laser suture lysis post trabeculectomy per eye,4250.0,5000.0,5000.0,Ophthalmology Procedure,Tier I,CGHS O.M. 03.10.2025,2025-10-03
971,OP082,YAG Laser capsulotomy per eye,4250.0,5000.0,5000.0,Ophthalmology Procedure,Tier I,CGHS O.M. 03.10.2025,2025-10-03
972,OP083,ALT-Argon laser trabeculoplasty per eye,4250.0,5000.0,5000.0,Ophthalmology Procedure,Tier I,CGHS O.M. 03.10.2025,2025-10-03
973,OP084,TTT- Transpupillary thermal therapy per eye,7225.0,8500.0,8500.0,Ophthalmology Procedure,Tier I,CGHS O.M. 03.10.2025,2025-10-03
974,OP085,PTK- Phototherapeutic keratectomy /PRK for keratoconus per eye,11390.0,13400.0,13400.0,Ophthalmology Procedure,Tier I,CGHS O.M. 03.10.2025,2025-10-03
975,OP086,Argon/diode laser for retinal detachment per eye,7225.0,8500.0,8500.0,Ophthalmology Procedure,Tier I,CGHS O.M. 03.10.2025,2025-10-03
976,OP087,Intralase application for keratoconus /CAIRS Corneal allogenic intrastromal ring segments per eye excluding the cost of the rings,17000.0,20000.0,20000.0,Ophthalmology Procedure,Tier I,CGHS O.M. 03.10.2025,2025-10-03
977,OP088,Vitrectomy- pars plana including Fluid air exchange (per eye),29750.0,35000.0,35000.0,Ophthalmology Procedure,Tier I,CGHS O.M. 03.10.2025,2025-10-03
978,OP089,Vitrectomy +membrane peeling +fluid air exchange+endolaser+ gas/silicon oil tamponade per eye,34000.0,40000.0,40000.0,Ophthalmology Procedure,Tier I,CGHS O.M. 03.10.2025,2025-10-03
979,OP090,Macular hole surgery- Vitrectomy +membrane peeling + ILM peeling+ fluid air exchange+endolaser+ gas/silicon oil tamponade per eye,34850.0,41000.0,41000.0,Ophthalmology Procedure,Tier I,CGHS O.M. 03.10.2025,2025-10-03
980,OP091,Vitrectomy +phaco fragmentation/ IOL drop +/- secondary IOL per eye,21250.0,25000.0,25000.0,Ophthalmology Procedure,Tier I,CGHS O.M. 03.10.2025,2025-10-03
981,OP092,Anterior vitrectomy per eye,6800.0,8000.0,8000.0,Ophthalmology Procedure,Tier I,CGHS O.M. 03.10.2025,2025-10-03
982,OP093,Membranectomy one eye,10200.0,12000.0,12000.0,Ophthalmology Procedure,Tier I,CGHS O.M. 03.10.2025,2025-10-03
983,OP094,Membranectomy both eyes,12750.0,15000.0,15000.0,Ophthalmology Procedure,Tier I,CGHS O.M. 03.10.2025,2025-10-03
984,OP095,Intravitreal injections of antibiotics excluding the cost of the antibiotic per eye,4250.0,5000.0,5000.0,Ophthalmology Procedure,Tier I,CGHS O.M. 03.10.2025,2025-10-03
985,OP096,Intravitreal Injection of drugs (Ranibizumab/ Aflibercept etc) excluding the cost of the drug per eye,4250.0,5000.0,5000.0,Ophthalmology Procedure,Tier I,CGHS O.M. 03.10.2025,2025-10-03
986,OP097,"Intravitreal Insertion of Drug Implant excluding cost of the Drug Implant (Ozurdex,...etc) per eye",5100.0,6000.0,6000.0,Ophthalmology Procedure,Tier I,CGHS O.M. 03.10.2025,2025-10-03
987,OP098,Extracapsular cataract extraction (ECCE) with IOL excluding the cost of IOL per eye,11390.0,13400.0,13400.0,Ophthalmology Procedure,Tier I,CGHS O.M. 03.10.2025,2025-10-03
988,OP099,Small Incision Cataract Surgery (SICS) with IOL excluding the cost of IOL per eye,11390.0,13400.0,13400.0,Ophthalmology Procedure,Tier I,CGHS O.M. 03.10.2025,2025-10-03
989,OP100,Phaco with foldable IOL (silicone and acrylic)/PMMA IOL / MICS surgery excluding the cost of IOL per eye,14450.0,17000.0,17000.0,Ophthalmology Procedure,Tier I,CGHS O.M. 03.10.2025,2025-10-03
990,OP101,,14450.0,17000.0,17000.0,Ophthalmology Procedure,Tier I,CGHS O.M. 03.10.2025,2025-10-03
991,OP102,Secondary IOL implantation- AC IOL PC IOL or scleral fixated IOL excluding the cost of IOL per eye,17000.0,20000.0,20000.0,Ophthalmology Procedure,Tier I,CGHS O.M. 03.10.2025,2025-10-03
992,OP103,Cataract extraction with IOL with capsular tension rings (Cionni’s ring)(cost of the ring included) excluding the cost of IOL per eye,29750.0,35000.0,35000.0,Ophthalmology Procedure,Tier I,CGHS O.M. 03.10.2025,2025-10-03
993,OP104,Paediatric cataract surgery +parsplana capsulotomy + anterior vitrectomy excluding the cost of IOL - one eye,17000.0,20000.0,20000.0,Ophthalmology Procedure,Tier I,CGHS O.M. 03.10.2025,2025-10-03
994,OP105,Paediatric cataract surgery +parsplana capsulotomy + anterior vitrectomy excluding the cost of IOL - Both Eyes,21250.0,25000.0,25000.0,Ophthalmology Procedure,Tier I,CGHS O.M. 03.10.2025,2025-10-03
995,OP106,IOL exchange [excluding IOL cost] per eye,8500.0,10000.0,10000.0,Ophthalmology Procedure,Tier I,CGHS O.M. 03.10.2025,2025-10-03
996,OP107,IOL reposition per eye,5100.0,6000.0,6000.0,Ophthalmology Procedure,Tier I,CGHS O.M. 03.10.2025,2025-10-03
997,OP108,IOL explantation per eye,6800.0,8000.0,8000.0,Ophthalmology Procedure,Tier I,CGHS O.M. 03.10.2025,2025-10-03
998,OP109,Iridodialysis repair or pupillary reconstruction /Cyclodialysis repair per eye,11390.0,13400.0,13400.0,Ophthalmology Procedure,Tier I,CGHS O.M. 03.10.2025,2025-10-03
999,OP110,Iris cyst removal /synechiolysis/surgical iridectomy per eye,4250.0,5000.0,5000.0,Ophthalmology Procedure,Tier I,CGHS O.M. 03.10.2025,2025-10-03
1000,OP111,Lid Abscess incision and Drainage per eye,4250.0,5000.0,5000.0,Ophthalmology Procedure,Tier I,CGHS O.M. 03.10.2025,2025-10-03
1001,OP112,Orbital Abscess incision and Drainage per eye,7225.0,8500.0,8500.0,Ophthalmology Procedure,Tier I,CGHS O.M. 03.10.2025,2025-10-03
1002,OP113,"Excision Biopsy of lid, conjunctiva, cornea per eye",7820.0,9200.0,9200.0,Ophthalmology Procedure,Tier I,CGHS O.M. 03.10.2025,2025-10-03
1003,OP114,Paracentesis (eye) per eye,4250.0,5000.0,5000.0,Ophthalmology Procedure,Tier I,CGHS O.M. 03.10.2025,2025-10-03
1004,OP115,Scleral graft for scleral melting or perforation per eye,11390.0,13400.0,13400.0,Ophthalmology Procedure,Tier I,CGHS O.M. 03.10.2025,2025-10-03
1005,OP116,Amniotic membrane grafting /symblepharon release with AMG per eye,11390.0,13400.0,13400.0,Ophthalmology Procedure,Tier I,CGHS O.M. 03.10.2025,2025-10-03
1006,OP117,Intraocular foreign body removal per eye,7225.0,8500.0,8500.0,Ophthalmology Procedure,Tier I,CGHS O.M. 03.10.2025,2025-10-03
1007,OP118,Electrolysis (eye) - Both Eyes,850.0,1000.0,1000.0,Ophthalmology Procedure,Tier I,CGHS O.M. 03.10.2025,2025-10-03
1008,OP119,Perforating injury repair (eye) per eye,11390.0,13400.0,13400.0,Ophthalmology Procedure,Tier I,CGHS O.M. 03.10.2025,2025-10-03
1009,OP120,Botulinum injection for blepharospasm or squint /epiphora/entropion/lid retraction (excluding cost of drug) per eye,4250.0,5000.0,5000.0,Ophthalmology Procedure,Tier I,CGHS O.M. 03.10.2025,2025-10-03
1010,OP121,C3F8 GAS Injection intravitreal for descemetopexy/retinopexy/pneumatopexy (per eye),4250.0,5000.0,5000.0,Ophthalmology Procedure,Tier I,CGHS O.M. 03.10.2025,2025-10-03
1011,OP122,Silicone Oil injection (per eye),4250.0,5000.0,5000.0,Ophthalmology Procedure,Tier I,CGHS O.M. 03.10.2025,2025-10-03
1012,OP123,Epiretinal Membrane (ERM) Peeling (per eye),5950.0,7000.0,7000.0,Ophthalmology Procedure,Tier I,CGHS O.M. 03.10.2025,2025-10-03
1013,OP124,Epiretinal Membrane (ERM) Removal (per eye),2550.0,3000.0,3000.0,Ophthalmology Procedure,Tier I,CGHS O.M. 03.10.2025,2025-10-03
1014,OP125,Internal limiting membrane (ILM) peeling (per eye),2550.0,3000.0,3000.0,Ophthalmology Procedure,Tier I,CGHS O.M. 03.10.2025,2025-10-03
1015,OP126,Punctoplasty (per eye),5525.0,6500.0,6500.0,Ophthalmology Procedure,Tier I,CGHS O.M. 03.10.2025,2025-10-03
1016,OP127,Punctal plug(Collagen/silicone) per eye,3400.0,4000.0,4000.0,Ophthalmology Procedure,Tier I,CGHS O.M. 03.10.2025,2025-10-03
1017,OP128,Laser Trabeculoplasty Gonioplasty - Both Eyes,13600.0,16000.0,16000.0,Ophthalmology Procedure,Tier I,CGHS O.M. 03.10.2025,2025-10-03
1018,OP129,Eye laser pulse therapy /Lipiflow/IPL [Intense pulse light] per eye,2975.0,3500.0,3500.0,Ophthalmology Procedure,Tier I,CGHS O.M. 03.10.2025,2025-10-03
1019,OP130,Malyugin Ring /pupil dilator/iris expander per eye,8500.0,10000.0,10000.0,Ophthalmology Procedure,Tier I,CGHS O.M. 03.10.2025,2025-10-03
1020,OP131,Globe exploration per eye,8500.0,10000.0,10000.0,Ophthalmology Procedure,Tier I,CGHS O.M. 03.10.2025,2025-10-03
1021,OP132,Scleral Fixation Tissue glue /fibrin glue per eye,7140.0,8400.0,8400.0,Ophthalmology Procedure,Tier I,CGHS O.M. 03.10.2025,2025-10-03
1022,OP133,PFCL Injection Per Eye Including Cost of The Drug,2321.0,2730.0,2730.0,Ophthalmology Procedure,Tier I,CGHS O.M. 03.10.2025,2025-10-03
1023,OP134,Methylprednisolone Injection IV Infusion per day Excluding the cost of the drug,2125.0,2500.0,2500.0,Ophthalmology Procedure,Tier I,CGHS O.M. 03.10.2025,2025-10-03
1024,OP135,Retinoblastoma[RB] EUA both eyes,2550.0,3000.0,3000.0,Ophthalmology Procedure,Tier I,CGHS O.M. 03.10.2025,2025-10-03
1025,OP136,RB intravitreal/intravenous/subtenons chemotherapy affected eye excluding the cost of the chemotherapy drug,2975.0,3500.0,3500.0,Ophthalmology Procedure,Tier I,CGHS O.M. 03.10.2025,2025-10-03
1026,OP137,RB TTT/ Cryotherapy affected eye,3825.0,4500.0,4500.0,Ophthalmology Procedure,Tier I,CGHS O.M. 03.10.2025,2025-10-03
1027,OP138,Plaque brachytherapy-surface affected eye,12750.0,15000.0,15000.0,Ophthalmology Procedure,Tier I,CGHS O.M. 03.10.2025,2025-10-03
1028,OP139,Plaque brachytherapy-intraocular affected eye,17000.0,20000.0,20000.0,Ophthalmology Procedure,Tier I,CGHS O.M. 03.10.2025,2025-10-03
1029,OP140,Simple limbal stem cell transplant SLET per eye,17000.0,20000.0,20000.0,Ophthalmology Procedure,Tier I,CGHS O.M. 03.10.2025,2025-10-03
1030,OP141,Mucous membrane grafting MMG one eyelid,17000.0,20000.0,20000.0,Ophthalmology Procedure,Tier I,CGHS O.M. 03.10.2025,2025-10-03
1031,OP142,Mucous membrane grafting MMG two eyelids,21250.0,25000.0,25000.0,Ophthalmology Procedure,Tier I,CGHS O.M. 03.10.2025,2025-10-03
1032,OP143,iStent Inject per eye including the cost of consumables and implant,68000.0,80000.0,80000.0,Ophthalmology Procedure,Tier I,CGHS O.M. 03.10.2025,2025-10-03
1033,OP144,Orthoptic exercises per session,213.0,250.0,250.0,Ophthalmology Physiotherapy,Tier I,CGHS O.M. 03.10.2025,2025-10-03
1034,OP145,Pleoptic exercises per session,213.0,250.0,250.0,Ophthalmology Physiotherapy,Tier I,CGHS O.M. 03.10.2025,2025-10-03
1035,EI001,Impedance with stapedial reflex / Impedance Audiometry,510.0,600.0,600.0,ENT Investigation,Tier I,CGHS O.M. 03.10.2025,2025-10-03
1036,EI002,Pure Tone Audiogram / Pure Tone Audiometry / PTA,383.0,450.0,450.0,ENT Investigation,Tier I,CGHS O.M. 03.10.2025,2025-10-03
1037,EI003,Short Increment Sensitivity Index (SISI) Tone Decay,340.0,400.0,400.0,ENT Investigation,Tier I,CGHS O.M. 03.10.2025,2025-10-03
1038,EI004,Speech Assessment,340.0,400.0,400.0,ENT Investigation,Tier I,CGHS O.M. 03.10.2025,2025-10-03
1039,EI005,Speech Discrimination Score,340.0,400.0,400.0,ENT Investigation,Tier I,CGHS O.M. 03.10.2025,2025-10-03
1040,EI006,Multiple hearing assessment test to Adults,340.0,400.0,400.0,ENT Investigation,Tier I,CGHS O.M. 03.10.2025,2025-10-03
1041,EI007,BERA (Brain stem evoked response audiometry),2125.0,2500.0,2500.0,ENT Investigation,Tier I,CGHS O.M. 03.10.2025,2025-10-03
1042,EI008,OAE (Otoacoustic Emission Test),1071.0,1260.0,1260.0,ENT Investigation,Tier I,CGHS O.M. 03.10.2025,2025-10-03
1043,EI009,Hearing Aid Trail,170.0,200.0,200.0,ENT Investigation,Tier I,CGHS O.M. 03.10.2025,2025-10-03
1044,EI010,Vestibular Evoked Myogenic Potential (VEMP),2338.0,2750.0,2750.0,ENT Investigation,Tier I,CGHS O.M. 03.10.2025,2025-10-03
1045,EI011,Cold Calorie Test for Vestibular function,510.0,600.0,600.0,ENT Investigation,Tier I,CGHS O.M. 03.10.2025,2025-10-03
1046,EI012,Electronystagmography (ENG),1275.0,1500.0,1500.0,ENT Investigation,Tier I,CGHS O.M. 03.10.2025,2025-10-03
1047,EI013,Videonystagmography(VNG),2125.0,2500.0,2500.0,ENT Investigation,Tier I,CGHS O.M. 03.10.2025,2025-10-03
1048,EI014,Video Laryngoscopy,5100.0,6000.0,6000.0,ENT investigation,Tier I,CGHS O.M. 03.10.2025,2025-10-03
1049,EI015,Videostroboscopy,4675.0,5500.0,5500.0,ENT Investigation,Tier I,CGHS O.M. 03.10.2025,2025-10-03
1050,EI016,Fibreoptic examination of Larynx (FOL) under LA,4250.0,5000.0,5000.0,ENT Investigation,Tier I,CGHS O.M. 03.10.2025,2025-10-03
1051,EI017,Fibro optic Nasal Endoscopy,1955.0,2300.0,2300.0,ENT Investigation,Tier I,CGHS O.M. 03.10.2025,2025-10-03
1052,EP001,Removal of foreign body From Nose,595.0,700.0,700.0,ENT Procedure,Tier I,CGHS O.M. 03.10.2025,2025-10-03
1053,EP002,Removal of foreign body From Ear/otoscopy diagnostic or therapeutic,595.0,700.0,700.0,ENT Procedure,Tier I,CGHS O.M. 03.10.2025,2025-10-03
1054,EP003,Syringing (Ear),425.0,500.0,500.0,ENT Procedure,Tier I,CGHS O.M. 03.10.2025,2025-10-03
1055,EP004,Polyp removal under LA (Larynx),4250.0,5000.0,5000.0,ENT Procedure,Tier I,CGHS O.M. 03.10.2025,2025-10-03
1056,EP005,Polyp removal under GA (Larynx),7820.0,9200.0,9200.0,ENT Procedure,Tier I,CGHS O.M. 03.10.2025,2025-10-03
1057,EP006,Peritonsillar abscess Drainage under LA,7225.0,8500.0,8500.0,ENT Procedure,Tier I,CGHS O.M. 03.10.2025,2025-10-03
1058,EP007,Myringoplasty,23375.0,27500.0,27500.0,ENT Procedure,Tier I,CGHS O.M. 03.10.2025,2025-10-03
1059,EP008,Stapedectomy,23375.0,27500.0,27500.0,ENT Procedure,Tier I,CGHS O.M. 03.10.2025,2025-10-03
1060,EP009,Myringotomy with Grommet Insertion,11390.0,13400.0,13400.0,ENT Procedure,Tier I,CGHS O.M. 03.10.2025,2025-10-03
1061,EP010,Tympanotomy,23375.0,27500.0,27500.0,ENT Procedure,Tier I,CGHS O.M. 03.10.2025,2025-10-03
1062,EP011,Tympanoplasty,29750.0,35000.0,35000.0,ENT Procedure,Tier I,CGHS O.M. 03.10.2025,2025-10-03
1063,EP012,Mastoidectomy,29750.0,35000.0,35000.0,ENT Procedure,Tier I,CGHS O.M. 03.10.2025,2025-10-03
1064,EP013,Otoplasty,29750.0,35000.0,35000.0,ENT Procedure,Tier I,CGHS O.M. 03.10.2025,2025-10-03
1065,EP014,Labyrinthectomy,29750.0,35000.0,35000.0,ENT Procedure,Tier I,CGHS O.M. 03.10.2025,2025-10-03
1066,EP015,Skull Base Surgery,45050.0,53000.0,53000.0,ENT Procedure,Tier I,CGHS O.M. 03.10.2025,2025-10-03
1067,EP016,Facial Nerve Decompression,36550.0,43000.0,43000.0,ENT Procedure,Tier I,CGHS O.M. 03.10.2025,2025-10-03
1068,EP017,Septoplasty,23375.0,27500.0,27500.0,ENT Procedure,Tier I,CGHS O.M. 03.10.2025,2025-10-03
1069,EP018,Submucous Resection,11390.0,13400.0,13400.0,ENT Procedure,Tier I,CGHS O.M. 03.10.2025,2025-10-03
1070,EP019,Septo-Rhinoplasty,36550.0,43000.0,43000.0,ENT Procedure,Tier I,CGHS O.M. 03.10.2025,2025-10-03
1071,EP020,Rhinoplasty- Non-cosmetic,29750.0,35000.0,35000.0,ENT Procedure,Tier I,CGHS O.M. 03.10.2025,2025-10-03
1072,EP021,Fracture Reduction of Nasal Bone,11390.0,13400.0,13400.0,ENT Procedure,Tier I,CGHS O.M. 03.10.2025,2025-10-03
1073,EP022,Intra Nasal Diathermy,5100.0,6000.0,6000.0,ENT Procedure,Tier I,CGHS O.M. 03.10.2025,2025-10-03
1074,EP023,Turbinectomy,11390.0,13400.0,13400.0,ENT Procedure,Tier I,CGHS O.M. 03.10.2025,2025-10-03
1075,EP024,Endoscopic Dacryocystorhinostomy (DCR),29750.0,35000.0,35000.0,ENT Procedure,Tier I,CGHS O.M. 03.10.2025,2025-10-03
1076,EP025,Endoscopic Surgery (ENT),29750.0,35000.0,35000.0,ENT Procedure,Tier I,CGHS O.M. 03.10.2025,2025-10-03
1077,EP026,Septal Perforation Repair,23375.0,27500.0,27500.0,ENT Procedure,Tier I,CGHS O.M. 03.10.2025,2025-10-03
1078,EP027,Antrum Puncture,2550.0,3000.0,3000.0,ENT Procedure,Tier I,CGHS O.M. 03.10.2025,2025-10-03
1079,EP028,Lateral Rhinotomy,17000.0,20000.0,20000.0,ENT Procedure,Tier I,CGHS O.M. 03.10.2025,2025-10-03
1080,EP029,Cranio-Facial resection,36550.0,43000.0,43000.0,ENT Procedure,Tier I,CGHS O.M. 03.10.2025,2025-10-03
1081,EP030,Angiofibroma Excision,36550.0,43000.0,43000.0,ENT Procedure,Tier I,CGHS O.M. 03.10.2025,2025-10-03
1082,EP031,Endoscopic Hypophysectomy,45050.0,53000.0,53000.0,ENT Procedure,Tier I,CGHS O.M. 03.10.2025,2025-10-03
1083,EP032,Endoscopic Optic Nerve Decompression,45050.0,53000.0,53000.0,ENT Procedure,Tier I,CGHS O.M. 03.10.2025,2025-10-03
1084,EP033,Tonsillectomy,23375.0,27500.0,27500.0,ENT Procedure,Tier I,CGHS O.M. 03.10.2025,2025-10-03
1085,EP034,Uvulo-palatoplasty,29750.0,35000.0,35000.0,ENT Procedure,Tier I,CGHS O.M. 03.10.2025,2025-10-03
1086,EP035,Functional Endoscopic Sinus Surgery (FESS) for Antrochoanal polyp,29750.0,35000.0,35000.0,ENT Procedure,Tier I,CGHS O.M. 03.10.2025,2025-10-03
1087,EP036,Functional Endoscopic Sinus Surgery (FESS) for Ethmoidal polyp,29750.0,35000.0,35000.0,ENT Procedure,Tier I,CGHS O.M. 03.10.2025,2025-10-03
1088,EP037,Polyp removal ear,4250.0,5000.0,5000.0,ENT Procedure,Tier I,CGHS O.M. 03.10.2025,2025-10-03
1089,EP038,Polyp removal Nose (Septal polyp),7225.0,8500.0,8500.0,ENT Procedure,Tier I,CGHS O.M. 03.10.2025,2025-10-03
1090,EP039,Mastoidectomy plus Ossiculoplasty including TORP (Total Ossicular Replacement Prosthesis) or PORP (Partial Ossicular Replacement Prosthesis),29750.0,35000.0,35000.0,ENT Procedure,Tier I,CGHS O.M. 03.10.2025,2025-10-03
1091,EP040,Endolymphatic sac decompression,36550.0,43000.0,43000.0,ENT Procedure,Tier I,CGHS O.M. 03.10.2025,2025-10-03
1092,EP041,Diagnostic endoscopy under GA,4250.0,5000.0,5000.0,ENT Procedure,Tier I,CGHS O.M. 03.10.2025,2025-10-03
1093,EP042,Young's operation for Atrophic rhinitis,17000.0,20000.0,20000.0,ENT Procedure,Tier I,CGHS O.M. 03.10.2025,2025-10-03
1094,EP043,Vidian neurectomy for vasomotor Rhinitis,23375.0,27500.0,27500.0,ENT Procedure,Tier I,CGHS O.M. 03.10.2025,2025-10-03
1095,EP044,Nasal Packing-anterior,2125.0,2500.0,2500.0,ENT Procedure,Tier I,CGHS O.M. 03.10.2025,2025-10-03
1096,EP045,Nasal Packing-Posterior,2550.0,3000.0,3000.0,ENT Procedure,Tier I,CGHS O.M. 03.10.2025,2025-10-03
1097,EP046,Ranula Excision,17000.0,20000.0,20000.0,ENT Procedure,Tier I,CGHS O.M. 03.10.2025,2025-10-03
1098,EP047,Tongue Tie excision,7225.0,8500.0,8500.0,ENT Procedure,Tier I,CGHS O.M. 03.10.2025,2025-10-03
1099,EP048,Sub Mandibular Duct Lithotomy,5780.0,6800.0,6800.0,ENT Procedure,Tier I,CGHS O.M. 03.10.2025,2025-10-03
1100,EP049,Adenoidectomy,17000.0,20000.0,20000.0,ENT Procedure,Tier I,CGHS O.M. 03.10.2025,2025-10-03
1101,EP050,Palatopharyngoplasty,29750.0,35000.0,35000.0,ENT Procedure,Tier I,CGHS O.M. 03.10.2025,2025-10-03
1102,EP051,Pharyngoplasty,36550.0,43000.0,43000.0,ENT Procedure,Tier I,CGHS O.M. 03.10.2025,2025-10-03
1103,EP052,Styloidectomy,17000.0,20000.0,20000.0,ENT Procedure,Tier I,CGHS O.M. 03.10.2025,2025-10-03
1104,EP053,Direct Laryngoscopy including Biopsy under GA,11390.0,13400.0,13400.0,ENT Procedure,Tier I,CGHS O.M. 03.10.2025,2025-10-03
1105,EP054,Oesophagoscopy with foreign body removal from Oesophagus,11390.0,13400.0,13400.0,ENT Procedure,Tier I,CGHS O.M. 03.10.2025,2025-10-03
1106,EP055,Bronchoscopy with foreign body (FB) removal,11390.0,13400.0,13400.0,ENT Procedure,Tier I,CGHS O.M. 03.10.2025,2025-10-03
1107,EP056,Ear Lobe Repair one side,3400.0,4000.0,4000.0,ENT Procedure,Tier I,CGHS O.M. 03.10.2025,2025-10-03
1108,EP057,Excision of Pinna for non-cancerous Growth/Injuries - Skin Only,7820.0,9200.0,9200.0,ENT Procedure,Tier I,CGHS O.M. 03.10.2025,2025-10-03
1109,EP058,Excision of Pinna for non-cancerous/ Injuries - Skin and Cartilage,11390.0,13400.0,13400.0,ENT Procedure,Tier I,CGHS O.M. 03.10.2025,2025-10-03
1110,EP059,Partial Amputation of Pinna,11390.0,13400.0,13400.0,ENT Procedure,Tier I,CGHS O.M. 03.10.2025,2025-10-03
1111,EP060,Total Amputation of Pinna,17000.0,20000.0,20000.0,ENT Procedure,Tier I,CGHS O.M. 03.10.2025,2025-10-03
1112,EP061,Total Amputation & Excision of External Auditory Meatus,17000.0,20000.0,20000.0,ENT Procedure,Tier I,CGHS O.M. 03.10.2025,2025-10-03
1113,EP062,Excision of Cystic Hygroma,17000.0,20000.0,20000.0,ENT Procedure,Tier I,CGHS O.M. 03.10.2025,2025-10-03
1114,EP063,Excision of Cystic Hygroma Extensive,23375.0,27500.0,27500.0,ENT Procedure,Tier I,CGHS O.M. 03.10.2025,2025-10-03
1115,EP064,Excision of Branchial Cyst,23375.0,27500.0,27500.0,ENT Procedure,Tier I,CGHS O.M. 03.10.2025,2025-10-03
1116,EP065,Excision of Branchial Sinus,23375.0,27500.0,27500.0,ENT Procedure,Tier I,CGHS O.M. 03.10.2025,2025-10-03
1117,EP066,Excision of Pharyngeal Diverticulum,23375.0,27500.0,27500.0,ENT Procedure,Tier I,CGHS O.M. 03.10.2025,2025-10-03
1118,EP067,Excision of Carotid Body / Carotid Body Tumours,36550.0,43000.0,43000.0,ENT Procedure,Tier I,CGHS O.M. 03.10.2025,2025-10-03
1119,EP068,Operation for Cervical Rib,29750.0,35000.0,35000.0,ENT Procedure,Tier I,CGHS O.M. 03.10.2025,2025-10-03
1120,EP069,Estlander Operation (Estlander flap in plastic surgery of lips),29750.0,35000.0,35000.0,ENT Procedure,Tier I,CGHS O.M. 03.10.2025,2025-10-03
1121,EP070,Abbe Operation (Abbe flap in plastic surgery of lips),23375.0,27500.0,27500.0,ENT Procedure,Tier I,CGHS O.M. 03.10.2025,2025-10-03
1122,EP071,Cheek Advancement,29750.0,35000.0,35000.0,ENT Procedure,Tier I,CGHS O.M. 03.10.2025,2025-10-03
1123,EP072,Excision of the Maxilla,36550.0,43000.0,43000.0,ENT Procedure,Tier I,CGHS O.M. 03.10.2025,2025-10-03
1124,EP073,Excision of mandible-segmental,29750.0,35000.0,35000.0,ENT Procedure,Tier I,CGHS O.M. 03.10.2025,2025-10-03
1125,EP074,Parotidectomy - Superficial,29750.0,35000.0,35000.0,ENT Procedure,Tier I,CGHS O.M. 03.10.2025,2025-10-03
1126,EP075,Parotidectomy - Total,36550.0,43000.0,43000.0,ENT Procedure,Tier I,CGHS O.M. 03.10.2025,2025-10-03
1127,EP076,Repair of Parotid Duct,23375.0,27500.0,27500.0,ENT Procedure,Tier I,CGHS O.M. 03.10.2025,2025-10-03
1128,EP077,Removal of Submandibular Salivary gland,23375.0,27500.0,27500.0,ENT Procedure,Tier I,CGHS O.M. 03.10.2025,2025-10-03
1129,EP078,Hemithyroidectomy,29750.0,35000.0,35000.0,ENT Procedure,Tier I,CGHS O.M. 03.10.2025,2025-10-03
1130,EP079,Partial Thyroidectomy (lobectomy),29750.0,35000.0,35000.0,ENT Procedure,Tier I,CGHS O.M. 03.10.2025,2025-10-03
1131,EP080,Subtotal Thyroidectomy,36550.0,43000.0,43000.0,ENT Procedure,Tier I,CGHS O.M. 03.10.2025,2025-10-03
1132,EP081,Total Thyroidectomy,45050.0,53000.0,53000.0,ENT Procedure,Tier I,CGHS O.M. 03.10.2025,2025-10-03
1133,EP082,Resection Enucleation of thyroid Adenoma,23375.0,27500.0,27500.0,ENT Procedure,Tier I,CGHS O.M. 03.10.2025,2025-10-03
1134,EP083,Excision of Lingual Thyroid,29750.0,35000.0,35000.0,ENT Procedure,Tier I,CGHS O.M. 03.10.2025,2025-10-03
1135,EP084,Excision of Thyroglossal Cyst/Duct/Fistula,29750.0,35000.0,35000.0,ENT Procedure,Tier I,CGHS O.M. 03.10.2025,2025-10-03
1136,EP085,Laryngectomy,45050.0,53000.0,53000.0,ENT Procedure,Tier I,CGHS O.M. 03.10.2025,2025-10-03
1137,EP086,Hyoid Suspension,23375.0,27500.0,27500.0,ENT Procedure,Tier I,CGHS O.M. 03.10.2025,2025-10-03
1138,EP087,Genioplasty,29750.0,35000.0,35000.0,ENT Procedure,Tier I,CGHS O.M. 03.10.2025,2025-10-03
1139,EP088,Phonosurgery,23375.0,27500.0,27500.0,ENT Procedure,Tier I,CGHS O.M. 03.10.2025,2025-10-03
1140,EP089,Microlaryngeal Surgery,23375.0,27500.0,27500.0,ENT Procedure,Tier I,CGHS O.M. 03.10.2025,2025-10-03
1141,EP090,Laryngofissure,36550.0,43000.0,43000.0,ENT Procedure,Tier I,CGHS O.M. 03.10.2025,2025-10-03
1142,EP091,Tracheal Stenosis Excision,36550.0,43000.0,43000.0,ENT Procedure,Tier I,CGHS O.M. 03.10.2025,2025-10-03
1143,EP092,Tracheostomy,11390.0,13400.0,13400.0,ENT Procedure,Tier I,CGHS O.M. 03.10.2025,2025-10-03
1144,CC001,"ICU/CCU/PICU/MICU/HDU (For all categories of ward entitlement, inclusive of Room Rent)",5400.0,5400.0,5400.0,Critical Care,Tier I,CGHS O.M. 03.10.2025,2025-10-03
1145,CC002,Compressed Air / Piped Oxygen per hour,85.0,100.0,100.0,Critical Care,Tier I,CGHS O.M. 03.10.2025,2025-10-03
1146,CC003,Ventilator charges (Per day) inclusive of associated disposables,2550.0,3000.0,3000.0,Critical Care,Tier I,CGHS O.M. 03.10.2025,2025-10-03
1147,CC004,Non invasive Ventilator charges (Per day)( inclusive of associated disposables),510.0,600.0,600.0,Critical Care,Tier I,CGHS O.M. 03.10.2025,2025-10-03
1148,CC005,Pneupac Ventilator in Nursery (Per day),2210.0,2600.0,2600.0,Critical Care,Tier I,CGHS O.M. 03.10.2025,2025-10-03
1149,CC006,Incubator charges (Per day),1275.0,1500.0,1500.0,Critical Care,Tier I,CGHS O.M. 03.10.2025,2025-10-03
1150,CC007,Neonatal ICU charges (Per day) inclusive of incubator,5400.0,5400.0,5400.0,Critical Care,Tier I,CGHS O.M. 03.10.2025,2025-10-03
1151,CC008,Exchange Transfusion,2975.0,3500.0,3500.0,Critical Care,Tier I,CGHS O.M. 03.10.2025,2025-10-03
1152,CC009,Phototherapy per session (up to 6 Hours),340.0,400.0,400.0,Critical Care,Tier I,CGHS O.M. 03.10.2025,2025-10-03
1153,CC010,Resuscitation/CPR/Intubation,1275.0,1500.0,1500.0,Critical Care,Tier I,CGHS O.M. 03.10.2025,2025-10-03
1154,CC011,PICC line (peripherally inserted Central Cannulisation),4250.0,5000.0,5000.0,Critical Care,Tier I,CGHS O.M. 03.10.2025,2025-10-03
1155,CC012,Nebulization Per Session,43.0,50.0,50.0,Critical Care,Tier I,CGHS O.M. 03.10.2025,2025-10-03
1156,CC013,PICC Line Removal,850.0,1000.0,1000.0,Critical Care,Tier I,CGHS O.M. 03.10.2025,2025-10-03
1157,CC014,Ryles Tube Insertion,765.0,900.0,900.0,Critical Care,Tier I,CGHS O.M. 03.10.2025,2025-10-03
1158,BC001,Blood Component Charges - Whole Blood per Unit,1550.0,1550.0,1550.0,Blood Component Charges,Tier I,CGHS O.M. 03.10.2025,2025-10-03
1159,BC002,Blood Component Charges - Packed Red Cell per Unit,1550.0,1550.0,1550.0,Blood Component Charges,Tier I,CGHS O.M. 03.10.2025,2025-10-03
1160,BC003,Blood Component Charges - Fresh Frozen Plasma,400.0,400.0,400.0,Blood Component Charges,Tier I,CGHS O.M. 03.10.2025,2025-10-03
1161,BC004,Platelet Concentrate- Random Donor Platelet (RDP),400.0,400.0,400.0,Blood Component Charges,Tier I,CGHS O.M. 03.10.2025,2025-10-03
1162,BC005,Blood Component Charges - Cryoprecipitate,250.0,250.0,250.0,Blood Component Charges,Tier I,CGHS O.M. 03.10.2025,2025-10-03
1163,BC006,Platelet Concentrate – Single Donor Platelet (SDP)- Apheresis per unit,11000.0,11000.0,11000.0,Blood Component Charges,Tier I,CGHS O.M. 03.10.2025,2025-10-03
1164,GP001,Dressings of wounds,255.0,300.0,300.0,General Procedure,Tier I,CGHS O.M. 03.10.2025,2025-10-03
1165,GP002,Aspiration Pleural Effusion - Diagnostic,595.0,700.0,700.0,General Procedure,Tier I,CGHS O.M. 03.10.2025,2025-10-03
1166,GP003,Aspiration Pleural Effusion - Therapeutic,595.0,700.0,700.0,General Procedure,Tier I,CGHS O.M. 03.10.2025,2025-10-03
1167,GP004,Abdominal / Peritoneal Aspiration – Diagnostic/Ascitic tapping / Paracentesis - Diagnostic,595.0,700.0,700.0,General Procedure,Tier I,CGHS O.M. 03.10.2025,2025-10-03
1168,GP005,Abdominal / Peritoneal Aspiration – Therapeutic/Ascitic tapping / Paracentesis - Therapeutic,638.0,750.0,750.0,General Procedure,Tier I,CGHS O.M. 03.10.2025,2025-10-03
1169,GP006,Removal of Sutures (All),170.0,200.0,200.0,General Procedure,Tier I,CGHS O.M. 03.10.2025,2025-10-03
1170,GP007,Venesection,595.0,700.0,700.0,General Procedure,Tier I,CGHS O.M. 03.10.2025,2025-10-03
1171,GP008,Sternal puncture,1700.0,2000.0,2000.0,General Procedure,Tier I,CGHS O.M. 03.10.2025,2025-10-03
1172,GP009,Urinary bladder Catheterisation,595.0,700.0,700.0,General Procedure,Tier I,CGHS O.M. 03.10.2025,2025-10-03
1173,GP010,Incision & Drainage under local Anaesthesia (Large),1955.0,2300.0,2300.0,General Procedure,Tier I,CGHS O.M. 03.10.2025,2025-10-03
1174,GP011,Intercostal Drainage,2975.0,3500.0,3500.0,General Procedure,Tier I,CGHS O.M. 03.10.2025,2025-10-03
1175,GP012,Drainage of abscess with anaesthesia,11390.0,13400.0,13400.0,General Procedure,Tier I,CGHS O.M. 03.10.2025,2025-10-03
1176,GP013,Excision of lumps under anaesthesia,11390.0,13400.0,13400.0,General Procedure,Tier I,CGHS O.M. 03.10.2025,2025-10-03
1177,HN001,Temporal Bone Subtotal Resection,36550.0,43000.0,49450.0,Head and Neck Surgery,Tier I,CGHS O.M. 03.10.2025,2025-10-03
1178,HN002,Benign Tumour Excisions of Head and Neck,23375.0,27500.0,31625.0,Head and Neck Surgery,Tier I,CGHS O.M. 03.10.2025,2025-10-03
1179,SK001,Excision of Moles,850.0,1000.0,1000.0,Skin Procedure,Tier I,CGHS O.M. 03.10.2025,2025-10-03
1180,SK002,Excision of Warts,850.0,1000.0,1000.0,Skin Procedure,Tier I,CGHS O.M. 03.10.2025,2025-10-03
1181,SK003,Excision of Molluscum Contagiosum,850.0,1000.0,1000.0,Skin Procedure,Tier I,CGHS O.M. 03.10.2025,2025-10-03
1182,SK004,Excision of Venereal Warts,850.0,1000.0,1000.0,Skin Procedure,Tier I,CGHS O.M. 03.10.2025,2025-10-03
1183,SK005,Excision of Corns,850.0,1000.0,1000.0,Skin Procedure,Tier I,CGHS O.M. 03.10.2025,2025-10-03
1184,SK006,Intradermal (ID) Injection Keloid (Intralesional Injection) including the cost of the drug,850.0,1000.0,1000.0,Skin Procedure,Tier I,CGHS O.M. 03.10.2025,2025-10-03
1185,SK007,Chemical Cautery (s)/Cryotherapy,850.0,1000.0,1000.0,Skin Procedure,Tier I,CGHS O.M. 03.10.2025,2025-10-03
1186,CI001,Electrocardiogram (ECG),149.0,175.0,175.0,Cardiology Investigation,Tier I,CGHS O.M. 03.10.2025,2025-10-03
1187,CI002,Treadmill Test (TMT),952.0,1120.0,1120.0,Cardiology Investigation,Tier I,CGHS O.M. 03.10.2025,2025-10-03
1188,CI003,Holter analysis per day,2125.0,2500.0,2500.0,Cardiology Investigation,Tier I,CGHS O.M. 03.10.2025,2025-10-03
1189,CI004,Ambulatory BP monitoring per day,850.0,1000.0,1000.0,Cardiology Investigation,Tier I,CGHS O.M. 03.10.2025,2025-10-03
1190,CI005,Head Up Tilt Test (HUTT),7820.0,9200.0,9200.0,Cardiology Investigation,Tier I,CGHS O.M. 03.10.2025,2025-10-03
1191,CI006,External Loop/event recording -first day Rs.1500,1275.0,1500.0,1500.0,Cardiology Investigation,Tier I,CGHS O.M. 03.10.2025,2025-10-03
1192,CI007,External Loop/event recording - subsequent Days 1000/day (Maximum up to 6 days),850.0,1000.0,1000.0,Cardiology Investigation,Tier I,CGHS O.M. 03.10.2025,2025-10-03
1193,CI008,Diagnostic Electrophysiological studies conventional (Including catheter),61710.0,72600.0,72600.0,Cardiology Investigation,Tier I,CGHS O.M. 03.10.2025,2025-10-03
1194,CI009,Stress Thallium / Myocardial Perfusion Scintigraphy,11390.0,13400.0,13400.0,Cardiology Investigation,Tier I,CGHS O.M. 03.10.2025,2025-10-03
1195,CI010,Rest Thallium / Myocardial Perfusion Scintigraphy,8160.0,9600.0,9600.0,Cardiology Investigation,Tier I,CGHS O.M. 03.10.2025,2025-10-03
1196,CI011,Venography,4250.0,5000.0,5000.0,Cardiology Investigation,Tier I,CGHS O.M. 03.10.2025,2025-10-03
1197,CI012,Lymphangiography,4250.0,5000.0,5000.0,Cardiology Investigation,Tier I,CGHS O.M. 03.10.2025,2025-10-03
1198,CI013,Sinogram,1700.0,2000.0,2000.0,Cardiology Investigation,Tier I,CGHS O.M. 03.10.2025,2025-10-03
1199,CI014,Digital Subtraction Angiography-Peripheral artery,12419.0,14610.0,14610.0,Cardiology Investigation,Tier I,CGHS O.M. 03.10.2025,2025-10-03
1200,CI015,Digital Subtraction Angiography- venogram,12419.0,14610.0,14610.0,Cardiology Investigation,Tier I,CGHS O.M. 03.10.2025,2025-10-03
1201,CI016,Coronary Angiography,11390.0,13400.0,13400.0,Cardiology Investigation,Tier I,CGHS O.M. 03.10.2025,2025-10-03
1202,CI017,Cardiac Catheterization (CATH),12665.0,14900.0,14900.0,Cardiology Investigation,Tier I,CGHS O.M. 03.10.2025,2025-10-03
1203,CP001,Balloon Coronary Angioplasty / Percutaneous transluminal coronary angioplasty (PTCA) /Percutaneous coronary intervention (PCI) with Vascular closure device (VCD) excluding the cost of Stent. Cost of Drug Eluting Balloon allowed in lieu of Stent,82450.0,97000.0,111550.0,Cardiology Procedure,Tier I,CGHS O.M. 03.10.2025,2025-10-03
1204,CP002,Balloon Coronary Angioplasty / Percutaneous transluminal coronary angioplasty (PTCA) / Percutaneous coronary intervention (PCI) without Vascular closure device (VCD) excluding the cost of Stent.Cost of Drug Eluting Balloon allowed in lieu of Stent,71166.0,83725.0,96284.0,Cardiology Procedure,Tier I,CGHS O.M. 03.10.2025,2025-10-03
1205,CP003,Rotablation excluding the cost of Rotablator Burr/Advancer,52553.0,61827.0,71101.0,Cardiology Procedure,Tier I,CGHS O.M. 03.10.2025,2025-10-03
1206,CP004,Balloon Mitral Valvotomy / Percutaneous Transvenous Mitral Commissurotomy (PTMC),82450.0,97000.0,111550.0,Cardiology Procedure,Tier I,CGHS O.M. 03.10.2025,2025-10-03
1207,CP005,Temporary Pacemaker Implantation (TPI) (Temporary Cardiac Pacing) Single Chamber,17952.0,21120.0,24288.0,Cardiology Procedure,Tier I,CGHS O.M. 03.10.2025,2025-10-03
1208,CP006,Permanent pacemaker implantation (PPI)- Single Chamber excluding the cost of Pacemaker,29920.0,35200.0,40480.0,Cardiology Procedure,Tier I,CGHS O.M. 03.10.2025,2025-10-03
1209,CP007,Permanent pacemaker implantation- Dual Chamber excluding the cost of Pacemaker,40205.0,47300.0,54395.0,Cardiology Procedure,Tier I,CGHS O.M. 03.10.2025,2025-10-03
1210,CP008,Permanent pacemaker implantation (PPI)- Biventricular excluding the cost of pacemaker,46400.0,54588.0,62776.0,Cardiology Procedure,Tier I,CGHS O.M. 03.10.2025,2025-10-03
1211,CP009,Automatic implantable cardioverter defibrillator (AICD) Single Chamber - excluding the cost of Device,46750.0,55000.0,63250.0,Cardiology Procedure,Tier I,CGHS O.M. 03.10.2025,2025-10-03
1212,CP010,Automatic implantable cardioverter defibrillator (AICD) Dual Chamber excluding the cost of Device,48947.0,57585.0,66223.0,Cardiology Procedure,Tier I,CGHS O.M. 03.10.2025,2025-10-03
1213,CP011,Combo Device Implantation excluding the cost of Device,55165.0,64900.0,74635.0,Cardiology Procedure,Tier I,CGHS O.M. 03.10.2025,2025-10-03
1214,CP012,Radiofrequency (RF) Ablation Conventional,82450.0,97000.0,111550.0,Cardiology Procedure,Tier I,CGHS O.M. 03.10.2025,2025-10-03
1215,CP013,Radiofrequency (RF) Ablation Atrial Tachycardia/CARTO,153000.0,180000.0,207000.0,Cardiology Procedure,Tier I,CGHS O.M. 03.10.2025,2025-10-03
1216,CP014,Intra-aortic balloon pump (IABP) excluding the cost of the balloon,29750.0,35000.0,40250.0,Cardiology Procedure,Tier I,CGHS O.M. 03.10.2025,2025-10-03
1217,CP015,Intra vascular coiling excluding cost of the coils,64600.0,76000.0,87400.0,Cardiology Procedure,Tier I,CGHS O.M. 03.10.2025,2025-10-03
1218,CP016,Balloon Septostomy,28050.0,33000.0,37950.0,Cardiology Procedure,Tier I,CGHS O.M. 03.10.2025,2025-10-03
1219,CP017,Aortic Valve Balloon Dilatation (AVBD) / Pulmonary Valve Balloon Dilatation (PVBD),52734.0,62040.0,71346.0,Cardiology Procedure,Tier I,CGHS O.M. 03.10.2025,2025-10-03
1220,CP018,Peripheral Angioplasty with Vascular Closure Device (VCD) excluding the cost of Stent,51893.0,61050.0,70208.0,Cardiology Procedure,Tier I,CGHS O.M. 03.10.2025,2025-10-03
1221,CP019,Peripheral Angioplasty without Vascular Closure Device (VCD) excluding the cost of Stent,45050.0,53000.0,60950.0,Cardiology Procedure,Tier I,CGHS O.M. 03.10.2025,2025-10-03
1222,CP020,Renal Angioplasty excluding the cost of Stent,51425.0,60500.0,69575.0,Cardiology Procedure,Tier I,CGHS O.M. 03.10.2025,2025-10-03
1223,CP021,"Transcatheter Aortic Valve Implantation (TAVI) / Transcatheter Aortic Valve Replacement (TAVR) – Procedure Cost. (Approval of Director, CGHS in consultation with Special Technical Committee (STC) is required for this procedure)",85000.0,100000.0,115000.0,Cardiology Procedure,Tier I,CGHS O.M. 03.10.2025,2025-10-03
1224,CP022,TAVI / TAVR Implant (cost of implant only),1284000.0,1284000.0,1284000.0,Cardiology Implant(Valve),Tier I,CGHS O.M. 03.10.2025,2025-10-03
1225,CP023,Cost of Intravascular ultrasound (IVUS) Catheter excluding GST(Procedure Charge included in PTCA),55000.0,55000.0,55000.0,Cardiology Add on Procedure,Tier I,CGHS O.M. 03.10.2025,2025-10-03
1226,CP024,Cost of Fractional flow reserve (FFR) Catheter excluding GST (Procedure Charge included in PTCA),33000.0,33000.0,33000.0,Cardiology Add on Procedure,Tier I,CGHS O.M. 03.10.2025,2025-10-03
1227,CP025,Catheter cost of Intracoronary optical coherence tomography (OCT) / Intravascular optical coherence tomography (IVOCT) / Intravascular Ventricular Assist System excluding GST(Procedure cost is included in PTCA),65000.0,65000.0,65000.0,Cardiology Add on Procedure,Tier I,CGHS O.M. 03.10.2025,2025-10-03
1228,CP026,"IVL (Coronary Intra vascular Lithotripsy / Shock wave Lithotripsy – Including GST (Approval of Director, CGHS in consultation with Special Technical Committee (STC) is required for this procedure)",268000.0,268000.0,268000.0,Cardiology Add on Procedure,Tier I,CGHS O.M. 03.10.2025,2025-10-03
1229,CV001,Varicose vein Surgery-Trendelenburg Operation with Suturing or Ligation,21505.0,25300.0,29095.0,Cardiovascular And Cardiac Surgery Procedure,Tier I,CGHS O.M. 03.10.2025,2025-10-03
1230,CV002,Radio Ablation of Varicose Veins (RFA Ablation) excluding the cost of RFA Catheter,7948.0,9350.0,10753.0,Cardiovascular And Cardiac Surgery Procedure,Tier I,CGHS O.M. 03.10.2025,2025-10-03
1231,CV003,Laser Ablation of Varicose Veins,37400.0,44000.0,50600.0,Cardiovascular And Cardiac Surgery Procedure,Tier I,CGHS O.M. 03.10.2025,2025-10-03
1232,CV004,Atrial Septal Defect (ASD) closure excluding the cost of the Device,93500.0,110000.0,126500.0,Cardiovascular And Cardiac Surgery Procedure,Tier I,CGHS O.M. 03.10.2025,2025-10-03
1233,CV005,Ventricular Septal Defect (VSD) with Graft / VSD Device Closure excluding the cost of the Device,102000.0,120000.0,138000.0,Cardiovascular And Cardiac Surgery Procedure,Tier I,CGHS O.M. 03.10.2025,2025-10-03
1234,CV006,Tetralogy of Fallot (TOF)/TAPVC/TCPC/REV/RSOV repair,153000.0,180000.0,207000.0,Cardiovascular And Cardiac Surgery Procedure,Tier I,CGHS O.M. 03.10.2025,2025-10-03
1235,CV007,BD Glenn/Left Atrium Myxoma,153000.0,180000.0,207000.0,Cardiovascular And Cardiac Surgery Procedure,Tier I,CGHS O.M. 03.10.2025,2025-10-03
1236,CV008,Senning/Arterial Switch Operation (ASO) with graft,153000.0,180000.0,207000.0,Cardiovascular And Cardiac Surgery Procedure,Tier I,CGHS O.M. 03.10.2025,2025-10-03
1237,CV009,Double Switch Operation (DSO),200600.0,236000.0,271400.0,Cardiovascular And Cardiac Surgery Procedure,Tier I,CGHS O.M. 03.10.2025,2025-10-03
1238,CV010,Atrioventricular(AV) Canal Repair,200600.0,236000.0,271400.0,Cardiovascular And Cardiac Surgery Procedure,Tier I,CGHS O.M. 03.10.2025,2025-10-03
1239,CV011,Fontan Procedure,232900.0,274000.0,315100.0,Cardiovascular And Cardiac Surgery Procedure,Tier I,CGHS O.M. 03.10.2025,2025-10-03
1240,CV012,Conduit Repair,200600.0,236000.0,271400.0,Cardiovascular And Cardiac Surgery Procedure,Tier I,CGHS O.M. 03.10.2025,2025-10-03
1241,CV013,Coronary Artery Bypass Graft surgery (CABG),153000.0,180000.0,207000.0,Cardiovascular And Cardiac Surgery Procedure,Tier I,CGHS O.M. 03.10.2025,2025-10-03
1242,CV014,Coronary Artery Bypass Graft surgery (CABG) + Intra-Aortic Balloon Pump (IABP),200600.0,236000.0,271400.0,Cardiovascular And Cardiac Surgery Procedure,Tier I,CGHS O.M. 03.10.2025,2025-10-03
1243,CV015,Coronary Artery Bypass Graft surgery (CABG) + Valve Replacement excluding the cost of the valve,232900.0,274000.0,315100.0,Cardiovascular And Cardiac Surgery Procedure,Tier I,CGHS O.M. 03.10.2025,2025-10-03
1244,CV016,CABG without bypass.,200600.0,236000.0,271400.0,Cardiovascular And Cardiac Surgery Procedure,Tier I,CGHS O.M. 03.10.2025,2025-10-03
1245,CV017,Ascending Aorta Replacement,232900.0,274000.0,315100.0,Cardiovascular And Cardiac Surgery Procedure,Tier I,CGHS O.M. 03.10.2025,2025-10-03
1246,CV018,Double Valve Replacement (DVR),200600.0,236000.0,271400.0,Cardiovascular And Cardiac Surgery Procedure,Tier I,CGHS O.M. 03.10.2025,2025-10-03
1247,CV019,Mitral valve Replacement(MVR)/ Aortic valve Replacement (AVR)/ Tricuspid Valve Replacement (TVR) / Pulmonary valve replacement (PVR),153000.0,180000.0,207000.0,Cardiovascular And Cardiac Surgery Procedure,Tier I,CGHS O.M. 03.10.2025,2025-10-03
1248,CV020,Mitral valve (MV) Repair + Aortic valve (AV) Repair / Tricuspid Valve (TV) Repair + Pulmonary valve (PV) repair,153000.0,180000.0,207000.0,Cardiovascular And Cardiac Surgery Procedure,Tier I,CGHS O.M. 03.10.2025,2025-10-03
1249,CV021,Aorta Femoral Bypass,109650.0,129000.0,148350.0,Cardiovascular And Cardiac Surgery Procedure,Tier I,CGHS O.M. 03.10.2025,2025-10-03
1250,CV022,Blalock-Taussig Shunt (BT Shunt) / Coarctation,129200.0,152000.0,174800.0,Cardiovascular And Cardiac Surgery Procedure,Tier I,CGHS O.M. 03.10.2025,2025-10-03
1251,CV023,Pulmonary Artery Banding (PA Banding) Septostomy,129200.0,152000.0,174800.0,Cardiovascular And Cardiac Surgery Procedure,Tier I,CGHS O.M. 03.10.2025,2025-10-03
1252,CV024,Pericardiocentesis,8500.0,10000.0,10000.0,Cardiovascular And Cardiac Surgery Procedure,Tier I,CGHS O.M. 03.10.2025,2025-10-03
1253,CV025,Pericardiectomy,129200.0,152000.0,174800.0,Cardiovascular And Cardiac Surgery Procedure,Tier I,CGHS O.M. 03.10.2025,2025-10-03
1254,CV026,Patent Ductus Arteriosus (PDA)-Device Closure,93500.0,110000.0,126500.0,Cardiovascular And Cardiac Surgery Procedure,Tier I,CGHS O.M. 03.10.2025,2025-10-03
1255,CV027,"Heart Transplant Surgery (As per Guidelines mentioned in OM.No. Z- 42011/11/2021-MG/EHS Dated 1st December, 2023)",1500000.0,1500000.0,1500000.0,Cardiovascular And Cardiac Surgery Procedure,Tier I,CGHS O.M. 03.10.2025,2025-10-03
1256,CV028,Aortic Arch Replacement,232900.0,274000.0,315100.0,Cardiovascular And Cardiac Surgery Procedure,Tier I,CGHS O.M. 03.10.2025,2025-10-03
1257,CV029,Aortic Dissection,232900.0,274000.0,315100.0,Cardiovascular And Cardiac Surgery Procedure,Tier I,CGHS O.M. 03.10.2025,2025-10-03
1258,CV030,Thoraco Abdominal Aneurysm Repair,200600.0,236000.0,271400.0,Cardiovascular And Cardiac Surgery Procedure,Tier I,CGHS O.M. 03.10.2025,2025-10-03
1259,CV031,Embolectomy,64600.0,76000.0,87400.0,Cardiovascular And Cardiac Surgery Procedure,Tier I,CGHS O.M. 03.10.2025,2025-10-03
1260,CV032,Vascular Repair,64600.0,76000.0,87400.0,Cardiovascular And Cardiac Surgery Procedure,Tier I,CGHS O.M. 03.10.2025,2025-10-03
1261,CV033,Bentall Repair with Prosthetic Valve,232900.0,274000.0,315100.0,Cardiovascular And Cardiac Surgery Procedure,Tier I,CGHS O.M. 03.10.2025,2025-10-03
1262,CV034,Bentall Repair with Biologic Valve,200600.0,236000.0,271400.0,Cardiovascular And Cardiac Surgery Procedure,Tier I,CGHS O.M. 03.10.2025,2025-10-03
1263,CV035,Coarctation dilatation / Balloon dilatation of Aortic coarctation -Excluding the cost of Balloon,66946.0,78760.0,90574.0,Cardiovascular And Cardiac Surgery Procedure,Tier I,CGHS O.M. 03.10.2025,2025-10-03
1264,CV036,Coarctation dilatation with Stenting,53550.0,63000.0,72450.0,Cardiovascular And Cardiac Surgery Procedure,Tier I,CGHS O.M. 03.10.2025,2025-10-03
1265,CV037,Septostomy- Blade,53550.0,63000.0,72450.0,Cardiovascular And Cardiac Surgery Procedure,Tier I,CGHS O.M. 03.10.2025,2025-10-03
1266,CV038,Aortic stent grafting for aortic aneurysm,153000.0,180000.0,207000.0,Cardiovascular And Cardiac Surgery Procedure,Tier I,CGHS O.M. 03.10.2025,2025-10-03
1267,CV039,Inferior Vena Cava (IVC) filter implantation- excluding the cost of filter,28050.0,33000.0,37950.0,Cardiovascular And Cardiac Surgery Procedure,Tier I,CGHS O.M. 03.10.2025,2025-10-03
1268,CV040,Video Assisted Thoracoscopic Surgery (VATS) for Decortication of Lungs/Thymectomy/Other Major Surgeries,153000.0,180000.0,207000.0,Cardiovascular And Cardiac Surgery Procedure,Tier I,CGHS O.M. 03.10.2025,2025-10-03
1269,GS001,Sclerotherapy Injection / Banding of Haemorrhoids (cost of drug/sclerotherapy agent/band extra),595.0,700.0,700.0,General Surgery,Tier I,CGHS O.M. 03.10.2025,2025-10-03
1270,GS002,Injection for Varicose Veins (cost of drug/sclerotherapy agent extra),595.0,700.0,700.0,General Surgery,Tier I,CGHS O.M. 03.10.2025,2025-10-03
1271,GS003,Suturing of small wounds,1169.0,1375.0,1375.0,General Surgery,Tier I,CGHS O.M. 03.10.2025,2025-10-03
1272,GS004,Secondary suture of wounds,3740.0,4400.0,4400.0,General Surgery,Tier I,CGHS O.M. 03.10.2025,2025-10-03
1273,GS005,Debridement of wounds - Small,1403.0,1650.0,1650.0,General Surgery,Tier I,CGHS O.M. 03.10.2025,2025-10-03
1274,GS006,Phimosis Under LA,5100.0,6000.0,6000.0,General Surgery,Tier I,CGHS O.M. 03.10.2025,2025-10-03
1275,GS007,Removal Of Foreign Bodies -without C-ARM,1275.0,1500.0,1500.0,General Surgery,Tier I,CGHS O.M. 03.10.2025,2025-10-03
1276,GS008,Toe Nail Removal,850.0,1000.0,1000.0,General Surgery,Tier I,CGHS O.M. 03.10.2025,2025-10-03
1277,GS009,Excision of Cervical Lymph Node under Local Anaesthesia,2635.0,3100.0,3100.0,General Surgery,Tier I,CGHS O.M. 03.10.2025,2025-10-03
1278,GS010,Excision of Axillary Lymph Node under General Anaesthesia,7225.0,8500.0,8500.0,General Surgery,Tier I,CGHS O.M. 03.10.2025,2025-10-03
1279,GS011,Excision of Inguinal Lymph Node under Local Anaesthesia,2550.0,3000.0,3000.0,General Surgery,Tier I,CGHS O.M. 03.10.2025,2025-10-03
1280,GS012,Excision of Sebaceous Cysts,4250.0,5000.0,5000.0,General Surgery,Tier I,CGHS O.M. 03.10.2025,2025-10-03
1281,GS013,Excision of Superficial Lipoma,4250.0,5000.0,5000.0,General Surgery,Tier I,CGHS O.M. 03.10.2025,2025-10-03
1282,GS014,Excision of Superficial Neurofibroma,4250.0,5000.0,5000.0,General Surgery,Tier I,CGHS O.M. 03.10.2025,2025-10-03
1283,GS015,Excision of Dermoid Cysts,4250.0,5000.0,5000.0,General Surgery,Tier I,CGHS O.M. 03.10.2025,2025-10-03
1284,GS016,Excision of Keloid,7820.0,9200.0,9200.0,General Surgery,Tier I,CGHS O.M. 03.10.2025,2025-10-03
1285,GS017,Excision of mammary fistula,23375.0,27500.0,27500.0,General Surgery,Tier I,CGHS O.M. 03.10.2025,2025-10-03
1286,GS018,Haemorrhoidectomy,28050.0,33000.0,33000.0,General Surgery,Tier I,CGHS O.M. 03.10.2025,2025-10-03
1287,GS019,Stapler haemorrhoidectomy excluding the cost of Stapler,29750.0,35000.0,35000.0,General Surgery,Tier I,CGHS O.M. 03.10.2025,2025-10-03
1288,GS020,Debridement of Large wounds including Diabetic Wound under Anaesthesia,23375.0,27500.0,27500.0,General Surgery,Tier I,CGHS O.M. 03.10.2025,2025-10-03
1289,GI001,Gastro Oesophageal Reflux Study (GER Study),2550.0,3000.0,3000.0,Gastro and Hepatobiliary Investigation,Tier I,CGHS O.M. 03.10.2025,2025-10-03
1290,GI002,Meckel's Scan,2550.0,3000.0,3000.0,Gastro and Hepatobiliary/Nuclear Medicine Investigation,Tier I,CGHS O.M. 03.10.2025,2025-10-03
1291,GI003,Hepatobiliary Scintigraphy.,3400.0,4000.0,4000.0,Gastro and Hepatobiliary/Nuclear Medicine Investigation,Tier I,CGHS O.M. 03.10.2025,2025-10-03
1292,GI004,Gastrointestinal Bleed (GloB.) Study with Technetium 99m labeled RBCs.,5100.0,6000.0,6000.0,Gastro and Hepatobiliary/Nuclear Medicine Investigation,Tier I,CGHS O.M. 03.10.2025,2025-10-03
1293,GI005,Gastric Emptying,2125.0,2500.0,2500.0,Gastro and Hepatobiliary/Nuclear Medicine Investigation,Tier I,CGHS O.M. 03.10.2025,2025-10-03
1294,GI006,Hepatosplenic scintigraphy with Technetium-99m radiopharmaceuticals,4250.0,5000.0,5000.0,Gastro and Hepatobiliary/Nuclear Medicine Investigation,Tier I,CGHS O.M. 03.10.2025,2025-10-03
1295,GI007,Diagnostic Angiography,7820.0,9200.0,9200.0,Gastroenterology/Interventional Radiology Investigation,Tier I,CGHS O.M. 03.10.2025,2025-10-03
1296,GI008,Oesophageal pH metry,7820.0,9200.0,9200.0,Gastroenterology / Endoscopic Procedures,Tier I,CGHS O.M. 03.10.2025,2025-10-03
1297,GI009,Oesophageal Manometry,7820.0,9200.0,9200.0,Gastroenterology / Endoscopic Procedures,Tier I,CGHS O.M. 03.10.2025,2025-10-03
1298,GI010,Small Bowel Manometry,8500.0,10000.0,10000.0,Gastroenterology / Endoscopic Procedures,Tier I,CGHS O.M. 03.10.2025,2025-10-03
1299,GI011,Anorectal manometry,36550.0,43000.0,43000.0,Gastroenterology / Endoscopic Investigation,Tier I,CGHS O.M. 03.10.2025,2025-10-03
1300,GI012,Colonic manometry,29750.0,35000.0,35000.0,Gastroenterology / Endoscopic Investigation,Tier I,CGHS O.M. 03.10.2025,2025-10-03
1301,GI013,Biliary Manometry,36550.0,43000.0,43000.0,Gastroenterology / Endoscopic Investigation,Tier I,CGHS O.M. 03.10.2025,2025-10-03
1302,GI014,Breath Tests (Urea breath test/ H. pylori breath test)/RUT,2457.0,2890.0,2890.0,Gastroenterology / Endoscopic Investigation,Tier I,CGHS O.M. 03.10.2025,2025-10-03
1303,MG001,Gastroscopy/Upper GI Endoscopy with or without Biopsy,3400.0,4000.0,4000.0,Gastroenterology / Endoscopic Procedures,Tier I,CGHS O.M. 03.10.2025,2025-10-03
1304,MG002,Lower GI Endoscopy(Colonoscopy/Sigmoidoscopy) with or without Biopsy,5100.0,6000.0,6000.0,Gastroenterology / Endoscopic Procedures,Tier I,CGHS O.M. 03.10.2025,2025-10-03
1305,MG003,Endoscopic mucosal resection,11390.0,13400.0,13400.0,Gastroenterology / Endoscopic Procedures,Tier I,CGHS O.M. 03.10.2025,2025-10-03
1306,MG004,Endoscopic Polypectomy - GIT,17000.0,20000.0,20000.0,Gastroenterology / Endoscopic Procedures,Tier I,CGHS O.M. 03.10.2025,2025-10-03
1307,MG005,Oesophageal Stricture dilatation,7820.0,9200.0,9200.0,Gastroenterology / Endoscopic Procedures,Tier I,CGHS O.M. 03.10.2025,2025-10-03
1308,MG006,Balloon dilatation of achalasia cardia,11390.0,13400.0,13400.0,Gastroenterology / Endoscopic Procedures,Tier I,CGHS O.M. 03.10.2025,2025-10-03
1309,MG007,Gastrointestinal (GIT) Foreign body removal,17000.0,20000.0,20000.0,Gastroenterology / Endoscopic Procedures,Tier I,CGHS O.M. 03.10.2025,2025-10-03
1310,MG008,Oesophageal stenting excluding the cost of stent,11390.0,13400.0,13400.0,Gastroenterology / Endoscopic Procedures,Tier I,CGHS O.M. 03.10.2025,2025-10-03
1311,MG009,Band ligation of oesophageal varices,7225.0,8500.0,8500.0,Gastroenterology / Endoscopic Procedures,Tier I,CGHS O.M. 03.10.2025,2025-10-03
1312,MG010,Sclerotherapy of oesophageal varices,7225.0,8500.0,8500.0,Gastroenterology / Endoscopic Procedures,Tier I,CGHS O.M. 03.10.2025,2025-10-03
1313,MG011,Glue injection of varices,11390.0,13400.0,13400.0,Gastroenterology / Endoscopic Procedures,Tier I,CGHS O.M. 03.10.2025,2025-10-03
1314,MG012,Argon plasma coagulation,7820.0,9200.0,9200.0,Gastroenterology / Endoscopic Procedures,Tier I,CGHS O.M. 03.10.2025,2025-10-03
1315,MG013,Pyloric balloon dilatation,7225.0,8500.0,8500.0,Gastroenterology / Endoscopic Procedures,Tier I,CGHS O.M. 03.10.2025,2025-10-03
1316,MG014,Enteral stenting excluding cost of the stent,17000.0,20000.0,20000.0,Gastroenterology / Endoscopic Procedures,Tier I,CGHS O.M. 03.10.2025,2025-10-03
1317,MG015,Duodenal stricture dilation,7225.0,8500.0,8500.0,Gastroenterology / Endoscopic Procedures,Tier I,CGHS O.M. 03.10.2025,2025-10-03
1318,MG016,Single balloon enteroscopy,11390.0,13400.0,13400.0,Gastroenterology / Endoscopic Procedures,Tier I,CGHS O.M. 03.10.2025,2025-10-03
1319,MG017,Double balloon enteroscopy,17000.0,20000.0,20000.0,Gastroenterology / Endoscopic Procedures,Tier I,CGHS O.M. 03.10.2025,2025-10-03
1320,MG018,Capsule endoscopy excluding the cost of capsule,11390.0,13400.0,13400.0,Gastroenterology / Endoscopic Procedures,Tier I,CGHS O.M. 03.10.2025,2025-10-03
1321,MG019,Piles banding,4250.0,5000.0,5000.0,Gastroenterology / Endoscopic Procedures,Tier I,CGHS O.M. 03.10.2025,2025-10-03
1322,MG020,Colonic stricture dilatation,7225.0,8500.0,8500.0,Gastroenterology / Endoscopic Procedures,Tier I,CGHS O.M. 03.10.2025,2025-10-03
1323,MG021,Hot biopsy forceps procedures,7225.0,8500.0,8500.0,Gastroenterology / Endoscopic Procedures,Tier I,CGHS O.M. 03.10.2025,2025-10-03
1324,MG022,Colonic stenting excluding cost of the stent,11390.0,13400.0,13400.0,Gastroenterology / Endoscopic Procedures,Tier I,CGHS O.M. 03.10.2025,2025-10-03
1325,MG023,Junction biopsy,4250.0,5000.0,5000.0,Gastroenterology / Endoscopic Procedures,Tier I,CGHS O.M. 03.10.2025,2025-10-03
1326,MG024,Conjugal microscopy,7225.0,8500.0,8500.0,Gastroenterology / Endoscopic Procedures,Tier I,CGHS O.M. 03.10.2025,2025-10-03
1327,MG025,ERCP (Endoscopic Retrograde Cholangio – Pancreatography) Diagnostic,11390.0,13400.0,13400.0,Gastro and Hepatobiliary Investigation,Tier I,CGHS O.M. 03.10.2025,2025-10-03
1328,MG026,Endoscopic sphincterotomy by ERCP,17000.0,20000.0,23000.0,Gastroenterology / Endoscopic Procedures,Tier I,CGHS O.M. 03.10.2025,2025-10-03
1329,MG027,Common Bile Duct (CBD) stone extraction by ERCP,17000.0,20000.0,23000.0,Gastroenterology / Endoscopic Procedures,Tier I,CGHS O.M. 03.10.2025,2025-10-03
1330,MG028,Common Bile Duct (CBD) stricture dilatation by ERCP,17000.0,20000.0,23000.0,Gastroenterology / Endoscopic Procedures,Tier I,CGHS O.M. 03.10.2025,2025-10-03
1331,MG029,Biliary stenting (plastic and metallic) by ERCP,17000.0,20000.0,23000.0,Gastroenterology / Endoscopic Procedures,Tier I,CGHS O.M. 03.10.2025,2025-10-03
1332,MG030,Mechanical lithotripsy of CBD stones by ERCP,29750.0,35000.0,40250.0,Gastroenterology / Endoscopic Procedures,Tier I,CGHS O.M. 03.10.2025,2025-10-03
1333,MG031,Pancreatic sphincterotomy by ERCP,17000.0,20000.0,23000.0,Gastroenterology / Endoscopic Procedures,Tier I,CGHS O.M. 03.10.2025,2025-10-03
1334,MG032,Pancreatic stricture dilatation by ERCP,17000.0,20000.0,23000.0,Gastroenterology / Endoscopic Procedures,Tier I,CGHS O.M. 03.10.2025,2025-10-03
1335,MG033,Pancreatic stone extraction by ERCP,17000.0,20000.0,23000.0,Gastroenterology / Endoscopic Procedures,Tier I,CGHS O.M. 03.10.2025,2025-10-03
1336,MG034,Mechanical lithotripsy of pancreatic stones,29750.0,35000.0,40250.0,Gastroenterology / Endoscopic Procedures,Tier I,CGHS O.M. 03.10.2025,2025-10-03
1337,MG035,Endoscopic cysto gastrostomy,17000.0,20000.0,23000.0,Gastroenterology / Endoscopic Procedures,Tier I,CGHS O.M. 03.10.2025,2025-10-03
1338,MG036,Balloon dilatation of papilla,17000.0,20000.0,23000.0,Gastroenterology / Endoscopic Procedures,Tier I,CGHS O.M. 03.10.2025,2025-10-03
1339,MG037,Percutaneous Transhepatic Biliary Drainage (PTBD),17000.0,20000.0,23000.0,Gastroenterology/Interventional Radiology Procedures,Tier I,CGHS O.M. 03.10.2025,2025-10-03
1340,MG038,Vascular Embolization,36550.0,43000.0,49450.0,Gastroenterology/Interventional Radiology Procedures,Tier I,CGHS O.M. 03.10.2025,2025-10-03
1341,MG039,Transjugular Intrahepatic Portosystemic Shunt (TIPS),45050.0,53000.0,60950.0,Gastroenterology/Interventional Radiology Procedures,Tier I,CGHS O.M. 03.10.2025,2025-10-03
1342,MG040,Inferior Vena Cava (IVC) Venography and Hepatic Vein (HV Venography),36550.0,43000.0,49450.0,Gastroenterology/Interventional Radiology Procedures,Tier I,CGHS O.M. 03.10.2025,2025-10-03
1343,MG041,Muscular Stenting,45050.0,53000.0,60950.0,Gastroenterology / Endoscopic Procedures,Tier I,CGHS O.M. 03.10.2025,2025-10-03
1344,MG042,Balloon-Occluded Retrograde Intravenous Obliteration (BRTO),45050.0,53000.0,60950.0,Gastroenterology/Interventional Radiology Procedures,Tier I,CGHS O.M. 03.10.2025,2025-10-03
1345,MG043,Portal Haemodynamic Studies,7225.0,8500.0,8500.0,Gastroenterology/Interventional Radiology Procedures,Tier I,CGHS O.M. 03.10.2025,2025-10-03
1346,MG044,Sengstaken Blakemore (SB) Tube Tamponade,7820.0,9200.0,9200.0,Gastroenterology / Endoscopic Procedures,Tier I,CGHS O.M. 03.10.2025,2025-10-03
1347,MG045,Lintas Machles Tube Tempode,5100.0,6000.0,6000.0,Gastroenterology / Endoscopic Procedures,Tier I,CGHS O.M. 03.10.2025,2025-10-03
1348,MG046,EUS (Endoscopic Ultrasound) guided FNAC Excluding the cost of the Needle,14025.0,16500.0,16500.0,Gastroenterology / Endoscopic Procedures,Tier I,CGHS O.M. 03.10.2025,2025-10-03
1349,AG001,Atresia of Oesophagus and Tracheo Oesophageal Fistula,45050.0,53000.0,60950.0,Abdomen/GI Surgery Procedure,Tier I,CGHS O.M. 03.10.2025,2025-10-03
1350,AG002,Operations for Replacement of Oesophagus by Colon / Colon-Inter position or Replacement of Oesophagus,45050.0,53000.0,60950.0,Abdomen/GI Surgery Procedure,Tier I,CGHS O.M. 03.10.2025,2025-10-03
1351,AG003,Heller’s Operation,36550.0,43000.0,49450.0,Abdomen/GI Surgery Procedure,Tier I,CGHS O.M. 03.10.2025,2025-10-03
1352,AG004,Oesophageal Intubation (Mousseau Barbin Tube),23375.0,27500.0,31625.0,Abdomen/GI Surgery Procedure,Tier I,CGHS O.M. 03.10.2025,2025-10-03
1353,AG005,Achalasia Cardia Transthoracic,36550.0,43000.0,49450.0,Abdomen/GI Surgery Procedure,Tier I,CGHS O.M. 03.10.2025,2025-10-03
1354,AG006,Achalasia Cardia Abdominal,36550.0,43000.0,49450.0,Abdomen/GI Surgery Procedure,Tier I,CGHS O.M. 03.10.2025,2025-10-03
1355,AG007,Pyloromyotomy,23375.0,27500.0,31625.0,Abdomen/GI Surgery Procedure,Tier I,CGHS O.M. 03.10.2025,2025-10-03
1356,AG008,Gastrostomy,23375.0,27500.0,31625.0,Abdomen/GI Surgery Procedure,Tier I,CGHS O.M. 03.10.2025,2025-10-03
1357,AG009,Simple Closure of Perforated peptic Ulcer,29750.0,35000.0,40250.0,Abdomen/GI Surgery Procedure,Tier I,CGHS O.M. 03.10.2025,2025-10-03
1358,AG010,Vagotomy Pyloroplasty / Gastro Jejunostomy,36550.0,43000.0,49450.0,Abdomen/GI Surgery Procedure,Tier I,CGHS O.M. 03.10.2025,2025-10-03
1359,AG011,Duodenojejunostomy,45050.0,53000.0,60950.0,Abdomen/GI Surgery Procedure,Tier I,CGHS O.M. 03.10.2025,2025-10-03
1360,AG012,Partial/Subtotal Gastrectomy for Ulcer,45050.0,53000.0,60950.0,Abdomen/GI Surgery Procedure,Tier I,CGHS O.M. 03.10.2025,2025-10-03
1361,AG013,Operation for Bleeding Peptic Ulcer,36550.0,43000.0,49450.0,Abdomen/GI Surgery Procedure,Tier I,CGHS O.M. 03.10.2025,2025-10-03
1362,AG014,Operation for Gastrojejunal Ulcer,36550.0,43000.0,49450.0,Abdomen/GI Surgery Procedure,Tier I,CGHS O.M. 03.10.2025,2025-10-03
1363,AG015,Highly Selective Vagotomy,45050.0,53000.0,60950.0,Abdomen/GI Surgery Procedure,Tier I,CGHS O.M. 03.10.2025,2025-10-03
1364,AG016,Selective Vagotomy & Drainage,45050.0,53000.0,60950.0,Abdomen/GI Surgery Procedure,Tier I,CGHS O.M. 03.10.2025,2025-10-03
1365,AG017,Exploratory Laparotomy (Open),23375.0,27500.0,31625.0,Abdomen/GI Surgery Procedure,Tier I,CGHS O.M. 03.10.2025,2025-10-03
1366,AG018,Congenital Diaphragmatic Hernia,36550.0,43000.0,49450.0,Abdomen/GI Surgery Procedure,Tier I,CGHS O.M. 03.10.2025,2025-10-03
1367,AG019,Hiatus Hernia Repair- Abdominal (excluding cost of mesh and tacker if used),30855.0,36300.0,41745.0,Abdomen/GI Surgery Procedure,Tier I,CGHS O.M. 03.10.2025,2025-10-03
1368,AG020,Hiatus Hernia Repair- Transthoracic (excluding cost of mesh and tacker if used),30855.0,36300.0,41745.0,Abdomen/GI Surgery Procedure,Tier I,CGHS O.M. 03.10.2025,2025-10-03
1369,AG021,Epigastric Hernia Repair - excluding the cost of mesh and tacker,23375.0,27500.0,31625.0,Abdomen/GI Surgery Procedure,Tier I,CGHS O.M. 03.10.2025,2025-10-03
1370,AG022,Umbilical Hernia Repair - excluding the cost of mesh and tacker,29750.0,35000.0,40250.0,Abdomen/GI Surgery Procedure,Tier I,CGHS O.M. 03.10.2025,2025-10-03
1371,AG023,Ventral /incisional Hernia Repair - excluding the cost of mesh and tacker,29750.0,35000.0,40250.0,Abdomen/GI Surgery Procedure,Tier I,CGHS O.M. 03.10.2025,2025-10-03
1372,AG024,Inguinal Hernia Herniorrhaphy,24310.0,28600.0,32890.0,Abdomen/GI Surgery Procedure,Tier I,CGHS O.M. 03.10.2025,2025-10-03
1373,AG025,Inguinal Hernia - Hernioplasty excluding the cost of mesh and tacker,29750.0,35000.0,40250.0,Abdomen/GI Surgery Procedure,Tier I,CGHS O.M. 03.10.2025,2025-10-03
1374,AG026,Femoral Hernia Repair - excluding the cost of mesh and tacker,29750.0,35000.0,40250.0,Abdomen/GI Surgery Procedure,Tier I,CGHS O.M. 03.10.2025,2025-10-03
1375,AG027,"Rare Hernias Repair (Spigelian, Obturator, Lumbar, Sciatic) - excluding the cost of mesh and tacker",36550.0,43000.0,49450.0,Abdomen/GI Surgery Procedure,Tier I,CGHS O.M. 03.10.2025,2025-10-03
1376,AG028,Splenectomy - For Trauma,45050.0,53000.0,60950.0,Abdomen/GI Surgery Procedure,Tier I,CGHS O.M. 03.10.2025,2025-10-03
1377,AG029,Splenectomy - For Hypersplenism,53550.0,63000.0,72450.0,Abdomen/GI Surgery Procedure,Tier I,CGHS O.M. 03.10.2025,2025-10-03
1378,AG030,Splenorenal Anastomosis,45050.0,53000.0,60950.0,Abdomen/GI Surgery Procedure,Tier I,CGHS O.M. 03.10.2025,2025-10-03
1379,AG031,Portocaval Anastomosis,53550.0,63000.0,72450.0,Abdomen/GI Surgery Procedure,Tier I,CGHS O.M. 03.10.2025,2025-10-03
1380,AG032,Direct Operation on Oesophagus for Portal Hypertension,45050.0,53000.0,60950.0,Abdomen/GI Surgery Procedure,Tier I,CGHS O.M. 03.10.2025,2025-10-03
1381,AG033,Mesentericocaval Anastomosis,36550.0,43000.0,49450.0,Abdomen/GI Surgery Procedure,Tier I,CGHS O.M. 03.10.2025,2025-10-03
1382,AG034,Warren Shunt (Distal Splenorenal Shunt),45050.0,53000.0,60950.0,Abdomen/GI Surgery Procedure,Tier I,CGHS O.M. 03.10.2025,2025-10-03
1383,AG035,Pancreaticoduodenectomy (Whipple's procedure),45050.0,53000.0,60950.0,Abdomen/GI Surgery Procedure,Tier I,CGHS O.M. 03.10.2025,2025-10-03
1384,AG036,Cystojejunostomy or Cystogastrostomy,36550.0,43000.0,49450.0,Abdomen/GI Surgery Procedure,Tier I,CGHS O.M. 03.10.2025,2025-10-03
1385,AG037,Cholecystectomy,29750.0,35000.0,40250.0,Abdomen/GI Surgery Procedure,Tier I,CGHS O.M. 03.10.2025,2025-10-03
1386,AG038,Cholecystectomy & Exploration of CBD,30855.0,36300.0,41745.0,Abdomen/GI Surgery Procedure,Tier I,CGHS O.M. 03.10.2025,2025-10-03
1387,AG039,Repair of Common Bile Duct (CBD),36550.0,43000.0,49450.0,Abdomen/GI Surgery Procedure,Tier I,CGHS O.M. 03.10.2025,2025-10-03
1388,AG040,Cholecystostomy,22440.0,26400.0,30360.0,Abdomen/GI Surgery Procedure,Tier I,CGHS O.M. 03.10.2025,2025-10-03
1389,AG041,Operation for Hydatid Cyst of Liver,25245.0,29700.0,34155.0,Abdomen/GI Surgery Procedure,Tier I,CGHS O.M. 03.10.2025,2025-10-03
1390,AG042,Hepatic Resections (Lobectomy /Hepatectomy),30855.0,36300.0,41745.0,Abdomen/GI Surgery Procedure,Tier I,CGHS O.M. 03.10.2025,2025-10-03
1391,AG043,Operation on Adrenal Glands - Bilateral,53550.0,63000.0,72450.0,Abdomen/GI Surgery Procedure,Tier I,CGHS O.M. 03.10.2025,2025-10-03
1392,AG044,Operation on Adrenal Glands - Unilateral,36550.0,43000.0,49450.0,Abdomen/GI Surgery Procedure,Tier I,CGHS O.M. 03.10.2025,2025-10-03
1393,AG045,Appendicectomy,17765.0,20900.0,24035.0,Abdomen/GI Surgery Procedure,Tier I,CGHS O.M. 03.10.2025,2025-10-03
1394,AG046,Appendicular Abscess – Drainage,29750.0,35000.0,40250.0,Abdomen/GI Surgery Procedure,Tier I,CGHS O.M. 03.10.2025,2025-10-03
1395,AG047,Mesenteric Cyst- Excision,29750.0,35000.0,40250.0,Abdomen/GI Surgery Procedure,Tier I,CGHS O.M. 03.10.2025,2025-10-03
1396,AG048,Diagnostic Peritonioscopy/Laparoscopy,17000.0,20000.0,23000.0,Abdomen/GI Surgery Procedure,Tier I,CGHS O.M. 03.10.2025,2025-10-03
1397,AG049,Jejunostomy,29750.0,35000.0,40250.0,Abdomen/GI Surgery Procedure,Tier I,CGHS O.M. 03.10.2025,2025-10-03
1398,AG050,Ileostomy,29750.0,35000.0,40250.0,Abdomen/GI Surgery Procedure,Tier I,CGHS O.M. 03.10.2025,2025-10-03
1399,AG051,Resection & Anastomosis of Small Intestine,44413.0,52250.0,60088.0,Abdomen/GI Surgery Procedure,Tier I,CGHS O.M. 03.10.2025,2025-10-03
1400,AG052,Duodenal Diverticulum,45050.0,53000.0,60950.0,Abdomen/GI Surgery Procedure,Tier I,CGHS O.M. 03.10.2025,2025-10-03
1401,AG053,"Operation for Intestinal Obstruction including resection , anastomosis, Adhesiolysis",45050.0,53000.0,60950.0,Abdomen/GI Surgery Procedure,Tier I,CGHS O.M. 03.10.2025,2025-10-03
1402,AG054,"Operation for Intestinal perforation including resection, anastomosis , Adhesiolysis",45050.0,53000.0,60950.0,Abdomen/GI Surgery Procedure,Tier I,CGHS O.M. 03.10.2025,2025-10-03
1403,AG055,Operations for Benign Tumours of Small Intestine,45050.0,53000.0,60950.0,Abdomen/GI Surgery Procedure,Tier I,CGHS O.M. 03.10.2025,2025-10-03
1404,AG056,Excision of Small Intestine Fistula,42075.0,49500.0,56925.0,Abdomen/GI Surgery Procedure,Tier I,CGHS O.M. 03.10.2025,2025-10-03
1405,AG057,Operations for GI Bleed,45050.0,53000.0,60950.0,Abdomen/GI Surgery Procedure,Tier I,CGHS O.M. 03.10.2025,2025-10-03
1406,AG058,Operations for Haemorrhage of Small Intestines,45050.0,53000.0,60950.0,Abdomen/GI Surgery Procedure,Tier I,CGHS O.M. 03.10.2025,2025-10-03
1407,AG059,Operations of the Duplication of the Intestines – including Exploratory Laparotomy,38335.0,45100.0,51865.0,Abdomen/GI Surgery Procedure,Tier I,CGHS O.M. 03.10.2025,2025-10-03
1408,AG060,Operations for Recurrent Intestinal Obstruction (Noble Plication & Other Operations for Adhesions),45050.0,53000.0,60950.0,Abdomen/GI Surgery Procedure,Tier I,CGHS O.M. 03.10.2025,2025-10-03
1409,AG061,Ileosigmoidostomy and related resection,45050.0,53000.0,60950.0,Abdomen/GI Surgery Procedure,Tier I,CGHS O.M. 03.10.2025,2025-10-03
1410,AG062,Ileotransverse Colostomy and related resection,45050.0,53000.0,60950.0,Abdomen/GI Surgery Procedure,Tier I,CGHS O.M. 03.10.2025,2025-10-03
1411,AG063,Caecostomy,29750.0,35000.0,40250.0,Abdomen/GI Surgery Procedure,Tier I,CGHS O.M. 03.10.2025,2025-10-03
1412,AG064,Loop Colostomy Transverse Sigmoid,36550.0,43000.0,49450.0,Abdomen/GI Surgery Procedure,Tier I,CGHS O.M. 03.10.2025,2025-10-03
1413,AG065,Terminal Colostomy,28050.0,33000.0,37950.0,Abdomen/GI Surgery Procedure,Tier I,CGHS O.M. 03.10.2025,2025-10-03
1414,AG066,Closure of Colostomy,28050.0,33000.0,37950.0,Abdomen/GI Surgery Procedure,Tier I,CGHS O.M. 03.10.2025,2025-10-03
1415,AG067,Right Hemicolectomy,29920.0,35200.0,40480.0,Abdomen/GI Surgery Procedure,Tier I,CGHS O.M. 03.10.2025,2025-10-03
1416,AG068,Left Hemicolectomy,29920.0,35200.0,40480.0,Abdomen/GI Surgery Procedure,Tier I,CGHS O.M. 03.10.2025,2025-10-03
1417,AG069,Total Colectomy,37400.0,44000.0,50600.0,Abdomen/GI Surgery Procedure,Tier I,CGHS O.M. 03.10.2025,2025-10-03
1418,AG070,Operations for Volvulus of Large Bowel,45050.0,53000.0,60950.0,Abdomen/GI Surgery Procedure,Tier I,CGHS O.M. 03.10.2025,2025-10-03
1419,AG071,Operations for Sigmoid Diverticulitis,36550.0,43000.0,49450.0,Abdomen/GI Surgery Procedure,Tier I,CGHS O.M. 03.10.2025,2025-10-03
1420,AG072,Fissure in Ano with Internal sphincterotomy with fissurectomy.,29750.0,35000.0,40250.0,Abdomen/GI Surgery Procedure,Tier I,CGHS O.M. 03.10.2025,2025-10-03
1421,AG073,Fissure in Ano - Fissurectomy,23375.0,27500.0,31625.0,Abdomen/GI Surgery Procedure,Tier I,CGHS O.M. 03.10.2025,2025-10-03
1422,AG074,Rectal Polyp-Excision,12810.0,15070.0,17331.0,Abdomen/GI Surgery Procedure,Tier I,CGHS O.M. 03.10.2025,2025-10-03
1423,AG075,Fistula in Ano - High Fistulectomy,29750.0,35000.0,40250.0,Abdomen/GI Surgery Procedure,Tier I,CGHS O.M. 03.10.2025,2025-10-03
1424,AG076,Fistula in Ano - Low Fistulectomy,21505.0,25300.0,29095.0,Abdomen/GI Surgery Procedure,Tier I,CGHS O.M. 03.10.2025,2025-10-03
1425,AG077,Prolapse Rectum - Thiersch Wiring,23375.0,27500.0,31625.0,Abdomen/GI Surgery Procedure,Tier I,CGHS O.M. 03.10.2025,2025-10-03
1426,AG078,Prolapse Rectum - Rectopexy,13090.0,15400.0,17710.0,Abdomen/GI Surgery Procedure,Tier I,CGHS O.M. 03.10.2025,2025-10-03
1427,AG079,Excision of Pilonidal Sinus (open),20570.0,24200.0,27830.0,Abdomen/GI Surgery Procedure,Tier I,CGHS O.M. 03.10.2025,2025-10-03
1428,AG080,Excision of Pilonidal Sinus with closure,23375.0,27500.0,31625.0,Abdomen/GI Surgery Procedure,Tier I,CGHS O.M. 03.10.2025,2025-10-03
1429,AG081,Abdomino-Perineal Excision of Rectum,45050.0,53000.0,60950.0,Abdomen/GI Surgery Procedure,Tier I,CGHS O.M. 03.10.2025,2025-10-03
1430,AG082,Anterior Resection of Rectum,53550.0,63000.0,72450.0,Abdomen/GI Surgery Procedure,Tier I,CGHS O.M. 03.10.2025,2025-10-03
1431,AG083,Pull Through Abdominal Resection,45050.0,53000.0,60950.0,Abdomen/GI Surgery Procedure,Tier I,CGHS O.M. 03.10.2025,2025-10-03
1432,AG084,Retro Peritoneal Tumour Removal,45050.0,53000.0,60950.0,Abdomen/GI Surgery Procedure,Tier I,CGHS O.M. 03.10.2025,2025-10-03
1433,AG085,Laparoscopic Fundoplication,53550.0,63000.0,72450.0,Abdomen/GI Surgery Procedure,Tier I,CGHS O.M. 03.10.2025,2025-10-03
1434,AG086,Laparoscopic Splenectomy,53550.0,63000.0,72450.0,Abdomen/GI Surgery Procedure,Tier I,CGHS O.M. 03.10.2025,2025-10-03
1435,AG087,Laparoscopic Removal of hydatid cyst,53550.0,63000.0,72450.0,Abdomen/GI Surgery Procedure,Tier I,CGHS O.M. 03.10.2025,2025-10-03
1436,AG088,Laparoscopic Treatment of Pseudo Pancreatic cyst,53550.0,63000.0,72450.0,Abdomen/GI Surgery Procedure,Tier I,CGHS O.M. 03.10.2025,2025-10-03
1437,AG089,Laparoscopic Whipple's operation (Laparoscopic Pancreaticoduodenectomy,45050.0,53000.0,60950.0,Abdomen/GI Surgery Procedure,Tier I,CGHS O.M. 03.10.2025,2025-10-03
1438,AG090,Laparoscopic GI bypass operation,53550.0,63000.0,72450.0,Abdomen/GI Surgery Procedure,Tier I,CGHS O.M. 03.10.2025,2025-10-03
1439,AG091,Laparoscopic Total Colectomy,53550.0,63000.0,72450.0,Abdomen/GI Surgery Procedure,Tier I,CGHS O.M. 03.10.2025,2025-10-03
1440,AG092,Laparoscopic Hemicolectomy,45050.0,53000.0,60950.0,Abdomen/GI Surgery Procedure,Tier I,CGHS O.M. 03.10.2025,2025-10-03
1441,AG093,Laparoscopic Anterior Resection (of Intestine/ Rectum),53550.0,63000.0,72450.0,Abdomen/GI Surgery Procedure,Tier I,CGHS O.M. 03.10.2025,2025-10-03
1442,AG094,Laparoscopic Cholecystectomy,30855.0,36300.0,41745.0,Abdomen/GI Surgery Procedure,Tier I,CGHS O.M. 03.10.2025,2025-10-03
1443,AG095,Laparoscopic Appendectomy,28050.0,33000.0,37950.0,Abdomen/GI Surgery Procedure,Tier I,CGHS O.M. 03.10.2025,2025-10-03
1444,AG096,Laparoscopic Hernia – Inguinoplasty (excluding the cost of Tacker and Mesh),32725.0,38500.0,44275.0,Abdomen/GI Surgery Procedure,Tier I,CGHS O.M. 03.10.2025,2025-10-03
1445,AG097,Laparoscopic Ventral Hernia Repair (excluding the cost of Tacker and Mesh),32725.0,38500.0,44275.0,Abdomen/GI Surgery Procedure,Tier I,CGHS O.M. 03.10.2025,2025-10-03
1446,AG098,Laparoscopic Paraumbilical Hernia Repair (excluding the cost of Tacker and Mesh),32725.0,38500.0,44275.0,Abdomen/GI Surgery Procedure,Tier I,CGHS O.M. 03.10.2025,2025-10-03
1447,AG099,Laparoscopic Adrenalectomy,53550.0,63000.0,72450.0,Abdomen/GI Surgery Procedure,Tier I,CGHS O.M. 03.10.2025,2025-10-03
1448,PS001,Diaphragmatic Hernia Repair (Thoracic or Abdominal Approach),45050.0,53000.0,60950.0,Paediatric Surgery Procedure,Tier I,CGHS O.M. 03.10.2025,2025-10-03
1449,PS002,Tracheoesophageal Fistula (Correction Surgery),45050.0,53000.0,60950.0,Paediatric Surgery Procedure,Tier I,CGHS O.M. 03.10.2025,2025-10-03
1450,PS003,Colon Replacement of Oesophagus,36550.0,43000.0,49450.0,Paediatric Surgery Procedure,Tier I,CGHS O.M. 03.10.2025,2025-10-03
1451,PS004,Omphalomesenteric Cyst Excision,36550.0,43000.0,49450.0,Paediatric Surgery Procedure,Tier I,CGHS O.M. 03.10.2025,2025-10-03
1452,PS005,Omphalomesenteric Duct- Excision,36550.0,43000.0,49450.0,Paediatric Surgery Procedure,Tier I,CGHS O.M. 03.10.2025,2025-10-03
1453,PS006,Omphalocele 1st Stage (Hernia Repair),29750.0,35000.0,40250.0,Paediatric Surgery Procedure,Tier I,CGHS O.M. 03.10.2025,2025-10-03
1454,PS007,Omphalocele 2nd Stage (Hernia Repair),29750.0,35000.0,40250.0,Paediatric Surgery Procedure,Tier I,CGHS O.M. 03.10.2025,2025-10-03
1455,PS008,Gastroschisis Repair,36550.0,43000.0,49450.0,Paediatric Surgery Procedure,Tier I,CGHS O.M. 03.10.2025,2025-10-03
1456,PS009,Inguinal Herniotomy,29750.0,35000.0,40250.0,Paediatric Surgery Procedure,Tier I,CGHS O.M. 03.10.2025,2025-10-03
1457,PS010,Congenital Hydrocele,29750.0,35000.0,40250.0,Paediatric Surgery Procedure,Tier I,CGHS O.M. 03.10.2025,2025-10-03
1458,PS011,Hydrocele of Cord,23375.0,27500.0,31625.0,Paediatric Surgery Procedure,Tier I,CGHS O.M. 03.10.2025,2025-10-03
1459,PS012,Torsion Testis Operation,29750.0,35000.0,40250.0,Paediatric Surgery Procedure,Tier I,CGHS O.M. 03.10.2025,2025-10-03
1460,PS013,Congenital Pyloric Stenosis- operation,29750.0,35000.0,40250.0,Paediatric Surgery Procedure,Tier I,CGHS O.M. 03.10.2025,2025-10-03
1461,PS014,Duodenal Atresia Operation,36550.0,43000.0,49450.0,Paediatric Surgery Procedure,Tier I,CGHS O.M. 03.10.2025,2025-10-03
1462,PS015,Pancreatic Ring Operation,45050.0,53000.0,60950.0,Paediatric Surgery Procedure,Tier I,CGHS O.M. 03.10.2025,2025-10-03
1463,PS016,Meconium Ileus Operation,36550.0,43000.0,49450.0,Paediatric Surgery Procedure,Tier I,CGHS O.M. 03.10.2025,2025-10-03
1464,PS017,Malrotation of Intestines Operation,36550.0,43000.0,49450.0,Paediatric Surgery Procedure,Tier I,CGHS O.M. 03.10.2025,2025-10-03
1465,PS018,Rectal Biopsy (Megacolon),17000.0,20000.0,23000.0,Paediatric Surgery Procedure,Tier I,CGHS O.M. 03.10.2025,2025-10-03
1466,PS019,Colostomy Transverse,36550.0,43000.0,49450.0,Paediatric Surgery Procedure,Tier I,CGHS O.M. 03.10.2025,2025-10-03
1467,PS020,Colostomy Left Iliac,36550.0,43000.0,49450.0,Paediatric Surgery Procedure,Tier I,CGHS O.M. 03.10.2025,2025-10-03
1468,PS021,Abdominal Perineal Pull Through (Hirschsprung's Disease),45050.0,53000.0,60950.0,Paediatric Surgery Procedure,Tier I,CGHS O.M. 03.10.2025,2025-10-03
1469,PS022,Imperforate Anus Low Anomaly -Cut Back Operation,23375.0,27500.0,31625.0,Paediatric Surgery Procedure,Tier I,CGHS O.M. 03.10.2025,2025-10-03
1470,PS023,Imperforate Anus Low Anomaly - Perineal Anoplasty,29750.0,35000.0,40250.0,Paediatric Surgery Procedure,Tier I,CGHS O.M. 03.10.2025,2025-10-03
1471,PS024,Imperforate Anus High Anomaly -Sacroabdomino Perineal Pull Through,45050.0,53000.0,60950.0,Paediatric Surgery Procedure,Tier I,CGHS O.M. 03.10.2025,2025-10-03
1472,PS025,Imperforate Anus High Anomaly - Closure of Colostomy,29750.0,35000.0,40250.0,Paediatric Surgery Procedure,Tier I,CGHS O.M. 03.10.2025,2025-10-03
1473,PS026,Intussusception Operation,36550.0,43000.0,49450.0,Paediatric Surgery Procedure,Tier I,CGHS O.M. 03.10.2025,2025-10-03
1474,PS027,Choledochoduodenostomy for Atresia of Extra Hepatic Biliary Duct,45050.0,53000.0,60950.0,Paediatric Surgery Procedure,Tier I,CGHS O.M. 03.10.2025,2025-10-03
1475,PS028,Operation of Choledochal Cyst,45050.0,53000.0,60950.0,Paediatric Surgery Procedure,Tier I,CGHS O.M. 03.10.2025,2025-10-03
1476,PS029,Nephrectomy for -Pyonephrosis,36550.0,43000.0,49450.0,Paediatric Surgery Procedure,Tier I,CGHS O.M. 03.10.2025,2025-10-03
1477,PS030,Nephrectomy for - Hydronephrosis,36550.0,43000.0,49450.0,Paediatric Surgery Procedure,Tier I,CGHS O.M. 03.10.2025,2025-10-03
1478,PS031,Sacro-Coccygeal Teratoma Excision,36550.0,43000.0,49450.0,Paediatric Surgery Procedure,Tier I,CGHS O.M. 03.10.2025,2025-10-03
1479,PS032,Congenital Atresia & Stenosis of Small Intestine,45050.0,53000.0,60950.0,Paediatric Surgery Procedure,Tier I,CGHS O.M. 03.10.2025,2025-10-03
1480,PS033,Malrotation & Volvulus of the Midgut,36550.0,43000.0,49450.0,Paediatric Surgery Procedure,Tier I,CGHS O.M. 03.10.2025,2025-10-03
1481,PS034,Excision of Meckel’s Diverticulum,36550.0,43000.0,49450.0,Paediatric Surgery Procedure,Tier I,CGHS O.M. 03.10.2025,2025-10-03
1482,OG001,Non Stress Test,1275.0,1500.0,1500.0,Obstetrics Investigation,Tier I,CGHS O.M. 03.10.2025,2025-10-03
1483,OG002,Normal delivery with or without Episiotomy & P. repair/ forceps delivery /Vacuum delivery/assisted breech delivery including Routine New Born Care,29750.0,35000.0,35000.0,Obstetrics And Gynaecology Procedure,Tier I,CGHS O.M. 03.10.2025,2025-10-03
1484,OG003,"Normal Delivery of High Risk Pregnancy(Preeclampsia/Eclapsia/GDM/Cardiac/Vascular/Renal/Pulmonary/Twin Pregnancy/RA/SLE/IVF Conception/Severe Anaemia,)",36550.0,43000.0,43000.0,Obstetrics And Gynaecology Procedure,Tier I,CGHS O.M. 03.10.2025,2025-10-03
1485,OG004,Caesarean Section(CS) with or without Sterilization including Routine New Born Care,45050.0,53000.0,53000.0,Obstetrics And Gynaecology Procedure,Tier I,CGHS O.M. 03.10.2025,2025-10-03
1486,OG005,Caesarian Delivery of High Risk Pregnancy(Preeclampsia/Eclapsia/GDM/Cardiac/Vascular/Renal/Pulmonary/Twin Pregnancy/RA/SLE/IVF Conception/Severe Anaemia),53550.0,63000.0,63000.0,Obstetrics And Gynaecology Procedure,Tier I,CGHS O.M. 03.10.2025,2025-10-03
1487,OG006,Rupture Uterus Closure & Repair with Tubal Ligation,36550.0,43000.0,43000.0,Obstetrics And Gynaecology Procedure,Tier I,CGHS O.M. 03.10.2025,2025-10-03
1488,OG007,Perforation of Uterus after D/E Laparotomy & Closure,17000.0,20000.0,20000.0,Obstetrics And Gynaecology Procedure,Tier I,CGHS O.M. 03.10.2025,2025-10-03
1489,OG008,Laparotomy for Ectopic Pregnancy,29750.0,35000.0,35000.0,Obstetrics And Gynaecology Procedure,Tier I,CGHS O.M. 03.10.2025,2025-10-03
1490,OG009,Laparotomy peritonitis Lavage and Drainage,29750.0,35000.0,35000.0,Obstetrics And Gynaecology Procedure,Tier I,CGHS O.M. 03.10.2025,2025-10-03
1491,OG010,Ovarian Cystectomy - Laparoscopic.,36550.0,43000.0,43000.0,Obstetrics And Gynaecology Procedure,Tier I,CGHS O.M. 03.10.2025,2025-10-03
1492,OG011,Ovarian Cystectomy - Laparotomy.,29750.0,35000.0,35000.0,Obstetrics And Gynaecology Procedure,Tier I,CGHS O.M. 03.10.2025,2025-10-03
1493,OG012,Laparoscopic Broad Ligament Hematoma Drainage with repair,11390.0,13400.0,13400.0,Obstetrics And Gynaecology Procedure,Tier I,CGHS O.M. 03.10.2025,2025-10-03
1494,OG013,Exploration of perineal Haematoma & Repair,11390.0,13400.0,13400.0,Obstetrics And Gynaecology Procedure,Tier I,CGHS O.M. 03.10.2025,2025-10-03
1495,OG014,Exploration of abdominal Haematoma (after laparotomy/ LSCS),23375.0,27500.0,27500.0,Obstetrics And Gynaecology Procedure,Tier I,CGHS O.M. 03.10.2025,2025-10-03
1496,OG015,Manual Removal of Placenta,7820.0,9200.0,9200.0,Obstetrics And Gynaecology Procedure,Tier I,CGHS O.M. 03.10.2025,2025-10-03
1497,OG016,Examination under anaesthesia (EUA),4250.0,5000.0,5000.0,Obstetrics And Gynaecology Procedure,Tier I,CGHS O.M. 03.10.2025,2025-10-03
1498,OG017,Burst-Abdomen Repair,29750.0,35000.0,35000.0,Obstetrics And Gynaecology Procedure,Tier I,CGHS O.M. 03.10.2025,2025-10-03
1499,OG018,Gaping Perineal Wound Secondary Suturing,4250.0,5000.0,5000.0,Obstetrics And Gynaecology Procedure,Tier I,CGHS O.M. 03.10.2025,2025-10-03
1500,OG019,Gaping Abdominal Wound Secondary Suturing,7225.0,8500.0,8500.0,Obstetrics And Gynaecology Procedure,Tier I,CGHS O.M. 03.10.2025,2025-10-03
1501,OG020,Complete Perineal Tear-Repair,7820.0,9200.0,9200.0,Obstetrics And Gynaecology Procedure,Tier I,CGHS O.M. 03.10.2025,2025-10-03
1502,OG021,Pelvic Floor Repair(Rectocele +/- Cystocele +/- Enterocele),29750.0,35000.0,35000.0,Obstetrics And Gynaecology Procedure,Tier I,CGHS O.M. 03.10.2025,2025-10-03
1503,OG022,Suction Evacuation Vesicular Mole,23375.0,27500.0,27500.0,Obstetrics And Gynaecology Procedure,Tier I,CGHS O.M. 03.10.2025,2025-10-03
1504,OG023,Colpotomy/Post-Coital Tear Repair,7820.0,9200.0,9200.0,Obstetrics And Gynaecology Procedure,Tier I,CGHS O.M. 03.10.2025,2025-10-03
1505,OG024,Excision of urethral carbuncle,11390.0,13400.0,13400.0,Obstetrics And Gynaecology Procedure,Tier I,CGHS O.M. 03.10.2025,2025-10-03
1506,OG025,Shirodkar/ McDonald stitch//Cervical Stitch(Cerclage),11390.0,13400.0,13400.0,Obstetrics And Gynaecology Procedure,Tier I,CGHS O.M. 03.10.2025,2025-10-03
1507,OG026,Abdominal Hysterectomy with or without salpingo- oophorectomy,36550.0,43000.0,43000.0,Obstetrics And Gynaecology Procedure,Tier I,CGHS O.M. 03.10.2025,2025-10-03
1508,OG027,Non-descent Vaginal Hysterectomy (NDVH) with or without BSO,36550.0,43000.0,43000.0,Obstetrics And Gynaecology Procedure,Tier I,CGHS O.M. 03.10.2025,2025-10-03
1509,OG028,Vaginal Hysterectomy ( including of BSO) with or without repairs,36550.0,43000.0,43000.0,Obstetrics And Gynaecology Procedure,Tier I,CGHS O.M. 03.10.2025,2025-10-03
1510,OG029,Myomectomy -laparotomy,29750.0,35000.0,35000.0,Obstetrics And Gynaecology Procedure,Tier I,CGHS O.M. 03.10.2025,2025-10-03
1511,OG030,Myomectomy -laparoscopic,36550.0,43000.0,43000.0,Obstetrics And Gynaecology Procedure,Tier I,CGHS O.M. 03.10.2025,2025-10-03
1512,OG031,Vaginoplasty,36550.0,43000.0,43000.0,Obstetrics And Gynaecology Procedure,Tier I,CGHS O.M. 03.10.2025,2025-10-03
1513,OG032,Vulvectomy -Simple,29750.0,35000.0,35000.0,Obstetrics And Gynaecology Procedure,Tier I,CGHS O.M. 03.10.2025,2025-10-03
1514,OG033,Rectovaginal Fistula (RVF) Repair,36550.0,43000.0,43000.0,Obstetrics And Gynaecology Procedure,Tier I,CGHS O.M. 03.10.2025,2025-10-03
1515,OG034,Manchester/Fothergill’s operation,29750.0,35000.0,35000.0,Obstetrics And Gynaecology Procedure,Tier I,CGHS O.M. 03.10.2025,2025-10-03
1516,OG035,Shirodkar’s sling Operation or other sling operations for prolapse uterus,17000.0,20000.0,20000.0,Obstetrics And Gynaecology Procedure,Tier I,CGHS O.M. 03.10.2025,2025-10-03
1517,OG036,Laparoscopic sling operations for prolapse uterus,36550.0,43000.0,43000.0,Obstetrics And Gynaecology Procedure,Tier I,CGHS O.M. 03.10.2025,2025-10-03
1518,OG037,Dilatation and Curettage(diagnostic/therapeutic) with or without Polypectomy,11390.0,13400.0,13400.0,Obstetrics And Gynaecology Procedure,Tier I,CGHS O.M. 03.10.2025,2025-10-03
1519,OG038,Cervical Biopsy,7820.0,9200.0,9200.0,Obstetrics And Gynaecology Procedure,Tier I,CGHS O.M. 03.10.2025,2025-10-03
1520,OG039,Transcervical/Hysteroscopic Polypectomy,11390.0,13400.0,13400.0,Obstetrics And Gynaecology Procedure,Tier I,CGHS O.M. 03.10.2025,2025-10-03
1521,OG040,Excision of Vaginal Cyst/Bartholin Cyst/Gartner Cyst,7820.0,9200.0,9200.0,Obstetrics And Gynaecology Procedure,Tier I,CGHS O.M. 03.10.2025,2025-10-03
1522,OG041,Excision of Vaginal/Uterus Septum,17000.0,20000.0,20000.0,Obstetrics And Gynaecology Procedure,Tier I,CGHS O.M. 03.10.2025,2025-10-03
1523,OG042,Diagnostic hysterolaparoscopy(DHL) with or without chromopertubation/Adhesiolysis/ovarian drilling,17000.0,20000.0,20000.0,Obstetrics And Gynaecology Procedure,Tier I,CGHS O.M. 03.10.2025,2025-10-03
1524,OG043,Laparoscopy Sterilization/Laproscopic tubal occlusion(LTO),23375.0,27500.0,27500.0,Obstetrics And Gynaecology Procedure,Tier I,CGHS O.M. 03.10.2025,2025-10-03
1525,OG044,Laparoscopically Assisted Vaginal Hysterectomy (LAVH) with or without BSO,53550.0,63000.0,63000.0,Obstetrics And Gynaecology Procedure,Tier I,CGHS O.M. 03.10.2025,2025-10-03
1526,OG045,Balloon Tamponade for Post Partum Haemorrhage/Conservative management of PPH(Atonic/traumatic PPH),7225.0,8500.0,8500.0,Obstetrics And Gynaecology Procedure,Tier I,CGHS O.M. 03.10.2025,2025-10-03
1527,OG046,Total Laparoscopic Hysterectomy with or without BSO,53550.0,63000.0,63000.0,Obstetrics And Gynaecology Procedure,Tier I,CGHS O.M. 03.10.2025,2025-10-03
1528,OG047,Laparoscopic Treatment of Ectopic Pregnancy- Milking/Salpingotomy/Salpingectomy,36550.0,43000.0,43000.0,Obstetrics And Gynaecology Procedure,Tier I,CGHS O.M. 03.10.2025,2025-10-03
1529,OG048,Conisation of cervix/Chemical Cautery of Cervical Ectopy/Erosion,7820.0,9200.0,9200.0,Obstetrics And Gynaecology Procedure,Tier I,CGHS O.M. 03.10.2025,2025-10-03
1530,OG049,Diagnostic hysteroscopy with or without polypectomy/endometrial curettage,17000.0,20000.0,20000.0,Obstetrics And Gynaecology Procedure,Tier I,CGHS O.M. 03.10.2025,2025-10-03
1531,OG050,Laparotomy recanalization of Fallopian tubes- (Tuboplasty),45050.0,53000.0,53000.0,Obstetrics And Gynaecology Procedure,Tier I,CGHS O.M. 03.10.2025,2025-10-03
1532,OG051,Laparoscopic recanalization of Fallopian tubes- (Tuboplasty),45050.0,53000.0,53000.0,Obstetrics And Gynaecology Procedure,Tier I,CGHS O.M. 03.10.2025,2025-10-03
1533,OG052,Colposcopy,4250.0,5000.0,5000.0,Obstetrics And Gynaecology Procedure,Tier I,CGHS O.M. 03.10.2025,2025-10-03
1534,OG053,Inversion of Uterus – Vaginal Reposition,5100.0,6000.0,6000.0,Obstetrics And Gynaecology Procedure,Tier I,CGHS O.M. 03.10.2025,2025-10-03
1535,OG054,Inversion of Uterus – Abdominal Reposition,5100.0,6000.0,6000.0,Obstetrics And Gynaecology Procedure,Tier I,CGHS O.M. 03.10.2025,2025-10-03
1536,OG055,Vaginal Vesicovaginal Fistula (VVF) Repair,53550.0,63000.0,63000.0,Obstetrics And Gynaecology Procedure,Tier I,CGHS O.M. 03.10.2025,2025-10-03
1537,OG056,Interventional Ultrasonography- Chorionic villus sampling (CVS),4250.0,5000.0,5000.0,Obstetrics And Gynaecology Procedure,Tier I,CGHS O.M. 03.10.2025,2025-10-03
1538,OG057,Amniocentesis,11390.0,13400.0,13400.0,Obstetrics And Gynaecology Procedure,Tier I,CGHS O.M. 03.10.2025,2025-10-03
1539,OG058,Thermal balloon ablation.,29750.0,35000.0,35000.0,Obstetrics And Gynaecology Procedure,Tier I,CGHS O.M. 03.10.2025,2025-10-03
1540,OG059,Ultrasonographic myolysis,23375.0,27500.0,27500.0,Obstetrics And Gynaecology Procedure,Tier I,CGHS O.M. 03.10.2025,2025-10-03
1541,OG060,Vaginal/Cervical Myomectomy,36550.0,43000.0,43000.0,Obstetrics And Gynaecology Procedure,Tier I,CGHS O.M. 03.10.2025,2025-10-03
1542,OG061,Intra Uterine Insemination,4250.0,5000.0,5000.0,Obstetrics And Gynaecology Procedure,Tier I,CGHS O.M. 03.10.2025,2025-10-03
1543,OG062,Intracytoplasmic sperm injection (ICSI),17000.0,20000.0,20000.0,Obstetrics And Gynaecology Procedure,Tier I,CGHS O.M. 03.10.2025,2025-10-03
1544,OG063,Laparotomy abdominal sacro-colpopexy,45050.0,53000.0,53000.0,Obstetrics And Gynaecology Procedure,Tier I,CGHS O.M. 03.10.2025,2025-10-03
1545,OG064,Vaginal Colpopexy/colpopexy-abdominal,36550.0,43000.0,43000.0,Obstetrics And Gynaecology Procedure,Tier I,CGHS O.M. 03.10.2025,2025-10-03
1546,OG065,Laparoscopic abdominal colpopexy/sacro-colpopexy,45050.0,53000.0,53000.0,Obstetrics And Gynaecology Procedure,Tier I,CGHS O.M. 03.10.2025,2025-10-03
1547,OG066,Endometrial aspiration cytology/biopsy (including Pipelle Charges),2550.0,3000.0,3000.0,Obstetrics And Gynaecology Procedure,Tier I,CGHS O.M. 03.10.2025,2025-10-03
1548,OG067,Laparoscopic treatment for stress incontinence,36550.0,43000.0,43000.0,Obstetrics And Gynaecology Procedure,Tier I,CGHS O.M. 03.10.2025,2025-10-03
1549,OG068,Transvaginal tapes for Stress incontinence,29750.0,35000.0,35000.0,Obstetrics And Gynaecology Procedure,Tier I,CGHS O.M. 03.10.2025,2025-10-03
1550,OG069,Trans-obturator tapes for Stress incontinence,36550.0,43000.0,43000.0,Obstetrics And Gynaecology Procedure,Tier I,CGHS O.M. 03.10.2025,2025-10-03
1551,OG070,Interventional radiographic arterial embolization/Uterine artery embolization(UAE),29750.0,35000.0,35000.0,Obstetrics And Gynaecology Procedure,Tier I,CGHS O.M. 03.10.2025,2025-10-03
1552,OG071,Internal Iliac Artery ligation,7225.0,8500.0,8500.0,Obstetrics And Gynaecology Procedure,Tier I,CGHS O.M. 03.10.2025,2025-10-03
1553,OG072,Surgical management of PPH (Uterine compression stitches/stepwise devascularisation)/peripartum hysterectomy,17000.0,20000.0,20000.0,Obstetrics And Gynaecology Procedure,Tier I,CGHS O.M. 03.10.2025,2025-10-03
1554,OG073,Intra-uterine fetal blood transfusion,45050.0,53000.0,53000.0,Obstetrics And Gynaecology Procedure,Tier I,CGHS O.M. 03.10.2025,2025-10-03
1555,OG074,Hysteroscopy Transcervical Resection of Endometrium (TCRE),29750.0,35000.0,35000.0,Obstetrics And Gynaecology Procedure,Tier I,CGHS O.M. 03.10.2025,2025-10-03
1556,OG075,Hysteroscopy Removal of Intra-Uterine Contraceptive Device (IUCD),17000.0,20000.0,20000.0,Obstetrics And Gynaecology Procedure,Tier I,CGHS O.M. 03.10.2025,2025-10-03
1557,OG076,hysteroscopic resection of uterine septum,29750.0,35000.0,35000.0,Obstetrics And Gynaecology Procedure,Tier I,CGHS O.M. 03.10.2025,2025-10-03
1558,OG077,Diagnostic Hysteroscopy with or without endometrial Biopsy,17000.0,20000.0,20000.0,Obstetrics And Gynaecology Procedure,Tier I,CGHS O.M. 03.10.2025,2025-10-03
1559,OG078,Sterilization (minilap)-post partum/post abortion,7820.0,9200.0,9200.0,Obstetrics And Gynaecology Procedure,Tier I,CGHS O.M. 03.10.2025,2025-10-03
1560,OG079,Interval Sterilization(minilap)-BAT / Male Sterilization(Vasectomy),17000.0,20000.0,20000.0,Obstetrics And Gynaecology Procedure,Tier I,CGHS O.M. 03.10.2025,2025-10-03
1561,OG080,Medical Termination of Pregnancy (MTP)- 1st Trimester with Medicine /Manual Vacuum Aspiration /Check Curettage,11390.0,13400.0,13400.0,Obstetrics And Gynaecology Procedure,Tier I,CGHS O.M. 03.10.2025,2025-10-03
1562,OG081,Medical Termination of Pregnancy (MTP) - 2nd Trimester /Suction and Evacuation/Dilatation and Curettage/Dilatation and expulsion,17000.0,20000.0,20000.0,Obstetrics And Gynaecology Procedure,Tier I,CGHS O.M. 03.10.2025,2025-10-03
1563,OG082,Insertion of IUD/IUCD/Pessary,3400.0,4000.0,4000.0,Obstetrics And Gynaecology Procedure,Tier I,CGHS O.M. 03.10.2025,2025-10-03
1564,OG083,Removal of IUD/IUCD/Pessary,850.0,1000.0,1000.0,Obstetrics And Gynaecology Procedure,Tier I,CGHS O.M. 03.10.2025,2025-10-03
1565,NU001,Ultrasound guided kidney Biopsy,7820.0,9200.0,9200.0,Nephrology And Urology - Biopsy,Tier I,CGHS O.M. 03.10.2025,2025-10-03
1566,NU002,Testicular Biopsy,11390.0,13400.0,13400.0,Nephrology And Urology - Biopsy,Tier I,CGHS O.M. 03.10.2025,2025-10-03
1567,NU003,Transrectal Ultrasound (TRUS) guided prostate biopsy,7820.0,9200.0,9200.0,Nephrology And Urology - Biopsy,Tier I,CGHS O.M. 03.10.2025,2025-10-03
1568,NU004,Uroflow Study (Uroflowmetry),850.0,1000.0,1000.0,Nephrology And Urology Investigation,Tier I,CGHS O.M. 03.10.2025,2025-10-03
1569,NU005,Urodynamic Study (Cystometry),2550.0,3000.0,3000.0,Nephrology And Urology Investigation,Tier I,CGHS O.M. 03.10.2025,2025-10-03
1570,NU006,Voiding-cysto-urethrogram and retrograde urethrogram (Nephrostogram),7225.0,8500.0,8500.0,Nephrology And Urology Investigation,Tier I,CGHS O.M. 03.10.2025,2025-10-03
1571,NU007,Fistulogram for Arteriovenous Fistula,7820.0,9200.0,9200.0,Nephrology And Urology Investigation,Tier I,CGHS O.M. 03.10.2025,2025-10-03
1572,NU008,Partial Nephrectomy -open,36550.0,43000.0,49450.0,Nephrology And Urology Procedure,Tier I,CGHS O.M. 03.10.2025,2025-10-03
1573,NU009,Partial Nephrectomy-Laparoscopic/Endoscopic,45050.0,53000.0,60950.0,Nephrology And Urology Procedure,Tier I,CGHS O.M. 03.10.2025,2025-10-03
1574,NU010,Nephrectomy Simple -Open,53550.0,63000.0,72450.0,Nephrology And Urology Procedure,Tier I,CGHS O.M. 03.10.2025,2025-10-03
1575,NU011,Laparoscopic Nephrectomy,53550.0,63000.0,72450.0,Nephrology And Urology Procedure,Tier I,CGHS O.M. 03.10.2025,2025-10-03
1576,NU012,Nephrolithotomy -open,36550.0,43000.0,49450.0,Nephrology And Urology Procedure,Tier I,CGHS O.M. 03.10.2025,2025-10-03
1577,NU013,Nephrolithotomy -Laparoscopic/endoscopic,45050.0,53000.0,60950.0,Nephrology And Urology Procedure,Tier I,CGHS O.M. 03.10.2025,2025-10-03
1578,NU014,Pyelolithotomy-open,53550.0,63000.0,72450.0,Nephrology And Urology Procedure,Tier I,CGHS O.M. 03.10.2025,2025-10-03
1579,NU015,Pyelolithotomy -Laparoscopic/endoscopic,45050.0,53000.0,60950.0,Nephrology And Urology Procedure,Tier I,CGHS O.M. 03.10.2025,2025-10-03
1580,NU016,Operations for Hydronephrosis -pyeloplasty open,45050.0,53000.0,60950.0,Nephrology And Urology Procedure,Tier I,CGHS O.M. 03.10.2025,2025-10-03
1581,NU017,Operations for Hydronephrosis -pyeloplasty Lap/endoscopic,53550.0,63000.0,72450.0,Nephrology And Urology Procedure,Tier I,CGHS O.M. 03.10.2025,2025-10-03
1582,NU018,Operations for Hydronephrosis Endopyelotomy antegrade,36550.0,43000.0,49450.0,Nephrology And Urology Procedure,Tier I,CGHS O.M. 03.10.2025,2025-10-03
1583,NU019,Operations for Hydronephrosis Endopyelotomy retrograde,36550.0,43000.0,49450.0,Nephrology And Urology Procedure,Tier I,CGHS O.M. 03.10.2025,2025-10-03
1584,NU020,Operations for Hydronephrosis ureterocalicostomy,36550.0,43000.0,49450.0,Nephrology And Urology Procedure,Tier I,CGHS O.M. 03.10.2025,2025-10-03
1585,NU021,Operations for Hydronephrosis-Ileal ureter,45050.0,53000.0,60950.0,Nephrology And Urology Procedure,Tier I,CGHS O.M. 03.10.2025,2025-10-03
1586,NU022,Open Drainage of Perinephric Abscess,29750.0,35000.0,40250.0,Nephrology And Urology Procedure,Tier I,CGHS O.M. 03.10.2025,2025-10-03
1587,NU023,Percutaneous Drainage of Perinephric Abscess -Ultrasound guided,11390.0,13400.0,13400.0,Nephrology And Urology Procedure,Tier I,CGHS O.M. 03.10.2025,2025-10-03
1588,NU024,Cavernostomy,23375.0,27500.0,31625.0,Nephrology And Urology Procedure,Tier I,CGHS O.M. 03.10.2025,2025-10-03
1589,NU025,Operations for Cyst of the Kidney -open,36550.0,43000.0,49450.0,Nephrology And Urology Procedure,Tier I,CGHS O.M. 03.10.2025,2025-10-03
1590,NU026,Operations for Cyst of the Kidney Lap/endoscopic,45050.0,53000.0,60950.0,Nephrology And Urology Procedure,Tier I,CGHS O.M. 03.10.2025,2025-10-03
1591,NU027,Ureterolithotomy -open,36550.0,43000.0,49450.0,Nephrology And Urology Procedure,Tier I,CGHS O.M. 03.10.2025,2025-10-03
1592,NU028,Ureterolithotomy-Lap/Endoscopic,45050.0,53000.0,60950.0,Nephrology And Urology Procedure,Tier I,CGHS O.M. 03.10.2025,2025-10-03
1593,NU029,Nephroureterectomy open,45050.0,53000.0,60950.0,Nephrology And Urology Procedure,Tier I,CGHS O.M. 03.10.2025,2025-10-03
1594,NU030,Operations for Ureter for -Double Ureters,45050.0,53000.0,60950.0,Nephrology And Urology Procedure,Tier I,CGHS O.M. 03.10.2025,2025-10-03
1595,NU031,Operations for Ureter -for Ectopia of Single Ureter,36550.0,43000.0,49450.0,Nephrology And Urology Procedure,Tier I,CGHS O.M. 03.10.2025,2025-10-03
1596,NU032,Operations for Vesicoureteral Reflux (VUR) -Open,36550.0,43000.0,49450.0,Nephrology And Urology Procedure,Tier I,CGHS O.M. 03.10.2025,2025-10-03
1597,NU033,Operations for Vesicoureteral Reflux (VUR)-Lap/Endoscopic,45050.0,53000.0,60950.0,Nephrology And Urology Procedure,Tier I,CGHS O.M. 03.10.2025,2025-10-03
1598,NU034,Operations for Vesicoureteral Reflux (VUR)/ Urinary incontinence with bulking agents,36550.0,43000.0,49450.0,Nephrology And Urology Procedure,Tier I,CGHS O.M. 03.10.2025,2025-10-03
1599,NU035,Ureterostomy - Cutaneous,29750.0,35000.0,40250.0,Nephrology And Urology Procedure,Tier I,CGHS O.M. 03.10.2025,2025-10-03
1600,NU036,Uretero-Colic anastomosis,36550.0,43000.0,49450.0,Nephrology And Urology Procedure,Tier I,CGHS O.M. 03.10.2025,2025-10-03
1601,NU037,Formation of an Ileal Conduit,45050.0,53000.0,60950.0,Nephrology And Urology Procedure,Tier I,CGHS O.M. 03.10.2025,2025-10-03
1602,NU038,Ureteric Catheterisation/DJ Stenting,17000.0,20000.0,23000.0,Nephrology And Urology Procedure,Tier I,CGHS O.M. 03.10.2025,2025-10-03
1603,NU039,DJ stent removal,8135.0,9570.0,9570.0,Nephrology And Urology Procedure,Tier I,CGHS O.M. 03.10.2025,2025-10-03
1604,NU040,Biopsy of Bladder (Cystoscopic) including (Cold Cup Biopsy),11390.0,13400.0,13400.0,Nephrology And Urology Procedure,Tier I,CGHS O.M. 03.10.2025,2025-10-03
1605,NU041,Cysto-Litholapaxy,29750.0,35000.0,40250.0,Nephrology And Urology Procedure,Tier I,CGHS O.M. 03.10.2025,2025-10-03
1606,NU042,Operations for Injuries of the Bladder,36550.0,43000.0,49450.0,Nephrology And Urology Procedure,Tier I,CGHS O.M. 03.10.2025,2025-10-03
1607,NU043,Suprapubic Drainage (Cystostomy/vesicostomy),17000.0,20000.0,23000.0,Nephrology And Urology Procedure,Tier I,CGHS O.M. 03.10.2025,2025-10-03
1608,NU044,Simple Cystectomy,36550.0,43000.0,49450.0,Nephrology And Urology Procedure,Tier I,CGHS O.M. 03.10.2025,2025-10-03
1609,NU045,Diverticulectomy -open,36550.0,43000.0,49450.0,Nephrology And Urology Procedure,Tier I,CGHS O.M. 03.10.2025,2025-10-03
1610,NU046,Diverticulectomy- Lap/Endoscopic,45050.0,53000.0,60950.0,Nephrology And Urology Procedure,Tier I,CGHS O.M. 03.10.2025,2025-10-03
1611,NU047,Diverticulectomy -Endoscopic incision of neck,29750.0,35000.0,40250.0,Nephrology And Urology Procedure,Tier I,CGHS O.M. 03.10.2025,2025-10-03
1612,NU048,Augmentation Cystoplasty,45050.0,53000.0,60950.0,Nephrology And Urology Procedure,Tier I,CGHS O.M. 03.10.2025,2025-10-03
1613,NU049,Operations for Exstrophy of the Bladder- Single stage repair,36550.0,43000.0,49450.0,Nephrology And Urology Procedure,Tier I,CGHS O.M. 03.10.2025,2025-10-03
1614,NU050,Operations for Exstrophy of the Bladder- Multistage repair,36550.0,43000.0,49450.0,Nephrology And Urology Procedure,Tier I,CGHS O.M. 03.10.2025,2025-10-03
1615,NU051,Operations for Exstrophy of the Bladder- simple cystectomy with urinary diversion,53550.0,63000.0,72450.0,Nephrology And Urology Procedure,Tier I,CGHS O.M. 03.10.2025,2025-10-03
1616,NU052,Repair of Ureterocele -Open,36550.0,43000.0,49450.0,Nephrology And Urology Procedure,Tier I,CGHS O.M. 03.10.2025,2025-10-03
1617,NU053,Repair of Ureterocele -Lap/Endoscopic,36550.0,43000.0,49450.0,Nephrology And Urology Procedure,Tier I,CGHS O.M. 03.10.2025,2025-10-03
1618,NU054,Repair of Ureterocele -Endoscopic incision,29750.0,35000.0,40250.0,Nephrology And Urology Procedure,Tier I,CGHS O.M. 03.10.2025,2025-10-03
1619,NU055,Vesicovaginal Fistula (VVF) Repair (Open),36550.0,43000.0,49450.0,Nephrology And Urology Procedure,Tier I,CGHS O.M. 03.10.2025,2025-10-03
1620,NU056,Vesicovaginal Fistula (VVF) Repair (Laparoscopic),45050.0,53000.0,60950.0,Nephrology And Urology Procedure,Tier I,CGHS O.M. 03.10.2025,2025-10-03
1621,NU057,Open Suprapubic Prostatectomy,36550.0,43000.0,49450.0,Nephrology And Urology Procedure,Tier I,CGHS O.M. 03.10.2025,2025-10-03
1622,NU058,Open Retropubic Prostatectomy,36550.0,43000.0,49450.0,Nephrology And Urology Procedure,Tier I,CGHS O.M. 03.10.2025,2025-10-03
1623,NU059,Transurethral Resection of Prostate (TURP),53550.0,63000.0,72450.0,Nephrology And Urology Procedure,Tier I,CGHS O.M. 03.10.2025,2025-10-03
1624,NU060,Urethroscopy/ Cystopanendoscopy,11390.0,13400.0,13400.0,Nephrology And Urology Procedure,Tier I,CGHS O.M. 03.10.2025,2025-10-03
1625,NU061,Internal urethrotomy -optical,23375.0,27500.0,31625.0,Nephrology And Urology Procedure,Tier I,CGHS O.M. 03.10.2025,2025-10-03
1626,NU062,Internal urethrotomy -Core through urethroplasty,36550.0,43000.0,49450.0,Nephrology And Urology Procedure,Tier I,CGHS O.M. 03.10.2025,2025-10-03
1627,NU063,Urethral Reconstruction -End to end anastomosis,36550.0,43000.0,49450.0,Nephrology And Urology Procedure,Tier I,CGHS O.M. 03.10.2025,2025-10-03
1628,NU064,Urethral Reconstruction - substitution urethroplasty (Transpubic urethroplasty),45050.0,53000.0,60950.0,Nephrology And Urology Procedure,Tier I,CGHS O.M. 03.10.2025,2025-10-03
1629,NU065,Abdomino Perineal urethroplasty,45050.0,53000.0,60950.0,Nephrology And Urology Procedure,Tier I,CGHS O.M. 03.10.2025,2025-10-03
1630,NU066,Posterior Urethral Valve fulguration.,29750.0,35000.0,40250.0,Nephrology And Urology Procedure,Tier I,CGHS O.M. 03.10.2025,2025-10-03
1631,NU067,Operations for Incontinence of Urine - Male -Open,36550.0,43000.0,49450.0,Nephrology And Urology Procedure,Tier I,CGHS O.M. 03.10.2025,2025-10-03
1632,NU068,Operations for Incontinence of Urine - Male -Sling,45050.0,53000.0,60950.0,Nephrology And Urology Procedure,Tier I,CGHS O.M. 03.10.2025,2025-10-03
1633,NU069,Operations for Incontinence of Urine - Male-Bulking agent,36550.0,43000.0,49450.0,Nephrology And Urology Procedure,Tier I,CGHS O.M. 03.10.2025,2025-10-03
1634,NU070,Operations for Incontinence of Urine - Female -Open,36550.0,43000.0,49450.0,Nephrology And Urology Procedure,Tier I,CGHS O.M. 03.10.2025,2025-10-03
1635,NU071,Operations for Incontinence of Urine - Female-Sling,45050.0,53000.0,60950.0,Nephrology And Urology Procedure,Tier I,CGHS O.M. 03.10.2025,2025-10-03
1636,NU072,Operations for Incontinence of Urine - Female-Bulking agent,36550.0,43000.0,49450.0,Nephrology And Urology Procedure,Tier I,CGHS O.M. 03.10.2025,2025-10-03
1637,NU073,Reduction of Paraphimosis,5100.0,6000.0,6000.0,Nephrology And Urology Procedure,Tier I,CGHS O.M. 03.10.2025,2025-10-03
1638,NU074,Circumcision,11390.0,13400.0,13400.0,Nephrology And Urology Procedure,Tier I,CGHS O.M. 03.10.2025,2025-10-03
1639,NU075,Meatotomy,7225.0,8500.0,8500.0,Nephrology And Urology Procedure,Tier I,CGHS O.M. 03.10.2025,2025-10-03
1640,NU076,Meatoplasty,11390.0,13400.0,13400.0,Nephrology And Urology Procedure,Tier I,CGHS O.M. 03.10.2025,2025-10-03
1641,NU077,Operations for Hypospadias + Chordee Correction,29750.0,35000.0,40250.0,Nephrology And Urology Procedure,Tier I,CGHS O.M. 03.10.2025,2025-10-03
1642,NU078,Operations for Hypospadias - Second Stage,36550.0,43000.0,49450.0,Nephrology And Urology Procedure,Tier I,CGHS O.M. 03.10.2025,2025-10-03
1643,NU079,Operations for Hypospadias - One Stage Repair,36550.0,43000.0,49450.0,Nephrology And Urology Procedure,Tier I,CGHS O.M. 03.10.2025,2025-10-03
1644,NU080,Operations for Crippled Hypospadias,36550.0,43000.0,49450.0,Nephrology And Urology Procedure,Tier I,CGHS O.M. 03.10.2025,2025-10-03
1645,NU081,Operations for Epispadias -primary repair,36550.0,43000.0,49450.0,Nephrology And Urology Procedure,Tier I,CGHS O.M. 03.10.2025,2025-10-03
1646,NU082,Operations for Epispadias-crippled epispadias,45050.0,53000.0,60950.0,Nephrology And Urology Procedure,Tier I,CGHS O.M. 03.10.2025,2025-10-03
1647,NU083,Partial Amputation of the Penis,29750.0,35000.0,40250.0,Nephrology And Urology Procedure,Tier I,CGHS O.M. 03.10.2025,2025-10-03
1648,NU084,Total amputation of the Penis,36550.0,43000.0,49450.0,Nephrology And Urology Procedure,Tier I,CGHS O.M. 03.10.2025,2025-10-03
1649,NU085,Orchidectomy-Simple,23375.0,27500.0,31625.0,Nephrology And Urology Procedure,Tier I,CGHS O.M. 03.10.2025,2025-10-03
1650,NU086,Epididymectomy,17000.0,20000.0,23000.0,Nephrology And Urology Procedure,Tier I,CGHS O.M. 03.10.2025,2025-10-03
1651,NU087,Operations for Hydrocele - Unilateral,23375.0,27500.0,31625.0,Nephrology And Urology Procedure,Tier I,CGHS O.M. 03.10.2025,2025-10-03
1652,NU088,Operations for Hydrocele - Bilateral,29750.0,35000.0,40250.0,Nephrology And Urology Procedure,Tier I,CGHS O.M. 03.10.2025,2025-10-03
1653,NU089,Operation for Torsion of Testis,23375.0,27500.0,31625.0,Nephrology And Urology Procedure,Tier I,CGHS O.M. 03.10.2025,2025-10-03
1654,NU090,Micro-surgical Vasovasostomy /Vaso epididymal anastomosis .,23375.0,27500.0,31625.0,Nephrology And Urology Procedure,Tier I,CGHS O.M. 03.10.2025,2025-10-03
1655,NU091,Operations for Varicocele Unilateral Microsurgical,29750.0,35000.0,40250.0,Nephrology And Urology Procedure,Tier I,CGHS O.M. 03.10.2025,2025-10-03
1656,NU092,Operations for Varicocele Palomo’s Unilateral -Laparoscopic,29750.0,35000.0,40250.0,Nephrology And Urology Procedure,Tier I,CGHS O.M. 03.10.2025,2025-10-03
1657,NU093,Operations for Varicocele Bilateral --Microsurgical,36550.0,43000.0,49450.0,Nephrology And Urology Procedure,Tier I,CGHS O.M. 03.10.2025,2025-10-03
1658,NU094,Operations for Varicocele Palomo’s Bilateral - Laparoscopic,36550.0,43000.0,49450.0,Nephrology And Urology Procedure,Tier I,CGHS O.M. 03.10.2025,2025-10-03
1659,NU095,Excision of Filarial Scrotum,23375.0,27500.0,31625.0,Nephrology And Urology Procedure,Tier I,CGHS O.M. 03.10.2025,2025-10-03
1660,NU096,Kidney Transplantation (related),317900.0,374000.0,430100.0,Nephrology And Urology Procedure,Tier I,CGHS O.M. 03.10.2025,2025-10-03
1661,NU097,Kidney Transplantation (Spousal/ unrelated) Including immunosuppressant therapy,361250.0,425000.0,488750.0,Nephrology And Urology Procedure,Tier I,CGHS O.M. 03.10.2025,2025-10-03
1662,NU098,Kidney Transplantation (Cadaver),297500.0,350000.0,402500.0,Nephrology And Urology Procedure,Tier I,CGHS O.M. 03.10.2025,2025-10-03
1663,NU099,ABO incompatible Transplantation,510000.0,600000.0,690000.0,Nephrology And Urology Procedure,Tier I,CGHS O.M. 03.10.2025,2025-10-03
1664,NU100,Kidney Transplant Graft Nephrectomy,69700.0,82000.0,94300.0,Nephrology And Urology Procedure,Tier I,CGHS O.M. 03.10.2025,2025-10-03
1665,NU101,Donor Nephrectomy (Open),53550.0,63000.0,72450.0,Nephrology And Urology Procedure,Tier I,CGHS O.M. 03.10.2025,2025-10-03
1666,NU102,Donor Nephrectomy (Laparoscopic),93500.0,110000.0,126500.0,Nephrology And Urology Procedure,Tier I,CGHS O.M. 03.10.2025,2025-10-03
1667,NU103,Post-Transplant Collection drainage for Lymphocele (open),7820.0,9200.0,10580.0,Nephrology And Urology Procedure,Tier I,CGHS O.M. 03.10.2025,2025-10-03
1668,NU104,Post-Transplant Collection drainage for Lymphocele (percutaneous),11390.0,13400.0,15410.0,Nephrology And Urology Procedure,Tier I,CGHS O.M. 03.10.2025,2025-10-03
1669,NU105,Post-Transplant Collection drainage for Lymphocele (Laparoscopic),17000.0,20000.0,23000.0,Nephrology And Urology Procedure,Tier I,CGHS O.M. 03.10.2025,2025-10-03
1670,NU106,Arteriovenous Fistula for Haemodialysis,17000.0,20000.0,20000.0,Nephrology And Urology Procedure,Tier I,CGHS O.M. 03.10.2025,2025-10-03
1671,NU107,Arteriovenous Shunt for Haemodialysis,17000.0,20000.0,20000.0,Nephrology And Urology Procedure,Tier I,CGHS O.M. 03.10.2025,2025-10-03
1672,NU108,Jugular Catheterization for Haemodialysis,5100.0,6000.0,6000.0,Nephrology And Urology Procedure,Tier I,CGHS O.M. 03.10.2025,2025-10-03
1673,NU109,Subclavian Catheterization for Haemodialysis,5100.0,6000.0,6000.0,Nephrology And Urology Procedure,Tier I,CGHS O.M. 03.10.2025,2025-10-03
1674,NU110,One Sided (single Lumen) Femoral Catheterization for Haemodialysis,3400.0,4000.0,4000.0,Nephrology And Urology Procedure,Tier I,CGHS O.M. 03.10.2025,2025-10-03
1675,NU111,Bilateral (single Lumen) Femoral Catheterization for Haemodialysis,5100.0,6000.0,6000.0,Nephrology And Urology Procedure,Tier I,CGHS O.M. 03.10.2025,2025-10-03
1676,NU112,Double Lumen Femoral Catheterization for Haemodialysis,11390.0,13400.0,13400.0,Nephrology And Urology Procedure,Tier I,CGHS O.M. 03.10.2025,2025-10-03
1677,NU113,Permcath Insertion excluding the cost of the catheter,7225.0,8500.0,8500.0,Nephrology And Urology Procedure,Tier I,CGHS O.M. 03.10.2025,2025-10-03
1678,NU114,Arterio Venous Prosthetic Graft,36550.0,43000.0,49450.0,Nephrology And Urology Procedure,Tier I,CGHS O.M. 03.10.2025,2025-10-03
1679,NU115,Single lumen Jugular Catheterization,4250.0,5000.0,5000.0,Nephrology And Urology Procedure,Tier I,CGHS O.M. 03.10.2025,2025-10-03
1680,NU116,Single lumen Subclavian Catheterization,4250.0,5000.0,5000.0,Nephrology And Urology Procedure,Tier I,CGHS O.M. 03.10.2025,2025-10-03
1681,NU117,Plasma Exchange/ Plasmapheresis,17000.0,20000.0,20000.0,Nephrology And Urology Procedure,Tier I,CGHS O.M. 03.10.2025,2025-10-03
1682,NU118,Continuous Ambulatory Peritoneal Dialysis (CAPD) catheter insertion- Open method,17000.0,20000.0,20000.0,Nephrology And Urology Procedure,Tier I,CGHS O.M. 03.10.2025,2025-10-03
1683,NU119,Continuous Ambulatory Peritoneal Dialysis (CAPD) catheter insertion- Schlendinger/ Seldinger method,17000.0,20000.0,20000.0,Nephrology And Urology Procedure,Tier I,CGHS O.M. 03.10.2025,2025-10-03
1684,NU120,Sustained low efficiency haemodialysis /haemodialysis,7820.0,9200.0,9200.0,Nephrology And Urology Procedure,Tier I,CGHS O.M. 03.10.2025,2025-10-03
1685,NU121,Continuous Veno venous/Arteriovenous Haemofiltration /Haemofiltration/CRRT per day,14450.0,17000.0,17000.0,Nephrology And Urology Procedure,Tier I,CGHS O.M. 03.10.2025,2025-10-03
1686,NU122,Haemodialysis / Haemodialysis for Sero negative cases including Dialyser and all other Consumables,2125.0,2500.0,2500.0,Nephrology And Urology Procedure,Tier I,CGHS O.M. 03.10.2025,2025-10-03
1687,NU123,Haemodialysis / Haemodialysis for Sero Positive cases including Dialyser and all other Consumables,2550.0,3000.0,3000.0,Nephrology And Urology Procedure,Tier I,CGHS O.M. 03.10.2025,2025-10-03
1688,NU124,Acute Peritoneal Dialysis,4505.0,5300.0,5300.0,Nephrology And Urology Procedure,Tier I,CGHS O.M. 03.10.2025,2025-10-03
1689,NU125,Peritoneal Dialysis,3060.0,3600.0,3600.0,Nephrology And Urology Procedure,Tier I,CGHS O.M. 03.10.2025,2025-10-03
1690,NU126,Fistula stenosis dilation,11390.0,13400.0,13400.0,Nephrology And Urology Procedure,Tier I,CGHS O.M. 03.10.2025,2025-10-03
1691,NU127,Slow continuous Ultrafiltration,7225.0,8500.0,8500.0,Nephrology And Urology Procedure,Tier I,CGHS O.M. 03.10.2025,2025-10-03
1692,NU128,Percutaneous Nephrolithotomy (PCNL) - Unilateral,45050.0,53000.0,60950.0,Nephrology And Urology Procedure,Tier I,CGHS O.M. 03.10.2025,2025-10-03
1693,NU129,Percutaneous Nephrolithotomy (PCNL) - Bilateral,53550.0,63000.0,72450.0,Nephrology And Urology Procedure,Tier I,CGHS O.M. 03.10.2025,2025-10-03
1694,NU130,Endoscopic Bulking agent Inject (including cost of bulking agent),29750.0,35000.0,40250.0,Nephrology And Urology Procedure,Tier I,CGHS O.M. 03.10.2025,2025-10-03
1695,NU131,Nephrostomy -Open,29750.0,35000.0,40250.0,Nephrology And Urology Procedure,Tier I,CGHS O.M. 03.10.2025,2025-10-03
1696,NU132,Nephrostomy -Lap/Endoscopic,29750.0,35000.0,40250.0,Nephrology And Urology Procedure,Tier I,CGHS O.M. 03.10.2025,2025-10-03
1697,NU133,Ureteric Reimplant for Megaureter/ Vesicoureteric reflux/ureterocele (Open),36550.0,43000.0,49450.0,Nephrology And Urology Procedure,Tier I,CGHS O.M. 03.10.2025,2025-10-03
1698,NU134,Ureteric Reimplant for Megaureter / Vesicoureteric reflux/ ureterocele (Laparoscopic),36550.0,43000.0,49450.0,Nephrology And Urology Procedure,Tier I,CGHS O.M. 03.10.2025,2025-10-03
1699,NU135,Partial Cystectomy,45050.0,53000.0,60950.0,Nephrology And Urology Procedure,Tier I,CGHS O.M. 03.10.2025,2025-10-03
1700,NU136,Transurethral Resection of Prostate (TURP) with Cystolithotripsy,53550.0,63000.0,72450.0,Nephrology And Urology Procedure,Tier I,CGHS O.M. 03.10.2025,2025-10-03
1701,NU137,Closure of Urethral Fistula,29750.0,35000.0,40250.0,Nephrology And Urology Procedure,Tier I,CGHS O.M. 03.10.2025,2025-10-03
1702,NU138,Orchidopexy - Unilateral -Open,29750.0,35000.0,40250.0,Nephrology And Urology Procedure,Tier I,CGHS O.M. 03.10.2025,2025-10-03
1703,NU139,Orchidopexy - Unilateral- Lap/Endoscopic,36550.0,43000.0,49450.0,Nephrology And Urology Procedure,Tier I,CGHS O.M. 03.10.2025,2025-10-03
1704,NU140,Orchidopexy - Bilateral -Open,36550.0,43000.0,49450.0,Nephrology And Urology Procedure,Tier I,CGHS O.M. 03.10.2025,2025-10-03
1705,NU141,Orchidopexy - Bilateral -Lap/Endoscopic,45050.0,53000.0,60950.0,Nephrology And Urology Procedure,Tier I,CGHS O.M. 03.10.2025,2025-10-03
1706,NU142,Cystolithotomy -Suprapubic,23375.0,27500.0,31625.0,Nephrology And Urology Procedure,Tier I,CGHS O.M. 03.10.2025,2025-10-03
1707,NU143,Endoscopic Removal of Stone in Bladder,29750.0,35000.0,40250.0,Nephrology And Urology Procedure,Tier I,CGHS O.M. 03.10.2025,2025-10-03
1708,NU144,Resection Bladder Neck Endoscopic / Bladder neck incision / transurethral incision on prostrate,36550.0,43000.0,49450.0,Nephrology And Urology Procedure,Tier I,CGHS O.M. 03.10.2025,2025-10-03
1709,NU145,Ureteroscopic Surgery,29750.0,35000.0,40250.0,Nephrology And Urology Procedure,Tier I,CGHS O.M. 03.10.2025,2025-10-03
1710,NU146,Urethroplasty 1st Stage,36550.0,43000.0,49450.0,Nephrology And Urology Procedure,Tier I,CGHS O.M. 03.10.2025,2025-10-03
1711,NU147,Scrotal Exploration,23375.0,27500.0,31625.0,Nephrology And Urology Procedure,Tier I,CGHS O.M. 03.10.2025,2025-10-03
1712,NU148,Perineal Urethrostomy,29750.0,35000.0,40250.0,Nephrology And Urology Procedure,Tier I,CGHS O.M. 03.10.2025,2025-10-03
1713,NU149,Dilatation of Stricture Urethra under G.A.,4250.0,5000.0,5000.0,Nephrology And Urology Procedure,Tier I,CGHS O.M. 03.10.2025,2025-10-03
1714,NU150,Laparoscopic pyelolithotomy,53550.0,63000.0,72450.0,Nephrology And Urology Procedure,Tier I,CGHS O.M. 03.10.2025,2025-10-03
1715,NU151,Laparoscopic Pyeloplasty,53550.0,63000.0,72450.0,Nephrology And Urology Procedure,Tier I,CGHS O.M. 03.10.2025,2025-10-03
1716,NU152,Laparoscopic surgery for Renal cyst,53550.0,63000.0,72450.0,Nephrology And Urology Procedure,Tier I,CGHS O.M. 03.10.2025,2025-10-03
1717,NU153,Laparoscopic ureterolithotomy,53550.0,63000.0,72450.0,Nephrology And Urology Procedure,Tier I,CGHS O.M. 03.10.2025,2025-10-03
1718,NU154,Laparoscopic Nephroureterectomy,45050.0,53000.0,60950.0,Nephrology And Urology Procedure,Tier I,CGHS O.M. 03.10.2025,2025-10-03
1719,NU155,Extracorporeal Shock Wave Lithotripsy (ESWL),36550.0,43000.0,49450.0,Nephrology And Urology Procedure,Tier I,CGHS O.M. 03.10.2025,2025-10-03
1720,NU156,Diagnostic Cystoscopy,7225.0,8500.0,8500.0,Nephrology And Urology Procedure,Tier I,CGHS O.M. 03.10.2025,2025-10-03
1721,NU157,Cystoscopy with Retrograde Catheter -Unilateral/RGP,17000.0,20000.0,23000.0,Nephrology And Urology Procedure,Tier I,CGHS O.M. 03.10.2025,2025-10-03
1722,NU158,Cystoscopy with Retrograde Catheter - Bilateral/RGP,23375.0,27500.0,31625.0,Nephrology And Urology Procedure,Tier I,CGHS O.M. 03.10.2025,2025-10-03
1723,NU159,Retrograde Intrarenal Surgery (RIRS)/ Flexible Ureteroscopy,53550.0,63000.0,72450.0,Nephrology And Urology Procedure,Tier I,CGHS O.M. 03.10.2025,2025-10-03
1724,NU160,Holmium YAG Prostate Surgery,64600.0,76000.0,87400.0,Nephrology And Urology Procedure,Tier I,CGHS O.M. 03.10.2025,2025-10-03
1725,NU161,Holmium YAG Optical Internal Urethrotomy (OIU),36550.0,43000.0,49450.0,Nephrology And Urology Procedure,Tier I,CGHS O.M. 03.10.2025,2025-10-03
1726,NU162,Holmium YAG Core through internal Urethrotomy,45050.0,53000.0,60950.0,Nephrology And Urology Procedure,Tier I,CGHS O.M. 03.10.2025,2025-10-03
1727,NU163,Holmium YAG Stone Lithotripsy,64600.0,76000.0,87400.0,Nephrology And Urology Procedure,Tier I,CGHS O.M. 03.10.2025,2025-10-03
1728,NU164,Green Light Laser for Prostate,64600.0,76000.0,87400.0,Nephrology And Urology Procedure,Tier I,CGHS O.M. 03.10.2025,2025-10-03
1729,NU165,Cystoscopic Botulinum Toxin Injection ( Over active bladder/ Neurogenic bladder) -excluding cost of drug,11390.0,13400.0,13400.0,Nephrology And Urology Procedure,Tier I,CGHS O.M. 03.10.2025,2025-10-03
1730,NU166,Peyronie’s Disease – Plaque excision with grafting,29750.0,35000.0,40250.0,Nephrology And Urology Procedure,Tier I,CGHS O.M. 03.10.2025,2025-10-03
1731,NU167,Prosthetic Surgery for urinary incontinence,36550.0,43000.0,49450.0,Nephrology And Urology Procedure,Tier I,CGHS O.M. 03.10.2025,2025-10-03
1732,NU168,Ultrasound Guided Percutaneous Nephrostomy (PCN),17000.0,20000.0,20000.0,Nephrology And Urology Procedure,Tier I,CGHS O.M. 03.10.2025,2025-10-03
1733,NI001,Electroencephalogram (EEG)/ Video EEG,850.0,1000.0,1000.0,Neurology Investigation,Tier I,CGHS O.M. 03.10.2025,2025-10-03
1734,NI002,Electromyography (EMG),1275.0,1500.0,1500.0,Neurology Investigation,Tier I,CGHS O.M. 03.10.2025,2025-10-03
1735,NI003,"Nerve conduction velocity (NCV), -two or more limbs",1275.0,1500.0,1500.0,Neurology Investigation,Tier I,CGHS O.M. 03.10.2025,2025-10-03
1736,NI004,Repetitive nerve stimulation (RNS)-Decremental response (before and after neostigmine),1275.0,1500.0,1500.0,Neurology Investigation,Tier I,CGHS O.M. 03.10.2025,2025-10-03
1737,NI005,Repetitive nerve stimulation (RNS)-Incremental response,1275.0,1500.0,1500.0,Neurology Investigation,Tier I,CGHS O.M. 03.10.2025,2025-10-03
1738,NI006,Somatosensory evoked potentials (SSEP),1275.0,1500.0,1500.0,Neurology Investigation,Tier I,CGHS O.M. 03.10.2025,2025-10-03
1739,NI007,Polysomnography (PSG) / Level I Sleep study including Room Rent and Titration,7650.0,9000.0,9000.0,Neurology Investigation,Tier I,CGHS O.M. 03.10.2025,2025-10-03
1740,NI008,Brachial plexus study,1275.0,1500.0,1500.0,Neurology Investigation,Tier I,CGHS O.M. 03.10.2025,2025-10-03
1741,NI009,RNS( Repetitive Nerve stimulation),1360.0,1600.0,1600.0,Neurology Investigation,Tier I,CGHS O.M. 03.10.2025,2025-10-03
1742,NS001,Lumbar Pressure Monitoring,7820.0,9200.0,9200.0,Neuro-Surgery Investigation,Tier I,CGHS O.M. 03.10.2025,2025-10-03
1743,NS002,Brain Mapping,23375.0,27500.0,27500.0,Neuro-Surgery Investigation,Tier I,CGHS O.M. 03.10.2025,2025-10-03
1744,NS003,Nerve Biopsy,17000.0,20000.0,20000.0,Neuro-Surgery Biopsy,Tier I,CGHS O.M. 03.10.2025,2025-10-03
1745,NS004,Brain Biopsy,36550.0,43000.0,43000.0,Neuro-Surgery Biopsy,Tier I,CGHS O.M. 03.10.2025,2025-10-03
1746,NS005,Craniotomy and Evacuation of Haematoma -Subdural,69700.0,82000.0,94300.0,Neuro-Surgery Procedure,Tier I,CGHS O.M. 03.10.2025,2025-10-03
1747,NS006,Craniotomy and Evacuation of Haematoma - Extradural,69700.0,82000.0,94300.0,Neuro-Surgery Procedure,Tier I,CGHS O.M. 03.10.2025,2025-10-03
1748,NS007,Evacuation /Excision of Brain Abscess by craniotomy,69700.0,82000.0,94300.0,Neuro-Surgery Procedure,Tier I,CGHS O.M. 03.10.2025,2025-10-03
1749,NS008,Excision of Lobe (Frontal Temporal Cerebellum etc.),69700.0,82000.0,94300.0,Neuro-Surgery Procedure,Tier I,CGHS O.M. 03.10.2025,2025-10-03
1750,NS009,Twist Drill Craniostomy,36550.0,43000.0,49450.0,Neuro-Surgery Procedure,Tier I,CGHS O.M. 03.10.2025,2025-10-03
1751,NS010,Subdural Tapping,11390.0,13400.0,15410.0,Neuro-Surgery Procedure,Tier I,CGHS O.M. 03.10.2025,2025-10-03
1752,NS011,Ventricular Tapping,29750.0,35000.0,40250.0,Neuro-Surgery Procedure,Tier I,CGHS O.M. 03.10.2025,2025-10-03
1753,NS012,Brain Abscess Tapping,23375.0,27500.0,31625.0,Neuro-Surgery Procedure,Tier I,CGHS O.M. 03.10.2025,2025-10-03
1754,NS013,Placement of Intracranial pressure (ICP) Monitor,23375.0,27500.0,31625.0,Neuro-Surgery Procedure,Tier I,CGHS O.M. 03.10.2025,2025-10-03
1755,NS014,Skull Traction Application,7820.0,9200.0,10580.0,Neuro-Surgery Procedure,Tier I,CGHS O.M. 03.10.2025,2025-10-03
1756,NS015,Vascular Malformations,82450.0,97000.0,111550.0,Neuro-Surgery Procedure,Tier I,CGHS O.M. 03.10.2025,2025-10-03
1757,NS016,Meningoencephalocele excision and repair,64600.0,76000.0,87400.0,Neuro-Surgery Procedure,Tier I,CGHS O.M. 03.10.2025,2025-10-03
1758,NS017,Meningomyelocele Repair,53550.0,63000.0,72450.0,Neuro-Surgery Procedure,Tier I,CGHS O.M. 03.10.2025,2025-10-03
1759,NS018,CSF Rhinorrhoea Repair,53550.0,63000.0,72450.0,Neuro-Surgery Procedure,Tier I,CGHS O.M. 03.10.2025,2025-10-03
1760,NS019,Cranioplasty,53550.0,63000.0,72450.0,Neuro-Surgery Procedure,Tier I,CGHS O.M. 03.10.2025,2025-10-03
1761,NS020,Anterior Cervical Discectomy,53550.0,63000.0,72450.0,Neuro-Surgery Procedure,Tier I,CGHS O.M. 03.10.2025,2025-10-03
1762,NS021,Brachial Plexus Exploration and neurotization,53550.0,63000.0,72450.0,Neuro-Surgery Procedure,Tier I,CGHS O.M. 03.10.2025,2025-10-03
1763,NS022,Median Nerve Decompression,36550.0,43000.0,49450.0,Neuro-Surgery Procedure,Tier I,CGHS O.M. 03.10.2025,2025-10-03
1764,NS023,Peripheral Nerve Surgery – Major,53550.0,63000.0,72450.0,Neuro-Surgery Procedure,Tier I,CGHS O.M. 03.10.2025,2025-10-03
1765,NS024,Peripheral Nerve Surgery Minor,45050.0,53000.0,60950.0,Neuro-Surgery Procedure,Tier I,CGHS O.M. 03.10.2025,2025-10-03
1766,NS025,Ventriculoatrial /Ventriculoperitoneal Shunt,45050.0,53000.0,60950.0,Neuro-Surgery Procedure,Tier I,CGHS O.M. 03.10.2025,2025-10-03
1767,NS026,Anterior Cervical Spine Surgery with fusion,64600.0,76000.0,87400.0,Neuro-Surgery Procedure,Tier I,CGHS O.M. 03.10.2025,2025-10-03
1768,NS027,Anterio Lateral Decompression of spine,69700.0,82000.0,94300.0,Neuro-Surgery Procedure,Tier I,CGHS O.M. 03.10.2025,2025-10-03
1769,NS028,Cervical or Dorsal or Lumbar Laminectomy,45050.0,53000.0,60950.0,Neuro-Surgery Procedure,Tier I,CGHS O.M. 03.10.2025,2025-10-03
1770,NS029,Combined Trans-Oral Surgery & Craniovertebral (CV) Junction Fusion,53550.0,63000.0,72450.0,Neuro-Surgery Procedure,Tier I,CGHS O.M. 03.10.2025,2025-10-03
1771,NS030,Craniovertebral Junction (CVJ) Fusion procedures,64600.0,76000.0,87400.0,Neuro-Surgery Procedure,Tier I,CGHS O.M. 03.10.2025,2025-10-03
1772,NS031,Depressed Fracture Elevation,45050.0,53000.0,60950.0,Neuro-Surgery Procedure,Tier I,CGHS O.M. 03.10.2025,2025-10-03
1773,NS032,Lumbar Discectomy,53550.0,63000.0,72450.0,Neuro-Surgery Procedure,Tier I,CGHS O.M. 03.10.2025,2025-10-03
1774,NS033,Endarterectomy (Carotid),53550.0,63000.0,72450.0,Neuro-Surgery Procedure,Tier I,CGHS O.M. 03.10.2025,2025-10-03
1775,NS034,Radiofrequency (RF) Lesion for Trigeminal Neuralgia,45050.0,53000.0,60950.0,Neuro-Surgery Procedure,Tier I,CGHS O.M. 03.10.2025,2025-10-03
1776,NS035,Spasticity Surgery,45050.0,53000.0,60950.0,Neuro-Surgery Procedure,Tier I,CGHS O.M. 03.10.2025,2025-10-03
1777,NS036,Spinal Fusion Procedure,64600.0,76000.0,87400.0,Neuro-Surgery Procedure,Tier I,CGHS O.M. 03.10.2025,2025-10-03
1778,NS037,Spinal Bifida Surgery Major,53550.0,63000.0,72450.0,Neuro-Surgery Procedure,Tier I,CGHS O.M. 03.10.2025,2025-10-03
1779,NS038,Spinal Bifida Surgery Minor,45050.0,53000.0,60950.0,Neuro-Surgery Procedure,Tier I,CGHS O.M. 03.10.2025,2025-10-03
1780,NS039,Stereotaxic Procedures- biopsy/aspiration of cyst,36550.0,43000.0,49450.0,Neuro-Surgery Procedure,Tier I,CGHS O.M. 03.10.2025,2025-10-03
1781,NS040,Trans Sphenoidal Surgery,45050.0,53000.0,60950.0,Neuro-Surgery Procedure,Tier I,CGHS O.M. 03.10.2025,2025-10-03
1782,NS041,Trans Oral Surgery,45050.0,53000.0,60950.0,Neuro-Surgery Procedure,Tier I,CGHS O.M. 03.10.2025,2025-10-03
1783,NS042,Implantation of Deep Brain Stimulation (DBS) -One electrode (as per guidelines mentioned in OM.No.Z15025/44/2023/DIR/CGHS/EHS Dated 09.09.2024),53550.0,63000.0,72450.0,Neuro-Surgery Procedure,Tier I,CGHS O.M. 03.10.2025,2025-10-03
1784,NS043,Implantation of Deep Brain Stimulation (DBS) -two electrodes (as per guidelines mentioned in OM.No.Z15025/44/2023/DIR/CGHS/EHS Dated 09.09.2024),64600.0,76000.0,87400.0,Neuro-Surgery Procedure,Tier I,CGHS O.M. 03.10.2025,2025-10-03
1785,NS044,Endoscopic aqueductoplasty,45050.0,53000.0,60950.0,Neuro-Surgery Procedure,Tier I,CGHS O.M. 03.10.2025,2025-10-03
1786,NS045,Facial nerve reconstruction,64600.0,76000.0,87400.0,Neuro-Surgery Procedure,Tier I,CGHS O.M. 03.10.2025,2025-10-03
1787,NS046,Carotid Stenting excluding the cost of Stent,53550.0,63000.0,72450.0,Neuro-Surgery Procedure,Tier I,CGHS O.M. 03.10.2025,2025-10-03
1788,NS047,Cervical disc arthroplasty,53550.0,63000.0,72450.0,Neuro-Surgery Procedure,Tier I,CGHS O.M. 03.10.2025,2025-10-03
1789,NS048,Lumbar disc arthroplasty,45050.0,53000.0,60950.0,Neuro-Surgery Procedure,Tier I,CGHS O.M. 03.10.2025,2025-10-03
1790,NS049,Corpus callostomy for Epilepsy,69700.0,82000.0,94300.0,Neuro-Surgery Procedure,Tier I,CGHS O.M. 03.10.2025,2025-10-03
1791,NS050,Hemispherotomy for Epilepsy,69700.0,82000.0,94300.0,Neuro-Surgery Procedure,Tier I,CGHS O.M. 03.10.2025,2025-10-03
1792,NS051,Endoscopic CSF rhinorrhoea repair,45050.0,53000.0,60950.0,Neuro-Surgery Procedure,Tier I,CGHS O.M. 03.10.2025,2025-10-03
1793,NS052,Burr hole evacuation of chronic subdural haematoma,53550.0,63000.0,72450.0,Neuro-Surgery Procedure,Tier I,CGHS O.M. 03.10.2025,2025-10-03
1794,NS053,Epilepsy surgery other than at Code No. NS049 and NS050,82450.0,97000.0,111550.0,Neuro-Surgery Procedure,Tier I,CGHS O.M. 03.10.2025,2025-10-03
1795,NS054,Radiofrequency (RF) lesion for facet joint pain syndrome,53550.0,63000.0,72450.0,Neuro-Surgery Procedure,Tier I,CGHS O.M. 03.10.2025,2025-10-03
1796,NS055,Cervical Laminoplasty,64600.0,76000.0,87400.0,Neuro-Surgery Procedure,Tier I,CGHS O.M. 03.10.2025,2025-10-03
1797,NS056,Lateral mass C1-C2 screw fixation,64600.0,76000.0,87400.0,Neuro-Surgery Procedure,Tier I,CGHS O.M. 03.10.2025,2025-10-03
1798,NS057,Microsurgical decompression for Trigeminal nerve,53550.0,63000.0,72450.0,Neuro-Surgery Procedure,Tier I,CGHS O.M. 03.10.2025,2025-10-03
1799,NS058,Microsurgical decompression for hemifacial spasm,53550.0,63000.0,72450.0,Neuro-Surgery Procedure,Tier I,CGHS O.M. 03.10.2025,2025-10-03
1800,NS059,,53550.0,63000.0,72450.0,Neuro-Surgery Procedure,Tier I,CGHS O.M. 03.10.2025,2025-10-03
1801,NS060,Image Guided Craniotomy,69700.0,82000.0,94300.0,Neuro-Surgery Procedure,Tier I,CGHS O.M. 03.10.2025,2025-10-03
1802,NS061,Baclofen pump implantation lesioning for movement disorder including Parkinsonism/Spinal Cord Stimulator Implantation,64600.0,76000.0,87400.0,Neuro-Surgery Procedure,Tier I,CGHS O.M. 03.10.2025,2025-10-03
1803,NS062,Programmable Ventriculo-Peritoneal (VP) shunt excluding the cost of the Device,53550.0,63000.0,72450.0,Neuro-Surgery Procedure,Tier I,CGHS O.M. 03.10.2025,2025-10-03
1804,NS063,Endoscopic Sympathectomy,53550.0,63000.0,72450.0,Neuro-Surgery Procedure,Tier I,CGHS O.M. 03.10.2025,2025-10-03
1805,NS064,Lumbar Puncture,2550.0,3000.0,3000.0,Neuro-Surgery Procedure,Tier I,CGHS O.M. 03.10.2025,2025-10-03
1806,NS065,External Ventricular Drainage (EVD),23375.0,27500.0,31625.0,Neuro-Surgery Procedure,Tier I,CGHS O.M. 03.10.2025,2025-10-03
1807,NS066,Endoscopic 3rd ventriculostomy,45050.0,53000.0,60950.0,Neuro-Surgery Procedure,Tier I,CGHS O.M. 03.10.2025,2025-10-03
1808,NS067,Endoscopic cranial surgery/Biopsy/aspiration,53550.0,63000.0,72450.0,Neuro-Surgery Procedure,Tier I,CGHS O.M. 03.10.2025,2025-10-03
1809,NS068,"Endoscopic discectomy (Lumbar, Cervical)",53550.0,63000.0,72450.0,Neuro-Surgery Procedure,Tier I,CGHS O.M. 03.10.2025,2025-10-03
1810,NS069,Aneurysm coiling (Endovascular),53550.0,63000.0,72450.0,Neuro-Surgery Procedure,Tier I,CGHS O.M. 03.10.2025,2025-10-03
1811,NS070,Surgery for Skull Fractures,64600.0,76000.0,87400.0,Neuro-Surgery Procedure,Tier I,CGHS O.M. 03.10.2025,2025-10-03
1812,NS071,Carpel Tunnel decompression,36550.0,43000.0,49450.0,Neuro-Surgery Procedure,Tier I,CGHS O.M. 03.10.2025,2025-10-03
1813,NS072,Clipping of intracranial aneurysm,69700.0,82000.0,94300.0,Neuro-Surgery Procedure,Tier I,CGHS O.M. 03.10.2025,2025-10-03
1814,NS073,Surgery for intracranial Arteriovenous malformations (AVM),82450.0,97000.0,111550.0,Neuro-Surgery Procedure,Tier I,CGHS O.M. 03.10.2025,2025-10-03
1815,NS074,Foramen magnum decompression for Chiari Malformation,109650.0,129000.0,148350.0,Neuro-Surgery Procedure,Tier I,CGHS O.M. 03.10.2025,2025-10-03
1816,NS075,Dorsal column stimulation for backache in failed back syndrome,53550.0,63000.0,72450.0,Neuro-Surgery Procedure,Tier I,CGHS O.M. 03.10.2025,2025-10-03
1817,NS076,Surgery for recurrent disc prolapse/epidural fibrosis,53550.0,63000.0,72450.0,Neuro-Surgery Procedure,Tier I,CGHS O.M. 03.10.2025,2025-10-03
1818,NS077,Decompressive craniotomy for hemispherical acute subdural haematoma/ brain swelling/large infarct,69700.0,82000.0,94300.0,Neuro-Surgery Procedure,Tier I,CGHS O.M. 03.10.2025,2025-10-03
1819,NS078,Intra-arterial thrombolysis with Tissue Plasminogen Activator (TPA) (for ischemic stroke ),29750.0,35000.0,40250.0,Neuro-Surgery Procedure,Tier I,CGHS O.M. 03.10.2025,2025-10-03
1820,NS079,Stereotactic aspiration of intracerebral haematoma,64600.0,76000.0,87400.0,Neuro-Surgery Procedure,Tier I,CGHS O.M. 03.10.2025,2025-10-03
1821,NS080,Endoscopic aspiration of intracerebellar haematoma,64600.0,76000.0,87400.0,Neuro-Surgery Procedure,Tier I,CGHS O.M. 03.10.2025,2025-10-03
1822,NS081,Stereotactic Radiosurgery for brain pathology (X knife/Gamma) - ONE session,45050.0,53000.0,60950.0,Neuro-Surgery Procedure,Tier I,CGHS O.M. 03.10.2025,2025-10-03
1823,NS082,Stereotactic Radiosurgery for brain pathology (X knife / Gamma knife -Two or more sessions),64600.0,76000.0,87400.0,Neuro-Surgery Procedure,Tier I,CGHS O.M. 03.10.2025,2025-10-03
1824,NS083,Battery Placement for Deep Brain Stimulation (DBS),29750.0,35000.0,40250.0,Neuro-Surgery Procedure,Tier I,CGHS O.M. 03.10.2025,2025-10-03
1825,NS084,Baclofen pump implantation for spasticity/Intra-thecal Pump Implantation,29750.0,35000.0,40250.0,Neuro-Surgery Procedure,Tier I,CGHS O.M. 03.10.2025,2025-10-03
1826,NS085,Surgery for Scalp Arteriovenous Malformations (AVMs),53550.0,63000.0,72450.0,Neuro-Surgery Procedure,Tier I,CGHS O.M. 03.10.2025,2025-10-03
1827,NS086,Kyphoplasty excluding the cost of implants,45050.0,53000.0,60950.0,Neuro-Surgery Procedure,Tier I,CGHS O.M. 03.10.2025,2025-10-03
1828,NS087,Balloon Kyphoplasty,53550.0,63000.0,72450.0,Neuro-Surgery Procedure,Tier I,CGHS O.M. 03.10.2025,2025-10-03
1829,NS088,"Lesioning procedures for Parkinson’s disease,Dystonia etc.",45050.0,53000.0,60950.0,Neuro-Surgery Procedure,Tier I,CGHS O.M. 03.10.2025,2025-10-03
1830,OR001,Joints Aspiration,1360.0,1600.0,1600.0,Orthopaedics Procedure,Tier I,CGHS O.M. 03.10.2025,2025-10-03
1831,OR002,Plaster Work,4250.0,5000.0,5000.0,Orthopaedics Procedure,Tier I,CGHS O.M. 03.10.2025,2025-10-03
1832,OR003,Fingers (post slab),850.0,1000.0,1000.0,Orthopaedics Procedure,Tier I,CGHS O.M. 03.10.2025,2025-10-03
1833,OR004,Fingers full plaster,1275.0,1500.0,1500.0,Orthopaedics Procedure,Tier I,CGHS O.M. 03.10.2025,2025-10-03
1834,OR005,Colles Fracture - Below elbow,5100.0,6000.0,6000.0,Orthopaedics Procedure,Tier I,CGHS O.M. 03.10.2025,2025-10-03
1835,OR006,Colles Fracture - Full plaster,3825.0,4500.0,4500.0,Orthopaedics Procedure,Tier I,CGHS O.M. 03.10.2025,2025-10-03
1836,OR007,Colles fracture Ant. Or post. slab,2550.0,3000.0,3000.0,Orthopaedics Procedure,Tier I,CGHS O.M. 03.10.2025,2025-10-03
1837,OR008,Above elbow full plaster,3400.0,4000.0,4000.0,Orthopaedics Procedure,Tier I,CGHS O.M. 03.10.2025,2025-10-03
1838,OR009,Above Knee post-slab,2550.0,3000.0,3000.0,Orthopaedics Procedure,Tier I,CGHS O.M. 03.10.2025,2025-10-03
1839,OR010,Below Knee full plaster,3400.0,4000.0,4000.0,Orthopaedics Procedure,Tier I,CGHS O.M. 03.10.2025,2025-10-03
1840,OR011,Below Knee post-slab,4250.0,5000.0,5000.0,Orthopaedics Procedure,Tier I,CGHS O.M. 03.10.2025,2025-10-03
1841,OR012,Tube Plaster (or plaster cylinder),4250.0,5000.0,5000.0,Orthopaedics Procedure,Tier I,CGHS O.M. 03.10.2025,2025-10-03
1842,OR013,Above knee full plaster,4250.0,5000.0,5000.0,Orthopaedics Procedure,Tier I,CGHS O.M. 03.10.2025,2025-10-03
1843,OR014,Above knee full slab,2975.0,3500.0,3500.0,Orthopaedics Procedure,Tier I,CGHS O.M. 03.10.2025,2025-10-03
1844,OR015,Minerva Jacket,7820.0,9200.0,9200.0,Orthopaedics Procedure,Tier I,CGHS O.M. 03.10.2025,2025-10-03
1845,OR016,Plaster Jacket,5100.0,6000.0,6000.0,Orthopaedics Procedure,Tier I,CGHS O.M. 03.10.2025,2025-10-03
1846,OR017,Shoulder spica,7225.0,8500.0,8500.0,Orthopaedics Procedure,Tier I,CGHS O.M. 03.10.2025,2025-10-03
1847,OR018,Single Hip spica,5950.0,7000.0,7000.0,Orthopaedics Procedure,Tier I,CGHS O.M. 03.10.2025,2025-10-03
1848,OR019,Double Hip spica,7225.0,8500.0,8500.0,Orthopaedics Procedure,Tier I,CGHS O.M. 03.10.2025,2025-10-03
1849,OR020,Strapping of Finger,425.0,500.0,500.0,Orthopaedics Procedure,Tier I,CGHS O.M. 03.10.2025,2025-10-03
1850,OR021,Strapping of Toes,510.0,600.0,600.0,Orthopaedics Procedure,Tier I,CGHS O.M. 03.10.2025,2025-10-03
1851,OR022,Strapping of Wrist,638.0,750.0,750.0,Orthopaedics Procedure,Tier I,CGHS O.M. 03.10.2025,2025-10-03
1852,OR023,Strapping of Elbow,1275.0,1500.0,1500.0,Orthopaedics Procedure,Tier I,CGHS O.M. 03.10.2025,2025-10-03
1853,OR024,Strapping of Knee,850.0,1000.0,1000.0,Orthopaedics Procedure,Tier I,CGHS O.M. 03.10.2025,2025-10-03
1854,OR025,Strapping of Ankle,680.0,800.0,800.0,Orthopaedics Procedure,Tier I,CGHS O.M. 03.10.2025,2025-10-03
1855,OR026,Strapping of Chest,1275.0,1500.0,1500.0,Orthopaedics Procedure,Tier I,CGHS O.M. 03.10.2025,2025-10-03
1856,OR027,Strapping of Shoulder,1275.0,1500.0,1500.0,Orthopaedics Procedure,Tier I,CGHS O.M. 03.10.2025,2025-10-03
1857,OR028,Figure of 8 bandage,850.0,1000.0,1000.0,Orthopaedics Procedure,Tier I,CGHS O.M. 03.10.2025,2025-10-03
1858,OR029,Collar and cuff sling,425.0,500.0,500.0,Orthopaedics Procedure,Tier I,CGHS O.M. 03.10.2025,2025-10-03
1859,OR030,Ball bandage,680.0,800.0,800.0,Orthopaedics Procedure,Tier I,CGHS O.M. 03.10.2025,2025-10-03
1860,OR031,Application of POP Casts for Upper & Lower Limbs,5100.0,6000.0,6000.0,Orthopaedics Procedure,Tier I,CGHS O.M. 03.10.2025,2025-10-03
1861,OR032,Application of Functional Cast Brace,3400.0,4000.0,4000.0,Orthopaedics Procedure,Tier I,CGHS O.M. 03.10.2025,2025-10-03
1862,OR033,Application of Skin Traction,2125.0,2500.0,2500.0,Orthopaedics Procedure,Tier I,CGHS O.M. 03.10.2025,2025-10-03
1863,OR034,Application of Skeletal Tractions,5100.0,6000.0,6000.0,Orthopaedics Procedure,Tier I,CGHS O.M. 03.10.2025,2025-10-03
1864,OR035,Bandage & Strappings for Fractures,1700.0,2000.0,2000.0,Orthopaedics Procedure,Tier I,CGHS O.M. 03.10.2025,2025-10-03
1865,OR036,Aspiration & Intra Articular Injections,4250.0,5000.0,5000.0,Orthopaedics Procedure,Tier I,CGHS O.M. 03.10.2025,2025-10-03
1866,OR037,Application of POP Spices & Jackets,5100.0,6000.0,6000.0,Orthopaedics Procedure,Tier I,CGHS O.M. 03.10.2025,2025-10-03
1867,OR038,Close Reduction of Fractures of Limb & POP,11390.0,13400.0,13400.0,Orthopaedics Procedure,Tier I,CGHS O.M. 03.10.2025,2025-10-03
1868,OR039,Open Reduction & Internal Fixation (ORIF) of Fingers & Toes,17000.0,20000.0,20000.0,Orthopaedics Procedure,Tier I,CGHS O.M. 03.10.2025,2025-10-03
1869,OR040,Open Reduction of fracture of Long Bones of Upper / Lower Limb -Nailing & External Fixation,36550.0,43000.0,43000.0,Orthopaedics Procedure,Tier I,CGHS O.M. 03.10.2025,2025-10-03
1870,OR041,Open Reduction of fracture of Long Bones of Upper /Lower Limb -AO Procedures,36550.0,43000.0,43000.0,Orthopaedics Procedure,Tier I,CGHS O.M. 03.10.2025,2025-10-03
1871,OR042,Tension Band Wirings,23375.0,27500.0,27500.0,Orthopaedics Procedure,Tier I,CGHS O.M. 03.10.2025,2025-10-03
1872,OR043,Bone Grafting,23375.0,27500.0,27500.0,Orthopaedics Procedure,Tier I,CGHS O.M. 03.10.2025,2025-10-03
1873,OR044,Excision or other Operations for Scaphoid Fractures,29750.0,35000.0,35000.0,Orthopaedics Procedure,Tier I,CGHS O.M. 03.10.2025,2025-10-03
1874,OR045,Sequestrectomy & Saucerisation,29750.0,35000.0,35000.0,Orthopaedics Procedure,Tier I,CGHS O.M. 03.10.2025,2025-10-03
1875,OR046,Sequestrectomy & Saucerizations -Arthrotomy,29750.0,35000.0,35000.0,Orthopaedics Procedure,Tier I,CGHS O.M. 03.10.2025,2025-10-03
1876,OR047,Multiple Pinning Fracture Neck Femur,45050.0,53000.0,53000.0,Orthopaedics Procedure,Tier I,CGHS O.M. 03.10.2025,2025-10-03
1877,OR048,Plate Fixations for Fracture Neck Femur,45050.0,53000.0,53000.0,Orthopaedics Procedure,Tier I,CGHS O.M. 03.10.2025,2025-10-03
1878,OR049,AO Compression Procedures for Fracture Neck Femur,45050.0,53000.0,53000.0,Orthopaedics Procedure,Tier I,CGHS O.M. 03.10.2025,2025-10-03
1879,OR050,Open Reduction of Fracture Neck Femur Muscle Pedicle Graft and Internal Fixations,45050.0,53000.0,53000.0,Orthopaedics Procedure,Tier I,CGHS O.M. 03.10.2025,2025-10-03
1880,OR051,Close Reduction of Dislocations,17000.0,20000.0,20000.0,Orthopaedics Procedure,Tier I,CGHS O.M. 03.10.2025,2025-10-03
1881,OR052,Open Reduction of Dislocations,29750.0,35000.0,35000.0,Orthopaedics Procedure,Tier I,CGHS O.M. 03.10.2025,2025-10-03
1882,OR053,Open Reduction & Internal Fixation (ORIF) of Fracture Dislocation,36550.0,43000.0,43000.0,Orthopaedics Procedure,Tier I,CGHS O.M. 03.10.2025,2025-10-03
1883,OR054,Neurolysis/Nerve repair,36550.0,43000.0,43000.0,Orthopaedics Procedure,Tier I,CGHS O.M. 03.10.2025,2025-10-03
1884,OR055,Nerve Repair with Grafting,53550.0,63000.0,63000.0,Orthopaedics Procedure,Tier I,CGHS O.M. 03.10.2025,2025-10-03
1885,OR056,Tendon with Transplant or Graft,36550.0,43000.0,43000.0,Orthopaedics Procedure,Tier I,CGHS O.M. 03.10.2025,2025-10-03
1886,OR057,Tendon Lengthening/Tendon repair,23375.0,27500.0,27500.0,Orthopaedics Procedure,Tier I,CGHS O.M. 03.10.2025,2025-10-03
1887,OR058,Tendon Transfer,29750.0,35000.0,35000.0,Orthopaedics Procedure,Tier I,CGHS O.M. 03.10.2025,2025-10-03
1888,OR059,Split Osteotomy and Internal Fixations,45050.0,53000.0,53000.0,Orthopaedics Procedure,Tier I,CGHS O.M. 03.10.2025,2025-10-03
1889,OR060,Anterolateral decompression for tuberculosis/ Costo-Transversectomy,36550.0,43000.0,43000.0,Orthopaedics Procedure,Tier I,CGHS O.M. 03.10.2025,2025-10-03
1890,OR061,Anterolateral Decompression and Spine Fusion,53550.0,63000.0,63000.0,Orthopaedics Procedure,Tier I,CGHS O.M. 03.10.2025,2025-10-03
1891,OR062,Corrective Osteotomy & Internal Fixation- short bones,29750.0,35000.0,35000.0,Orthopaedics Procedure,Tier I,CGHS O.M. 03.10.2025,2025-10-03
1892,OR063,Corrective Osteotomy & Internal Fixation- long bones,36550.0,43000.0,43000.0,Orthopaedics Procedure,Tier I,CGHS O.M. 03.10.2025,2025-10-03
1893,OR064,Arthrodesis of - Minor Joints,29750.0,35000.0,35000.0,Orthopaedics Procedure,Tier I,CGHS O.M. 03.10.2025,2025-10-03
1894,OR065,Arthrodesis of - Major Joints,36550.0,43000.0,43000.0,Orthopaedics Procedure,Tier I,CGHS O.M. 03.10.2025,2025-10-03
1895,OR066,Soft Tissue Operations for Congenital Talipes Equinovarus (CTEV),29750.0,35000.0,35000.0,Orthopaedics Procedure,Tier I,CGHS O.M. 03.10.2025,2025-10-03
1896,OR067,Hemiarthroplasty- Hip,53550.0,63000.0,63000.0,Orthopaedics Procedure,Tier I,CGHS O.M. 03.10.2025,2025-10-03
1897,OR068,Hemiarthroplasty- Shoulder,45050.0,53000.0,53000.0,Orthopaedics Procedure,Tier I,CGHS O.M. 03.10.2025,2025-10-03
1898,OR069,Operations for Brachial Plexus & Cervical Rib,64600.0,76000.0,76000.0,Orthopaedics Procedure,Tier I,CGHS O.M. 03.10.2025,2025-10-03
1899,OR070,Amputations - Below Knee,36550.0,43000.0,43000.0,Orthopaedics Procedure,Tier I,CGHS O.M. 03.10.2025,2025-10-03
1900,OR071,Amputations - Below Elbow,29750.0,35000.0,35000.0,Orthopaedics Procedure,Tier I,CGHS O.M. 03.10.2025,2025-10-03
1901,OR072,Amputations - Above Knee,45050.0,53000.0,53000.0,Orthopaedics Procedure,Tier I,CGHS O.M. 03.10.2025,2025-10-03
1902,OR073,Amputations - Above Elbow,36550.0,43000.0,43000.0,Orthopaedics Procedure,Tier I,CGHS O.M. 03.10.2025,2025-10-03
1903,OR074,Amputations - Forequarter,53550.0,63000.0,63000.0,Orthopaedics Procedure,Tier I,CGHS O.M. 03.10.2025,2025-10-03
1904,OR075,Amputations -Hind Quarter and Hemipelvectomy,64600.0,76000.0,76000.0,Orthopaedics Procedure,Tier I,CGHS O.M. 03.10.2025,2025-10-03
1905,OR076,Disarticulations - Major joint,36550.0,43000.0,43000.0,Orthopaedics Procedure,Tier I,CGHS O.M. 03.10.2025,2025-10-03
1906,OR077,Disarticulations - Minor joint,29750.0,35000.0,35000.0,Orthopaedics Procedure,Tier I,CGHS O.M. 03.10.2025,2025-10-03
1907,OR078,Arthrography,17000.0,20000.0,20000.0,Orthopaedics Investigation,Tier I,CGHS O.M. 03.10.2025,2025-10-03
1908,OR079,Arthroscopy - Diagnostic,29750.0,35000.0,35000.0,Orthopaedics Procedure,Tier I,CGHS O.M. 03.10.2025,2025-10-03
1909,OR080,Arthroscopy-therapeutic: without implant,36550.0,43000.0,43000.0,Orthopaedics Procedure,Tier I,CGHS O.M. 03.10.2025,2025-10-03
1910,OR081,Arthroscopy-therapeutic: with implant,45050.0,53000.0,53000.0,Orthopaedics Procedure,Tier I,CGHS O.M. 03.10.2025,2025-10-03
1911,OR082,Soft Tissue Operation on Joints -Small,23375.0,27500.0,27500.0,Orthopaedics Procedure,Tier I,CGHS O.M. 03.10.2025,2025-10-03
1912,OR083,Soft Tissue Operation on Joints -Large,36550.0,43000.0,43000.0,Orthopaedics Procedure,Tier I,CGHS O.M. 03.10.2025,2025-10-03
1913,OR084,Myocutaneous and Fasciocutaneous Flap Procedures for Limbs,45050.0,53000.0,53000.0,Orthopaedics Procedure,Tier I,CGHS O.M. 03.10.2025,2025-10-03
1914,OR085,Removal of Wires & Screw,11390.0,13400.0,13400.0,Orthopaedics Procedure,Tier I,CGHS O.M. 03.10.2025,2025-10-03
1915,OR086,Removal of Plates,23375.0,27500.0,27500.0,Orthopaedics Procedure,Tier I,CGHS O.M. 03.10.2025,2025-10-03
1916,OR087,Total Hip Replacement (THR),109650.0,129000.0,148350.0,Orthopaedics Procedure,Tier I,CGHS O.M. 03.10.2025,2025-10-03
1917,OR088,Total Ankle Joint Replacement (TAR) - Unilateral,109650.0,129000.0,148350.0,Orthopaedics Procedure,Tier I,CGHS O.M. 03.10.2025,2025-10-03
1918,OR089,Total Knee Joint Replacement (TKR) - Unilateral,129200.0,152000.0,174800.0,Orthopaedics Procedure,Tier I,CGHS O.M. 03.10.2025,2025-10-03
1919,OR090,Total Shoulder Joint Replacement - Unilateral,109650.0,129000.0,148350.0,Orthopaedics Procedure,Tier I,CGHS O.M. 03.10.2025,2025-10-03
1920,OR091,Total Elbow Joint Replacement - Unilateral,93500.0,110000.0,126500.0,Orthopaedics Procedure,Tier I,CGHS O.M. 03.10.2025,2025-10-03
1921,OR092,Total Wrist Joint Replacement - Unilateral,109650.0,129000.0,148350.0,Orthopaedics Procedure,Tier I,CGHS O.M. 03.10.2025,2025-10-03
1922,OR093,Total Finger Joint Replacement,53550.0,63000.0,72450.0,Orthopaedics Procedure,Tier I,CGHS O.M. 03.10.2025,2025-10-03
1923,OR094,Tubular external fixator,29750.0,35000.0,35000.0,Orthopaedics Procedure,Tier I,CGHS O.M. 03.10.2025,2025-10-03
1924,OR095,Ilizarov's External Fixator,45050.0,53000.0,53000.0,Orthopaedics Procedure,Tier I,CGHS O.M. 03.10.2025,2025-10-03
1925,OR096,Pelvi-acetabular fracture -Internal fixation,53550.0,63000.0,63000.0,Orthopaedics Procedure,Tier I,CGHS O.M. 03.10.2025,2025-10-03
1926,OR097,Meniscectomy,45050.0,53000.0,53000.0,Orthopaedics Procedure,Tier I,CGHS O.M. 03.10.2025,2025-10-03
1927,OR098,Meniscus Repair,53550.0,63000.0,63000.0,Orthopaedics Procedure,Tier I,CGHS O.M. 03.10.2025,2025-10-03
1928,OR099,Anterior Cruciate Ligament (ACL) Reconstruction,53550.0,63000.0,63000.0,Orthopaedics Procedure,Tier I,CGHS O.M. 03.10.2025,2025-10-03
1929,OR100,Posterior Cruciate Ligament (PCL) Reconstruction,64600.0,76000.0,76000.0,Orthopaedics Procedure,Tier I,CGHS O.M. 03.10.2025,2025-10-03
1930,OR101,Knee Collateral Ligament Reconstruction,64600.0,76000.0,76000.0,Orthopaedics Procedure,Tier I,CGHS O.M. 03.10.2025,2025-10-03
1931,OR102,Bankart Repair Shoulder,53550.0,63000.0,63000.0,Orthopaedics Procedure,Tier I,CGHS O.M. 03.10.2025,2025-10-03
1932,OR103,Rotator cuff repair / RC repair,53550.0,63000.0,63000.0,Orthopaedics Procedure,Tier I,CGHS O.M. 03.10.2025,2025-10-03
1933,OR104,Biceps Tenodesis,45050.0,53000.0,53000.0,Orthopaedics Procedure,Tier I,CGHS O.M. 03.10.2025,2025-10-03
1934,OR105,Distal biceps tendon repair,45050.0,53000.0,53000.0,Orthopaedics Procedure,Tier I,CGHS O.M. 03.10.2025,2025-10-03
1935,OR106,Arthrolysis of knee,45050.0,53000.0,53000.0,Orthopaedics Procedure,Tier I,CGHS O.M. 03.10.2025,2025-10-03
1936,OR107,Capsulotomy of Shoulder,45050.0,53000.0,53000.0,Orthopaedics Procedure,Tier I,CGHS O.M. 03.10.2025,2025-10-03
1937,OR108,Conservative Plaster of Paris (POP),3400.0,4000.0,4000.0,Orthopaedics Procedure,Tier I,CGHS O.M. 03.10.2025,2025-10-03
1938,OR109,Application for CTEV per sitting,7225.0,8500.0,8500.0,Orthopaedics Procedure,Tier I,CGHS O.M. 03.10.2025,2025-10-03
1939,OR110,Total Hip Replacement (THR) Revision Stage-I,82450.0,97000.0,111550.0,Orthopaedics Procedure,Tier I,CGHS O.M. 03.10.2025,2025-10-03
1940,OR111,Total Hip Replacement (THR) Revision Stage-II,109650.0,129000.0,148350.0,Orthopaedics Procedure,Tier I,CGHS O.M. 03.10.2025,2025-10-03
1941,OR112,Total Knee Replacement (TKR) Revision Stage-I,82450.0,97000.0,111550.0,Orthopaedics Procedure,Tier I,CGHS O.M. 03.10.2025,2025-10-03
1942,OR113,Total Knee Replacement (TKR) Revision Stage-II,109650.0,129000.0,148350.0,Orthopaedics Procedure,Tier I,CGHS O.M. 03.10.2025,2025-10-03
1943,OR114,Illizarov/ external fixation for limb lengthening/deformity correction,53550.0,63000.0,63000.0,Orthopaedics Procedure,Tier I,CGHS O.M. 03.10.2025,2025-10-03
1944,OR115,Discectomy/ Micro Discectomy,69700.0,82000.0,82000.0,Orthopaedics Procedure,Tier I,CGHS O.M. 03.10.2025,2025-10-03
1945,OR116,Spinal Fixation Cervical/dorsolumbar/ lumbosacral,129200.0,152000.0,152000.0,Orthopaedics Procedure,Tier I,CGHS O.M. 03.10.2025,2025-10-03
1946,OR117,Fusion Surgery Cervical/ Lumbar Spine up to 2 Level,53550.0,63000.0,63000.0,Orthopaedics Procedure,Tier I,CGHS O.M. 03.10.2025,2025-10-03
1947,OR118,Spinal Fusion Surgery Cervical/ Lumbar Spine -More than 2 Level,69700.0,82000.0,82000.0,Orthopaedics Procedure,Tier I,CGHS O.M. 03.10.2025,2025-10-03
1948,OR119,Scoliosis Surgery/ Deformity Correction of Spine,82450.0,97000.0,97000.0,Orthopaedics Procedure,Tier I,CGHS O.M. 03.10.2025,2025-10-03
1949,OR120,Vertebroplasty,64600.0,76000.0,76000.0,Orthopaedics Procedure,Tier I,CGHS O.M. 03.10.2025,2025-10-03
1950,OR121,Spinal Injections,4250.0,5000.0,5000.0,Orthopaedics Procedure,Tier I,CGHS O.M. 03.10.2025,2025-10-03
1951,OR122,Dynamic Hip Screw (DHS) for Fracture Neck Femur,45050.0,53000.0,53000.0,Orthopaedics Procedure,Tier I,CGHS O.M. 03.10.2025,2025-10-03
1952,OR123,Proximal Femur Nail (PFN) for IT fracture (Intertrochanteric Fractures),45050.0,53000.0,53000.0,Orthopaedics Procedure,Tier I,CGHS O.M. 03.10.2025,2025-10-03
1953,OR124,Spinal Osteotomy,45050.0,53000.0,53000.0,Orthopaedics Procedure,Tier I,CGHS O.M. 03.10.2025,2025-10-03
1954,OR125,Illizarov’s / External Fixation for Trauma,45050.0,53000.0,53000.0,Orthopaedics Procedure,Tier I,CGHS O.M. 03.10.2025,2025-10-03
1955,OR126,Soft Tissue Operations for Polio/ Cerebral Palsy,29750.0,35000.0,35000.0,Orthopaedics Procedure,Tier I,CGHS O.M. 03.10.2025,2025-10-03
1956,OR127,Mini Fixator for Hand/Foot,29750.0,35000.0,35000.0,Orthopaedics Procedure,Tier I,CGHS O.M. 03.10.2025,2025-10-03
1957,BP001,Injection of Keloids - Ganglion,3400.0,4000.0,4000.0,Burns And Plastic Surgery Procedure,Tier I,CGHS O.M. 03.10.2025,2025-10-03
1958,BP002,Injection of Keloids - Haemangioma,3400.0,4000.0,4000.0,Burns And Plastic Surgery Procedure,Tier I,CGHS O.M. 03.10.2025,2025-10-03
1959,BP003,Free Grafts - Wolfe Grafts,17000.0,20000.0,23000.0,Burns And Plastic Surgery Procedure,Tier I,CGHS O.M. 03.10.2025,2025-10-03
1960,BP004,Free Grafts - Thiersch- Small Area 5%,17000.0,20000.0,23000.0,Burns And Plastic Surgery Procedure,Tier I,CGHS O.M. 03.10.2025,2025-10-03
1961,BP005,Free Grafts - Large Area 10%,29750.0,35000.0,40250.0,Burns And Plastic Surgery Procedure,Tier I,CGHS O.M. 03.10.2025,2025-10-03
1962,BP006,Free Grafts - Very Large Area 20% and above.,36550.0,43000.0,49450.0,Burns And Plastic Surgery Procedure,Tier I,CGHS O.M. 03.10.2025,2025-10-03
1963,BP007,Skin Flaps - Rotation Flaps,23375.0,27500.0,31625.0,Burns And Plastic Surgery Procedure,Tier I,CGHS O.M. 03.10.2025,2025-10-03
1964,BP008,Skin Flaps - Advancement Flaps,29750.0,35000.0,40250.0,Burns And Plastic Surgery Procedure,Tier I,CGHS O.M. 03.10.2025,2025-10-03
1965,BP009,Skin Flaps - Direct- cross Leg Flaps- Cross Arm Flap,36550.0,43000.0,49450.0,Burns And Plastic Surgery Procedure,Tier I,CGHS O.M. 03.10.2025,2025-10-03
1966,BP010,Skin Flaps - Cross Finger,29750.0,35000.0,40250.0,Burns And Plastic Surgery Procedure,Tier I,CGHS O.M. 03.10.2025,2025-10-03
1967,BP011,Skin Flaps - Abdominal,29750.0,35000.0,40250.0,Burns And Plastic Surgery Procedure,Tier I,CGHS O.M. 03.10.2025,2025-10-03
1968,BP012,Skin Flaps - Thoracic,23375.0,27500.0,31625.0,Burns And Plastic Surgery Procedure,Tier I,CGHS O.M. 03.10.2025,2025-10-03
1969,BP013,Skin Flaps - Arm Etc.,23375.0,27500.0,31625.0,Burns And Plastic Surgery Procedure,Tier I,CGHS O.M. 03.10.2025,2025-10-03
1970,BP014,Subcutaneous Pedicle Flaps Raising,23375.0,27500.0,31625.0,Burns And Plastic Surgery Procedure,Tier I,CGHS O.M. 03.10.2025,2025-10-03
1971,BP015,Subcutaneous Pedicle Flaps Delay,23375.0,27500.0,31625.0,Burns And Plastic Surgery Procedure,Tier I,CGHS O.M. 03.10.2025,2025-10-03
1972,BP016,Subcutaneous Pedicle Flaps Transfer,23375.0,27500.0,31625.0,Burns And Plastic Surgery Procedure,Tier I,CGHS O.M. 03.10.2025,2025-10-03
1973,BP017,Cartilage Grafting,36550.0,43000.0,49450.0,Burns And Plastic Surgery Procedure,Tier I,CGHS O.M. 03.10.2025,2025-10-03
1974,BP018,Cleft Lip - Repair.,29750.0,35000.0,40250.0,Burns And Plastic Surgery Procedure,Tier I,CGHS O.M. 03.10.2025,2025-10-03
1975,BP019,Cleft Palate Repair,36550.0,43000.0,49450.0,Burns And Plastic Surgery Procedure,Tier I,CGHS O.M. 03.10.2025,2025-10-03
1976,BP020,Primary Bone Grafting for Alveolar Cleft in Cleft Lip,36550.0,43000.0,49450.0,Burns And Plastic Surgery Procedure,Tier I,CGHS O.M. 03.10.2025,2025-10-03
1977,BP021,Secondary Surgery for Cleft Lip Deformity,36550.0,43000.0,49450.0,Burns And Plastic Surgery Procedure,Tier I,CGHS O.M. 03.10.2025,2025-10-03
1978,BP022,Secondary Surgery for Cleft Palate,36550.0,43000.0,49450.0,Burns And Plastic Surgery Procedure,Tier I,CGHS O.M. 03.10.2025,2025-10-03
1979,BP023,Reconstruction of Eyelid Defects - Minor,23375.0,27500.0,31625.0,Burns And Plastic Surgery Procedure,Tier I,CGHS O.M. 03.10.2025,2025-10-03
1980,BP024,Reconstruction of Eyelid Defects - Major,29750.0,35000.0,40250.0,Burns And Plastic Surgery Procedure,Tier I,CGHS O.M. 03.10.2025,2025-10-03
1981,BP025,Plastic Surgery of Different Regions of the Ear -Minor,29750.0,35000.0,40250.0,Burns And Plastic Surgery Procedure,Tier I,CGHS O.M. 03.10.2025,2025-10-03
1982,BP026,Plastic Surgery of Different Regions of the Ear -Major,36550.0,43000.0,49450.0,Burns And Plastic Surgery Procedure,Tier I,CGHS O.M. 03.10.2025,2025-10-03
1983,BP027,Plastic Surgery of the Nose - Minor,23375.0,27500.0,31625.0,Burns And Plastic Surgery Procedure,Tier I,CGHS O.M. 03.10.2025,2025-10-03
1984,BP028,Plastic Surgery of the Nose - Major,36550.0,43000.0,49450.0,Burns And Plastic Surgery Procedure,Tier I,CGHS O.M. 03.10.2025,2025-10-03
1985,BP029,Plastic Surgery for Facial Paralysis (Support with Reanimation),36550.0,43000.0,49450.0,Burns And Plastic Surgery Procedure,Tier I,CGHS O.M. 03.10.2025,2025-10-03
1986,BP030,After Mastectomy (Reconstruction) Mammoplasty,36550.0,43000.0,49450.0,Burns And Plastic Surgery Procedure,Tier I,CGHS O.M. 03.10.2025,2025-10-03
1987,BP031,Syndactyly Repair,29750.0,35000.0,40250.0,Burns And Plastic Surgery Procedure,Tier I,CGHS O.M. 03.10.2025,2025-10-03
1988,BP032,Dermabrasion Face,36550.0,43000.0,49450.0,Burns And Plastic Surgery Procedure,Tier I,CGHS O.M. 03.10.2025,2025-10-03
1989,BP033,Flap Reconstructive Surgery - Head and Neck,53550.0,63000.0,72450.0,Burns and Plastic Surgery,Tier I,CGHS O.M. 03.10.2025,2025-10-03
1990,BP034,up to 30% Burns 1st Dressing,2550.0,3000.0,3000.0,Burns And Plastic Surgery Procedure,Tier I,CGHS O.M. 03.10.2025,2025-10-03
1991,BP035,up to 30% Burns Subsequent Dressing,2125.0,2500.0,2500.0,Burns And Plastic Surgery Procedure,Tier I,CGHS O.M. 03.10.2025,2025-10-03
1992,BP036,30% to 50% Burns 1st Dressing,4250.0,5000.0,5000.0,Burns And Plastic Surgery Procedure,Tier I,CGHS O.M. 03.10.2025,2025-10-03
1993,BP037,30% to 50% Burns Subsequent Dressing,2975.0,3500.0,3500.0,Burns And Plastic Surgery Procedure,Tier I,CGHS O.M. 03.10.2025,2025-10-03
1994,BP038,Extensive Burn -above 50% Frist Dressing,5100.0,6000.0,6000.0,Burns And Plastic Surgery Procedure,Tier I,CGHS O.M. 03.10.2025,2025-10-03
1995,BP039,Extensive Burn -above 50% Subsequent dressing,2975.0,3500.0,3500.0,Burns And Plastic Surgery Procedure,Tier I,CGHS O.M. 03.10.2025,2025-10-03
1996,BP040,VAC Therapy/Dressing including all Consumables,8500.0,10000.0,10000.0,Burns And Plastic Surgery Procedure,Tier I,CGHS O.M. 03.10.2025,2025-10-03
1997,HC001,"Annual Health Check-up - CCS Group A Officer of above 40 years of age / Pensioner primary card holder 75 years of age and above–Male,",2000.0,2000.0,2000.0,Annual Health Check-up,Tier I,CGHS O.M. 03.10.2025,2025-10-03
1998,HC002,Annual Health Check-up - CCS Group A Officer of above 40 years of age / Pensioner primary card holder 75 years of age and above - Female,2200.0,2200.0,2200.0,Annual Health Check-up,Tier I,CGHS O.M. 03.10.2025,2025-10-03
