Hospital_Name,State,City_as_entered,City_cleaned,Tier,Cardiology,Oncology,Ophthalmology,Maternal_Health_OBGY,Neonatology,Key:_State|Tier,Key:_State|City,Key_Cardiology,Key_Oncology,Key_Ophthalmology,Key_Maternal_Health_OBGY,Key_Neonatology
PANACEA NURSING HOME,West Bengal,24 PGS (N),Pgs N,Tier 3,Yes,Yes,No,Yes,Yes,West Bengal|Tier 3,West Bengal|Pgs N,West Bengal|Pgs N,West Bengal|Pgs N,,West Bengal|Pgs N,West Bengal|Pgs N
THE SAHARARHAT JIS HOSPITAL,West Bengal,24 PGS (S),Pgs S,Tier 3,Yes,Yes,No,Yes,Yes,West Bengal|Tier 3,West Bengal|Pgs S,West Bengal|Pgs S,West Bengal|Pgs S,,West Bengal|Pgs S,West Bengal|Pgs S
Pooja Critical Care Neuro and Trauma Hospital,Madhya Pradesh,485001,Satna,Tier 3,No,No,Yes,Yes,Yes,Madhya Pradesh|Tier 3,Madhya Pradesh|Satna,,,Madhya Pradesh|Satna,Madhya Pradesh|Satna,Madhya Pradesh|Satna
THE LIFE CARE,West Bengal,721636,Tamluk,Tier 3,No,Yes,No,Yes,Yes,West Bengal|Tier 3,West Bengal|Tamluk,,West Bengal|Tamluk,,West Bengal|Tamluk,West Bengal|Tamluk
SUDHA MULTISPECIALTY HOSPITAL AND HIGH-RISK PREGNANCY CENTRE,Madhya Pradesh,837 GOL BAZARJABALPUR MADHYAPRADESH 482002,Jabalpur,Tier 2B,No,No,Yes,Yes,No,Madhya Pradesh|Tier 2B,Madhya Pradesh|Jabalpur,,,Madhya Pradesh|Jabalpur,Madhya Pradesh|Jabalpur,
ANGEL HOSPITAL (A unit of SehatMitra Healthtech Private Limited),Punjab,ABOHAR,Abohar,Tier 3,No,Yes,Yes,Yes,Yes,Punjab|Tier 3,Punjab|Abohar,,Punjab|Abohar,Punjab|Abohar,Punjab|Abohar,Punjab|Abohar
SATYAVATHI EYE HOSPITAL,Telangana,ADDANKI,Addanki,Tier 3,No,No,No,No,No,Telangana|Tier 3,Telangana|Addanki,,,,,
ARK HOSPITALS,Telangana,adilabad,Adilabad,Tier 3,No,No,No,Yes,No,Telangana|Tier 3,Telangana|Adilabad,,,,Telangana|Adilabad,
KARTIKEYA HOSPITAL,Telangana,ADILABAD,Adilabad,Tier 3,No,No,No,Yes,No,Telangana|Tier 3,Telangana|Adilabad,,,,Telangana|Adilabad,
SURAKSHA CHILDRENS HOSPITAL,Telangana,ADILABAD,Adilabad,Tier 3,No,No,No,No,Yes,Telangana|Tier 3,Telangana|Adilabad,,,,,Telangana|Adilabad
ADITYA NURSING HOME,Andhra Pradesh,ADONI,Adoni,Tier 3,No,No,No,Yes,Yes,Andhra Pradesh|Tier 3,Andhra Pradesh|Adoni,,,,Andhra Pradesh|Adoni,Andhra Pradesh|Adoni
MOUNT ZION MEDICAL COLLEGE HOSPITAL,Kerala,ADOOR,Adoor,Tier 3,Yes,Yes,Yes,Yes,No,Kerala|Tier 3,Kerala|Adoor,Kerala|Adoor,Kerala|Adoor,Kerala|Adoor,Kerala|Adoor,
Ashvini Netralaya,Tripura,Agartala,Agartala,Tier 3,No,No,Yes,No,No,Tripura|Tier 3,Tripura|Agartala,,,Tripura|Agartala,,
Ujala Cygnus Rainbow Hospital,Uttar Pradesh,AGRA,Agra,Tier 2B,Yes,Yes,No,Yes,Yes,Uttar Pradesh|Tier 2B,Uttar Pradesh|Agra,Uttar Pradesh|Agra,Uttar Pradesh|Agra,,Uttar Pradesh|Agra,Uttar Pradesh|Agra
Yatharth Super Specialty Hospital (A Unit of Shanti Ved Institute of Medical Sciences Pvt. Ltd.),Uttar Pradesh,Agra,Agra,Tier 2B,Yes,Yes,Yes,Yes,Yes,Uttar Pradesh|Tier 2B,Uttar Pradesh|Agra,Uttar Pradesh|Agra,Uttar Pradesh|Agra,Uttar Pradesh|Agra,Uttar Pradesh|Agra,Uttar Pradesh|Agra
HEALIC MULTISPECIALITY HOSPITAL,Uttar Pradesh,Agra,Agra,Tier 2B,No,No,No,Yes,Yes,Uttar Pradesh|Tier 2B,Uttar Pradesh|Agra,,,,Uttar Pradesh|Agra,Uttar Pradesh|Agra
V K GUPTA NURSING HOME,Uttar Pradesh,AGRA,Agra,Tier 2B,No,No,No,No,No,Uttar Pradesh|Tier 2B,Uttar Pradesh|Agra,,,,,
Remedica Hospital,Uttar Pradesh,AGRA,Agra,Tier 2B,No,Yes,No,Yes,Yes,Uttar Pradesh|Tier 2B,Uttar Pradesh|Agra,,Uttar Pradesh|Agra,,Uttar Pradesh|Agra,Uttar Pradesh|Agra
SPANDAN HEART CARE AND MULTISPECIALITY HOSPITAL,Uttar Pradesh,AGRA,Agra,Tier 2B,Yes,No,No,No,No,Uttar Pradesh|Tier 2B,Uttar Pradesh|Agra,Uttar Pradesh|Agra,,,,
NETRA DRISHTI EYE CARE,Uttar Pradesh,AGRA,Agra,Tier 2B,No,No,Yes,No,No,Uttar Pradesh|Tier 2B,Uttar Pradesh|Agra,,,Uttar Pradesh|Agra,,
VEDANT JOINTS CARE CENTRE,Uttar Pradesh,AGRA,Agra,Tier 2B,No,No,No,No,No,Uttar Pradesh|Tier 2B,Uttar Pradesh|Agra,,,,,
KRISHNA HOSPITAL PVT LTD,Uttar Pradesh,AGRA,Agra,Tier 2B,No,No,No,Yes,Yes,Uttar Pradesh|Tier 2B,Uttar Pradesh|Agra,,,,Uttar Pradesh|Agra,Uttar Pradesh|Agra
DIXIT HOSPITAL,Uttar Pradesh,AGRA,Agra,Tier 2B,No,No,No,Yes,No,Uttar Pradesh|Tier 2B,Uttar Pradesh|Agra,,,,Uttar Pradesh|Agra,
CHAHAR HOSPITAL PRIVATE LIMITED,Uttar Pradesh,agra,Agra,Tier 2B,No,No,No,Yes,Yes,Uttar Pradesh|Tier 2B,Uttar Pradesh|Agra,,,,Uttar Pradesh|Agra,Uttar Pradesh|Agra
JAVITRI DEVI MEMORIAL HOSPITAL,Uttar Pradesh,agra,Agra,Tier 2B,No,No,No,Yes,Yes,Uttar Pradesh|Tier 2B,Uttar Pradesh|Agra,,,,Uttar Pradesh|Agra,Uttar Pradesh|Agra
SHANVI HOSPITAL AND CRITICAL CHILD CARE,Uttar Pradesh,AGRA,Agra,Tier 2B,No,No,No,Yes,Yes,Uttar Pradesh|Tier 2B,Uttar Pradesh|Agra,,,,Uttar Pradesh|Agra,Uttar Pradesh|Agra
VITHAI HOSPITAL,Maharashtra,AHAMADNAGAR,Ahmednagar,Tier 3,No,No,No,No,No,Maharashtra|Tier 3,Maharashtra|Ahmednagar,,,,,
PANDIT HOSPITAL 3D LAPROSCOPE,Maharashtra,AHILYANAGAR,Ahmednagar,Tier 3,No,Yes,No,Yes,No,Maharashtra|Tier 3,Maharashtra|Ahmednagar,,Maharashtra|Ahmednagar,,Maharashtra|Ahmednagar,
Sai Hospital,Maharashtra,Ahilyanagar,Ahmednagar,Tier 3,No,No,Yes,Yes,No,Maharashtra|Tier 3,Maharashtra|Ahmednagar,,,Maharashtra|Ahmednagar,Maharashtra|Ahmednagar,
Dr Kohakade Hospital and Maternity Home,Maharashtra,Ahilyanagar,Ahmednagar,Tier 3,No,Yes,No,Yes,No,Maharashtra|Tier 3,Maharashtra|Ahmednagar,,Maharashtra|Ahmednagar,,Maharashtra|Ahmednagar,
SHRI SAI HOSPITAL,Maharashtra,ahilyanagar,Ahmednagar,Tier 3,No,No,No,Yes,No,Maharashtra|Tier 3,Maharashtra|Ahmednagar,,,,Maharashtra|Ahmednagar,
YASHODA MULTISPECIALITY HOSPITAL,Maharashtra,Ahilyanagar,Ahmednagar,Tier 3,No,Yes,Yes,Yes,Yes,Maharashtra|Tier 3,Maharashtra|Ahmednagar,,Maharashtra|Ahmednagar,Maharashtra|Ahmednagar,Maharashtra|Ahmednagar,Maharashtra|Ahmednagar
BAFANA HOSPITAL AND PRASUTIGRUH,Maharashtra,AHILYANAGAR,Ahmednagar,Tier 3,No,No,No,Yes,No,Maharashtra|Tier 3,Maharashtra|Ahmednagar,,,,Maharashtra|Ahmednagar,
Dhanwantari Nursing Home and Cosmotology and Dermatology center,Maharashtra,Ahilyanagar,Ahmednagar,Tier 3,No,Yes,No,Yes,No,Maharashtra|Tier 3,Maharashtra|Ahmednagar,,Maharashtra|Ahmednagar,,Maharashtra|Ahmednagar,
AROGYASADAN HOSPITAL,Maharashtra,AHILYANAGAR,Ahmednagar,Tier 3,Yes,Yes,Yes,Yes,Yes,Maharashtra|Tier 3,Maharashtra|Ahmednagar,Maharashtra|Ahmednagar,Maharashtra|Ahmednagar,Maharashtra|Ahmednagar,Maharashtra|Ahmednagar,Maharashtra|Ahmednagar
shreesha Padmavati Multispeciality Hospital,Maharashtra,Ahilyanagar,Ahmednagar,Tier 3,No,No,No,No,No,Maharashtra|Tier 3,Maharashtra|Ahmednagar,,,,,
RADIANT LIFE HOSPITAL,Maharashtra,Ahilyanagar,Ahmednagar,Tier 3,Yes,Yes,Yes,Yes,Yes,Maharashtra|Tier 3,Maharashtra|Ahmednagar,Maharashtra|Ahmednagar,Maharashtra|Ahmednagar,Maharashtra|Ahmednagar,Maharashtra|Ahmednagar,Maharashtra|Ahmednagar
Shatayu Multispeciality Hospital,Maharashtra,Ahilyanagar,Ahmednagar,Tier 3,No,No,Yes,Yes,No,Maharashtra|Tier 3,Maharashtra|Ahmednagar,,,Maharashtra|Ahmednagar,Maharashtra|Ahmednagar,
Chaitanya Eye Clinic,Maharashtra,Ahmadnagar,Ahmednagar,Tier 3,No,No,Yes,No,No,Maharashtra|Tier 3,Maharashtra|Ahmednagar,,,Maharashtra|Ahmednagar,,
Haral Hospital,Maharashtra,AHMED NAGAR,Ahmednagar,Tier 3,Yes,Yes,No,Yes,No,Maharashtra|Tier 3,Maharashtra|Ahmednagar,Maharashtra|Ahmednagar,Maharashtra|Ahmednagar,,Maharashtra|Ahmednagar,
AD HOSPITAL,Gujarat,AHMEDABAD,Ahmedabad,Tier 1,No,No,No,No,No,Gujarat|Tier 1,Gujarat|Ahmedabad,,,,,
GRACE WOMENS HOSPITAL AND BOPAL INFERTILITY CLINIC,Gujarat,AHMEDABAD,Ahmedabad,Tier 1,No,No,No,Yes,No,Gujarat|Tier 1,Gujarat|Ahmedabad,,,,Gujarat|Ahmedabad,
THE ETHICS MULTISPECIALITY HOSPITAL RUN BY DHARM HEALTHCARE RESEARCH INSTITUTE LLP,Gujarat,AHMEDABAD,Ahmedabad,Tier 1,Yes,Yes,No,Yes,Yes,Gujarat|Tier 1,Gujarat|Ahmedabad,Gujarat|Ahmedabad,Gujarat|Ahmedabad,,Gujarat|Ahmedabad,Gujarat|Ahmedabad
MANAVJYOT CHILDREN HOSPITAL,Gujarat,AHMEDABAD,Ahmedabad,Tier 1,No,Yes,No,No,No,Gujarat|Tier 1,Gujarat|Ahmedabad,,Gujarat|Ahmedabad,,,
Shreeji Hospital,Gujarat,AHMEDABAD,Ahmedabad,Tier 1,Yes,Yes,No,Yes,Yes,Gujarat|Tier 1,Gujarat|Ahmedabad,Gujarat|Ahmedabad,Gujarat|Ahmedabad,,Gujarat|Ahmedabad,Gujarat|Ahmedabad
rency children hospital,Gujarat,AHMEDABAD,Ahmedabad,Tier 1,No,No,No,No,No,Gujarat|Tier 1,Gujarat|Ahmedabad,,,,,
KC HOSPITAL,Gujarat,AHMEDABAD,Ahmedabad,Tier 1,No,Yes,No,Yes,No,Gujarat|Tier 1,Gujarat|Ahmedabad,,Gujarat|Ahmedabad,,Gujarat|Ahmedabad,
Jenshiv Hospital,Gujarat,Ahmedabad,Ahmedabad,Tier 1,Yes,Yes,No,Yes,No,Gujarat|Tier 1,Gujarat|Ahmedabad,Gujarat|Ahmedabad,Gujarat|Ahmedabad,,Gujarat|Ahmedabad,
JYOTI EYE HOSPITAL,Gujarat,Ahmedabad,Ahmedabad,Tier 1,No,No,Yes,No,No,Gujarat|Tier 1,Gujarat|Ahmedabad,,,Gujarat|Ahmedabad,,
Krishvi Women's Hospital  & IVF Centre,Gujarat,Ahmedabad,Ahmedabad,Tier 1,No,No,No,Yes,No,Gujarat|Tier 1,Gujarat|Ahmedabad,,,,Gujarat|Ahmedabad,
Arunodaya Eye Clinic,Gujarat,Ahmedabad,Ahmedabad,Tier 1,No,No,Yes,No,No,Gujarat|Tier 1,Gujarat|Ahmedabad,,,Gujarat|Ahmedabad,,
SHREEJI HOSPITAL,Gujarat,AHMEDABAD,Ahmedabad,Tier 1,No,No,No,No,No,Gujarat|Tier 1,Gujarat|Ahmedabad,,,,,
ROYAL MATERNITY & NURSING HOME,Gujarat,AHMEDABAD,Ahmedabad,Tier 1,No,No,No,Yes,No,Gujarat|Tier 1,Gujarat|Ahmedabad,,,,Gujarat|Ahmedabad,
MANAVJYOT GYNEC HOSPITAL,Gujarat,AHMEDABAD,Ahmedabad,Tier 1,No,No,No,Yes,No,Gujarat|Tier 1,Gujarat|Ahmedabad,,,,Gujarat|Ahmedabad,
NARODA ORTHOPEDIC HOSPITAL TRAUMA AND JOINT REPLACEMENT CENTRE,Gujarat,AHMEDABAD,Ahmedabad,Tier 1,No,No,No,No,No,Gujarat|Tier 1,Gujarat|Ahmedabad,,,,,
ASIAN ORTHOPAEDIC HOSPITAL,Gujarat,AHMEDABAD,Ahmedabad,Tier 1,No,No,No,No,No,Gujarat|Tier 1,Gujarat|Ahmedabad,,,,,
Medicure Hospital,Gujarat,AHMEDABAD,Ahmedabad,Tier 1,No,Yes,No,No,Yes,Gujarat|Tier 1,Gujarat|Ahmedabad,,Gujarat|Ahmedabad,,,Gujarat|Ahmedabad
Sattva Orthopaedic & ENT Hospital,Gujarat,Ahmedabad,Ahmedabad,Tier 1,No,No,No,No,No,Gujarat|Tier 1,Gujarat|Ahmedabad,,,,,
MATOSHREE MULTISPECIALITY HOSPITAL,Gujarat,AHMEDABAD,Ahmedabad,Tier 1,No,No,No,Yes,No,Gujarat|Tier 1,Gujarat|Ahmedabad,,,,Gujarat|Ahmedabad,
Vaidehi Hospital,Gujarat,Ahmedabad,Ahmedabad,Tier 1,No,Yes,No,Yes,Yes,Gujarat|Tier 1,Gujarat|Ahmedabad,,Gujarat|Ahmedabad,,Gujarat|Ahmedabad,Gujarat|Ahmedabad
VIMS HOSPITAL managed by Nishil Infracon Pvt Ltd,Gujarat,AHMEDABAD,Ahmedabad,Tier 1,Yes,Yes,Yes,Yes,Yes,Gujarat|Tier 1,Gujarat|Ahmedabad,Gujarat|Ahmedabad,Gujarat|Ahmedabad,Gujarat|Ahmedabad,Gujarat|Ahmedabad,Gujarat|Ahmedabad
Sunrise Women's and Medical Hospital,Gujarat,ahmedabad,Ahmedabad,Tier 1,No,Yes,No,Yes,Yes,Gujarat|Tier 1,Gujarat|Ahmedabad,,Gujarat|Ahmedabad,,Gujarat|Ahmedabad,Gujarat|Ahmedabad
Health1 Super Speciality Hospital,Gujarat,Ahmedabad,Ahmedabad,Tier 1,Yes,Yes,No,No,No,Gujarat|Tier 1,Gujarat|Ahmedabad,Gujarat|Ahmedabad,Gujarat|Ahmedabad,,,
HIND HOSPITAL,Punjab,AHMEDGARH,Ahmedgarh,Tier 3,No,No,No,Yes,No,Punjab|Tier 3,Punjab|Ahmedgarh,,,,Punjab|Ahmedgarh,
SKY LIGHT MULTI SPECIALITY HOSPITAL,Maharashtra,Ahmednagar,Ahmednagar,Tier 3,Yes,No,Yes,No,No,Maharashtra|Tier 3,Maharashtra|Ahmednagar,Maharashtra|Ahmednagar,,Maharashtra|Ahmednagar,,
Tamboli Suchit Suresh,Maharashtra,Ahmednagar,Ahmednagar,Tier 3,No,Yes,Yes,Yes,Yes,Maharashtra|Tier 3,Maharashtra|Ahmednagar,,Maharashtra|Ahmednagar,Maharashtra|Ahmednagar,Maharashtra|Ahmednagar,Maharashtra|Ahmednagar
Shree Sai Siddhi Hospital,Maharashtra,Ahmednagar,Ahmednagar,Tier 3,No,Yes,Yes,Yes,No,Maharashtra|Tier 3,Maharashtra|Ahmednagar,,Maharashtra|Ahmednagar,Maharashtra|Ahmednagar,Maharashtra|Ahmednagar,
MEHERBABA HOSPITAL,Maharashtra,AHMEDNAGAR,Ahmednagar,Tier 3,Yes,Yes,No,Yes,No,Maharashtra|Tier 3,Maharashtra|Ahmednagar,Maharashtra|Ahmednagar,Maharashtra|Ahmednagar,,Maharashtra|Ahmednagar,
Dr. Patil - Shivsangita Multispeciality Hospital,Maharashtra,Ahmednagar,Ahmednagar,Tier 3,No,No,No,No,No,Maharashtra|Tier 3,Maharashtra|Ahmednagar,,,,,
GUNJAL GASTRO PLUS SUPER SPECIALITY HOSPITAL,Maharashtra,AHMEDNAGAR,Ahmednagar,Tier 3,Yes,Yes,No,Yes,No,Maharashtra|Tier 3,Maharashtra|Ahmednagar,Maharashtra|Ahmednagar,Maharashtra|Ahmednagar,,Maharashtra|Ahmednagar,
POTNIS NETRA RUGNALAYA,Maharashtra,AHMEDNAGAR,Ahmednagar,Tier 3,No,No,No,No,No,Maharashtra|Tier 3,Maharashtra|Ahmednagar,,,,,
Aastha Eye care,Maharashtra,Ahmednagar,Ahmednagar,Tier 3,No,No,Yes,No,No,Maharashtra|Tier 3,Maharashtra|Ahmednagar,,,Maharashtra|Ahmednagar,,
SAMARTH HOSPITAL,Maharashtra,AHMEDNAGAR,Ahmednagar,Tier 3,No,No,No,No,No,Maharashtra|Tier 3,Maharashtra|Ahmednagar,,,,,
pravin gaikwad,Maharashtra,ahmednagar,Ahmednagar,Tier 3,No,No,No,Yes,No,Maharashtra|Tier 3,Maharashtra|Ahmednagar,,,,Maharashtra|Ahmednagar,
KAMAL HOSPITAL,Maharashtra,AHMEDNAGAR,Ahmednagar,Tier 3,No,No,No,Yes,No,Maharashtra|Tier 3,Maharashtra|Ahmednagar,,,,Maharashtra|Ahmednagar,
city care Trust Hospital,Maharashtra,AHMEDNAGAR,Ahmednagar,Tier 3,No,No,No,No,No,Maharashtra|Tier 3,Maharashtra|Ahmednagar,,,,,
Suryaa Multi Spaciality Hospital,Maharashtra,Ahmednagar,Ahmednagar,Tier 3,Yes,No,Yes,Yes,No,Maharashtra|Tier 3,Maharashtra|Ahmednagar,Maharashtra|Ahmednagar,,Maharashtra|Ahmednagar,Maharashtra|Ahmednagar,
JAYASHRIE NURSING HOME,Maharashtra,ahmednagar,Ahmednagar,Tier 3,No,No,No,Yes,No,Maharashtra|Tier 3,Maharashtra|Ahmednagar,,,,Maharashtra|Ahmednagar,
Mauli Eye And Dental Hospital,Maharashtra,Ahmednagar,Ahmednagar,Tier 3,No,No,Yes,No,No,Maharashtra|Tier 3,Maharashtra|Ahmednagar,,,Maharashtra|Ahmednagar,,
Neemish Chestcare Center,Maharashtra,Ahmendgar,Ahmendgar,Tier 3,No,No,No,No,No,Maharashtra|Tier 3,Maharashtra|Ahmendgar,,,,,
PREM HOSPITAL,Rajasthan,AJMER,Ajmer,Tier 2B,No,No,No,Yes,No,Rajasthan|Tier 2B,Rajasthan|Ajmer,,,,Rajasthan|Ajmer,
BHARAT HOSPITAL (A UNIT OF SWAMI SHYAMLANAND SHIKSHA SAMITI JAIPUR),Rajasthan,AJMER,Ajmer,Tier 2B,Yes,No,No,Yes,No,Rajasthan|Tier 2B,Rajasthan|Ajmer,Rajasthan|Ajmer,,,Rajasthan|Ajmer,
SHREE CHARBHUJA HOSPITAL,Rajasthan,AJMER,Ajmer,Tier 2B,No,No,No,No,No,Rajasthan|Tier 2B,Rajasthan|Ajmer,,,,,
GANGA NARAYAN HOSPITAL,Rajasthan,AJMER,Ajmer,Tier 2B,Yes,No,No,No,No,Rajasthan|Tier 2B,Rajasthan|Ajmer,Rajasthan|Ajmer,,,,
NEELKANTH HEALTH CARE,Jammu & Kashmir,akhnoor,Akhnoor,Tier 3,Yes,No,Yes,Yes,Yes,Jammu & Kashmir|Tier 3,Jammu & Kashmir|Akhnoor,Jammu & Kashmir|Akhnoor,,Jammu & Kashmir|Akhnoor,Jammu & Kashmir|Akhnoor,Jammu & Kashmir|Akhnoor
Dr. Subhash Phade Hospital,Maharashtra,Akluj,Akluj,Tier 3,No,Yes,No,Yes,No,Maharashtra|Tier 3,Maharashtra|Akluj,,Maharashtra|Akluj,,Maharashtra|Akluj,
Phade Hospital,Maharashtra,Akluj,Akluj,Tier 3,No,Yes,Yes,Yes,No,Maharashtra|Tier 3,Maharashtra|Akluj,,Maharashtra|Akluj,Maharashtra|Akluj,Maharashtra|Akluj,
Phade Nursing Home,Maharashtra,Akluj,Akluj,Tier 3,No,No,No,Yes,No,Maharashtra|Tier 3,Maharashtra|Akluj,,,,Maharashtra|Akluj,
Suryawanshi Trauma And  Rehabilitation center,Maharashtra,Akluj,Akluj,Tier 3,No,No,No,No,No,Maharashtra|Tier 3,Maharashtra|Akluj,,,,,
PRAKASH NETRALAYA,Maharashtra,AKOLA,Akola,Tier 3,No,No,Yes,No,No,Maharashtra|Tier 3,Maharashtra|Akola,,,Maharashtra|Akola,,
Shri Samarth Hospital,Maharashtra,AKOLA,Akola,Tier 3,No,Yes,No,Yes,No,Maharashtra|Tier 3,Maharashtra|Akola,,Maharashtra|Akola,,Maharashtra|Akola,
VATSAL SUPERSPECIALITY HOSPITAL,Maharashtra,AKOLA,Akola,Tier 3,Yes,Yes,Yes,Yes,No,Maharashtra|Tier 3,Maharashtra|Akola,Maharashtra|Akola,Maharashtra|Akola,Maharashtra|Akola,Maharashtra|Akola,
THE SOLAR PLEXUS MULTISPECIALTY HOSPITAL,Maharashtra,Akola,Akola,Tier 3,No,Yes,Yes,Yes,Yes,Maharashtra|Tier 3,Maharashtra|Akola,,Maharashtra|Akola,Maharashtra|Akola,Maharashtra|Akola,Maharashtra|Akola
GAWADE MULTISPECIALITY HOSPITAL AND MATERNITY HOME,Maharashtra,AKOLE,Akole,Tier 3,Yes,Yes,Yes,Yes,Yes,Maharashtra|Tier 3,Maharashtra|Akole,Maharashtra|Akole,Maharashtra|Akole,Maharashtra|Akole,Maharashtra|Akole,Maharashtra|Akole
Akole Hospial,Maharashtra,Akole,Akole,Tier 3,Yes,Yes,Yes,Yes,Yes,Maharashtra|Tier 3,Maharashtra|Akole,Maharashtra|Akole,Maharashtra|Akole,Maharashtra|Akole,Maharashtra|Akole,Maharashtra|Akole
DR BANGAL BALRUGNALAY,Maharashtra,Akole,Akole,Tier 3,No,No,No,No,No,Maharashtra|Tier 3,Maharashtra|Akole,,,,,
DHANDE HOSPITAL & SKIN CLINIC,Maharashtra,AKOT,Akot,Tier 3,No,No,No,No,No,Maharashtra|Tier 3,Maharashtra|Akot,,,,,
KACHARE HOSPITAL,Maharashtra,"ALANDI DEVACHI, TAL-KHED,PUNE-412105",Alandi,Tier 3,Yes,Yes,Yes,Yes,No,Maharashtra|Tier 3,Maharashtra|Alandi,Maharashtra|Alandi,Maharashtra|Alandi,Maharashtra|Alandi,Maharashtra|Alandi,
KANDHAVALLI HOSPITAL,Tamil Nadu,Alangudi,Alangudi,Tier 3,Yes,No,Yes,Yes,Yes,Tamil Nadu|Tier 3,Tamil Nadu|Alangudi,Tamil Nadu|Alangudi,,Tamil Nadu|Alangudi,Tamil Nadu|Alangudi,Tamil Nadu|Alangudi
Anna Hospital,Tamil Nadu,ALANGUDI,Alangudi,Tier 3,Yes,Yes,No,Yes,Yes,Tamil Nadu|Tier 3,Tamil Nadu|Alangudi,Tamil Nadu|Alangudi,Tamil Nadu|Alangudi,,Tamil Nadu|Alangudi,Tamil Nadu|Alangudi
LOURDES MATHA HOSPITAL,Kerala,ALAPPUZHA,Alappuzha,Tier 3,No,No,No,Yes,Yes,Kerala|Tier 3,Kerala|Alappuzha,,,,Kerala|Alappuzha,Kerala|Alappuzha
AGASTHYA AYURVEDIC MEDICAL CENTRE,Kerala,Alappuzha,Alappuzha,Tier 3,No,No,No,No,No,Kerala|Tier 3,Kerala|Alappuzha,,,,,
K C M HOSPITAL,Kerala,ALAPPUZHA,Alappuzha,Tier 3,Yes,No,No,No,No,Kerala|Tier 3,Kerala|Alappuzha,Kerala|Alappuzha,,,,
Samrat nursing home,Bihar,ALAULI,Alauli,Tier 3,No,No,No,Yes,No,Bihar|Tier 3,Bihar|Alauli,,,,Bihar|Alauli,
MOHAN HOSPITAL,Uttar Pradesh,ALIGARH,Aligarh,Tier 2B,No,No,Yes,Yes,No,Uttar Pradesh|Tier 2B,Uttar Pradesh|Aligarh,,,Uttar Pradesh|Aligarh,Uttar Pradesh|Aligarh,
HAYAT EYE CENTER,Uttar Pradesh,ALIGARH,Aligarh,Tier 2B,No,No,Yes,No,No,Uttar Pradesh|Tier 2B,Uttar Pradesh|Aligarh,,,Uttar Pradesh|Aligarh,,
SEHGAL NURSING HOME,Uttar Pradesh,ALIGARH,Aligarh,Tier 2B,No,No,No,No,No,Uttar Pradesh|Tier 2B,Uttar Pradesh|Aligarh,,,,,
AL-SAMAD HOSPITAL,Uttar Pradesh,ALIGARH,Aligarh,Tier 2B,No,No,No,Yes,No,Uttar Pradesh|Tier 2B,Uttar Pradesh|Aligarh,,,,Uttar Pradesh|Aligarh,
GARG EYE CENTER (GARG NURSING HOME),Uttar Pradesh,ALIGARH,Aligarh,Tier 2B,No,No,Yes,No,No,Uttar Pradesh|Tier 2B,Uttar Pradesh|Aligarh,,,Uttar Pradesh|Aligarh,,
SHARMA EYE CARE CENTRE,Uttar Pradesh,ALIGARH,Aligarh,Tier 2B,No,No,Yes,No,No,Uttar Pradesh|Tier 2B,Uttar Pradesh|Aligarh,,,Uttar Pradesh|Aligarh,,
AHUJA EYE CENTRE,Uttar Pradesh,ALIGARH,Aligarh,Tier 2B,No,No,Yes,No,No,Uttar Pradesh|Tier 2B,Uttar Pradesh|Aligarh,,,Uttar Pradesh|Aligarh,,
SN HOSPITAL,Uttar Pradesh,ALIGARH,Aligarh,Tier 2B,Yes,Yes,Yes,Yes,Yes,Uttar Pradesh|Tier 2B,Uttar Pradesh|Aligarh,Uttar Pradesh|Aligarh,Uttar Pradesh|Aligarh,Uttar Pradesh|Aligarh,Uttar Pradesh|Aligarh,Uttar Pradesh|Aligarh
Prashant Gupta Eye Clinic,Uttar Pradesh,ALIGARH,Aligarh,Tier 2B,No,No,Yes,No,No,Uttar Pradesh|Tier 2B,Uttar Pradesh|Aligarh,,,Uttar Pradesh|Aligarh,,
Vaqar Hospital,Uttar Pradesh,Aligarh,Aligarh,Tier 2B,Yes,No,No,Yes,No,Uttar Pradesh|Tier 2B,Uttar Pradesh|Aligarh,Uttar Pradesh|Aligarh,,,Uttar Pradesh|Aligarh,
JD HEALTHCARE,West Bengal,ALIPURDUAR,Alipurduar,Tier 3,Yes,Yes,No,Yes,Yes,West Bengal|Tier 3,West Bengal|Alipurduar,West Bengal|Alipurduar,West Bengal|Alipurduar,,West Bengal|Alipurduar,West Bengal|Alipurduar
LIFE LINE HOSPITAL,Uttar Pradesh,Allahabad,Allahabad,Tier 2B,No,No,Yes,No,No,Uttar Pradesh|Tier 2B,Uttar Pradesh|Allahabad,,,Uttar Pradesh|Allahabad,,
Carecraft Hospital,Kerala,Alleppy,Alappuzha,Tier 3,No,No,No,No,No,Kerala|Tier 3,Kerala|Alappuzha,,,,,
jeenatnursinghomealwar,Rajasthan,ALWAER,Alwaer,Tier 3,No,No,No,Yes,No,Rajasthan|Tier 3,Rajasthan|Alwaer,,,,Rajasthan|Alwaer,
SPINE AND JOINT CENTER,Rajasthan,Alwar,Alwar,Tier 3,No,No,No,No,No,Rajasthan|Tier 3,Rajasthan|Alwar,,,,,
PRANSHI HOSPITAL,Rajasthan,Alwar,Alwar,Tier 3,No,No,No,No,No,Rajasthan|Tier 3,Rajasthan|Alwar,,,,,
B LAL CHILDREN HOSPITAL,Rajasthan,ALWAR,Alwar,Tier 3,No,No,No,No,No,Rajasthan|Tier 3,Rajasthan|Alwar,,,,,
DR KHARAK SINGH ARORA MULTISPECIALTY HOSPITAL,Rajasthan,Alwar,Alwar,Tier 3,No,No,No,Yes,No,Rajasthan|Tier 3,Rajasthan|Alwar,,,,Rajasthan|Alwar,
J D Hospital,Rajasthan,Alwar,Alwar,Tier 3,No,No,Yes,Yes,No,Rajasthan|Tier 3,Rajasthan|Alwar,,,Rajasthan|Alwar,Rajasthan|Alwar,
PATEL HOSPITAL,Rajasthan,ALWAR,Alwar,Tier 3,No,No,No,Yes,No,Rajasthan|Tier 3,Rajasthan|Alwar,,,,Rajasthan|Alwar,
KALPESH HOSPITAL,Rajasthan,alwar,Alwar,Tier 3,No,No,No,Yes,No,Rajasthan|Tier 3,Rajasthan|Alwar,,,,Rajasthan|Alwar,
GUPTA ENT AND HEART CENTER,Rajasthan,ALWAR,Alwar,Tier 3,Yes,No,No,No,No,Rajasthan|Tier 3,Rajasthan|Alwar,Rajasthan|Alwar,,,,
GARG HOSPITAL,Rajasthan,Alwar,Alwar,Tier 3,No,No,No,Yes,No,Rajasthan|Tier 3,Rajasthan|Alwar,,,,Rajasthan|Alwar,
RRHOSPITAL,Rajasthan,Alwar,Alwar,Tier 3,No,No,No,Yes,No,Rajasthan|Tier 3,Rajasthan|Alwar,,,,Rajasthan|Alwar,
Vedanta Hospital,Rajasthan,Alwar,Alwar,Tier 3,No,No,No,Yes,Yes,Rajasthan|Tier 3,Rajasthan|Alwar,,,,Rajasthan|Alwar,Rajasthan|Alwar
Dhanesh Hospital,Rajasthan,ALWAR,Alwar,Tier 3,No,No,No,Yes,No,Rajasthan|Tier 3,Rajasthan|Alwar,,,,Rajasthan|Alwar,
MANSI CHILDREN HOSPITAL,Rajasthan,alwar,Alwar,Tier 3,No,No,No,No,No,Rajasthan|Tier 3,Rajasthan|Alwar,,,,,
AROGYA AYURVEDA,Rajasthan,ALWAR,Alwar,Tier 3,No,No,No,No,No,Rajasthan|Tier 3,Rajasthan|Alwar,,,,,
vidhya hospital,Rajasthan,alwar,Alwar,Tier 3,No,No,No,Yes,No,Rajasthan|Tier 3,Rajasthan|Alwar,,,,Rajasthan|Alwar,
ALWAR UROLOGY AND LAPAROSCOPY CENTER,Rajasthan,ALWAR,Alwar,Tier 3,Yes,No,Yes,No,No,Rajasthan|Tier 3,Rajasthan|Alwar,Rajasthan|Alwar,,Rajasthan|Alwar,,
SUNIL NURSING HOME ALWAR,Rajasthan,ALWAR,Alwar,Tier 3,No,No,No,Yes,No,Rajasthan|Tier 3,Rajasthan|Alwar,,,,Rajasthan|Alwar,
honey multispecialty hospital,Rajasthan,ALWAR,Alwar,Tier 3,No,No,No,No,No,Rajasthan|Tier 3,Rajasthan|Alwar,,,,,
Asad Hospital,Rajasthan,Alwar,Alwar,Tier 3,No,No,No,Yes,No,Rajasthan|Tier 3,Rajasthan|Alwar,,,,Rajasthan|Alwar,
MEERA HOSPITAL,Rajasthan,ALWAR,Alwar,Tier 3,No,No,No,Yes,No,Rajasthan|Tier 3,Rajasthan|Alwar,,,,Rajasthan|Alwar,
Surya Hospital Alwar,Rajasthan,ALWAR,Alwar,Tier 3,No,No,No,Yes,No,Rajasthan|Tier 3,Rajasthan|Alwar,,,,Rajasthan|Alwar,
shri shyam juneja hospital,Rajasthan,Alwar,Alwar,Tier 3,Yes,No,No,Yes,No,Rajasthan|Tier 3,Rajasthan|Alwar,Rajasthan|Alwar,,,Rajasthan|Alwar,
Mukeshtraumaandadvancesurgicalcenter,Rajasthan,ALWAR,Alwar,Tier 3,No,No,No,Yes,Yes,Rajasthan|Tier 3,Rajasthan|Alwar,,,,Rajasthan|Alwar,Rajasthan|Alwar
City Hospital,Rajasthan,Alwar,Alwar,Tier 3,No,No,No,Yes,Yes,Rajasthan|Tier 3,Rajasthan|Alwar,,,,Rajasthan|Alwar,Rajasthan|Alwar
ASA HOSPITALS,Andhra Pradesh,AMALAPURAM,Amalapuram,Tier 3,No,No,No,Yes,Yes,Andhra Pradesh|Tier 3,Andhra Pradesh|Amalapuram,,,,Andhra Pradesh|Amalapuram,Andhra Pradesh|Amalapuram
Padmashree Hospital & Maher Maternity Home Lifeline Critical Care,Maharashtra,Amalner,Amalner,Tier 3,No,No,No,Yes,No,Maharashtra|Tier 3,Maharashtra|Amalner,,,,Maharashtra|Amalner,
DRUSHTI EYE HOSPITAL,Maharashtra,AMALNER,Amalner,Tier 3,No,No,Yes,No,No,Maharashtra|Tier 3,Maharashtra|Amalner,,,Maharashtra|Amalner,,
SIDDHAKALA HOSPITAL,Maharashtra,Amalner (rural),Amalner,Tier 3,No,No,No,Yes,No,Maharashtra|Tier 3,Maharashtra|Amalner,,,,Maharashtra|Amalner,
Dhanvantari Panchkarma Aarogya Centre,Haryana,Ambala,Ambala,Tier 3,No,No,No,No,No,Haryana|Tier 3,Haryana|Ambala,,,,,
Shri Sai hospital,Haryana,Ambala cantt,Ambala,Tier 3,Yes,Yes,Yes,Yes,Yes,Haryana|Tier 3,Haryana|Ambala,Haryana|Ambala,Haryana|Ambala,Haryana|Ambala,Haryana|Ambala,Haryana|Ambala
C LALL HOSPITAL,Haryana,AMBALA CANTT,Ambala,Tier 3,No,No,No,Yes,No,Haryana|Tier 3,Haryana|Ambala,,,,Haryana|Ambala,
Uro Health Care Hospital,Haryana,AMBALA CITY,Ambala,Tier 3,No,No,No,No,No,Haryana|Tier 3,Haryana|Ambala,,,,,
NAGPAL HOSPITAL,Haryana,AMBALA CITY,Ambala,Tier 3,No,No,No,No,No,Haryana|Tier 3,Haryana|Ambala,,,,,
LAKSHMI NARAYAN HEALTHCARE,Chhattisgarh,Ambikapur,Ambikapur,Tier 3,Yes,Yes,No,Yes,No,Chhattisgarh|Tier 3,Chhattisgarh|Ambikapur,Chhattisgarh|Ambikapur,Chhattisgarh|Ambikapur,,Chhattisgarh|Ambikapur,
SHRI MAHAVIR HOSPITAL,Chhattisgarh,ambikapur,Ambikapur,Tier 3,No,No,No,Yes,Yes,Chhattisgarh|Tier 3,Chhattisgarh|Ambikapur,,,,Chhattisgarh|Ambikapur,Chhattisgarh|Ambikapur
SRS HOSPITAL MEMORIAL & RESEARCH,Chhattisgarh,AMBIKAPUR,Ambikapur,Tier 3,Yes,No,Yes,Yes,Yes,Chhattisgarh|Tier 3,Chhattisgarh|Ambikapur,Chhattisgarh|Ambikapur,,Chhattisgarh|Ambikapur,Chhattisgarh|Ambikapur,Chhattisgarh|Ambikapur
RIFA MEDICAL CENTER,Tamil Nadu,AMBUR,Ambur,Tier 3,Yes,Yes,No,Yes,No,Tamil Nadu|Tier 3,Tamil Nadu|Ambur,Tamil Nadu|Ambur,Tamil Nadu|Ambur,,Tamil Nadu|Ambur,
BAGHEL HOSPITAL,Uttar Pradesh,AMETHI,Amethi,Tier 3,No,No,Yes,Yes,No,Uttar Pradesh|Tier 3,Uttar Pradesh|Amethi,,,Uttar Pradesh|Amethi,Uttar Pradesh|Amethi,
GNRC INSTITUTE OF MEDICAL SCIENCE,Assam,Amingaon,Amingaon,Tier 3,Yes,Yes,Yes,Yes,Yes,Assam|Tier 3,Assam|Amingaon,Assam|Amingaon,Assam|Amingaon,Assam|Amingaon,Assam|Amingaon,Assam|Amingaon
Dr Bankar ACCIDENT Hospital,Maharashtra,Amravati,Amravati,Tier 3,No,No,No,No,No,Maharashtra|Tier 3,Maharashtra|Amravati,,,,,
Sushrusha Orthopedic Spine Care Centre Hospital,Maharashtra,AMRAVATI,Amravati,Tier 3,No,No,No,No,No,Maharashtra|Tier 3,Maharashtra|Amravati,,,,,
SHREE UROLOGY HOSPITAL,Maharashtra,Amravati,Amravati,Tier 3,No,No,No,No,No,Maharashtra|Tier 3,Maharashtra|Amravati,,,,,
Shree Sai Netralay,Maharashtra,Amravati,Amravati,Tier 3,No,No,Yes,No,No,Maharashtra|Tier 3,Maharashtra|Amravati,,,Maharashtra|Amravati,,
LUNGE HOSPITAL MULTISPECIALITY AND EYE CARE,Maharashtra,AMRAVATI,Amravati,Tier 3,No,No,Yes,No,No,Maharashtra|Tier 3,Maharashtra|Amravati,,,Maharashtra|Amravati,,
SAAI VEDANTA HOSPITAL,Maharashtra,AMRAVATI,Amravati,Tier 3,Yes,Yes,Yes,Yes,Yes,Maharashtra|Tier 3,Maharashtra|Amravati,Maharashtra|Amravati,Maharashtra|Amravati,Maharashtra|Amravati,Maharashtra|Amravati,Maharashtra|Amravati
Supervision Eye Care and Laser Centre,Maharashtra,Amravati,Amravati,Tier 3,No,No,Yes,No,No,Maharashtra|Tier 3,Maharashtra|Amravati,,,Maharashtra|Amravati,,
GULAB SARANI,Maharashtra,AMRAVATI,Amravati,Tier 3,No,No,Yes,No,No,Maharashtra|Tier 3,Maharashtra|Amravati,,,Maharashtra|Amravati,,
BOKE HOSPITAL,Maharashtra,AMRAVATI,Amravati,Tier 3,No,No,No,Yes,No,Maharashtra|Tier 3,Maharashtra|Amravati,,,,Maharashtra|Amravati,
B N KALE MEMORIAL HOSPITAL,Maharashtra,Amravati,Amravati,Tier 3,Yes,No,No,No,No,Maharashtra|Tier 3,Maharashtra|Amravati,Maharashtra|Amravati,,,,
Veritas Heart & Multi speciality Hospital,Maharashtra,Amravati,Amravati,Tier 3,Yes,No,No,No,No,Maharashtra|Tier 3,Maharashtra|Amravati,Maharashtra|Amravati,,,,
ORCHID PULSE CARE HOSPITAL,Maharashtra,AMRAVATI,Amravati,Tier 3,Yes,Yes,No,Yes,No,Maharashtra|Tier 3,Maharashtra|Amravati,Maharashtra|Amravati,Maharashtra|Amravati,,Maharashtra|Amravati,
ANANT HOSPITAL,Maharashtra,AMRAVATI,Amravati,Tier 3,No,Yes,Yes,Yes,No,Maharashtra|Tier 3,Maharashtra|Amravati,,Maharashtra|Amravati,Maharashtra|Amravati,Maharashtra|Amravati,
BURHANI HOSPITAL,Maharashtra,AMRAVATI,Amravati,Tier 3,No,No,No,Yes,No,Maharashtra|Tier 3,Maharashtra|Amravati,,,,Maharashtra|Amravati,
Durvankar,Maharashtra,Amravati,Amravati,Tier 3,Yes,No,No,No,No,Maharashtra|Tier 3,Maharashtra|Amravati,Maharashtra|Amravati,,,,
Dr.Anjali Kavimandan Memorial Hospital,Maharashtra,Amravati,Amravati,Tier 3,No,No,No,No,No,Maharashtra|Tier 3,Maharashtra|Amravati,,,,,
BAHEKAR HOSPITAL,Maharashtra,AMRAVATI,Amravati,Tier 3,No,No,No,Yes,No,Maharashtra|Tier 3,Maharashtra|Amravati,,,,Maharashtra|Amravati,
PARIJAT HOSPITAL,Maharashtra,Amravati,Amravati,Tier 3,Yes,No,Yes,Yes,Yes,Maharashtra|Tier 3,Maharashtra|Amravati,Maharashtra|Amravati,,Maharashtra|Amravati,Maharashtra|Amravati,Maharashtra|Amravati
Jeevan jyoti Hospital,Maharashtra,Amravati,Amravati,Tier 3,No,Yes,Yes,No,No,Maharashtra|Tier 3,Maharashtra|Amravati,,Maharashtra|Amravati,Maharashtra|Amravati,,
SUKHAKARTA UROLOGY AND MATERNITY HOSPITAL,Maharashtra,AMRAVATI,Amravati,Tier 3,No,No,No,Yes,No,Maharashtra|Tier 3,Maharashtra|Amravati,,,,Maharashtra|Amravati,
SHREE BALAJI HOSPITAL,Punjab,AMRITSAR,Amritsar,Tier 2B,No,No,No,Yes,No,Punjab|Tier 2B,Punjab|Amritsar,,,,Punjab|Amritsar,
ALPHA MULTISPECIALITY HOSPITAL,Punjab,AMRITSAR,Amritsar,Tier 2B,No,No,No,Yes,No,Punjab|Tier 2B,Punjab|Amritsar,,,,Punjab|Amritsar,
Bhandari Multispeciality Center,Punjab,AMRITSAR,Amritsar,Tier 2B,No,No,No,No,No,Punjab|Tier 2B,Punjab|Amritsar,,,,,
KAPOOR HOSPITAL,Punjab,AMRITSAR,Amritsar,Tier 2B,No,No,No,Yes,No,Punjab|Tier 2B,Punjab|Amritsar,,,,Punjab|Amritsar,
"DR  HARPREET SINGH ,LIVER & DIGESTIVE DISEASE CENTER",Punjab,AMRITSAR,Amritsar,Tier 2B,No,No,No,Yes,No,Punjab|Tier 2B,Punjab|Amritsar,,,,Punjab|Amritsar,
MS hospital,Punjab,AMRITSAR,Amritsar,Tier 2B,No,No,No,Yes,No,Punjab|Tier 2B,Punjab|Amritsar,,,,Punjab|Amritsar,
HOPE HOSPITAL,Punjab,AMRITSAR,Amritsar,Tier 2B,No,No,No,Yes,No,Punjab|Tier 2B,Punjab|Amritsar,,,,Punjab|Amritsar,
SIMRAN MEDICITY HOSPITAL,Punjab,AMRITSAR,Amritsar,Tier 2B,No,No,No,Yes,Yes,Punjab|Tier 2B,Punjab|Amritsar,,,,Punjab|Amritsar,Punjab|Amritsar
ALTEC LASER & SUPER SPECIALITY HOSPITAL,Punjab,AMRITSAR,Amritsar,Tier 2B,No,Yes,No,Yes,No,Punjab|Tier 2B,Punjab|Amritsar,,Punjab|Amritsar,,Punjab|Amritsar,
MIRI PIRI MISSION HOSPITAL,Punjab,AMRITSAR,Amritsar,Tier 2B,Yes,No,No,Yes,No,Punjab|Tier 2B,Punjab|Amritsar,Punjab|Amritsar,,,Punjab|Amritsar,
S. K. HOSPITAL,Punjab,AMRITSAR,Amritsar,Tier 2B,Yes,No,No,Yes,No,Punjab|Tier 2B,Punjab|Amritsar,Punjab|Amritsar,,,Punjab|Amritsar,
GURPARKASH HOSPITAL,Punjab,AMRITSAR,Amritsar,Tier 2B,No,No,No,Yes,Yes,Punjab|Tier 2B,Punjab|Amritsar,,,,Punjab|Amritsar,Punjab|Amritsar
Birinder hospital & Maternity centre,Punjab,AMRITSAR,Amritsar,Tier 2B,No,No,No,Yes,No,Punjab|Tier 2B,Punjab|Amritsar,,,,Punjab|Amritsar,
BAJWA HOSPITAL,Punjab,Amritsar,Amritsar,Tier 2B,No,No,No,No,No,Punjab|Tier 2B,Punjab|Amritsar,,,,,
SURJIT HOSPITAL,Punjab,AMRITSAR,Amritsar,Tier 2B,No,Yes,No,Yes,No,Punjab|Tier 2B,Punjab|Amritsar,,Punjab|Amritsar,,Punjab|Amritsar,
Global Hospital,Punjab,Amritsar,Amritsar,Tier 2B,Yes,Yes,No,Yes,No,Punjab|Tier 2B,Punjab|Amritsar,Punjab|Amritsar,Punjab|Amritsar,,Punjab|Amritsar,
The Shiva Neuro & Multispeciality Centre,Punjab,AMRITSAR,Amritsar,Tier 2B,Yes,Yes,Yes,Yes,No,Punjab|Tier 2B,Punjab|Amritsar,Punjab|Amritsar,Punjab|Amritsar,Punjab|Amritsar,Punjab|Amritsar,
SIFTI HOSPITAL ( A UNIT OF KARAM KAMAL HOSPITALS PVT LTD ),Punjab,AMRITSAR,Amritsar,Tier 2B,Yes,No,No,No,No,Punjab|Tier 2B,Punjab|Amritsar,Punjab|Amritsar,,,,
DASHMESH MEDICITY,Punjab,AMRITSAR,Amritsar,Tier 2B,Yes,No,No,Yes,No,Punjab|Tier 2B,Punjab|Amritsar,Punjab|Amritsar,,,Punjab|Amritsar,
S. MEHAR SINGH HOSPITAL,Punjab,AMRITSAR,Amritsar,Tier 2B,No,No,Yes,Yes,No,Punjab|Tier 2B,Punjab|Amritsar,,,Punjab|Amritsar,Punjab|Amritsar,
NYS HOSPITALS PRIVATE LIMITED,Punjab,AMRITSAR,Amritsar,Tier 2B,No,No,No,Yes,No,Punjab|Tier 2B,Punjab|Amritsar,,,,Punjab|Amritsar,
ATLANTIS HOSPITAL,Punjab,AMRITSAR,Amritsar,Tier 2B,Yes,No,No,Yes,No,Punjab|Tier 2B,Punjab|Amritsar,Punjab|Amritsar,,,Punjab|Amritsar,
ALGON HOSPITAL,Punjab,Amritsar,Amritsar,Tier 2B,No,No,No,Yes,No,Punjab|Tier 2B,Punjab|Amritsar,,,,Punjab|Amritsar,
shri guru nanak dev ji multisepeciality hospital,Punjab,AMRITSAR,Amritsar,Tier 2B,No,No,No,Yes,Yes,Punjab|Tier 2B,Punjab|Amritsar,,,,Punjab|Amritsar,Punjab|Amritsar
KMAXX AMERICAN HOSPITAL,Punjab,Amritsar,Amritsar,Tier 2B,No,Yes,No,Yes,Yes,Punjab|Tier 2B,Punjab|Amritsar,,Punjab|Amritsar,,Punjab|Amritsar,Punjab|Amritsar
NU LIFE HOSPITAL,Punjab,AMRITSAR,Amritsar,Tier 2B,Yes,Yes,No,Yes,No,Punjab|Tier 2B,Punjab|Amritsar,Punjab|Amritsar,Punjab|Amritsar,,Punjab|Amritsar,
SHARP VISION EYE CARE CENTRE,Uttar Pradesh,AMROHA,Amroha,Tier 3,No,No,Yes,No,No,Uttar Pradesh|Tier 3,Uttar Pradesh|Amroha,,,Uttar Pradesh|Amroha,,
DEKH BHAL HOSPITAL,Uttar Pradesh,AMROHA,Amroha,Tier 3,No,No,No,Yes,Yes,Uttar Pradesh|Tier 3,Uttar Pradesh|Amroha,,,,Uttar Pradesh|Amroha,Uttar Pradesh|Amroha
ONCOCARE CANCER HOSPITAL PRIVATE LIMITED,Uttar Pradesh,AMROHA,Amroha,Tier 3,No,Yes,No,No,No,Uttar Pradesh|Tier 3,Uttar Pradesh|Amroha,,Uttar Pradesh|Amroha,,,
Sri Vivekananda Hospital,Andhra Pradesh,ANAKAPALLE,Anakapalle,Tier 3,No,No,No,Yes,Yes,Andhra Pradesh|Tier 3,Andhra Pradesh|Anakapalle,,,,Andhra Pradesh|Anakapalle,Andhra Pradesh|Anakapalle
LIFELINE HOSPITAL AND ICU,Gujarat,ANAND,Anand,Tier 3,No,No,No,No,No,Gujarat|Tier 3,Gujarat|Anand,,,,,
DOCTOR HOUSE,Gujarat,ANAND,Anand,Tier 3,No,No,No,Yes,No,Gujarat|Tier 3,Gujarat|Anand,,,,Gujarat|Anand,
AVIRA HOSPITAL,Gujarat,Anand,Anand,Tier 3,Yes,No,No,No,No,Gujarat|Tier 3,Gujarat|Anand,Gujarat|Anand,,,,
Akanksha Hospital,Gujarat,Anand,Anand,Tier 3,Yes,No,No,Yes,Yes,Gujarat|Tier 3,Gujarat|Anand,Gujarat|Anand,,,Gujarat|Anand,Gujarat|Anand
SHRADDHA MUTICARE HOSPITAL,Gujarat,ANAND,Anand,Tier 3,No,No,No,Yes,Yes,Gujarat|Tier 3,Gujarat|Anand,,,,Gujarat|Anand,Gujarat|Anand
Kohli Hospital,Punjab,Anandpur Sahib,Anandpur Sahib,Tier 3,No,No,No,Yes,Yes,Punjab|Tier 3,Punjab|Anandpur Sahib,,,,Punjab|Anandpur Sahib,Punjab|Anandpur Sahib
Pathak Hospital,Punjab,Anandpur Sahib,Anandpur Sahib,Tier 3,No,No,No,No,No,Punjab|Tier 3,Punjab|Anandpur Sahib,,,,,
Kailash Multispeciality Hospital and  Trauma centre,Punjab,Anandpur Sahib,Anandpur Sahib,Tier 3,No,No,No,Yes,Yes,Punjab|Tier 3,Punjab|Anandpur Sahib,,,,Punjab|Anandpur Sahib,Punjab|Anandpur Sahib
MAHATHI HOSPITAL,Andhra Pradesh,ANANTAPUR,Anantapur,Tier 3,No,Yes,No,Yes,No,Andhra Pradesh|Tier 3,Andhra Pradesh|Anantapur,,Andhra Pradesh|Anantapur,,Andhra Pradesh|Anantapur,
Aravind diabetes and multispeciality hospital,Andhra Pradesh,anantapur,Anantapur,Tier 3,No,No,Yes,No,No,Andhra Pradesh|Tier 3,Andhra Pradesh|Anantapur,,,Andhra Pradesh|Anantapur,,
SHRI SWARAA MULTISPECIALITY HOSPITAL,Andhra Pradesh,anantapuramu,Anantapur,Tier 3,Yes,No,No,Yes,No,Andhra Pradesh|Tier 3,Andhra Pradesh|Anantapur,Andhra Pradesh|Anantapur,,,Andhra Pradesh|Anantapur,
Priya Hospital (A Unit of Priya Multi Speciality Hospital),Andhra Pradesh,Anantapuramu,Anantapur,Tier 3,No,No,No,Yes,No,Andhra Pradesh|Tier 3,Andhra Pradesh|Anantapur,,,,Andhra Pradesh|Anantapur,
K.C. Ramanna Hospital,Andhra Pradesh,Anantapuramu,Anantapur,Tier 3,No,No,No,Yes,No,Andhra Pradesh|Tier 3,Andhra Pradesh|Anantapur,,,,Andhra Pradesh|Anantapur,
MNR NURSING HOME,Andhra Pradesh,ANANTHAPURAM,Anantapur,Tier 3,No,No,No,Yes,No,Andhra Pradesh|Tier 3,Andhra Pradesh|Anantapur,,,,Andhra Pradesh|Anantapur,
Vibha Maternity And Surgical Nursing Home,Maharashtra,ANDHERI,Andheri,Tier 3,No,No,No,Yes,No,Maharashtra|Tier 3,Maharashtra|Andheri,,,,Maharashtra|Andheri,
Ankleshwar Sarvajanik Hospital,Gujarat,Ankleshwar,Ankleshwar,Tier 3,No,No,Yes,Yes,Yes,Gujarat|Tier 3,Gujarat|Ankleshwar,,,Gujarat|Ankleshwar,Gujarat|Ankleshwar,Gujarat|Ankleshwar
JOY SURGICAL AND MULTISPECIALITY HOSPITAL,Gujarat,ANKLESHWAR,Ankleshwar,Tier 3,No,No,No,Yes,No,Gujarat|Tier 3,Gujarat|Ankleshwar,,,,Gujarat|Ankleshwar,
Sunrise Hospital and ICU,Gujarat,Ankleshwar,Ankleshwar,Tier 3,Yes,No,No,Yes,No,Gujarat|Tier 3,Gujarat|Ankleshwar,Gujarat|Ankleshwar,,,Gujarat|Ankleshwar,
Ankleshwar Hospital & ICU Center,Gujarat,Ankleshwar,Ankleshwar,Tier 3,No,No,No,Yes,No,Gujarat|Tier 3,Gujarat|Ankleshwar,,,,Gujarat|Ankleshwar,
MIVAAN ORTHOPEDIC HOSPITAL,Gujarat,ankleshwar,Ankleshwar,Tier 3,No,No,No,No,No,Gujarat|Tier 3,Gujarat|Ankleshwar,,,,,
Trinetra eye centre,Gujarat,ankleshwar,Ankleshwar,Tier 3,No,No,Yes,No,No,Gujarat|Tier 3,Gujarat|Ankleshwar,,,Gujarat|Ankleshwar,,
BUDDHA RAM PRAVESH MEMORIAL HOSPITAL PVT. LTD.,Bihar,ARA,Arrah,Tier 3,No,No,No,Yes,No,Bihar|Tier 3,Bihar|Arrah,,,,Bihar|Arrah,
Health Haven Hospital,Bihar,Ara,Arrah,Tier 3,No,No,No,Yes,Yes,Bihar|Tier 3,Bihar|Arrah,,,,Bihar|Arrah,Bihar|Arrah
BITTHAL HOSPITAL,Bihar,ARA,Arrah,Tier 3,Yes,No,Yes,Yes,No,Bihar|Tier 3,Bihar|Arrah,Bihar|Arrah,,Bihar|Arrah,Bihar|Arrah,
UDAY HOSPITAL AND CRITICAL CARE,Bihar,ARA,Arrah,Tier 3,Yes,No,Yes,Yes,Yes,Bihar|Tier 3,Bihar|Arrah,Bihar|Arrah,,Bihar|Arrah,Bihar|Arrah,Bihar|Arrah
Kumaran Nursing Home,Tamil Nadu,ARAKKONAM,Arakkonam,Tier 3,Yes,Yes,Yes,Yes,Yes,Tamil Nadu|Tier 3,Tamil Nadu|Arakkonam,Tamil Nadu|Arakkonam,Tamil Nadu|Arakkonam,Tamil Nadu|Arakkonam,Tamil Nadu|Arakkonam,Tamil Nadu|Arakkonam
ARAMBAGH INSTITUTE OF MEDICAL SERVICE,West Bengal,Arambagh,Arambagh,Tier 3,Yes,No,Yes,Yes,Yes,West Bengal|Tier 3,West Bengal|Arambagh,West Bengal|Arambagh,,West Bengal|Arambagh,West Bengal|Arambagh,West Bengal|Arambagh
BENGAL HEALTH CARE,West Bengal,ARAMBAGH,Arambagh,Tier 3,Yes,Yes,Yes,Yes,Yes,West Bengal|Tier 3,West Bengal|Arambagh,West Bengal|Arambagh,West Bengal|Arambagh,West Bengal|Arambagh,West Bengal|Arambagh,West Bengal|Arambagh
DEBNATH HOSPITAL,West Bengal,ARAMBAGH,Arambagh,Tier 3,Yes,No,No,Yes,Yes,West Bengal|Tier 3,West Bengal|Arambagh,West Bengal|Arambagh,,,West Bengal|Arambagh,West Bengal|Arambagh
KALPATARU NURSING HOME,West Bengal,ARAMBAGH,Arambagh,Tier 3,Yes,Yes,No,Yes,Yes,West Bengal|Tier 3,West Bengal|Arambagh,West Bengal|Arambagh,West Bengal|Arambagh,,West Bengal|Arambagh,West Bengal|Arambagh
DISHA EYE HOSPITALS PVT LTD,West Bengal,ARAMBAGH,Arambagh,Tier 3,No,No,Yes,No,No,West Bengal|Tier 3,West Bengal|Arambagh,,,West Bengal|Arambagh,,
ASTHA MULTI SPECIALITY HOSPITAL,West Bengal,ARAMBAGH,Arambagh,Tier 3,Yes,Yes,No,Yes,Yes,West Bengal|Tier 3,West Bengal|Arambagh,West Bengal|Arambagh,West Bengal|Arambagh,,West Bengal|Arambagh,West Bengal|Arambagh
NABODOY HOSPITAL & FERTILITY CENTER,West Bengal,ARAMBAGH,Arambagh,Tier 3,Yes,Yes,No,Yes,No,West Bengal|Tier 3,West Bengal|Arambagh,West Bengal|Arambagh,West Bengal|Arambagh,,West Bengal|Arambagh,
SPANDAN HEALTH CARE,West Bengal,ARAMBAGH,Arambagh,Tier 3,Yes,Yes,No,Yes,Yes,West Bengal|Tier 3,West Bengal|Arambagh,West Bengal|Arambagh,West Bengal|Arambagh,,West Bengal|Arambagh,West Bengal|Arambagh
JOSEPH EYE HOSPITAL,Tamil Nadu,ARIYALUR,Ariyalur,Tier 3,No,No,Yes,No,No,Tamil Nadu|Tier 3,Tamil Nadu|Ariyalur,,,Tamil Nadu|Ariyalur,,
AADHYA CHILDRENS HOSPITAL,Telangana,ARMOOR,Armoor,Tier 3,No,No,No,Yes,Yes,Telangana|Tier 3,Telangana|Armoor,,,,Telangana|Armoor,Telangana|Armoor
ANAND MULTI SPECIALTIY HOSPITAL,Telangana,ARMOOR,Armoor,Tier 3,Yes,No,No,Yes,Yes,Telangana|Tier 3,Telangana|Armoor,Telangana|Armoor,,,Telangana|Armoor,Telangana|Armoor
SRI LAXMI NARSIMHA LIFE HOSPITAL,Telangana,ARMOOR,Armoor,Tier 3,No,No,No,Yes,No,Telangana|Tier 3,Telangana|Armoor,,,,Telangana|Armoor,
RISHITH MULTI SPECIALITY HOSPITAL,Telangana,ARMOOR,Armoor,Tier 3,Yes,No,No,Yes,No,Telangana|Tier 3,Telangana|Armoor,Telangana|Armoor,,,Telangana|Armoor,
AUROBINDO HOSPITAL,Bihar,ARRAH,Arrah,Tier 3,No,No,No,Yes,Yes,Bihar|Tier 3,Bihar|Arrah,,,,Bihar|Arrah,Bihar|Arrah
PRASITHA HOSPTIAL,Tamil Nadu,ARUPPUKOTTAI,Aruppukottai,Tier 3,No,No,No,No,No,Tamil Nadu|Tier 3,Tamil Nadu|Aruppukottai,,,,,
Shankar Bhaban Netralaya,West Bengal,ASANSOL,Asansol,Tier 2B,No,No,Yes,No,No,West Bengal|Tier 2B,West Bengal|Asansol,,,West Bengal|Asansol,,
AVISHKAR WOMENS AND CHILDREN HOSPITAL,West Bengal,Asansol,Asansol,Tier 2B,Yes,No,No,Yes,Yes,West Bengal|Tier 2B,West Bengal|Asansol,West Bengal|Asansol,,,West Bengal|Asansol,West Bengal|Asansol
DISHA EYE HOSPITALS PVT LTD,West Bengal,ASANSOL,Asansol,Tier 2B,No,No,Yes,No,No,West Bengal|Tier 2B,West Bengal|Asansol,,,West Bengal|Asansol,,
BLUEPRINT NURSING HOME DIAGNOSTIC AND POLYCLINIC,West Bengal,ASHOKENAGAR,Ashokenagar,Tier 3,Yes,Yes,No,Yes,Yes,West Bengal|Tier 3,West Bengal|Ashokenagar,West Bengal|Ashokenagar,West Bengal|Ashokenagar,,West Bengal|Ashokenagar,West Bengal|Ashokenagar
sanaphospitalashti,Maharashtra,ashti,Ashti,Tier 3,No,No,No,Yes,No,Maharashtra|Tier 3,Maharashtra|Ashti,,,,Maharashtra|Ashti,
Vatsalya Hospital,Karnataka,Athani,Athani,Tier 3,Yes,No,Yes,Yes,Yes,Karnataka|Tier 3,Karnataka|Athani,Karnataka|Athani,,Karnataka|Athani,Karnataka|Athani,Karnataka|Athani
GUNJIGAVI MULTISPECIALITY HOSPITAL ATHANI,Karnataka,athani,Athani,Tier 3,No,No,No,Yes,Yes,Karnataka|Tier 3,Karnataka|Athani,,,,Karnataka|Athani,Karnataka|Athani
Yashswini multispeciality hospital,Karnataka,Athani,Athani,Tier 3,No,No,No,No,No,Karnataka|Tier 3,Karnataka|Athani,,,,,
Prasad hospital,Karnataka,ATHANI,Athani,Tier 3,Yes,No,No,No,No,Karnataka|Tier 3,Karnataka|Athani,Karnataka|Athani,,,,
Om Madhav Multispeciality Hospital,Karnataka,Athani,Athani,Tier 3,No,No,No,No,No,Karnataka|Tier 3,Karnataka|Athani,,,,,
shivaganga hospital athani,Karnataka,ATHANI,Athani,Tier 3,No,No,No,Yes,No,Karnataka|Tier 3,Karnataka|Athani,,,,Karnataka|Athani,
Sanjivani Hospital,Maharashtra,Auranagabad,Auranagabad,Tier 3,Yes,Yes,Yes,Yes,No,Maharashtra|Tier 3,Maharashtra|Auranagabad,Maharashtra|Auranagabad,Maharashtra|Auranagabad,Maharashtra|Auranagabad,Maharashtra|Auranagabad,
CSM Nursing Home,Maharashtra,AURANGABAD,Aurangabad,Tier 2B,Yes,Yes,No,No,No,Maharashtra|Tier 2B,Maharashtra|Aurangabad,Maharashtra|Aurangabad,Maharashtra|Aurangabad,,,
WALUJ HOSPITAL,Maharashtra,Aurangabad,Aurangabad,Tier 2B,Yes,Yes,Yes,Yes,No,Maharashtra|Tier 2B,Maharashtra|Aurangabad,Maharashtra|Aurangabad,Maharashtra|Aurangabad,Maharashtra|Aurangabad,Maharashtra|Aurangabad,
Patil Balrugnalya and surgical centre,Maharashtra,Aurangabad,Aurangabad,Tier 2B,No,No,Yes,Yes,Yes,Maharashtra|Tier 2B,Maharashtra|Aurangabad,,,Maharashtra|Aurangabad,Maharashtra|Aurangabad,Maharashtra|Aurangabad
CHIRAYOO CHILDREN'S HOSPITAL,Maharashtra,AURANGABAD,Aurangabad,Tier 2B,No,No,Yes,No,No,Maharashtra|Tier 2B,Maharashtra|Aurangabad,,,Maharashtra|Aurangabad,,
Cardiovision heart and eye care,Maharashtra,AURANGABAD,Aurangabad,Tier 2B,Yes,No,Yes,No,No,Maharashtra|Tier 2B,Maharashtra|Aurangabad,Maharashtra|Aurangabad,,Maharashtra|Aurangabad,,
KAYGAON HOSPITAL,Maharashtra,Aurangabad,Aurangabad,Tier 2B,Yes,No,No,Yes,No,Maharashtra|Tier 2B,Maharashtra|Aurangabad,Maharashtra|Aurangabad,,,Maharashtra|Aurangabad,
Sehgal Nursing Home,Delhi,Azadpur,Delhi,Tier 1,No,No,No,Yes,No,Delhi|Tier 1,Delhi|Delhi,,,,Delhi|Delhi,
Tyagi Hospital & Maternity center,Delhi,"Azadpur, New Delhi, Delhi 110033",Delhi,Tier 1,Yes,No,Yes,Yes,Yes,Delhi|Tier 1,Delhi|Delhi,Delhi|Delhi,,Delhi|Delhi,Delhi|Delhi,Delhi|Delhi
VIDYA SHRI ENT AND LASER CENTRE,Uttar Pradesh,AZAMGARH,Azamgarh,Tier 3,No,Yes,No,No,No,Uttar Pradesh|Tier 3,Uttar Pradesh|Azamgarh,,Uttar Pradesh|Azamgarh,,,
SAHAJ HOSPITAL,Uttar Pradesh,AZAMGARH,Azamgarh,Tier 3,Yes,No,No,Yes,Yes,Uttar Pradesh|Tier 3,Uttar Pradesh|Azamgarh,Uttar Pradesh|Azamgarh,,,Uttar Pradesh|Azamgarh,Uttar Pradesh|Azamgarh
JIVANDEEP NURSING HOME,West Bengal,BADANGANJ,Badanganj,Tier 3,No,No,No,Yes,No,West Bengal|Tier 3,West Bengal|Badanganj,,,,West Bengal|Badanganj,
archana,Maharashtra,BADLAPUR,Badlapur,Tier 3,Yes,No,Yes,Yes,Yes,Maharashtra|Tier 3,Maharashtra|Badlapur,Maharashtra|Badlapur,,Maharashtra|Badlapur,Maharashtra|Badlapur,Maharashtra|Badlapur
Namrata Koli,Maharashtra,BADLAPUR,Badlapur,Tier 3,No,No,Yes,No,No,Maharashtra|Tier 3,Maharashtra|Badlapur,,,Maharashtra|Badlapur,,
SHREEJI MULTISPECIALITY HOSPITAL,Maharashtra,Badlapur,Badlapur,Tier 3,Yes,Yes,Yes,Yes,Yes,Maharashtra|Tier 3,Maharashtra|Badlapur,Maharashtra|Badlapur,Maharashtra|Badlapur,Maharashtra|Badlapur,Maharashtra|Badlapur,Maharashtra|Badlapur
SHREE SANJEEVANI HOSPITAL AND EYE CARE CENTRE,Maharashtra,BADLAPUR EAST,Badlapur,Tier 3,Yes,Yes,Yes,Yes,No,Maharashtra|Tier 3,Maharashtra|Badlapur,Maharashtra|Badlapur,Maharashtra|Badlapur,Maharashtra|Badlapur,Maharashtra|Badlapur,
Airavat Hospital,Maharashtra,Badlapur East,Badlapur,Tier 3,Yes,Yes,Yes,No,No,Maharashtra|Tier 3,Maharashtra|Badlapur,Maharashtra|Badlapur,Maharashtra|Badlapur,Maharashtra|Badlapur,,
CHINTAMANIWELLNESSHOSPITAL,Maharashtra,BADLAPUR WEST,Badlapur,Tier 3,No,No,No,Yes,No,Maharashtra|Tier 3,Maharashtra|Badlapur,,,,Maharashtra|Badlapur,
Sai Benaka Hospital,Karnataka,bagalkot,Bagalkot,Tier 3,No,No,No,Yes,No,Karnataka|Tier 3,Karnataka|Bagalkot,,,,Karnataka|Bagalkot,
TELI MULTISPECIALITY HOSPITAL,Karnataka,Bagalkot,Bagalkot,Tier 3,No,No,No,Yes,No,Karnataka|Tier 3,Karnataka|Bagalkot,,,,Karnataka|Bagalkot,
TAPASHETTI SUPERSPECIALITY HOSPITAL,Karnataka,Bagalkot,Bagalkot,Tier 3,No,No,Yes,No,No,Karnataka|Tier 3,Karnataka|Bagalkot,,,Karnataka|Bagalkot,,
Sanneli hospital,Karnataka,Bagalkot,Bagalkot,Tier 3,No,No,No,Yes,No,Karnataka|Tier 3,Karnataka|Bagalkot,,,,Karnataka|Bagalkot,
Shri Banashankari Eye Hospital,Karnataka,Bagalkot,Bagalkot,Tier 3,No,No,Yes,No,No,Karnataka|Tier 3,Karnataka|Bagalkot,,,Karnataka|Bagalkot,,
VASANAD HOSPITAL,Karnataka,Bagalkot,Bagalkot,Tier 3,No,No,No,Yes,No,Karnataka|Tier 3,Karnataka|Bagalkot,,,,Karnataka|Bagalkot,
DR KATTI HOSPITAL,Karnataka,Bagalkot,Bagalkot,Tier 3,No,No,No,No,No,Karnataka|Tier 3,Karnataka|Bagalkot,,,,,
GURUMATH MULTISPECIALITY HOSPITAL,Karnataka,BAGALKOT,Bagalkot,Tier 3,No,No,No,Yes,Yes,Karnataka|Tier 3,Karnataka|Bagalkot,,,,Karnataka|Bagalkot,Karnataka|Bagalkot
PULIKESHI MULTISPECIALITY HOSPITAL,Karnataka,Bagalkote,Bagalkote,Tier 3,No,No,No,Yes,No,Karnataka|Tier 3,Karnataka|Bagalkote,,,,Karnataka|Bagalkote,
Navjeevan Hospital & Rular Health care Centre,West Bengal,Bagdogra,Bagdogra,Tier 3,Yes,Yes,Yes,Yes,Yes,West Bengal|Tier 3,West Bengal|Bagdogra,West Bengal|Bagdogra,West Bengal|Bagdogra,West Bengal|Bagdogra,West Bengal|Bagdogra,West Bengal|Bagdogra
DR NEERAJ MULTISPECIALITY HOSPITAL,Uttar Pradesh,BAGHPAT,Baghpat,Tier 3,No,No,Yes,Yes,Yes,Uttar Pradesh|Tier 3,Uttar Pradesh|Baghpat,,,Uttar Pradesh|Baghpat,Uttar Pradesh|Baghpat,Uttar Pradesh|Baghpat
ADK Jain Eye Hospital,Uttar Pradesh,Baghpat,Baghpat,Tier 3,No,No,Yes,No,No,Uttar Pradesh|Tier 3,Uttar Pradesh|Baghpat,,,Uttar Pradesh|Baghpat,,
JAGWATI HOSPITAL,Uttar Pradesh,BAGHPAT,Baghpat,Tier 3,Yes,Yes,Yes,Yes,No,Uttar Pradesh|Tier 3,Uttar Pradesh|Baghpat,Uttar Pradesh|Baghpat,Uttar Pradesh|Baghpat,Uttar Pradesh|Baghpat,Uttar Pradesh|Baghpat,
Apex hospital and Trauma centre,Uttar Pradesh,BAGHPAT,Baghpat,Tier 3,No,No,No,Yes,No,Uttar Pradesh|Tier 3,Uttar Pradesh|Baghpat,,,,Uttar Pradesh|Baghpat,
BHANOO HOSPITAL PRIVATE LIMITED,Himachal Pradesh,Bagla,Bagla,Tier 3,No,No,Yes,Yes,No,Himachal Pradesh|Tier 3,Himachal Pradesh|Bagla,,,Himachal Pradesh|Bagla,Himachal Pradesh|Bagla,
NARAYAN HEART AND NEURO SUPERSPECIALITY HOSPITAL,Haryana,BAHADURGARH,Bahadurgarh,Tier 3,Yes,No,Yes,Yes,Yes,Haryana|Tier 3,Haryana|Bahadurgarh,Haryana|Bahadurgarh,,Haryana|Bahadurgarh,Haryana|Bahadurgarh,Haryana|Bahadurgarh
Tandon hospital,Haryana,bahadurgarh,Bahadurgarh,Tier 3,No,No,No,Yes,Yes,Haryana|Tier 3,Haryana|Bahadurgarh,,,,Haryana|Bahadurgarh,Haryana|Bahadurgarh
MEDARK HOSPITAL (A UNIT OF VIYU HEALTHCARE PVT LTD),Haryana,BAHADURGARH,Bahadurgarh,Tier 3,No,No,No,Yes,No,Haryana|Tier 3,Haryana|Bahadurgarh,,,,Haryana|Bahadurgarh,
EYE MANTRA HOSPITAL PRIVATE LIMITED,Haryana,Bahadurgarh,Bahadurgarh,Tier 3,No,No,Yes,No,No,Haryana|Tier 3,Haryana|Bahadurgarh,,,Haryana|Bahadurgarh,,
GSG Hospital,West Bengal,Baidyabati,Baidyabati,Tier 3,Yes,No,No,Yes,No,West Bengal|Tier 3,West Bengal|Baidyabati,West Bengal|Baidyabati,,,West Bengal|Baidyabati,
AAROGYAM MULTISPECIALITY HOSPITAL,West Bengal,BAINCHI,Bainchi,Tier 3,Yes,Yes,No,Yes,Yes,West Bengal|Tier 3,West Bengal|Bainchi,West Bengal|Bainchi,West Bengal|Bainchi,,West Bengal|Bainchi,West Bengal|Bainchi
PRABHU NETRALAYA,Uttarakhand,Bajpur,Bajpur,Tier 3,No,No,Yes,No,No,Uttarakhand|Tier 3,Uttarakhand|Bajpur,,,Uttarakhand|Bajpur,,
BIMS HOSPITAL (A UNIT OF BIMS HEALTH AND EDUCATIONAL TRUST),Orissa,Balangir,Balangir,Tier 3,No,Yes,No,Yes,Yes,Orissa|Tier 3,Orissa|Balangir,,Orissa|Balangir,,Orissa|Balangir,Orissa|Balangir
wilco,Telangana,Balapur,Balapur,Tier 3,Yes,Yes,Yes,Yes,No,Telangana|Tier 3,Telangana|Balapur,Telangana|Balapur,Telangana|Balapur,Telangana|Balapur,Telangana|Balapur,
JAY KRISHNA HOSPITAL,Orissa,BALASORE,Balasore,Tier 3,No,No,Yes,No,No,Orissa|Tier 3,Orissa|Balasore,,,Orissa|Balasore,,
Laxmikanta Healthcare,Orissa,Balasore,Balasore,Tier 3,Yes,Yes,Yes,Yes,Yes,Orissa|Tier 3,Orissa|Balasore,Orissa|Balasore,Orissa|Balasore,Orissa|Balasore,Orissa|Balasore,Orissa|Balasore
BHAVYA KALYANI HEART & MULTI SPECIALITY HOSPITAL PVT LTD,Haryana,BALLABGARH FARIDABAD,Faridabad,Tier 2B,Yes,No,No,Yes,No,Haryana|Tier 2B,Haryana|Faridabad,Haryana|Faridabad,,,Haryana|Faridabad,
Aditya Nursing Home,Karnataka,BALLARI,Bellary,Tier 3,No,No,No,Yes,No,Karnataka|Tier 3,Karnataka|Bellary,,,,Karnataka|Bellary,
BALLARI LIFE LINE HOSPITAL,Karnataka,Ballari,Bellary,Tier 3,Yes,Yes,No,Yes,Yes,Karnataka|Tier 3,Karnataka|Bellary,Karnataka|Bellary,Karnataka|Bellary,,Karnataka|Bellary,Karnataka|Bellary
MADHURI NURSING HOME,Karnataka,BALLARI,Bellary,Tier 3,No,No,Yes,No,No,Karnataka|Tier 3,Karnataka|Bellary,,,Karnataka|Bellary,,
LAKSMI PRIYA EYE AND RETINA CENRE,Karnataka,BALLARI -583101,Bellary,Tier 3,No,No,Yes,No,No,Karnataka|Tier 3,Karnataka|Bellary,,,Karnataka|Bellary,,
NU Life Hospital,Uttar Pradesh,Ballia Uttar Pradesh 277001,Ballia,Tier 3,No,No,No,No,No,Uttar Pradesh|Tier 3,Uttar Pradesh|Ballia,,,,,
Madhur Hospital (A Unit Of Dhaker Health Education & Wellness Association),Rajasthan,BANDIKUI,Bandikui,Tier 3,No,No,No,Yes,No,Rajasthan|Tier 3,Rajasthan|Bandikui,,,,Rajasthan|Bandikui,
DRISHTI EYE CARE CENTRE,Punjab,BANGA,Banga,Tier 3,No,No,Yes,No,No,Punjab|Tier 3,Punjab|Banga,,,Punjab|Banga,,
Gifted hands Hospital,Karnataka,Bangalore,Bangalore,Tier 1,No,Yes,No,Yes,No,Karnataka|Tier 1,Karnataka|Bangalore,,Karnataka|Bangalore,,Karnataka|Bangalore,
DHANWANTARI HOSPITALS,Karnataka,BANGALORE,Bangalore,Tier 1,Yes,Yes,Yes,Yes,Yes,Karnataka|Tier 1,Karnataka|Bangalore,Karnataka|Bangalore,Karnataka|Bangalore,Karnataka|Bangalore,Karnataka|Bangalore,Karnataka|Bangalore
SRI SAI NETHRALAYA SUPER SPECIALITY EYE HOSPITAL,Karnataka,BANGALORE,Bangalore,Tier 1,No,No,Yes,No,No,Karnataka|Tier 1,Karnataka|Bangalore,,,Karnataka|Bangalore,,
VARDHAN FERTILITY MOTHER AND CHILD CARE HOSPITAL,Karnataka,BANGALORE,Bangalore,Tier 1,No,No,No,Yes,Yes,Karnataka|Tier 1,Karnataka|Bangalore,,,,Karnataka|Bangalore,Karnataka|Bangalore
The Bangalore Kidney Stone Hospital,Karnataka,Bangalore,Bangalore,Tier 1,No,Yes,No,Yes,No,Karnataka|Tier 1,Karnataka|Bangalore,,Karnataka|Bangalore,,Karnataka|Bangalore,
KIRAN EYE HOSPITAL,Karnataka,BANGALORE,Bangalore,Tier 1,No,No,Yes,No,No,Karnataka|Tier 1,Karnataka|Bangalore,,,Karnataka|Bangalore,,
mahanandi hospitals,Karnataka,Bangalore,Bangalore,Tier 1,No,No,No,Yes,Yes,Karnataka|Tier 1,Karnataka|Bangalore,,,,Karnataka|Bangalore,Karnataka|Bangalore
SANKALPA MULTISPECIALITY HOSPITAL,Karnataka,Bangalore,Bangalore,Tier 1,Yes,Yes,No,Yes,Yes,Karnataka|Tier 1,Karnataka|Bangalore,Karnataka|Bangalore,Karnataka|Bangalore,,Karnataka|Bangalore,Karnataka|Bangalore
Drikveda Eye Hospital,Karnataka,BANGALORE,Bangalore,Tier 1,No,No,Yes,No,No,Karnataka|Tier 1,Karnataka|Bangalore,,,Karnataka|Bangalore,,
VIJAYAEYECLINICSUPERSPECIALITYEYEHOSPITAL,Karnataka,Bangalore,Bangalore,Tier 1,No,No,Yes,No,No,Karnataka|Tier 1,Karnataka|Bangalore,,,Karnataka|Bangalore,,
PANDOCXHEALTHCAREPRIVATELIMITED,Karnataka,BANGALORE,Bangalore,Tier 1,No,Yes,No,Yes,No,Karnataka|Tier 1,Karnataka|Bangalore,,Karnataka|Bangalore,,Karnataka|Bangalore,
Shathayu Ayurveda Yoga Retreat,Karnataka,Bangalore,Bangalore,Tier 1,No,No,No,No,No,Karnataka|Tier 1,Karnataka|Bangalore,,,,,
RAJALAKSHMI HOSPITAL AND RESEARCH CENTRE,Karnataka,BANGALORE,Bangalore,Tier 1,Yes,Yes,No,Yes,No,Karnataka|Tier 1,Karnataka|Bangalore,Karnataka|Bangalore,Karnataka|Bangalore,,Karnataka|Bangalore,
Matru Multispeciality Hospital,Karnataka,BANGALORE,Bangalore,Tier 1,Yes,Yes,Yes,Yes,Yes,Karnataka|Tier 1,Karnataka|Bangalore,Karnataka|Bangalore,Karnataka|Bangalore,Karnataka|Bangalore,Karnataka|Bangalore,Karnataka|Bangalore
MANJUNATHA NETHRALAYA PVT LTD,Karnataka,BANGALORE,Bangalore,Tier 1,No,No,Yes,No,No,Karnataka|Tier 1,Karnataka|Bangalore,,,Karnataka|Bangalore,,
ARVI Hospital,Karnataka,bangalore,Bangalore,Tier 1,No,No,No,Yes,Yes,Karnataka|Tier 1,Karnataka|Bangalore,,,,Karnataka|Bangalore,Karnataka|Bangalore
SRI NARAYANA SUPER SPECIALITY EYE CARE HOSPITAL,Karnataka,"BANGALORE , KARNATAKA",Bangalore,Tier 1,No,No,Yes,No,No,Karnataka|Tier 1,Karnataka|Bangalore,,,Karnataka|Bangalore,,
GEF EYE HOSPITAL.,Karnataka,BANGALORE RURAL-562114 KARNATAKA,Bangalore,Tier 1,No,No,Yes,No,No,Karnataka|Tier 1,Karnataka|Bangalore,,,Karnataka|Bangalore,,
KAREWELL HOSPITAL,Karnataka,Bangaluru,Bangaluru,Tier 3,Yes,Yes,Yes,Yes,Yes,Karnataka|Tier 3,Karnataka|Bangaluru,Karnataka|Bangaluru,Karnataka|Bangaluru,Karnataka|Bangaluru,Karnataka|Bangaluru,Karnataka|Bangaluru
SAHARA HOSPITAL,West Bengal,BANKURA,Bankura,Tier 3,No,No,Yes,Yes,Yes,West Bengal|Tier 3,West Bengal|Bankura,,,West Bengal|Bankura,West Bengal|Bankura,West Bengal|Bankura
JEEBAN SURAKSHA HOSPITAL UNIT II,West Bengal,BANKURA,Bankura,Tier 3,Yes,Yes,Yes,Yes,No,West Bengal|Tier 3,West Bengal|Bankura,West Bengal|Bankura,West Bengal|Bankura,West Bengal|Bankura,West Bengal|Bankura,
Bishnupur Apex Hospital,West Bengal,Bankura,Bankura,Tier 3,Yes,Yes,No,Yes,Yes,West Bengal|Tier 3,West Bengal|Bankura,West Bengal|Bankura,West Bengal|Bankura,,West Bengal|Bankura,West Bengal|Bankura
Jupiter Eye Care,West Bengal,"Bankura,",Bankura,Tier 3,No,No,Yes,No,No,West Bengal|Tier 3,West Bengal|Bankura,,,West Bengal|Bankura,,
SR MULTI SPECIALTIY HOSPITAL,Telangana,BANSWADA,Banswada,Tier 3,No,No,No,Yes,No,Telangana|Tier 3,Telangana|Banswada,,,,Telangana|Banswada,
SHANMUKHA NETRALAYA,Andhra Pradesh,BAPATLA,Bapatla,Tier 3,No,No,Yes,No,No,Andhra Pradesh|Tier 3,Andhra Pradesh|Bapatla,,,Andhra Pradesh|Bapatla,,
AVDHOOT HOSPITAL,Maharashtra,BARAMATI,Baramati,Tier 3,No,No,No,No,No,Maharashtra|Tier 3,Maharashtra|Baramati,,,,,
Unity Accident & Criticare Multi Speciality Hospital,Maharashtra,Baramati,Baramati,Tier 3,Yes,No,Yes,Yes,No,Maharashtra|Tier 3,Maharashtra|Baramati,Maharashtra|Baramati,,Maharashtra|Baramati,Maharashtra|Baramati,
SANCHIT HOSPITAL,Maharashtra,BARAMATI,Baramati,Tier 3,No,Yes,No,Yes,No,Maharashtra|Tier 3,Maharashtra|Baramati,,Maharashtra|Baramati,,Maharashtra|Baramati,
Mahalaxmi eye clinic,Maharashtra,Baramati,Baramati,Tier 3,No,No,Yes,No,No,Maharashtra|Tier 3,Maharashtra|Baramati,,,Maharashtra|Baramati,,
Sai Hospital Supe,Maharashtra,Baramati,Baramati,Tier 3,No,No,No,No,No,Maharashtra|Tier 3,Maharashtra|Baramati,,,,,
SAI KRUPA HOSPITAL,Maharashtra,BARAMATI,Baramati,Tier 3,Yes,Yes,Yes,Yes,No,Maharashtra|Tier 3,Maharashtra|Baramati,Maharashtra|Baramati,Maharashtra|Baramati,Maharashtra|Baramati,Maharashtra|Baramati,
Spandan Hospital,Maharashtra,Baramati,Baramati,Tier 3,No,No,No,Yes,No,Maharashtra|Tier 3,Maharashtra|Baramati,,,,Maharashtra|Baramati,
BARAMATI CITY HEALTHCARE LLP,Maharashtra,Baramati,Baramati,Tier 3,No,No,No,No,No,Maharashtra|Tier 3,Maharashtra|Baramati,,,,,
Swayambhu Hospital,Maharashtra,Baramati,Baramati,Tier 3,No,Yes,Yes,No,No,Maharashtra|Tier 3,Maharashtra|Baramati,,Maharashtra|Baramati,Maharashtra|Baramati,,
Yashshree Nursing Home,Maharashtra,Baramati,Baramati,Tier 3,No,No,No,Yes,No,Maharashtra|Tier 3,Maharashtra|Baramati,,,,Maharashtra|Baramati,
Khomane Hospital,Maharashtra,Baramati,Baramati,Tier 3,No,No,No,No,No,Maharashtra|Tier 3,Maharashtra|Baramati,,,,,
Bengal Neuro & Trauma Centre,West Bengal,Barasat,Barasat,Tier 3,No,No,No,No,No,West Bengal|Tier 3,West Bengal|Barasat,,,,,
GNRC MEDICAL (A Unit of GNRC Community Hospital Limited),West Bengal,Barasat,Barasat,Tier 3,Yes,Yes,No,Yes,Yes,West Bengal|Tier 3,West Bengal|Barasat,West Bengal|Barasat,West Bengal|Barasat,,West Bengal|Barasat,West Bengal|Barasat
Ever Green Multispeciality Hospital,West Bengal,BARASAT,Barasat,Tier 3,No,No,No,Yes,No,West Bengal|Tier 3,West Bengal|Barasat,,,,West Bengal|Barasat,
KINGSTON GENERAL HOSPITAL (A UNIT OF KINGSTON EDUCATIONAL INSTITUTE),West Bengal,BARASAT,Barasat,Tier 3,Yes,Yes,No,Yes,Yes,West Bengal|Tier 3,West Bengal|Barasat,West Bengal|Barasat,West Bengal|Barasat,,West Bengal|Barasat,West Bengal|Barasat
NEW SEBAYAN NURSING HOME & DIAGNOSTIC CENTRE,West Bengal,BARASAT,Barasat,Tier 3,Yes,Yes,No,Yes,Yes,West Bengal|Tier 3,West Bengal|Barasat,West Bengal|Barasat,West Bengal|Barasat,,West Bengal|Barasat,West Bengal|Barasat
Dr. Narendra Kumar Murti Hospital,Uttar Pradesh,Baraut,Baraut,Tier 3,No,No,No,No,Yes,Uttar Pradesh|Tier 3,Uttar Pradesh|Baraut,,,,,Uttar Pradesh|Baraut
SHARANYA,West Bengal,BARDHAMAN,Bardhaman,Tier 3,Yes,Yes,Yes,Yes,Yes,West Bengal|Tier 3,West Bengal|Bardhaman,West Bengal|Bardhaman,West Bengal|Bardhaman,West Bengal|Bardhaman,West Bengal|Bardhaman,West Bengal|Bardhaman
DRISHTIDEEP EYE INSTITUTE-BARDHAMAN,West Bengal,BARDHAMAN,Bardhaman,Tier 3,No,No,Yes,No,No,West Bengal|Tier 3,West Bengal|Bardhaman,,,West Bengal|Bardhaman,,
DISHA EYE HOSPITALS PVT LTD,West Bengal,BARDHAMAN,Bardhaman,Tier 3,No,No,Yes,No,No,West Bengal|Tier 3,West Bengal|Bardhaman,,,West Bengal|Bardhaman,,
ASHA NURSING HOME DIAGNOSTIC CENTRE & POLYCLINIC,West Bengal,BARDHAMAN,Bardhaman,Tier 3,Yes,Yes,No,Yes,No,West Bengal|Tier 3,West Bengal|Bardhaman,West Bengal|Bardhaman,West Bengal|Bardhaman,,West Bengal|Bardhaman,
Megha Ophthalmic Centre Pvt. Ltd.,West Bengal,BARDHAMAN,Bardhaman,Tier 3,No,No,Yes,No,No,West Bengal|Tier 3,West Bengal|Bardhaman,,,West Bengal|Bardhaman,,
ANGEL HEALTH CARE,West Bengal,BARDHAMAN,Bardhaman,Tier 3,No,No,No,Yes,No,West Bengal|Tier 3,West Bengal|Bardhaman,,,,West Bengal|Bardhaman,
ANKHI EYE HOSPITAL & GENERAL LLP,West Bengal,BARDHAMAN,Bardhaman,Tier 3,No,No,Yes,No,No,West Bengal|Tier 3,West Bengal|Bardhaman,,,West Bengal|Bardhaman,,
SS Multicare Hospital,Uttar Pradesh,BAREILLY,Bareilly,Tier 2B,No,No,No,Yes,No,Uttar Pradesh|Tier 2B,Uttar Pradesh|Bareilly,,,,Uttar Pradesh|Bareilly,
Vansh Hospitals,Uttar Pradesh,Bareilly,Bareilly,Tier 2B,No,No,No,Yes,Yes,Uttar Pradesh|Tier 2B,Uttar Pradesh|Bareilly,,,,Uttar Pradesh|Bareilly,Uttar Pradesh|Bareilly
Sai Eye Care Centre,Uttar Pradesh,Bareilly,Bareilly,Tier 2B,No,No,Yes,No,No,Uttar Pradesh|Tier 2B,Uttar Pradesh|Bareilly,,,Uttar Pradesh|Bareilly,,
Sarvodaya Hospital,Uttar Pradesh,Bareilly,Bareilly,Tier 2B,No,No,No,Yes,No,Uttar Pradesh|Tier 2B,Uttar Pradesh|Bareilly,,,,Uttar Pradesh|Bareilly,
NAVODAYA HOSPITAL,Uttar Pradesh,bareilly,Bareilly,Tier 2B,No,Yes,Yes,Yes,No,Uttar Pradesh|Tier 2B,Uttar Pradesh|Bareilly,,Uttar Pradesh|Bareilly,Uttar Pradesh|Bareilly,Uttar Pradesh|Bareilly,
SHREEJII BAREILLY GOLDEN HOSPITAL,Uttar Pradesh,Bareilly,Bareilly,Tier 2B,No,No,No,Yes,Yes,Uttar Pradesh|Tier 2B,Uttar Pradesh|Bareilly,,,,Uttar Pradesh|Bareilly,Uttar Pradesh|Bareilly
SARVOTTAM NETRALAYA AND RETINA CENTRE,Uttar Pradesh,Bareilly,Bareilly,Tier 2B,No,No,Yes,No,No,Uttar Pradesh|Tier 2B,Uttar Pradesh|Bareilly,,,Uttar Pradesh|Bareilly,,
Maheshwari Hospital,Uttar Pradesh,Bareilly,Bareilly,Tier 2B,No,No,No,Yes,No,Uttar Pradesh|Tier 2B,Uttar Pradesh|Bareilly,,,,Uttar Pradesh|Bareilly,
DR AFTAB EYE CARE,Uttar Pradesh,BAREILLY,Bareilly,Tier 2B,No,No,Yes,No,No,Uttar Pradesh|Tier 2B,Uttar Pradesh|Bareilly,,,Uttar Pradesh|Bareilly,,
SHEKHAR NETRA CHIKITSALAYA,Uttar Pradesh,BAREILLY,Bareilly,Tier 2B,No,No,Yes,No,No,Uttar Pradesh|Tier 2B,Uttar Pradesh|Bareilly,,,Uttar Pradesh|Bareilly,,
PULSE MULTISPECIALITY HOSPITAL,Uttar Pradesh,Bareilly,Bareilly,Tier 2B,No,No,No,Yes,Yes,Uttar Pradesh|Tier 2B,Uttar Pradesh|Bareilly,,,,Uttar Pradesh|Bareilly,Uttar Pradesh|Bareilly
Mannat Maternity & Surgical Hospital,Uttar Pradesh,Bareilly,Bareilly,Tier 2B,No,Yes,No,Yes,No,Uttar Pradesh|Tier 2B,Uttar Pradesh|Bareilly,,Uttar Pradesh|Bareilly,,Uttar Pradesh|Bareilly,
Gurunanak Hospital,Uttar Pradesh,Bareilly,Bareilly,Tier 2B,No,No,No,Yes,Yes,Uttar Pradesh|Tier 2B,Uttar Pradesh|Bareilly,,,,Uttar Pradesh|Bareilly,Uttar Pradesh|Bareilly
RESHMA NURSING HOME,Uttar Pradesh,Bareilly,Bareilly,Tier 2B,No,No,No,Yes,Yes,Uttar Pradesh|Tier 2B,Uttar Pradesh|Bareilly,,,,Uttar Pradesh|Bareilly,Uttar Pradesh|Bareilly
Mithila Ayurvedic Center,Uttar Pradesh,bareilly,Bareilly,Tier 2B,No,No,No,No,No,Uttar Pradesh|Tier 2B,Uttar Pradesh|Bareilly,,,,,
KAILASH EYE AND GENERAL HOSPITAL,Uttar Pradesh,BAREILLY,Bareilly,Tier 2B,No,No,No,No,No,Uttar Pradesh|Tier 2B,Uttar Pradesh|Bareilly,,,,,
ADITYA EYE AND LASER CENTRE,Uttar Pradesh,BAREILLY,Bareilly,Tier 2B,No,No,Yes,No,No,Uttar Pradesh|Tier 2B,Uttar Pradesh|Bareilly,,,Uttar Pradesh|Bareilly,,
MEDHANSH HOSPITAL,Uttar Pradesh,Bareilly,Bareilly,Tier 2B,No,No,Yes,Yes,Yes,Uttar Pradesh|Tier 2B,Uttar Pradesh|Bareilly,,,Uttar Pradesh|Bareilly,Uttar Pradesh|Bareilly,Uttar Pradesh|Bareilly
UTKARSH HOSPITAL,Uttar Pradesh,Bareilly,Bareilly,Tier 2B,No,No,No,Yes,Yes,Uttar Pradesh|Tier 2B,Uttar Pradesh|Bareilly,,,,Uttar Pradesh|Bareilly,Uttar Pradesh|Bareilly
SHRI VEDANTA MULTI SUPER SPECIALITY HOSPITAL & RESEARCH INSTITUTE,Uttar Pradesh,Bareilly,Bareilly,Tier 2B,Yes,Yes,Yes,Yes,Yes,Uttar Pradesh|Tier 2B,Uttar Pradesh|Bareilly,Uttar Pradesh|Bareilly,Uttar Pradesh|Bareilly,Uttar Pradesh|Bareilly,Uttar Pradesh|Bareilly,Uttar Pradesh|Bareilly
SHRI MURLIDHAR MEMORIAL NURSING HOME,Bihar,BARH,Barh,Tier 3,No,No,Yes,Yes,No,Bihar|Tier 3,Bihar|Barh,,,Bihar|Barh,Bihar|Barh,
AGARWAL MEDICITY MULTISPECIALITY HOSPITAL,Jharkhand,BARHI,Barhi,Tier 3,No,No,Yes,Yes,No,Jharkhand|Tier 3,Jharkhand|Barhi,,,Jharkhand|Barhi,Jharkhand|Barhi,
DIVYADRISHTI EYE HOSPITAL,Orissa,BARIPADA,Baripada,Tier 3,No,No,Yes,No,No,Orissa|Tier 3,Orissa|Baripada,,,Orissa|Baripada,,
SPANDAN HOSPITAL & POLYCLINIC,West Bengal,BARJORA,Barjora,Tier 3,Yes,No,No,Yes,Yes,West Bengal|Tier 3,West Bengal|Barjora,West Bengal|Barjora,,,West Bengal|Barjora,West Bengal|Barjora
Sanjivani Hopital,Punjab,Barnala,Barnala,Tier 3,No,No,No,Yes,No,Punjab|Tier 3,Punjab|Barnala,,,,Punjab|Barnala,
DEVEN MULTISPECILITY HOSPITAL & CRITICAL CARE CENTRE,Punjab,Barnala,Barnala,Tier 3,No,No,No,No,No,Punjab|Tier 3,Punjab|Barnala,,,,,
BMC SUPERSPECIALITY HOSPITAL,Punjab,BARNALA,Barnala,Tier 3,Yes,No,No,Yes,No,Punjab|Tier 3,Punjab|Barnala,Punjab|Barnala,,,Punjab|Barnala,
NEW PANACEA HOSPITAL,West Bengal,BARRACKPORE,Barrackpore,Tier 3,No,Yes,No,Yes,Yes,West Bengal|Tier 3,West Bengal|Barrackpore,,West Bengal|Barrackpore,,West Bengal|Barrackpore,West Bengal|Barrackpore
DISHA EYE HOSPITALS PVT LTD,West Bengal,BARRACKPORE,Barrackpore,Tier 3,No,No,Yes,No,No,West Bengal|Tier 3,West Bengal|Barrackpore,,,West Bengal|Barrackpore,,
EASTMED HOSPITAL & DIAGNOSTICS PVT. LTD.,West Bengal,BARRACKPORE,Barrackpore,Tier 3,No,No,No,Yes,No,West Bengal|Tier 3,West Bengal|Barrackpore,,,,West Bengal|Barrackpore,
shailaja speciality hospital,Maharashtra,BARSHI,Barshi,Tier 3,No,No,No,No,No,Maharashtra|Tier 3,Maharashtra|Barshi,,,,,
NINMS MULTISPECIALITY HOSPITAL,Madhya Pradesh,BARWAHA,Barwaha,Tier 3,Yes,No,No,Yes,No,Madhya Pradesh|Tier 3,Madhya Pradesh|Barwaha,Madhya Pradesh|Barwaha,,,Madhya Pradesh|Barwaha,
Prateek Singh,Madhya Pradesh,Barwaha,Barwaha,Tier 3,Yes,No,No,Yes,Yes,Madhya Pradesh|Tier 3,Madhya Pradesh|Barwaha,Madhya Pradesh|Barwaha,,,Madhya Pradesh|Barwaha,Madhya Pradesh|Barwaha
SANJIVANI HOSPITAL AND RESEARCH CENTER BARWANI,Madhya Pradesh,BARWANI,Barwani,Tier 3,Yes,No,No,Yes,No,Madhya Pradesh|Tier 3,Madhya Pradesh|Barwani,Madhya Pradesh|Barwani,,,Madhya Pradesh|Barwani,
SAWARIYA SUPERSPECIALITY HOSPITAL LLP,Madhya Pradesh,BARWANI,Barwani,Tier 3,No,No,No,Yes,Yes,Madhya Pradesh|Tier 3,Madhya Pradesh|Barwani,,,,Madhya Pradesh|Barwani,Madhya Pradesh|Barwani
G S MULTISPECIALITY HOSPITAL,Uttar Pradesh,BASTI,Basti,Tier 3,No,No,No,Yes,No,Uttar Pradesh|Tier 3,Uttar Pradesh|Basti,,,,Uttar Pradesh|Basti,
ANANTA HOSPITAL,Uttar Pradesh,Basti,Basti,Tier 3,No,Yes,No,Yes,Yes,Uttar Pradesh|Tier 3,Uttar Pradesh|Basti,,Uttar Pradesh|Basti,,Uttar Pradesh|Basti,Uttar Pradesh|Basti
Navjyoti Multispeciality Hospital,Uttar Pradesh,Basti Uttar Pradesh,Basti,Tier 3,No,No,Yes,Yes,Yes,Uttar Pradesh|Tier 3,Uttar Pradesh|Basti,,,Uttar Pradesh|Basti,Uttar Pradesh|Basti,Uttar Pradesh|Basti
MATA JASBIR KAUR DUKH NIVARAN HOSPITAL,Punjab,BATALA,Batala,Tier 3,No,No,No,Yes,No,Punjab|Tier 3,Punjab|Batala,,,,Punjab|Batala,
BAJWA HOSPITAL,Punjab,BATALA,Batala,Tier 3,No,No,Yes,Yes,No,Punjab|Tier 3,Punjab|Batala,,,Punjab|Batala,Punjab|Batala,
SARABSUKH HOSPITAL PRIVATE LIMITED,Punjab,BATALA,Batala,Tier 3,Yes,No,No,Yes,Yes,Punjab|Tier 3,Punjab|Batala,Punjab|Batala,,,Punjab|Batala,Punjab|Batala
NAVIN GARG MEMORIAL HOSPITAL,Punjab,BATHINDA,Bathinda,Tier 3,No,No,No,Yes,No,Punjab|Tier 3,Punjab|Bathinda,,,,Punjab|Bathinda,
SATYAM HEART AND SUPERSPECIALITY HOSPITAL,Punjab,BATHINDA,Bathinda,Tier 3,Yes,No,No,No,No,Punjab|Tier 3,Punjab|Bathinda,Punjab|Bathinda,,,,
DHURIYA HOSPITAL,Punjab,BATHINDA,Bathinda,Tier 3,No,No,No,No,No,Punjab|Tier 3,Punjab|Bathinda,,,,,
radhekrishnaeyecare,Punjab,bathinda,Bathinda,Tier 3,No,No,Yes,No,No,Punjab|Tier 3,Punjab|Bathinda,,,Punjab|Bathinda,,
Ganpati superspeciality hospital,Punjab,BATHINDA,Bathinda,Tier 3,No,No,No,No,No,Punjab|Tier 3,Punjab|Bathinda,,,,,
BATHINDA LASIK LASER CENTRE MARKAN EYE HOSPITAL,Punjab,BATHINDA,Bathinda,Tier 3,No,No,Yes,No,No,Punjab|Tier 3,Punjab|Bathinda,,,Punjab|Bathinda,,
CARE HOSPITAL,Punjab,BATHINDA,Bathinda,Tier 3,No,No,No,No,No,Punjab|Tier 3,Punjab|Bathinda,,,,,
R GAGAN MULTISPECIALITY HOSPITAL,Punjab,BATHINDA,Bathinda,Tier 3,Yes,Yes,No,Yes,No,Punjab|Tier 3,Punjab|Bathinda,Punjab|Bathinda,Punjab|Bathinda,,Punjab|Bathinda,
BRAR HEALTHCARE,Punjab,BATHINDA,Bathinda,Tier 3,No,No,No,No,No,Punjab|Tier 3,Punjab|Bathinda,,,,,
DD BONE AND JOINT HOSPITAL,Punjab,BATHINDA,Bathinda,Tier 3,No,No,No,Yes,No,Punjab|Tier 3,Punjab|Bathinda,,,,Punjab|Bathinda,
AYAAN NEURO AND GASTRO HOSPITAL,Punjab,BATHINDA,Bathinda,Tier 3,No,No,No,No,No,Punjab|Tier 3,Punjab|Bathinda,,,,,
JAURA ORTHOPEDIC AND MATERNITY HOSPITAL,Punjab,BATHINDA,Bathinda,Tier 3,No,No,No,Yes,No,Punjab|Tier 3,Punjab|Bathinda,,,,Punjab|Bathinda,
SHARDA MULTISPECIALITY HEALTHCARE,Punjab,BATHINDA,Bathinda,Tier 3,No,No,No,Yes,No,Punjab|Tier 3,Punjab|Bathinda,,,,Punjab|Bathinda,
DR. RP SINGH SURGICAL & MEDICAL HOSPITAL,Punjab,BATHINDA,Bathinda,Tier 3,No,No,No,No,No,Punjab|Tier 3,Punjab|Bathinda,,,,,
VINCARE HOSPITAL,Punjab,BATHINDA,Bathinda,Tier 3,No,No,No,No,No,Punjab|Tier 3,Punjab|Bathinda,,,,,
Panacea Hospital,Punjab,Bathinda,Bathinda,Tier 3,No,No,No,No,No,Punjab|Tier 3,Punjab|Bathinda,,,,,
Rewind Health care and Trauma Centre,Punjab,BATHINDA,Bathinda,Tier 3,No,No,No,No,No,Punjab|Tier 3,Punjab|Bathinda,,,,,
BOMBAY CLINICS NEURO LIFE HOSPITAL PVT.LTD BATHINDA,Punjab,BATHINDA,Bathinda,Tier 3,No,No,No,No,No,Punjab|Tier 3,Punjab|Bathinda,,,,,
VIJITA HOSPITAL (A Unit of Mittal Ortho Centre),Punjab,Bathinda,Bathinda,Tier 3,No,No,No,No,No,Punjab|Tier 3,Punjab|Bathinda,,,,,
SIMRAN NEUROSPINE AND MULTISPECIALITY HOSPITAL,Punjab,BATHINDA,Bathinda,Tier 3,No,No,No,No,No,Punjab|Tier 3,Punjab|Bathinda,,,,,
Krishna Super Speciality Hospital Bathinda ( A UNIT OF MAHIP HOSPITALS PRIVATE LIMITED ),Punjab,BATHINDA,Bathinda,Tier 3,Yes,Yes,Yes,Yes,Yes,Punjab|Tier 3,Punjab|Bathinda,Punjab|Bathinda,Punjab|Bathinda,Punjab|Bathinda,Punjab|Bathinda,Punjab|Bathinda
Krishna Healthcare,Punjab,BATHINDA,Bathinda,Tier 3,No,No,No,No,No,Punjab|Tier 3,Punjab|Bathinda,,,,,
GURDEV MULTI SPECIALITY HOSPITAL,Punjab,Bathinda (151001),Bathinda,Tier 3,No,No,No,No,No,Punjab|Tier 3,Punjab|Bathinda,,,,,
Siddharth Hospital,Delhi,Bawana,Delhi,Tier 1,No,No,Yes,Yes,No,Delhi|Tier 1,Delhi|Delhi,,,Delhi|Delhi,Delhi|Delhi,
GURUDATTA HOSPITAL,Maharashtra,beed,Beed,Tier 3,No,No,No,No,Yes,Maharashtra|Tier 3,Maharashtra|Beed,,,,,Maharashtra|Beed
SHREE BHAGWAN HOSPITAL,Maharashtra,BEED,Beed,Tier 3,No,No,No,Yes,No,Maharashtra|Tier 3,Maharashtra|Beed,,,,Maharashtra|Beed,
Indrayani hospital navajat shishu & bal rugnalay,Maharashtra,Beed,Beed,Tier 3,No,No,No,No,Yes,Maharashtra|Tier 3,Maharashtra|Beed,,,,,Maharashtra|Beed
Kusum Orthopedic Accident & Trauma Care Centre,Maharashtra,Beed,Beed,Tier 3,No,Yes,Yes,No,No,Maharashtra|Tier 3,Maharashtra|Beed,,Maharashtra|Beed,Maharashtra|Beed,,
Gurudatta Bal Rugnalaya,Maharashtra,Beed,Beed,Tier 3,No,No,No,No,No,Maharashtra|Tier 3,Maharashtra|Beed,,,,,
SHREE VIDNYANESHWAR SEWA BHAVI SANSTHA MULTISPECALITY HOSPITAL,Maharashtra,beed,Beed,Tier 3,Yes,No,Yes,No,No,Maharashtra|Tier 3,Maharashtra|Beed,Maharashtra|Beed,,Maharashtra|Beed,,
surya multispecialty hospital and critical care,Maharashtra,BEED,Beed,Tier 3,No,Yes,Yes,Yes,Yes,Maharashtra|Tier 3,Maharashtra|Beed,,Maharashtra|Beed,Maharashtra|Beed,Maharashtra|Beed,Maharashtra|Beed
Jethliya Hospital,Maharashtra,beed,Beed,Tier 3,No,No,No,Yes,Yes,Maharashtra|Tier 3,Maharashtra|Beed,,,,Maharashtra|Beed,Maharashtra|Beed
MAHANANDA HOSPITAL BEED,Maharashtra,beed,Beed,Tier 3,Yes,No,No,Yes,Yes,Maharashtra|Tier 3,Maharashtra|Beed,Maharashtra|Beed,,,Maharashtra|Beed,Maharashtra|Beed
DHANVANTARI MULTISPECIALTY HOSPITAL,Maharashtra,BEED,Beed,Tier 3,No,No,No,Yes,No,Maharashtra|Tier 3,Maharashtra|Beed,,,,Maharashtra|Beed,
Mauli Netralaya,Maharashtra,Beed,Beed,Tier 3,No,No,Yes,No,No,Maharashtra|Tier 3,Maharashtra|Beed,,,Maharashtra|Beed,,
Jeevanjyot Hospital,Maharashtra,Beed,Beed,Tier 3,Yes,Yes,Yes,No,Yes,Maharashtra|Tier 3,Maharashtra|Beed,Maharashtra|Beed,Maharashtra|Beed,Maharashtra|Beed,,Maharashtra|Beed
Gaikwad Hospital,Maharashtra,Beed,Beed,Tier 3,No,Yes,Yes,Yes,No,Maharashtra|Tier 3,Maharashtra|Beed,,Maharashtra|Beed,Maharashtra|Beed,Maharashtra|Beed,
ORION HOSPITAL,Maharashtra,BEED,Beed,Tier 3,No,Yes,No,No,Yes,Maharashtra|Tier 3,Maharashtra|Beed,,Maharashtra|Beed,,,Maharashtra|Beed
JANAI BALRUGNALAYA,Maharashtra,BEED,Beed,Tier 3,No,No,No,No,No,Maharashtra|Tier 3,Maharashtra|Beed,,,,,
Gholve Hospital,Maharashtra,Beed,Beed,Tier 3,No,Yes,No,Yes,No,Maharashtra|Tier 3,Maharashtra|Beed,,Maharashtra|Beed,,Maharashtra|Beed,
SHRI GURUKRUPA MULTISPECIALITY HOSPITAL AND RESEARCH CENTER,Maharashtra,BEED,Beed,Tier 3,No,Yes,Yes,No,Yes,Maharashtra|Tier 3,Maharashtra|Beed,,Maharashtra|Beed,Maharashtra|Beed,,Maharashtra|Beed
ANAND BALRUGNALAY,Maharashtra,BEED,Beed,Tier 3,No,No,No,No,No,Maharashtra|Tier 3,Maharashtra|Beed,,,,,
Harkar Accident Multispeciality Hospital,Maharashtra,Beed,Beed,Tier 3,No,No,No,No,No,Maharashtra|Tier 3,Maharashtra|Beed,,,,,
Geetai multispeciality hospital,Maharashtra,beed,Beed,Tier 3,No,Yes,Yes,No,No,Maharashtra|Tier 3,Maharashtra|Beed,,Maharashtra|Beed,Maharashtra|Beed,,
SWAMI VIVEKANAND MULTISPECIALITY HOSPITAL,Maharashtra,BEED,Beed,Tier 3,Yes,Yes,No,Yes,No,Maharashtra|Tier 3,Maharashtra|Beed,Maharashtra|Beed,Maharashtra|Beed,,Maharashtra|Beed,
River Valley Hospital (A UNIT OF Marvel Super Speciality Hospital Private Limited),Bihar,BEGUSARAI,Begusarai,Tier 3,No,No,No,No,Yes,Bihar|Tier 3,Bihar|Begusarai,,,,,Bihar|Begusarai
YASHODA HOSPITAL,Bihar,BEGUSARAI,Begusarai,Tier 3,Yes,No,No,Yes,Yes,Bihar|Tier 3,Bihar|Begusarai,Bihar|Begusarai,,,Bihar|Begusarai,Bihar|Begusarai
SHIVAYU HOSPITAL,Bihar,BEGUSARAI,Begusarai,Tier 3,No,No,Yes,No,No,Bihar|Tier 3,Bihar|Begusarai,,,Bihar|Begusarai,,
City Hospital,Rajasthan,Behror,Behror,Tier 3,No,No,No,Yes,No,Rajasthan|Tier 3,Rajasthan|Behror,,,,Rajasthan|Behror,
M.M. Joshi - Kodkany Eye Centre,Karnataka,BELAGAVI,Belgaum,Tier 2B,No,No,Yes,No,No,Karnataka|Tier 2B,Karnataka|Belgaum,,,Karnataka|Belgaum,,
JAMBAGI SUPERSPECIALITY EYE INSTITUTE,Karnataka,BELAGAVI,Belgaum,Tier 2B,No,No,Yes,No,No,Karnataka|Tier 2B,Karnataka|Belgaum,,,Karnataka|Belgaum,,
BELCARE HOSPITAL,Karnataka,BELAGAVI,Belgaum,Tier 2B,No,No,No,Yes,Yes,Karnataka|Tier 2B,Karnataka|Belgaum,,,,Karnataka|Belgaum,Karnataka|Belgaum
SHREE SAI MULTI SPECIALITY HOSPITAL,Karnataka,BELAGAVI,Belgaum,Tier 2B,Yes,Yes,Yes,Yes,No,Karnataka|Tier 2B,Karnataka|Belgaum,Karnataka|Belgaum,Karnataka|Belgaum,Karnataka|Belgaum,Karnataka|Belgaum,
UDYAMBAG MULTISPECIALITY HOSPITAL,Karnataka,Belagavi,Belgaum,Tier 2B,No,No,No,Yes,Yes,Karnataka|Tier 2B,Karnataka|Belgaum,,,,Karnataka|Belgaum,Karnataka|Belgaum
"SSO Belgaum Cancer Hospital (Initiative of Cytocure Medicare Private Limited),",Karnataka,Belagavi,Belgaum,Tier 2B,No,Yes,No,Yes,No,Karnataka|Tier 2B,Karnataka|Belgaum,,Karnataka|Belgaum,,Karnataka|Belgaum,
"KLES DR. PRABHAKAR KORE HOSPITAL, CHIKODI",Karnataka,BELAGAVI,Belgaum,Tier 2B,No,No,No,Yes,Yes,Karnataka|Tier 2B,Karnataka|Belgaum,,,,Karnataka|Belgaum,Karnataka|Belgaum
APOORVA MULTI SUPERSPECIALITY HSOPITAL,Karnataka,BELAGAVI,Belgaum,Tier 2B,No,Yes,Yes,Yes,No,Karnataka|Tier 2B,Karnataka|Belgaum,,Karnataka|Belgaum,Karnataka|Belgaum,Karnataka|Belgaum,
Sai Multi Speciality Hospital,Karnataka,Belagavi,Belgaum,Tier 2B,No,No,No,No,No,Karnataka|Tier 2B,Karnataka|Belgaum,,,,,
Malaprabha Multi Speciality Hospital,Karnataka,Belagavi,Belgaum,Tier 2B,Yes,Yes,No,Yes,Yes,Karnataka|Tier 2B,Karnataka|Belgaum,Karnataka|Belgaum,Karnataka|Belgaum,,Karnataka|Belgaum,Karnataka|Belgaum
Shri Krishna Hospital Belagavi,Karnataka,Belagavi,Belgaum,Tier 2B,No,No,No,No,No,Karnataka|Tier 2B,Karnataka|Belgaum,,,,,
DR SAJID TEBHLA EYE HOSPITAL PHACO & LASER CENTER,Karnataka,BELAGAVI,Belgaum,Tier 2B,No,No,Yes,No,No,Karnataka|Tier 2B,Karnataka|Belgaum,,,Karnataka|Belgaum,,
Surannavar Hospital,Karnataka,Belagavi,Belgaum,Tier 2B,No,No,No,Yes,No,Karnataka|Tier 2B,Karnataka|Belgaum,,,,Karnataka|Belgaum,
SANDHYA EYE CARE,West Bengal,Belda Paschim Medinipur,Belda,Tier 3,No,No,No,No,No,West Bengal|Tier 3,West Bengal|Belda,,,,,
LOTUS HOSPITAL,Karnataka,Belgaum,Belgaum,Tier 2B,Yes,Yes,No,Yes,Yes,Karnataka|Tier 2B,Karnataka|Belgaum,Karnataka|Belgaum,Karnataka|Belgaum,,Karnataka|Belgaum,Karnataka|Belgaum
S4 (sukh shanti super speciality) Gokak,Karnataka,Belgavi,Belgaum,Tier 2B,No,No,No,Yes,No,Karnataka|Tier 2B,Karnataka|Belgaum,,,,Karnataka|Belgaum,
SRI LAXMI HOSPITAL,Telangana,BELLAMPALLI,Bellampalli,Tier 3,No,No,No,No,No,Telangana|Tier 3,Telangana|Bellampalli,,,,,
bhawani hospital,Chhattisgarh,BEMETARA,Bemetara,Tier 3,No,No,No,Yes,No,Chhattisgarh|Tier 3,Chhattisgarh|Bemetara,,,,Chhattisgarh|Bemetara,
SUPRA HOSPITAL A UNIT OF BASAVA HOSPITAL,Karnataka,Bengalore,Bengalore,Tier 3,Yes,Yes,No,Yes,Yes,Karnataka|Tier 3,Karnataka|Bengalore,Karnataka|Bengalore,Karnataka|Bengalore,,Karnataka|Bengalore,Karnataka|Bengalore
Abhayahasta Diagnostic Center Private Limited,Karnataka,Bengalore,Bengalore,Tier 3,Yes,Yes,Yes,Yes,Yes,Karnataka|Tier 3,Karnataka|Bengalore,Karnataka|Bengalore,Karnataka|Bengalore,Karnataka|Bengalore,Karnataka|Bengalore,Karnataka|Bengalore
Ravi Superspeciality Eye Hospital,Karnataka,Bengaluru,Bangalore,Tier 1,No,No,Yes,No,No,Karnataka|Tier 1,Karnataka|Bangalore,,,Karnataka|Bangalore,,
SUPRA HOSPITAL,Karnataka,BENGALURU,Bangalore,Tier 1,Yes,Yes,No,Yes,Yes,Karnataka|Tier 1,Karnataka|Bangalore,Karnataka|Bangalore,Karnataka|Bangalore,,Karnataka|Bangalore,Karnataka|Bangalore
TRUST MED MULTISPECIALITY HOSPITAL,Karnataka,Bengaluru,Bangalore,Tier 1,Yes,Yes,No,Yes,Yes,Karnataka|Tier 1,Karnataka|Bangalore,Karnataka|Bangalore,Karnataka|Bangalore,,Karnataka|Bangalore,Karnataka|Bangalore
Seedi Eyecare Centre,Karnataka,Bengaluru,Bangalore,Tier 1,No,No,Yes,No,No,Karnataka|Tier 1,Karnataka|Bangalore,,,Karnataka|Bangalore,,
APEX HOSPITAL,Karnataka,Bengaluru,Bangalore,Tier 1,Yes,Yes,Yes,Yes,Yes,Karnataka|Tier 1,Karnataka|Bangalore,Karnataka|Bangalore,Karnataka|Bangalore,Karnataka|Bangalore,Karnataka|Bangalore,Karnataka|Bangalore
Zymus Hospital,Karnataka,Bengaluru,Bangalore,Tier 1,No,Yes,Yes,Yes,No,Karnataka|Tier 1,Karnataka|Bangalore,,Karnataka|Bangalore,Karnataka|Bangalore,Karnataka|Bangalore,
Raksha Health Care,Karnataka,Bengaluru North,Bengaluru North,Tier 3,No,Yes,No,Yes,No,Karnataka|Tier 3,Karnataka|Bengaluru North,,Karnataka|Bengaluru North,,Karnataka|Bengaluru North,
VCNR HOSPITAL,Karnataka,Bengaluru Rural,Bangalore,Tier 1,No,Yes,No,Yes,Yes,Karnataka|Tier 1,Karnataka|Bangalore,,Karnataka|Bangalore,,Karnataka|Bangalore,Karnataka|Bangalore
Manmohini Healthcare Private Limited,West Bengal,Berhampore,Berhampore,Tier 3,Yes,Yes,No,Yes,Yes,West Bengal|Tier 3,West Bengal|Berhampore,West Bengal|Berhampore,West Bengal|Berhampore,,West Bengal|Berhampore,West Bengal|Berhampore
Jeevan Deep Special Care & Diagnostic Centre Private Limited,West Bengal,Berhampore,Berhampore,Tier 3,No,Yes,No,Yes,Yes,West Bengal|Tier 3,West Bengal|Berhampore,,West Bengal|Berhampore,,West Bengal|Berhampore,West Bengal|Berhampore
DISHA EYE HOSPITALS PVT LTD,West Bengal,BERHAMPORE,Berhampore,Tier 3,No,No,Yes,No,No,West Bengal|Tier 3,West Bengal|Berhampore,,,West Bengal|Berhampore,,
Lila Hospitals Private Limited,West Bengal,BERHAMPORE,Berhampore,Tier 3,No,Yes,Yes,No,Yes,West Bengal|Tier 3,West Bengal|Berhampore,,West Bengal|Berhampore,West Bengal|Berhampore,,West Bengal|Berhampore
GITARAM HOSPITAL PRIVATE LIMITED,West Bengal,BERHAMPORE,Berhampore,Tier 3,Yes,Yes,Yes,Yes,No,West Bengal|Tier 3,West Bengal|Berhampore,West Bengal|Berhampore,West Bengal|Berhampore,West Bengal|Berhampore,West Bengal|Berhampore,
JEEVAN DEEP NURSING HOME & DIAGNOSTIC CENTRE,West Bengal,BERHAMPORE,Berhampore,Tier 3,No,No,No,Yes,Yes,West Bengal|Tier 3,West Bengal|Berhampore,,,,West Bengal|Berhampore,West Bengal|Berhampore
CHARAK SQUARE HOSPITECH,West Bengal,BERHAMPORE,Berhampore,Tier 3,Yes,Yes,Yes,Yes,Yes,West Bengal|Tier 3,West Bengal|Berhampore,West Bengal|Berhampore,West Bengal|Berhampore,West Bengal|Berhampore,West Bengal|Berhampore,West Bengal|Berhampore
SAIRAM HOSPITAL,Orissa,Berhampur,Berhampur,Tier 3,No,No,No,Yes,No,Orissa|Tier 3,Orissa|Berhampur,,,,Orissa|Berhampur,
KIRAN HOSPITAL,Orissa,BERHAMPUR,Berhampur,Tier 3,No,Yes,No,Yes,Yes,Orissa|Tier 3,Orissa|Berhampur,,Orissa|Berhampur,,Orissa|Berhampur,Orissa|Berhampur
VISION CARE EYE HOSPITAL,Orissa,BERHAMPUR,Berhampur,Tier 3,No,No,Yes,No,No,Orissa|Tier 3,Orissa|Berhampur,,,Orissa|Berhampur,,
IMS & SUM HOSPITAL CAMPUS III,Orissa,BERHAMPUR,Berhampur,Tier 3,Yes,Yes,Yes,Yes,Yes,Orissa|Tier 3,Orissa|Berhampur,Orissa|Berhampur,Orissa|Berhampur,Orissa|Berhampur,Orissa|Berhampur,Orissa|Berhampur
Samarpan Mother and Multicare Hospital,Madhya Pradesh,BETUL,Betul,Tier 3,No,No,No,Yes,No,Madhya Pradesh|Tier 3,Madhya Pradesh|Betul,,,,Madhya Pradesh|Betul,
Anjali ICU And Multispecialty Health Care Centre LLP,Maharashtra,Bhadgaon,Bhadgaon,Tier 3,No,No,No,Yes,No,Maharashtra|Tier 3,Maharashtra|Bhadgaon,,,,Maharashtra|Bhadgaon,
JAYDEEP HOSPITAL,Uttar Pradesh,BHADOHI,Bhadohi,Tier 3,No,Yes,Yes,Yes,Yes,Uttar Pradesh|Tier 3,Uttar Pradesh|Bhadohi,,Uttar Pradesh|Bhadohi,Uttar Pradesh|Bhadohi,Uttar Pradesh|Bhadohi,Uttar Pradesh|Bhadohi
TOWN HOSPITAL AND DIAGNOSTICS,Uttar Pradesh,BHADOHI,Bhadohi,Tier 3,Yes,Yes,No,Yes,Yes,Uttar Pradesh|Tier 3,Uttar Pradesh|Bhadohi,Uttar Pradesh|Bhadohi,Uttar Pradesh|Bhadohi,,Uttar Pradesh|Bhadohi,Uttar Pradesh|Bhadohi
YAMINI MULTISPECIALITY HOSPITAL,Telangana,BHADRADRI KOTHAGUDEM DISTRICT,Kothagudem,Tier 3,No,No,No,Yes,No,Telangana|Tier 3,Telangana|Kothagudem,,,,Telangana|Kothagudem,
SRI BALAJI HOSPITAL,Telangana,BHADRADRI KOTHAGUEDM,Kothagudem,Tier 3,No,No,No,No,No,Telangana|Tier 3,Telangana|Kothagudem,,,,,
G.S HOSPITAL AND ENDOSCOPY CENTRE,Bihar,BHAGALPUR,Bhagalpur,Tier 3,No,No,No,Yes,No,Bihar|Tier 3,Bihar|Bhagalpur,,,,Bihar|Bhagalpur,
KIDNEY STONE & UROLOGY CLINIC,Bihar,BHAGALPUR,Bhagalpur,Tier 3,No,No,No,No,No,Bihar|Tier 3,Bihar|Bhagalpur,,,,,
GARIB NAWAZ EYE CARE,Bihar,Bhagalpur,Bhagalpur,Tier 3,No,No,Yes,No,No,Bihar|Tier 3,Bihar|Bhagalpur,,,Bihar|Bhagalpur,,
SRI RAM HOSPITAL,Bihar,BHAGALPUR,Bhagalpur,Tier 3,No,No,No,Yes,No,Bihar|Tier 3,Bihar|Bhagalpur,,,,Bihar|Bhagalpur,
Dr. Yerpudes Aayu Tatva Ayurved Hospital & Panchkarma Centre,Maharashtra,BHANDARA,Bhandara,Tier 3,No,No,No,No,No,Maharashtra|Tier 3,Maharashtra|Bhandara,,,,,
BALKRISHNA MULTISPECIALITY,Maharashtra,bhandara,Bhandara,Tier 3,Yes,Yes,No,No,Yes,Maharashtra|Tier 3,Maharashtra|Bhandara,Maharashtra|Bhandara,Maharashtra|Bhandara,,,Maharashtra|Bhandara
Dr Govind Gupta Hospital,Rajasthan,Bharatpur,Bharatpur,Tier 3,Yes,Yes,Yes,Yes,Yes,Rajasthan|Tier 3,Rajasthan|Bharatpur,Rajasthan|Bharatpur,Rajasthan|Bharatpur,Rajasthan|Bharatpur,Rajasthan|Bharatpur,Rajasthan|Bharatpur
T M HOSPITAL & FRACTURE CLINIC,Rajasthan,BHARATPUR,Bharatpur,Tier 3,No,No,No,Yes,No,Rajasthan|Tier 3,Rajasthan|Bharatpur,,,,Rajasthan|Bharatpur,
SHRI BALAJI HOSPITAL & FRACTURE CLINIC,Rajasthan,BHARATPUR,Bharatpur,Tier 3,No,No,Yes,No,No,Rajasthan|Tier 3,Rajasthan|Bharatpur,,,Rajasthan|Bharatpur,,
Vijay Hospital,Rajasthan,Bharatpur,Bharatpur,Tier 3,No,No,No,No,No,Rajasthan|Tier 3,Rajasthan|Bharatpur,,,,,
THE SOLANKI HOSPITAL,Rajasthan,Bharatpur,Bharatpur,Tier 3,No,No,Yes,Yes,Yes,Rajasthan|Tier 3,Rajasthan|Bharatpur,,,Rajasthan|Bharatpur,Rajasthan|Bharatpur,Rajasthan|Bharatpur
Neo Care NICU & Children Hospital,Gujarat,BHARUCH,Bharuch,Tier 3,No,No,No,No,No,Gujarat|Tier 3,Gujarat|Bharuch,,,,,
BARODHEART MULTISPECIALITY HOSPITAL,Gujarat,bharuch,Bharuch,Tier 3,Yes,Yes,Yes,Yes,Yes,Gujarat|Tier 3,Gujarat|Bharuch,Gujarat|Bharuch,Gujarat|Bharuch,Gujarat|Bharuch,Gujarat|Bharuch,Gujarat|Bharuch
JB Hospital And Maternity Care,Gujarat,Bharuch,Bharuch,Tier 3,No,No,No,Yes,No,Gujarat|Tier 3,Gujarat|Bharuch,,,,Gujarat|Bharuch,
Welcare Hospital,Gujarat,Bharuch,Bharuch,Tier 3,Yes,No,Yes,Yes,Yes,Gujarat|Tier 3,Gujarat|Bharuch,Gujarat|Bharuch,,Gujarat|Bharuch,Gujarat|Bharuch,Gujarat|Bharuch
Adhrit Healthcare,Gujarat,Bharuch,Bharuch,Tier 3,No,No,No,Yes,No,Gujarat|Tier 3,Gujarat|Bharuch,,,,Gujarat|Bharuch,
Kinkhab Orthopaedic and Surgical Hospital.,Gujarat,Bharuch,Bharuch,Tier 3,No,No,No,No,No,Gujarat|Tier 3,Gujarat|Bharuch,,,,,
AATMIYACARE HOSPITAL,Gujarat,Bharuch,Bharuch,Tier 3,Yes,No,No,Yes,No,Gujarat|Tier 3,Gujarat|Bharuch,Gujarat|Bharuch,,,Gujarat|Bharuch,
BHARUCH ORTHOPEDIC HOPSITAL,Gujarat,BHARUCH,Bharuch,Tier 3,No,No,No,No,No,Gujarat|Tier 3,Gujarat|Bharuch,,,,,
Thadhani Hospital,Gujarat,bharuch,Bharuch,Tier 3,No,No,Yes,No,No,Gujarat|Tier 3,Gujarat|Bharuch,,,Gujarat|Bharuch,,
MAMTA HOSPITAL,Gujarat,BHARUCH,Bharuch,Tier 3,No,No,No,Yes,No,Gujarat|Tier 3,Gujarat|Bharuch,,,,Gujarat|Bharuch,
Aagman Hospital Bharuch,Gujarat,BHARUCH,Bharuch,Tier 3,No,No,No,Yes,No,Gujarat|Tier 3,Gujarat|Bharuch,,,,Gujarat|Bharuch,
SANKALP HOSPITAL,Gujarat,BHARUCH,Bharuch,Tier 3,No,No,No,Yes,No,Gujarat|Tier 3,Gujarat|Bharuch,,,,Gujarat|Bharuch,
NEO POLUS HEALTH CARE,Punjab,Bhatinda,Bathinda,Tier 3,No,No,Yes,No,No,Punjab|Tier 3,Punjab|Bathinda,,,Punjab|Bathinda,,
SHREE B S HOSPITAL,Madhya Pradesh,Bhatkhedi,Bhatkhedi,Tier 3,No,No,Yes,Yes,No,Madhya Pradesh|Tier 3,Madhya Pradesh|Bhatkhedi,,,Madhya Pradesh|Bhatkhedi,Madhya Pradesh|Bhatkhedi,
CLEAR VISION EYE HOSPITAL LIMITED - BHAVNAGAR JAIL ROAD BRANCH,Gujarat,BHAVNAGAR,Bhavnagar,Tier 2B,No,No,Yes,No,No,Gujarat|Tier 2B,Gujarat|Bhavnagar,,,Gujarat|Bhavnagar,,
PARIVAR HEALTHCARE HOSPITAL,Gujarat,Bhavnagar,Bhavnagar,Tier 2B,Yes,No,Yes,Yes,Yes,Gujarat|Tier 2B,Gujarat|Bhavnagar,Gujarat|Bhavnagar,,Gujarat|Bhavnagar,Gujarat|Bhavnagar,Gujarat|Bhavnagar
SHRI DADAJI RETINA CARE,Chhattisgarh,BHILAI,Bhilai,Tier 3,No,No,Yes,No,No,Chhattisgarh|Tier 3,Chhattisgarh|Bhilai,,,Chhattisgarh|Bhilai,,
MR Orthopaedics Hospital,Chhattisgarh,Bhilai,Bhilai,Tier 3,No,No,No,No,No,Chhattisgarh|Tier 3,Chhattisgarh|Bhilai,,,,,
"Krishna Hospital, Shahpura (A unit of Dasra Healthcare Limited)",Rajasthan,Bhilwara,Bhilwara,Tier 3,No,No,No,Yes,Yes,Rajasthan|Tier 3,Rajasthan|Bhilwara,,,,Rajasthan|Bhilwara,Rajasthan|Bhilwara
Swastikhospitalbhilwara,Rajasthan,Bhilwara,Bhilwara,Tier 3,No,No,No,No,Yes,Rajasthan|Tier 3,Rajasthan|Bhilwara,,,,,Rajasthan|Bhilwara
SHIVAMHOSPITAL,Rajasthan,BHILWARA,Bhilwara,Tier 3,No,No,No,No,No,Rajasthan|Tier 3,Rajasthan|Bhilwara,,,,,
NETRADHAM DRISHTI VIGYAN SANSTHAN,Rajasthan,BHILWARA,Bhilwara,Tier 3,No,No,Yes,No,No,Rajasthan|Tier 3,Rajasthan|Bhilwara,,,Rajasthan|Bhilwara,,
devasthali eye hospital,Rajasthan,BHILWARA,Bhilwara,Tier 3,No,No,Yes,No,No,Rajasthan|Tier 3,Rajasthan|Bhilwara,,,Rajasthan|Bhilwara,,
MANAV SEWA SANSTHAN HOSPIOTAL,Rajasthan,bhilwara,Bhilwara,Tier 3,No,No,No,No,Yes,Rajasthan|Tier 3,Rajasthan|Bhilwara,,,,,Rajasthan|Bhilwara
Nallaparaju venkata Raju hospital,Andhra Pradesh,BHIMAVARAM,Bhimavaram,Tier 3,No,Yes,No,Yes,No,Andhra Pradesh|Tier 3,Andhra Pradesh|Bhimavaram,,Andhra Pradesh|Bhimavaram,,Andhra Pradesh|Bhimavaram,
MOTHERNESS FERTILITY WOMEN AND CHILDREN'S HOSPITAL,Andhra Pradesh,BHIMAVARAM,Bhimavaram,Tier 3,No,No,No,Yes,Yes,Andhra Pradesh|Tier 3,Andhra Pradesh|Bhimavaram,,,,Andhra Pradesh|Bhimavaram,Andhra Pradesh|Bhimavaram
PRANAYU MULTISPECIALITY HOSPITAL,Maharashtra,Bhivandi,Bhiwandi,Tier 2B,Yes,Yes,Yes,No,No,Maharashtra|Tier 2B,Maharashtra|Bhiwandi,Maharashtra|Bhiwandi,Maharashtra|Bhiwandi,Maharashtra|Bhiwandi,,
GV HOSPITAL,Rajasthan,BHIWADI,Bhiwadi,Tier 3,Yes,Yes,No,Yes,Yes,Rajasthan|Tier 3,Rajasthan|Bhiwadi,Rajasthan|Bhiwadi,Rajasthan|Bhiwadi,,Rajasthan|Bhiwadi,Rajasthan|Bhiwadi
SRI KRISHNA HOSPITAL,Rajasthan,BHIWADI,Bhiwadi,Tier 3,No,No,No,Yes,Yes,Rajasthan|Tier 3,Rajasthan|Bhiwadi,,,,Rajasthan|Bhiwadi,Rajasthan|Bhiwadi
Shivoham Hospital and Trauma Centre,Rajasthan,Bhiwadi,Bhiwadi,Tier 3,No,No,No,Yes,No,Rajasthan|Tier 3,Rajasthan|Bhiwadi,,,,Rajasthan|Bhiwadi,
Y K HOSPITAL,Rajasthan,Bhiwadi,Bhiwadi,Tier 3,No,No,Yes,Yes,No,Rajasthan|Tier 3,Rajasthan|Bhiwadi,,,Rajasthan|Bhiwadi,Rajasthan|Bhiwadi,
VIJAY HOSPITAL,Rajasthan,BHIWADI,Bhiwadi,Tier 3,No,No,No,Yes,No,Rajasthan|Tier 3,Rajasthan|Bhiwadi,,,,Rajasthan|Bhiwadi,
RELIEF HOSPITAL,Rajasthan,BHIWADI,Bhiwadi,Tier 3,Yes,No,No,No,No,Rajasthan|Tier 3,Rajasthan|Bhiwadi,Rajasthan|Bhiwadi,,,,
RAAHAT HOSPITAL & DENTAL CENTRE,Rajasthan,BHIWADI,Bhiwadi,Tier 3,No,No,Yes,No,No,Rajasthan|Tier 3,Rajasthan|Bhiwadi,,,Rajasthan|Bhiwadi,,
VINAYAK HOSPITAL AND ICU,Maharashtra,Bhiwadi (Thane),Bhiwadi Thane,Tier 3,No,No,No,Yes,No,Maharashtra|Tier 3,Maharashtra|Bhiwadi Thane,,,,Maharashtra|Bhiwadi Thane,
RABEE HSPITAL,Maharashtra,bhiwandi,Bhiwandi,Tier 2B,No,Yes,No,Yes,No,Maharashtra|Tier 2B,Maharashtra|Bhiwandi,,Maharashtra|Bhiwandi,,Maharashtra|Bhiwandi,
MAAULI HOSPITAL,Maharashtra,Bhiwandi,Bhiwandi,Tier 2B,No,Yes,Yes,Yes,Yes,Maharashtra|Tier 2B,Maharashtra|Bhiwandi,,Maharashtra|Bhiwandi,Maharashtra|Bhiwandi,Maharashtra|Bhiwandi,Maharashtra|Bhiwandi
Ankur Hospital,Maharashtra,bhiwandi,Bhiwandi,Tier 2B,No,Yes,No,Yes,Yes,Maharashtra|Tier 2B,Maharashtra|Bhiwandi,,Maharashtra|Bhiwandi,,Maharashtra|Bhiwandi,Maharashtra|Bhiwandi
SANJIVANI MULTISPECIALITY HOSPITAL,Maharashtra,bhiwandi,Bhiwandi,Tier 2B,No,Yes,No,Yes,No,Maharashtra|Tier 2B,Maharashtra|Bhiwandi,,Maharashtra|Bhiwandi,,Maharashtra|Bhiwandi,
SOHAM HOSPITAL,Maharashtra,bhiwandi,Bhiwandi,Tier 2B,No,No,No,No,No,Maharashtra|Tier 2B,Maharashtra|Bhiwandi,,,,,
ALEXIS HOSPITAL AND CRITICAL CARE CENTRE,Maharashtra,BHIWANDI-THANE,Bhiwandi Thane,Tier 3,Yes,Yes,No,Yes,Yes,Maharashtra|Tier 3,Maharashtra|Bhiwandi Thane,Maharashtra|Bhiwandi Thane,Maharashtra|Bhiwandi Thane,,Maharashtra|Bhiwandi Thane,Maharashtra|Bhiwandi Thane
"AGRAWAL EYE & ENT HOSPITAL,",Maharashtra,Bhiwandi-Thane-421302,Bhiwandi Thane,Tier 3,No,No,No,No,No,Maharashtra|Tier 3,Maharashtra|Bhiwandi Thane,,,,,
Sunflag Multispeciality Hospital Bhiwani,Haryana,Bhiwani,Bhiwani,Tier 3,Yes,No,No,Yes,Yes,Haryana|Tier 3,Haryana|Bhiwani,Haryana|Bhiwani,,,Haryana|Bhiwani,Haryana|Bhiwani
Nucleus Hospital,Haryana,Bhiwani,Bhiwani,Tier 3,Yes,Yes,No,No,No,Haryana|Tier 3,Haryana|Bhiwani,Haryana|Bhiwani,Haryana|Bhiwani,,,
JAI JAMVAY MATA AND BHAIRVA HOSPITAL,Haryana,BHIWANI,Bhiwani,Tier 3,No,No,No,Yes,No,Haryana|Tier 3,Haryana|Bhiwani,,,,Haryana|Bhiwani,
RAHUL HOSPITAL,Haryana,BHIWANI,Bhiwani,Tier 3,No,No,No,No,No,Haryana|Tier 3,Haryana|Bhiwani,,,,,
AyushmanMultispecialityhospital,Haryana,bhiwani,Bhiwani,Tier 3,No,No,Yes,Yes,Yes,Haryana|Tier 3,Haryana|Bhiwani,,,Haryana|Bhiwani,Haryana|Bhiwani,Haryana|Bhiwani
JANGRA MULTISPECIALITY HOSPITAL,Haryana,Bhiwani Lohar (22),Bhiwani Lohar,Tier 3,Yes,No,No,Yes,No,Haryana|Tier 3,Haryana|Bhiwani Lohar,Haryana|Bhiwani Lohar,,,Haryana|Bhiwani Lohar,
SKSANJEEV MULTISPECIALITY HOSPITAL PVT. LTD.,Punjab,BHOGPUR,Bhogpur,Tier 3,Yes,No,No,Yes,Yes,Punjab|Tier 3,Punjab|Bhogpur,Punjab|Bhogpur,,,Punjab|Bhogpur,Punjab|Bhogpur
RL MEMORIAL HOSPITAL,Bihar,BHOJPUR,Arrah,Tier 3,No,No,No,Yes,No,Bihar|Tier 3,Bihar|Arrah,,,,Bihar|Arrah,
GIRNARE HOSPITAL,Maharashtra,BHOKARDAN,Bhokardan,Tier 3,No,No,No,Yes,No,Maharashtra|Tier 3,Maharashtra|Bhokardan,,,,Maharashtra|Bhokardan,
Prabal Multispeciality Hospital,Madhya Pradesh,BHOPAL,Bhopal,Tier 2B,Yes,Yes,No,Yes,No,Madhya Pradesh|Tier 2B,Madhya Pradesh|Bhopal,Madhya Pradesh|Bhopal,Madhya Pradesh|Bhopal,,Madhya Pradesh|Bhopal,
LAXMI MULTI SPECIALITY HOSPITAL,Madhya Pradesh,BHOPAL,Bhopal,Tier 2B,No,No,No,Yes,No,Madhya Pradesh|Tier 2B,Madhya Pradesh|Bhopal,,,,Madhya Pradesh|Bhopal,
Aradhana Maternity and Kidney Hospital,Madhya Pradesh,BHOPAL,Bhopal,Tier 2B,No,No,No,Yes,No,Madhya Pradesh|Tier 2B,Madhya Pradesh|Bhopal,,,,Madhya Pradesh|Bhopal,
Netrika Netralaya,Madhya Pradesh,Bhopal,Bhopal,Tier 2B,No,No,Yes,No,No,Madhya Pradesh|Tier 2B,Madhya Pradesh|Bhopal,,,Madhya Pradesh|Bhopal,,
SYNERGYSUPERSPECIALITYHOSPITAL,Madhya Pradesh,BHOPAL,Bhopal,Tier 2B,Yes,Yes,No,Yes,Yes,Madhya Pradesh|Tier 2B,Madhya Pradesh|Bhopal,Madhya Pradesh|Bhopal,Madhya Pradesh|Bhopal,,Madhya Pradesh|Bhopal,Madhya Pradesh|Bhopal
BHOPAL SURGICAL AND MATERNITY HOSPITAL PRIVATE LIMITED (UNIT -BELS HOSPITAL),Madhya Pradesh,BHOPAL,Bhopal,Tier 2B,Yes,Yes,Yes,Yes,Yes,Madhya Pradesh|Tier 2B,Madhya Pradesh|Bhopal,Madhya Pradesh|Bhopal,Madhya Pradesh|Bhopal,Madhya Pradesh|Bhopal,Madhya Pradesh|Bhopal,Madhya Pradesh|Bhopal
GAYATRI SWAROOP HOSPITAL,Madhya Pradesh,BHOPAL,Bhopal,Tier 2B,Yes,Yes,No,No,No,Madhya Pradesh|Tier 2B,Madhya Pradesh|Bhopal,Madhya Pradesh|Bhopal,Madhya Pradesh|Bhopal,,,
MARVEL HOSPITAL PVT LTD,Madhya Pradesh,BHOPAL,Bhopal,Tier 2B,Yes,Yes,Yes,Yes,Yes,Madhya Pradesh|Tier 2B,Madhya Pradesh|Bhopal,Madhya Pradesh|Bhopal,Madhya Pradesh|Bhopal,Madhya Pradesh|Bhopal,Madhya Pradesh|Bhopal,Madhya Pradesh|Bhopal
SANT CITY,Madhya Pradesh,BHOPAL,Bhopal,Tier 2B,Yes,No,No,Yes,No,Madhya Pradesh|Tier 2B,Madhya Pradesh|Bhopal,Madhya Pradesh|Bhopal,,,Madhya Pradesh|Bhopal,
Vaishnavi Multispeciality Hospital,Madhya Pradesh,Bhopal,Bhopal,Tier 2B,Yes,No,No,Yes,No,Madhya Pradesh|Tier 2B,Madhya Pradesh|Bhopal,Madhya Pradesh|Bhopal,,,Madhya Pradesh|Bhopal,
HP EYE AND RETINA CARE,Madhya Pradesh,bhopal,Bhopal,Tier 2B,No,No,Yes,No,No,Madhya Pradesh|Tier 2B,Madhya Pradesh|Bhopal,,,Madhya Pradesh|Bhopal,,
Perfect Multispeciality Hospital And Cancer Centre,Madhya Pradesh,Bhopal,Bhopal,Tier 2B,Yes,Yes,No,Yes,Yes,Madhya Pradesh|Tier 2B,Madhya Pradesh|Bhopal,Madhya Pradesh|Bhopal,Madhya Pradesh|Bhopal,,Madhya Pradesh|Bhopal,Madhya Pradesh|Bhopal
Manomay Maternity And Nursing Home,Madhya Pradesh,BHOPAL,Bhopal,Tier 2B,No,Yes,No,Yes,No,Madhya Pradesh|Tier 2B,Madhya Pradesh|Bhopal,,Madhya Pradesh|Bhopal,,Madhya Pradesh|Bhopal,
DR. PRASAD ENT HOSPITAL,Maharashtra,BHOSARI,Pune,Tier 1,No,No,No,No,No,Maharashtra|Tier 1,Maharashtra|Pune,,,,,
SRL MEMORIAL,Orissa,BHUBANESWAR,Bhubaneshwar,Tier 2A,No,No,No,Yes,No,Orissa|Tier 2A,Orissa|Bhubaneshwar,,,,Orissa|Bhubaneshwar,
AAYUSHMAN HOSPITAL,Orissa,Bhubaneswar,Bhubaneshwar,Tier 2A,Yes,Yes,Yes,Yes,Yes,Orissa|Tier 2A,Orissa|Bhubaneshwar,Orissa|Bhubaneshwar,Orissa|Bhubaneshwar,Orissa|Bhubaneshwar,Orissa|Bhubaneshwar,Orissa|Bhubaneshwar
SHRUSTI EYE CARE CENTRE,Orissa,BHUBANESWAR,Bhubaneshwar,Tier 2A,No,No,Yes,No,No,Orissa|Tier 2A,Orissa|Bhubaneshwar,,,Orissa|Bhubaneshwar,,
JAGANNATH HEALTH CARE PRIVATE LIMITED,Orissa,BHUBANESWAR,Bhubaneshwar,Tier 2A,No,No,No,Yes,Yes,Orissa|Tier 2A,Orissa|Bhubaneshwar,,,,Orissa|Bhubaneshwar,Orissa|Bhubaneshwar
Adoreasia Hospital,Orissa,Bhubaneswar,Bhubaneshwar,Tier 2A,Yes,Yes,No,Yes,No,Orissa|Tier 2A,Orissa|Bhubaneshwar,Orissa|Bhubaneshwar,Orissa|Bhubaneshwar,,Orissa|Bhubaneshwar,
KUTCH AAYUSH HOSPITAL LLP,Gujarat,BHUJ,Bhuj,Tier 3,No,No,Yes,Yes,No,Gujarat|Tier 3,Gujarat|Bhuj,,,Gujarat|Bhuj,Gujarat|Bhuj,
Rainbow Children's Hospital,Maharashtra,Bhusawal,Bhusawal,Tier 3,No,No,No,No,Yes,Maharashtra|Tier 3,Maharashtra|Bhusawal,,,,,Maharashtra|Bhusawal
SHREE HARI MULTISPECIALTY HOSPITAL,Maharashtra,BHUSAWAL,Bhusawal,Tier 3,Yes,Yes,No,Yes,Yes,Maharashtra|Tier 3,Maharashtra|Bhusawal,Maharashtra|Bhusawal,Maharashtra|Bhusawal,,Maharashtra|Bhusawal,Maharashtra|Bhusawal
Goldcity Hospital,Maharashtra,Bhusawal,Bhusawal,Tier 3,Yes,No,No,No,No,Maharashtra|Tier 3,Maharashtra|Bhusawal,Maharashtra|Bhusawal,,,,
BHOLE HOSPITAL,Maharashtra,BHUSAWAL,Bhusawal,Tier 3,Yes,No,No,Yes,No,Maharashtra|Tier 3,Maharashtra|Bhusawal,Maharashtra|Bhusawal,,,Maharashtra|Bhusawal,
RANEEYEHOSPITAL,Maharashtra,BHUSAWAL,Bhusawal,Tier 3,No,No,Yes,No,No,Maharashtra|Tier 3,Maharashtra|Bhusawal,,,Maharashtra|Bhusawal,,
OM HOSPITAL,Maharashtra,BHUSAWAL,Bhusawal,Tier 3,No,No,No,No,No,Maharashtra|Tier 3,Maharashtra|Bhusawal,,,,,
Arpan Hospital & Maternity Nursing Home,Maharashtra,Bhusawal,Bhusawal,Tier 3,No,No,No,Yes,No,Maharashtra|Tier 3,Maharashtra|Bhusawal,,,,Maharashtra|Bhusawal,
DR. JADHAV HOSPITAL,Karnataka,BIDAR,Bidar,Tier 3,No,No,No,Yes,Yes,Karnataka|Tier 3,Karnataka|Bidar,,,,Karnataka|Bidar,Karnataka|Bidar
MAKKALA SANKALPA HOSPITAL LLP,Karnataka,BIDAR,Bidar,Tier 3,No,No,No,Yes,Yes,Karnataka|Tier 3,Karnataka|Bidar,,,,Karnataka|Bidar,Karnataka|Bidar
shubham neuro centre bidar,Karnataka,Bidar,Bidar,Tier 3,No,No,No,Yes,No,Karnataka|Tier 3,Karnataka|Bidar,,,,Karnataka|Bidar,
TALWADE HOSPITAL,Karnataka,BIDAR,Bidar,Tier 3,Yes,No,No,Yes,Yes,Karnataka|Tier 3,Karnataka|Bidar,Karnataka|Bidar,,,Karnataka|Bidar,Karnataka|Bidar
INFINITY VISION EYE CARE HOSPITAL,Karnataka,BIDAR,Bidar,Tier 3,No,No,Yes,No,No,Karnataka|Tier 3,Karnataka|Bidar,,,Karnataka|Bidar,,
Yashosai Hospital,Karnataka,Bidar,Bidar,Tier 3,No,Yes,No,Yes,No,Karnataka|Tier 3,Karnataka|Bidar,,Karnataka|Bidar,,Karnataka|Bidar,
Oxylife Hospital Bidar,Karnataka,Bidar - Karnataka,Bidar,Tier 3,No,No,No,Yes,Yes,Karnataka|Tier 3,Karnataka|Bidar,,,,Karnataka|Bidar,Karnataka|Bidar
CHANSHETTY HOSPITAL,Karnataka,Bidar (CMC + OG),Bidar,Tier 3,No,No,No,Yes,Yes,Karnataka|Tier 3,Karnataka|Bidar,,,,Karnataka|Bidar,Karnataka|Bidar
united hospital,Karnataka,Bidare,Bidare,Tier 3,No,No,No,Yes,No,Karnataka|Tier 3,Karnataka|Bidare,,,,Karnataka|Bidare,
UROSQUARE MEDICAL SERVICES LLP,West Bengal,BIDHANNAGAR KOLKATA,Bidhannagar Kolkata,Tier 3,No,No,No,Yes,No,West Bengal|Tier 3,West Bengal|Bidhannagar Kolkata,,,,West Bengal|Bidhannagar Kolkata,
SIDHI VINAYAK HADDI HOSPITAL,Bihar,BIHAR SARIF NALANDA,Bihar Sharif,Tier 3,No,No,No,No,No,Bihar|Tier 3,Bihar|Bihar Sharif,,,,,
SAGAR HOSPITAL,Bihar,BIHARSARIF,Bihar Sharif,Tier 3,No,No,No,Yes,Yes,Bihar|Tier 3,Bihar|Bihar Sharif,,,,Bihar|Bihar Sharif,Bihar|Bihar Sharif
MATRITVA CHHAYA HOSPITAL,Bihar,BIHARSARIF NALANDA,Bihar Sharif,Tier 3,No,No,No,Yes,No,Bihar|Tier 3,Bihar|Bihar Sharif,,,,Bihar|Bihar Sharif,
DEVRAJ EYE AND CHILDCARE CENTER,Uttar Pradesh,BIJNOR,Bijnor,Tier 3,No,No,Yes,No,No,Uttar Pradesh|Tier 3,Uttar Pradesh|Bijnor,,,Uttar Pradesh|Bijnor,,
Shri Sai Hospital  Maternity And Trauma Center,Uttar Pradesh,Bijnor,Bijnor,Tier 3,No,No,No,Yes,No,Uttar Pradesh|Tier 3,Uttar Pradesh|Bijnor,,,,Uttar Pradesh|Bijnor,
Maa Kamakhya Multispeciality Hospital,Uttar Pradesh,Bijnor,Bijnor,Tier 3,Yes,No,Yes,Yes,Yes,Uttar Pradesh|Tier 3,Uttar Pradesh|Bijnor,Uttar Pradesh|Bijnor,,Uttar Pradesh|Bijnor,Uttar Pradesh|Bijnor,Uttar Pradesh|Bijnor
Marwar research & referral hospital,Rajasthan,BIKANER,Bikaner,Tier 2B,No,No,No,Yes,Yes,Rajasthan|Tier 2B,Rajasthan|Bikaner,,,,Rajasthan|Bikaner,Rajasthan|Bikaner
Bikaner Heart & Super Specialty Hospital,Rajasthan,Bikaner,Bikaner,Tier 2B,Yes,No,No,Yes,Yes,Rajasthan|Tier 2B,Rajasthan|Bikaner,Rajasthan|Bikaner,,,Rajasthan|Bikaner,Rajasthan|Bikaner
KRISHNA MULTISPECIALITY HOSPITAL,Rajasthan,BIKANER,Bikaner,Tier 2B,No,No,No,Yes,No,Rajasthan|Tier 2B,Rajasthan|Bikaner,,,,Rajasthan|Bikaner,
AGRAWAL CHILDREN HOSPITAL,Chhattisgarh,BILASPUR,Bilaspur,Tier 3,No,No,No,No,Yes,Chhattisgarh|Tier 3,Chhattisgarh|Bilaspur,,,,,Chhattisgarh|Bilaspur
JP MULTISPECIALITY AND WOMAN CARE CLINIC NURSING HOME,Chhattisgarh,BILASPUR,Bilaspur,Tier 3,No,No,No,Yes,Yes,Chhattisgarh|Tier 3,Chhattisgarh|Bilaspur,,,,Chhattisgarh|Bilaspur,Chhattisgarh|Bilaspur
SHRI KRISHNA HOSPITAL,Chhattisgarh,BILASPUR,Bilaspur,Tier 3,No,Yes,No,Yes,No,Chhattisgarh|Tier 3,Chhattisgarh|Bilaspur,,Chhattisgarh|Bilaspur,,Chhattisgarh|Bilaspur,
Shree Shyam Hospital,Chhattisgarh,Bilaspur,Bilaspur,Tier 3,No,No,No,Yes,No,Chhattisgarh|Tier 3,Chhattisgarh|Bilaspur,,,,Chhattisgarh|Bilaspur,
Shriram Care Hospital,Chhattisgarh,BILASPUR,Bilaspur,Tier 3,Yes,Yes,No,Yes,Yes,Chhattisgarh|Tier 3,Chhattisgarh|Bilaspur,Chhattisgarh|Bilaspur,Chhattisgarh|Bilaspur,,Chhattisgarh|Bilaspur,Chhattisgarh|Bilaspur
GAURAV SUPERSPECIALITY HOSPITAL,Chhattisgarh,BILASPUR,Bilaspur,Tier 3,Yes,No,Yes,No,No,Chhattisgarh|Tier 3,Chhattisgarh|Bilaspur,Chhattisgarh|Bilaspur,,Chhattisgarh|Bilaspur,,
SIHARE CHILDREN HOSPITAL,Chhattisgarh,BILASPUR,Bilaspur,Tier 3,No,No,No,No,Yes,Chhattisgarh|Tier 3,Chhattisgarh|Bilaspur,,,,,Chhattisgarh|Bilaspur
DR VIJAY KUMAR KURREY,Chhattisgarh,BILASPUR,Bilaspur,Tier 3,No,No,No,Yes,No,Chhattisgarh|Tier 3,Chhattisgarh|Bilaspur,,,,Chhattisgarh|Bilaspur,
Susrut Eye Foundation (A Unit Of Susrut Eye Foundation & Resrarch Centre),West Bengal,Birbhum,Birbhum,Tier 3,No,No,Yes,No,No,West Bengal|Tier 3,West Bengal|Birbhum,,,West Bengal|Birbhum,,
Dr. Subodh Saha Multi- Speciality Hospital Pvt. Ltd,West Bengal,Birbhum,Birbhum,Tier 3,Yes,Yes,Yes,Yes,Yes,West Bengal|Tier 3,West Bengal|Birbhum,West Bengal|Birbhum,West Bengal|Birbhum,West Bengal|Birbhum,West Bengal|Birbhum,West Bengal|Birbhum
CARE NURSING HOME & DIAGNOSTIC CENTRE,West Bengal,BIRBHUM,Birbhum,Tier 3,No,No,No,Yes,No,West Bengal|Tier 3,West Bengal|Birbhum,,,,West Bengal|Birbhum,
NIVEDITA EYE CARE,West Bengal,Bishnupur,Bishnupur,Tier 3,No,No,Yes,No,No,West Bengal|Tier 3,West Bengal|Bishnupur,,,West Bengal|Bishnupur,,
Padmashree multispeciality hospital and research center,Karnataka,Bodadi,Bodadi,Tier 3,Yes,Yes,No,Yes,No,Karnataka|Tier 3,Karnataka|Bodadi,Karnataka|Bodadi,Karnataka|Bodadi,,Karnataka|Bodadi,
Pragati Hospital,Telangana,BODHAN,Bodhan,Tier 3,No,No,Yes,No,No,Telangana|Tier 3,Telangana|Bodhan,,,Telangana|Bodhan,,
LIONS EYE HOSPITAL,Telangana,Bodhan,Bodhan,Tier 3,No,No,Yes,No,No,Telangana|Tier 3,Telangana|Bodhan,,,Telangana|Bodhan,,
SHINDEHOSPITAL,Maharashtra,BOISAR,Boisar,Tier 3,Yes,No,No,Yes,No,Maharashtra|Tier 3,Maharashtra|Boisar,Maharashtra|Boisar,,,Maharashtra|Boisar,
shiv shakti hospital,Jharkhand,BOKARO,Bokaro,Tier 2B,No,No,Yes,Yes,No,Jharkhand|Tier 2B,Jharkhand|Bokaro,,,Jharkhand|Bokaro,Jharkhand|Bokaro,
BOLPUR NURSING HOME,West Bengal,BOLPUR,Bolpur,Tier 3,No,Yes,No,Yes,Yes,West Bengal|Tier 3,West Bengal|Bolpur,,West Bengal|Bolpur,,West Bengal|Bolpur,West Bengal|Bolpur
RAMKRISHNA MEDICAL CENTRE (A UNIT OF BOLPUR SHANTINIKETAN HEALTH CARE PVT LTD),West Bengal,BOLPUR,Bolpur,Tier 3,Yes,No,Yes,Yes,No,West Bengal|Tier 3,West Bengal|Bolpur,West Bengal|Bolpur,,West Bengal|Bolpur,West Bengal|Bolpur,
Pathyasathi Ayurveda,West Bengal,Bolpur,Bolpur,Tier 3,Yes,Yes,No,Yes,Yes,West Bengal|Tier 3,West Bengal|Bolpur,West Bengal|Bolpur,West Bengal|Bolpur,,West Bengal|Bolpur,West Bengal|Bolpur
HEALTH POINT A UNIT OF ADEEN HEALTHCARE PVT. LTD.,West Bengal,"BOLPUR, BIRBHUM",Bolpur Birbhum,Tier 3,Yes,Yes,Yes,Yes,Yes,West Bengal|Tier 3,West Bengal|Bolpur Birbhum,West Bengal|Bolpur Birbhum,West Bengal|Bolpur Birbhum,West Bengal|Bolpur Birbhum,West Bengal|Bolpur Birbhum,West Bengal|Bolpur Birbhum
ANUTTAMA HEALTHCARE & ORTHO HUB PRIVATE LIMITED,West Bengal,BONGAON,Bongaon,Tier 3,Yes,Yes,Yes,Yes,Yes,West Bengal|Tier 3,West Bengal|Bongaon,West Bengal|Bongaon,West Bengal|Bongaon,West Bengal|Bongaon,West Bengal|Bongaon,West Bengal|Bongaon
DREAMLAND NURSING HOME,West Bengal,BONGAON,Bongaon,Tier 3,Yes,No,Yes,Yes,Yes,West Bengal|Tier 3,West Bengal|Bongaon,West Bengal|Bongaon,,West Bengal|Bongaon,West Bengal|Bongaon,West Bengal|Bongaon
LIFELINE MULTISPECIALITY HOSPITAL,Gujarat,BORSAD,Borsad,Tier 3,No,Yes,No,Yes,No,Gujarat|Tier 3,Gujarat|Borsad,,Gujarat|Borsad,,Gujarat|Borsad,
SANGRAME  HOSPITAL  & CRITICAL CARE,Maharashtra,Brahmapuri,Brahmapuri,Tier 3,No,No,No,No,No,Maharashtra|Tier 3,Maharashtra|Brahmapuri,,,,,
Dev hospital,Uttar Pradesh,Bulandshahar,Bulandshahr,Tier 3,No,No,No,No,No,Uttar Pradesh|Tier 3,Uttar Pradesh|Bulandshahr,,,,,
Manush Jaypee Hospital,Uttar Pradesh,Bulandshahr,Bulandshahr,Tier 3,Yes,No,No,Yes,No,Uttar Pradesh|Tier 3,Uttar Pradesh|Bulandshahr,Uttar Pradesh|Bulandshahr,,,Uttar Pradesh|Bulandshahr,
DUTTA HOSPITAL,Uttar Pradesh,BULANDSHAHR,Bulandshahr,Tier 3,No,No,Yes,Yes,Yes,Uttar Pradesh|Tier 3,Uttar Pradesh|Bulandshahr,,,Uttar Pradesh|Bulandshahr,Uttar Pradesh|Bulandshahr,Uttar Pradesh|Bulandshahr
SHREE HEALTHY WING HOSPITAL,Uttar Pradesh,BULANDSHAHR,Bulandshahr,Tier 3,Yes,No,Yes,Yes,No,Uttar Pradesh|Tier 3,Uttar Pradesh|Bulandshahr,Uttar Pradesh|Bulandshahr,,Uttar Pradesh|Bulandshahr,Uttar Pradesh|Bulandshahr,
ORTHOCARE MULTISPECIALITY HOSPITAL AND TRAUMA CENTRE,Uttar Pradesh,Bulandshahr,Bulandshahr,Tier 3,No,No,No,No,No,Uttar Pradesh|Tier 3,Uttar Pradesh|Bulandshahr,,,,,
Rama Hospital,Uttar Pradesh,Bulandshahr,Bulandshahr,Tier 3,Yes,No,No,Yes,No,Uttar Pradesh|Tier 3,Uttar Pradesh|Bulandshahr,Uttar Pradesh|Bulandshahr,,,Uttar Pradesh|Bulandshahr,
SHREE JI MULTISPECIALITY HOSPITAL,Uttar Pradesh,BULANDSHAR,Bulandshahr,Tier 3,Yes,Yes,No,Yes,No,Uttar Pradesh|Tier 3,Uttar Pradesh|Bulandshahr,Uttar Pradesh|Bulandshahr,Uttar Pradesh|Bulandshahr,,Uttar Pradesh|Bulandshahr,
MAULIBALRUGNALAYANDPRASUTIGRUH,Maharashtra,BULDANA,Buldhana,Tier 3,No,No,No,Yes,No,Maharashtra|Tier 3,Maharashtra|Buldhana,,,,Maharashtra|Buldhana,
Gadakh Children Hospital,Maharashtra,Buldana,Buldhana,Tier 3,No,No,No,No,No,Maharashtra|Tier 3,Maharashtra|Buldhana,,,,,
SHINDE NETRALAY,Maharashtra,Buldana,Buldhana,Tier 3,No,No,Yes,No,No,Maharashtra|Tier 3,Maharashtra|Buldhana,,,Maharashtra|Buldhana,,
Jyotirmay Netra & Dant Hospital,Maharashtra,Buldhana,Buldhana,Tier 3,No,No,Yes,No,No,Maharashtra|Tier 3,Maharashtra|Buldhana,,,Maharashtra|Buldhana,,
Pulse Care hospital,West Bengal,Burdwan,Bardhaman,Tier 3,Yes,Yes,Yes,Yes,Yes,West Bengal|Tier 3,West Bengal|Bardhaman,West Bengal|Bardhaman,West Bengal|Bardhaman,West Bengal|Bardhaman,West Bengal|Bardhaman,West Bengal|Bardhaman
BIMS HOSPITAL A UNIT OF  BARDHAMAN INSTITUTE OF MEDICAL SCIENCE PVT. LTD.),West Bengal,BURDWAN,Bardhaman,Tier 3,Yes,Yes,Yes,Yes,Yes,West Bengal|Tier 3,West Bengal|Bardhaman,West Bengal|Bardhaman,West Bengal|Bardhaman,West Bengal|Bardhaman,West Bengal|Bardhaman,West Bengal|Bardhaman
AJHAPUR EYE HOSPITAL,West Bengal,BURDWAN,Bardhaman,Tier 3,No,No,Yes,No,No,West Bengal|Tier 3,West Bengal|Bardhaman,,,West Bengal|Bardhaman,,
EVELAND NURSING HOME,West Bengal,BURDWAN,Bardhaman,Tier 3,No,Yes,No,Yes,Yes,West Bengal|Tier 3,West Bengal|Bardhaman,,West Bengal|Bardhaman,,West Bengal|Bardhaman,West Bengal|Bardhaman
MOON HOSPITAL,West Bengal,BURDWAN,Bardhaman,Tier 3,Yes,No,No,Yes,Yes,West Bengal|Tier 3,West Bengal|Bardhaman,West Bengal|Bardhaman,,,West Bengal|Bardhaman,West Bengal|Bardhaman
Jeevandeep Nursing Home,West Bengal,BURDWAN,Bardhaman,Tier 3,Yes,Yes,No,Yes,Yes,West Bengal|Tier 3,West Bengal|Bardhaman,West Bengal|Bardhaman,West Bengal|Bardhaman,,West Bengal|Bardhaman,West Bengal|Bardhaman
Chittaranjan Advanced Medical Referral Institute,West Bengal,Burdwan,Bardhaman,Tier 3,Yes,Yes,Yes,Yes,No,West Bengal|Tier 3,West Bengal|Bardhaman,West Bengal|Bardhaman,West Bengal|Bardhaman,West Bengal|Bardhaman,West Bengal|Bardhaman,
NIRANJAN SMRITI KALYAN KENDRA PVT. LTD.,West Bengal,BURDWAN,Bardhaman,Tier 3,Yes,No,No,Yes,Yes,West Bengal|Tier 3,West Bengal|Bardhaman,West Bengal|Bardhaman,,,West Bengal|Bardhaman,West Bengal|Bardhaman
COMTRUST CHARITABLE TRUST EYE HOSPITAL,Kerala,Calicut,Kozhikode,Tier 2B,No,No,Yes,No,No,Kerala|Tier 2B,Kerala|Kozhikode,,,Kerala|Kozhikode,,
SAI NETRADHAM EYE HOSPITAL,Orissa,"CDA, CUTTACK",Cda Cuttack,Tier 3,No,No,Yes,No,No,Orissa|Tier 3,Orissa|Cda Cuttack,,,Orissa|Cda Cuttack,,
NAVKAR MULTISPECIALITY HOSPITAL,Maharashtra,CHAKAN,Chakan,Tier 3,Yes,Yes,No,Yes,No,Maharashtra|Tier 3,Maharashtra|Chakan,Maharashtra|Chakan,Maharashtra|Chakan,,Maharashtra|Chakan,
MITRA NURSING HOME,West Bengal,CHAKDAHA,Chakdaha,Tier 3,No,No,No,Yes,No,West Bengal|Tier 3,West Bengal|Chakdaha,,,,West Bengal|Chakdaha,
Saraswati Hospital,Maharashtra,Chalisgaon,Chalisgaon,Tier 3,Yes,No,No,Yes,Yes,Maharashtra|Tier 3,Maharashtra|Chalisgaon,Maharashtra|Chalisgaon,,,Maharashtra|Chalisgaon,Maharashtra|Chalisgaon
AAI MATERNITY HOSPITAL CHALISGAON,Maharashtra,CHALISGAON DIST JALGAON,Chalisgaon,Tier 3,No,No,No,Yes,No,Maharashtra|Tier 3,Maharashtra|Chalisgaon,,,,Maharashtra|Chalisgaon,
MANAVTA MULTISPECIALITY AND CRITICAL CARE CENTRE,Maharashtra,"Chalisgaon, Maharashtra 424101, India",Chalisgaon,Tier 3,No,Yes,No,No,No,Maharashtra|Tier 3,Maharashtra|Chalisgaon,,Maharashtra|Chalisgaon,,,
RAJA HIRARAM MEMORIAL SHRI KRISHNA HOSPITAL,Chhattisgarh,CHAMPA,Champa,Tier 3,No,Yes,No,Yes,No,Chhattisgarh|Tier 3,Chhattisgarh|Champa,,Chhattisgarh|Champa,,Chhattisgarh|Champa,
KALPATARU EYE CARE CENTRE,West Bengal,CHANDANNAGAR,Chandannagar,Tier 3,No,No,Yes,No,No,West Bengal|Tier 3,West Bengal|Chandannagar,,,West Bengal|Chandannagar,,
EXTENT MEDICAL & SURGICAL CENTRE,West Bengal,CHANDANNAGAR,Chandannagar,Tier 3,Yes,Yes,No,Yes,No,West Bengal|Tier 3,West Bengal|Chandannagar,West Bengal|Chandannagar,West Bengal|Chandannagar,,West Bengal|Chandannagar,
MEDITEK CENTRE,West Bengal,CHANDANNAGAR,Chandannagar,Tier 3,No,Yes,Yes,Yes,No,West Bengal|Tier 3,West Bengal|Chandannagar,,West Bengal|Chandannagar,West Bengal|Chandannagar,West Bengal|Chandannagar,
AYUSH HEALTH CARE,Uttar Pradesh,CHANDAULI,Chandauli,Tier 3,No,No,No,Yes,Yes,Uttar Pradesh|Tier 3,Uttar Pradesh|Chandauli,,,,Uttar Pradesh|Chandauli,Uttar Pradesh|Chandauli
PRATIKSHA HOSPITAL AND SURGICAL CENTRE,Uttar Pradesh,CHANDAULI,Chandauli,Tier 3,No,No,No,Yes,No,Uttar Pradesh|Tier 3,Uttar Pradesh|Chandauli,,,,Uttar Pradesh|Chandauli,
NEW ADITYA MATERNITY AND NURSING HOME,Uttar Pradesh,CHANDAULI,Chandauli,Tier 3,No,No,No,No,No,Uttar Pradesh|Tier 3,Uttar Pradesh|Chandauli,,,,,
MG EYE INSTITUTE,Chandigarh,Chandigarh,Chandigarh,Tier 2A,No,No,Yes,No,No,Chandigarh|Tier 2A,Chandigarh|Chandigarh,,,Chandigarh|Chandigarh,,
kaushlya medicity,Chandigarh,Chandigarh,Chandigarh,Tier 2A,No,No,No,No,No,Chandigarh|Tier 2A,Chandigarh|Chandigarh,,,,,
LANDMARK HOSPITAL,Chandigarh,CHANDIGARH,Chandigarh,Tier 2A,No,Yes,Yes,Yes,Yes,Chandigarh|Tier 2A,Chandigarh|Chandigarh,,Chandigarh|Chandigarh,Chandigarh|Chandigarh,Chandigarh|Chandigarh,Chandigarh|Chandigarh
DR. LAL JI KIDNEY CARE CENTRE,Punjab,CHANDIGARH,Chandigarh,Tier 2A,Yes,No,No,No,No,Punjab|Tier 2A,Punjab|Chandigarh,Punjab|Chandigarh,,,,
JANAKALYAN SEVA SADAN,West Bengal,CHANDIPUR,Chandipur,Tier 3,Yes,Yes,Yes,Yes,No,West Bengal|Tier 3,West Bengal|Chandipur,West Bengal|Chandipur,West Bengal|Chandipur,West Bengal|Chandipur,West Bengal|Chandipur,
Chandipur Multi Speciality Hospital,West Bengal,CHANDIPUR,Chandipur,Tier 3,Yes,Yes,No,No,No,West Bengal|Tier 3,West Bengal|Chandipur,West Bengal|Chandipur,West Bengal|Chandipur,,,
TRIPATHI NURSING HOME,Bihar,CHAPRA,Chapra,Tier 3,No,No,No,Yes,No,Bihar|Tier 3,Bihar|Chapra,,,,Bihar|Chapra,
SARAN HEART CARE,Bihar,Chapra Saran,Chapra Saran,Tier 3,Yes,No,No,No,No,Bihar|Tier 3,Bihar|Chapra Saran,Bihar|Chapra Saran,,,,
BABA HEALTHCARE,Haryana,CHARKHI DADRI,Charkhi Dadri,Tier 3,No,No,No,No,No,Haryana|Tier 3,Haryana|Charkhi Dadri,,,,,
Suvidha Healthcare,Haryana,Charkhi Dadri,Charkhi Dadri,Tier 3,No,No,No,Yes,No,Haryana|Tier 3,Haryana|Charkhi Dadri,,,,Haryana|Charkhi Dadri,
FIT FUTURE HEALRH CARE STUDIO PVT LTD,Haryana,Charkhi Dadri,Charkhi Dadri,Tier 3,Yes,No,No,Yes,No,Haryana|Tier 3,Haryana|Charkhi Dadri,Haryana|Charkhi Dadri,,,Haryana|Charkhi Dadri,
Shivna Hospital,Maharashtra,CHATRAPATI SAMBHAJI NAGAR,Aurangabad,Tier 2B,Yes,Yes,Yes,Yes,Yes,Maharashtra|Tier 2B,Maharashtra|Aurangabad,Maharashtra|Aurangabad,Maharashtra|Aurangabad,Maharashtra|Aurangabad,Maharashtra|Aurangabad,Maharashtra|Aurangabad
NAVJIVAN MULTISPECIALITY HOSPITAL,Maharashtra,CHATRAPATI SAMBHAJI NAGAR,Aurangabad,Tier 2B,Yes,No,No,Yes,No,Maharashtra|Tier 2B,Maharashtra|Aurangabad,Maharashtra|Aurangabad,,,Maharashtra|Aurangabad,
Srushti Hospital and Maternity Home,Maharashtra,Chattrapati Sambhajinagar,Aurangabad,Tier 2B,No,No,No,Yes,No,Maharashtra|Tier 2B,Maharashtra|Aurangabad,,,,Maharashtra|Aurangabad,
MAMMEN MEMORIAL HOSPITAL,Kerala,CHENGANNUR,Chengannur,Tier 3,Yes,No,No,No,No,Kerala|Tier 3,Kerala|Chengannur,Kerala|Chengannur,,,,
ROPHEKA HOSPITALS PRIVATE LIMITED,Tamil Nadu,CHENNAI,Chennai,Tier 1,Yes,Yes,No,Yes,Yes,Tamil Nadu|Tier 1,Tamil Nadu|Chennai,Tamil Nadu|Chennai,Tamil Nadu|Chennai,,Tamil Nadu|Chennai,Tamil Nadu|Chennai
Jus' Onco Private Limited,Tamil Nadu,Chennai,Chennai,Tier 1,No,Yes,No,No,No,Tamil Nadu|Tier 1,Tamil Nadu|Chennai,,Tamil Nadu|Chennai,,,
Jayadeva Maternity & fertility Hospital,Tamil Nadu,chennai,Chennai,Tier 1,No,No,No,Yes,Yes,Tamil Nadu|Tier 1,Tamil Nadu|Chennai,,,,Tamil Nadu|Chennai,Tamil Nadu|Chennai
PALANIAPPA HOSPITAL,Tamil Nadu,chennai,Chennai,Tier 1,Yes,Yes,No,Yes,Yes,Tamil Nadu|Tier 1,Tamil Nadu|Chennai,Tamil Nadu|Chennai,Tamil Nadu|Chennai,,Tamil Nadu|Chennai,Tamil Nadu|Chennai
REGEN INSTITUTE OF ORTHOPAEDICS,Tamil Nadu,CHENNAI,Chennai,Tier 1,No,No,No,No,No,Tamil Nadu|Tier 1,Tamil Nadu|Chennai,,,,,
Firm Hospitals,Tamil Nadu,Chennai,Chennai,Tier 1,No,No,No,Yes,No,Tamil Nadu|Tier 1,Tamil Nadu|Chennai,,,,Tamil Nadu|Chennai,
Mount Super Speciality Hospital,Tamil Nadu,Chennai,Chennai,Tier 1,Yes,Yes,No,Yes,Yes,Tamil Nadu|Tier 1,Tamil Nadu|Chennai,Tamil Nadu|Chennai,Tamil Nadu|Chennai,,Tamil Nadu|Chennai,Tamil Nadu|Chennai
NACHIYARHOSPITALPRIVATELIMITED,Tamil Nadu,CHENNAI,Chennai,Tier 1,Yes,Yes,Yes,Yes,Yes,Tamil Nadu|Tier 1,Tamil Nadu|Chennai,Tamil Nadu|Chennai,Tamil Nadu|Chennai,Tamil Nadu|Chennai,Tamil Nadu|Chennai,Tamil Nadu|Chennai
ALVS Hospital,Tamil Nadu,Chennai,Chennai,Tier 1,Yes,Yes,No,Yes,Yes,Tamil Nadu|Tier 1,Tamil Nadu|Chennai,Tamil Nadu|Chennai,Tamil Nadu|Chennai,,Tamil Nadu|Chennai,Tamil Nadu|Chennai
ATLANTIS HEALTHCITY PRIVATE LIMITED,Tamil Nadu,Chennai,Chennai,Tier 1,Yes,Yes,Yes,Yes,Yes,Tamil Nadu|Tier 1,Tamil Nadu|Chennai,Tamil Nadu|Chennai,Tamil Nadu|Chennai,Tamil Nadu|Chennai,Tamil Nadu|Chennai,Tamil Nadu|Chennai
LIGO SUPER SPECIALITY HOSPITALS,Tamil Nadu,Chennai,Chennai,Tier 1,Yes,Yes,Yes,Yes,No,Tamil Nadu|Tier 1,Tamil Nadu|Chennai,Tamil Nadu|Chennai,Tamil Nadu|Chennai,Tamil Nadu|Chennai,Tamil Nadu|Chennai,
Sugam Surgical Hospital,Tamil Nadu,Chennai,Chennai,Tier 1,No,No,No,Yes,No,Tamil Nadu|Tier 1,Tamil Nadu|Chennai,,,,Tamil Nadu|Chennai,
DEEPA HOSPITAL,Tamil Nadu,CHENNAI,Chennai,Tier 1,Yes,Yes,No,Yes,Yes,Tamil Nadu|Tier 1,Tamil Nadu|Chennai,Tamil Nadu|Chennai,Tamil Nadu|Chennai,,Tamil Nadu|Chennai,Tamil Nadu|Chennai
DharanHealthcareCentre,Tamil Nadu,Chennai,Chennai,Tier 1,Yes,No,No,Yes,No,Tamil Nadu|Tier 1,Tamil Nadu|Chennai,Tamil Nadu|Chennai,,,Tamil Nadu|Chennai,
ADITHYA HOSPITAL,Tamil Nadu,CHENNAI  6000023,Chennai,Tier 1,Yes,Yes,Yes,Yes,No,Tamil Nadu|Tier 1,Tamil Nadu|Chennai,Tamil Nadu|Chennai,Tamil Nadu|Chennai,Tamil Nadu|Chennai,Tamil Nadu|Chennai,
Tulips Multispecialty Hospital,Tamil Nadu,CHENNAII,Chennai,Tier 1,Yes,Yes,No,Yes,No,Tamil Nadu|Tier 1,Tamil Nadu|Chennai,Tamil Nadu|Chennai,Tamil Nadu|Chennai,,Tamil Nadu|Chennai,
ATLAS EYE HOSPITAL LLP,Kerala,Cherpulassery,Cherpulassery,Tier 3,No,No,Yes,No,No,Kerala|Tier 3,Kerala|Cherpulassery,,,Kerala|Cherpulassery,,
zains eye hospital,Kerala,CHERPULASSERY,Cherpulassery,Tier 3,No,No,Yes,No,No,Kerala|Tier 3,Kerala|Cherpulassery,,,Kerala|Cherpulassery,,
Aarya Health Care,Kerala,Cherpu-Thrissur,Cherpu Thrissur,Tier 3,No,No,Yes,No,No,Kerala|Tier 3,Kerala|Cherpu Thrissur,,,Kerala|Cherpu Thrissur,,
Shree Gajanan Speciality Eye Center,Maharashtra,Chh Sambhajinagar,Aurangabad,Tier 2B,No,No,Yes,No,No,Maharashtra|Tier 2B,Maharashtra|Aurangabad,,,Maharashtra|Aurangabad,,
Aurangabad Chikalthana Lions Eye Hospital,Maharashtra,Chh Sambhajinagar,Aurangabad,Tier 2B,No,No,Yes,No,No,Maharashtra|Tier 2B,Maharashtra|Aurangabad,,,Maharashtra|Aurangabad,,
VARAD HOSPITAL AND I C U,Maharashtra,Chh Sambhajinagar,Aurangabad,Tier 2B,Yes,Yes,Yes,No,No,Maharashtra|Tier 2B,Maharashtra|Aurangabad,Maharashtra|Aurangabad,Maharashtra|Aurangabad,Maharashtra|Aurangabad,,
Saoji Mulitispeciality Hospital,Maharashtra,Chh. Sambhajinagar,Aurangabad,Tier 2B,Yes,Yes,No,No,No,Maharashtra|Tier 2B,Maharashtra|Aurangabad,Maharashtra|Aurangabad,Maharashtra|Aurangabad,,,
SWAMI SAMARTH MULTISPECIALITY HOSPITAL AND TRAUMA CENTRE PVT LTD,Maharashtra,CHH.SAMBHAJINAGAR,Aurangabad,Tier 2B,No,Yes,No,Yes,No,Maharashtra|Tier 2B,Maharashtra|Aurangabad,,Maharashtra|Aurangabad,,Maharashtra|Aurangabad,
MAXCARE HOSPITAL,Maharashtra,CHHATRAPATI Sambhaji nagar,Aurangabad,Tier 2B,Yes,Yes,No,No,Yes,Maharashtra|Tier 2B,Maharashtra|Aurangabad,Maharashtra|Aurangabad,Maharashtra|Aurangabad,,,Maharashtra|Aurangabad
Srinath hospital,Maharashtra,CHHATRAPATI SAMBHAJI NAGAR,Aurangabad,Tier 2B,Yes,Yes,Yes,Yes,Yes,Maharashtra|Tier 2B,Maharashtra|Aurangabad,Maharashtra|Aurangabad,Maharashtra|Aurangabad,Maharashtra|Aurangabad,Maharashtra|Aurangabad,Maharashtra|Aurangabad
LAMBODAR HOSPITAL,Maharashtra,CHHATRAPATI SAMBHAJI NAGAR,Aurangabad,Tier 2B,Yes,Yes,No,No,No,Maharashtra|Tier 2B,Maharashtra|Aurangabad,Maharashtra|Aurangabad,Maharashtra|Aurangabad,,,
Gore Netra Rugnalay and Laser Center,Maharashtra,Chhatrapati Sambhajinagar,Aurangabad,Tier 2B,No,No,Yes,No,No,Maharashtra|Tier 2B,Maharashtra|Aurangabad,,,Maharashtra|Aurangabad,,
Aditya Hospital,Maharashtra,Chhatrapati Sambhajinagar,Aurangabad,Tier 2B,No,Yes,No,Yes,Yes,Maharashtra|Tier 2B,Maharashtra|Aurangabad,,Maharashtra|Aurangabad,,Maharashtra|Aurangabad,Maharashtra|Aurangabad
GURUPRASAD NETRA RUGNALAYA PVT LTD,Maharashtra,Chhatrapati Sambhajinagar,Aurangabad,Tier 2B,No,No,Yes,No,No,Maharashtra|Tier 2B,Maharashtra|Aurangabad,,,Maharashtra|Aurangabad,,
CHHATRAPATI SHAHU MAHRAJ SHIKSHAN SANSTHA AYURVED MAHAVIDYALAY AND RUGNALAY,Maharashtra,CHHATRAPATI SAMBHAJINAGAR,Aurangabad,Tier 2B,No,No,Yes,Yes,Yes,Maharashtra|Tier 2B,Maharashtra|Aurangabad,,,Maharashtra|Aurangabad,Maharashtra|Aurangabad,Maharashtra|Aurangabad
ARIHANT HOSPITAL,Maharashtra,CHHATRAPATI SAMBHAJINAGAR,Aurangabad,Tier 2B,No,No,No,Yes,Yes,Maharashtra|Tier 2B,Maharashtra|Aurangabad,,,,Maharashtra|Aurangabad,Maharashtra|Aurangabad
GANPATI SUPER SPECIALITY HOSPITAL,Maharashtra,CHHATRAPATI SAMBHAJINAGAR,Aurangabad,Tier 2B,Yes,No,No,No,No,Maharashtra|Tier 2B,Maharashtra|Aurangabad,Maharashtra|Aurangabad,,,,
Karnawat Cancer Hospital,Maharashtra,Chhatrapati Sambhajinagar,Aurangabad,Tier 2B,No,Yes,No,Yes,No,Maharashtra|Tier 2B,Maharashtra|Aurangabad,,Maharashtra|Aurangabad,,Maharashtra|Aurangabad,
Aurangabad Kidney Hospital,Maharashtra,Chhatrapati Sambhajinagar,Aurangabad,Tier 2B,No,Yes,No,Yes,No,Maharashtra|Tier 2B,Maharashtra|Aurangabad,,Maharashtra|Aurangabad,,Maharashtra|Aurangabad,
Aarogyam Women and Children Care Hospital Pvt Ltd.,Maharashtra,Chhatrapati Sambhajinagar,Aurangabad,Tier 2B,No,No,No,Yes,Yes,Maharashtra|Tier 2B,Maharashtra|Aurangabad,,,,Maharashtra|Aurangabad,Maharashtra|Aurangabad
Deogiri Orthopaedic Hospital Trauma And Joint Replacement Center,Maharashtra,Chhatrapati Sambhajinagar,Aurangabad,Tier 2B,No,No,No,No,No,Maharashtra|Tier 2B,Maharashtra|Aurangabad,,,,,
Jeevan Sparsh Eye Hospital,Maharashtra,Chhatrapati Sambhajinagar,Aurangabad,Tier 2B,No,No,Yes,No,No,Maharashtra|Tier 2B,Maharashtra|Aurangabad,,,Maharashtra|Aurangabad,,
BEMBDE HOSPITAL,Maharashtra,CHHATRPATI SAMBHJINAGAR,Chhatrpati Sambhjinagar,Tier 3,No,Yes,Yes,No,No,Maharashtra|Tier 3,Maharashtra|Chhatrpati Sambhjinagar,,Maharashtra|Chhatrpati Sambhjinagar,Maharashtra|Chhatrpati Sambhjinagar,,
Sri Madhusudhan Sai Institute of Medical Sciences and Research,Karnataka,Chikkaballapur,Chikkaballapur,Tier 3,Yes,No,Yes,Yes,Yes,Karnataka|Tier 3,Karnataka|Chikkaballapur,Karnataka|Chikkaballapur,,Karnataka|Chikkaballapur,Karnataka|Chikkaballapur,Karnataka|Chikkaballapur
KADUR ORTHOPAEDIC AND TRAUMA HOSPITAL,Karnataka,CHIKKAMAGALURU,Chikkamagaluru,Tier 3,No,No,No,No,No,Karnataka|Tier 3,Karnataka|Chikkamagaluru,,,,,
SIDDHANT HOSPITAL,Karnataka,CHIKKODI,Chikkodi,Tier 3,No,Yes,Yes,Yes,Yes,Karnataka|Tier 3,Karnataka|Chikkodi,,Karnataka|Chikkodi,Karnataka|Chikkodi,Karnataka|Chikkodi,Karnataka|Chikkodi
Padmavati Eye Hospital Phaco Center & Polyclinic,Karnataka,CHIKODI,Chikkodi,Tier 3,No,No,Yes,No,No,Karnataka|Tier 3,Karnataka|Chikkodi,,,Karnataka|Chikkodi,,
Sri Satya Sai Hospital,Karnataka,chikodi,Chikkodi,Tier 3,No,No,No,Yes,No,Karnataka|Tier 3,Karnataka|Chikkodi,,,,Karnataka|Chikkodi,
Charati'sSadanandOmakarMultispecialityHospital,Karnataka,Chikodi,Chikkodi,Tier 3,No,No,No,Yes,No,Karnataka|Tier 3,Karnataka|Chikkodi,,,,Karnataka|Chikkodi,
BHATE HOSPITAL & MATERNITY HOME,Karnataka,CHIKODI,Chikkodi,Tier 3,Yes,No,No,Yes,No,Karnataka|Tier 3,Karnataka|Chikkodi,Karnataka|Chikkodi,,,Karnataka|Chikkodi,
BOSE EYE MICRO SURGERY AND LASER CENTRE PVT. LTD.,West Bengal,CHINSURAH,Chinsurah,Tier 3,No,No,Yes,No,No,West Bengal|Tier 3,West Bengal|Chinsurah,,,West Bengal|Chinsurah,,
Synergy Healthcare s Lifecare Hospital,Maharashtra,Chiplun,Chiplun,Tier 3,Yes,Yes,No,Yes,No,Maharashtra|Tier 3,Maharashtra|Chiplun,Maharashtra|Chiplun,Maharashtra|Chiplun,,Maharashtra|Chiplun,
SURYA HOSPITAL,Andhra Pradesh,Chirala,Chirala,Tier 3,No,No,No,Yes,No,Andhra Pradesh|Tier 3,Andhra Pradesh|Chirala,,,,Andhra Pradesh|Chirala,
ANITHA HOSPITAL,Andhra Pradesh,CHIRALA,Chirala,Tier 3,No,No,No,Yes,No,Andhra Pradesh|Tier 3,Andhra Pradesh|Chirala,,,,Andhra Pradesh|Chirala,
Gorantla Super Speciality Hospital,Andhra Pradesh,CHIRALA,Chirala,Tier 3,No,No,No,Yes,No,Andhra Pradesh|Tier 3,Andhra Pradesh|Chirala,,,,Andhra Pradesh|Chirala,
UMA EYE CARE HOSPITAL,Andhra Pradesh,CHITTOOR,Chittoor,Tier 3,No,No,Yes,No,No,Andhra Pradesh|Tier 3,Andhra Pradesh|Chittoor,,,Andhra Pradesh|Chittoor,,
NIBRA HOSPITAL & RESEARCH CENTRE LLP,Rajasthan,CHOMU,Chomu,Tier 3,No,No,No,Yes,Yes,Rajasthan|Tier 3,Rajasthan|Chomu,,,,Rajasthan|Chomu,Rajasthan|Chomu
jaipur health care hospital,Rajasthan,Chomu,Chomu,Tier 3,No,No,No,No,No,Rajasthan|Tier 3,Rajasthan|Chomu,,,,,
NIRAMAYA HOSPITAL,Rajasthan,CHOMU,Chomu,Tier 3,No,No,No,No,No,Rajasthan|Tier 3,Rajasthan|Chomu,,,,,
Manglam Multi Speciality Hospital & Research Centre,Rajasthan,"Chomu, Jaipur",Chomu Jaipur,Tier 3,No,No,No,Yes,No,Rajasthan|Tier 3,Rajasthan|Chomu Jaipur,,,,Rajasthan|Chomu Jaipur,
SAIBABA HOSPITAL AND CRITICAL CARE CENTER,Maharashtra,CHOPDA,Chopda,Tier 3,No,No,No,No,No,Maharashtra|Tier 3,Maharashtra|Chopda,,,,,
BISHNOI HOSPITAL,Maharashtra,CHOWK,Khalapur,Tier 3,No,No,No,Yes,No,Maharashtra|Tier 3,Maharashtra|Khalapur,,,,Maharashtra|Khalapur,
GOWTHAM HOSPITAL,Tamil Nadu,Coimbatore,Coimbatore,Tier 2A,Yes,Yes,Yes,Yes,Yes,Tamil Nadu|Tier 2A,Tamil Nadu|Coimbatore,Tamil Nadu|Coimbatore,Tamil Nadu|Coimbatore,Tamil Nadu|Coimbatore,Tamil Nadu|Coimbatore,Tamil Nadu|Coimbatore
Malarhospital,Tamil Nadu,Coimbatore,Coimbatore,Tier 2A,Yes,Yes,No,Yes,No,Tamil Nadu|Tier 2A,Tamil Nadu|Coimbatore,Tamil Nadu|Coimbatore,Tamil Nadu|Coimbatore,,Tamil Nadu|Coimbatore,
COOCH BEHAR MISSION HOSPITAL PRIVATE LIMITED,West Bengal,Cooch Behar,Cooch Behar,Tier 3,Yes,Yes,Yes,Yes,Yes,West Bengal|Tier 3,West Bengal|Cooch Behar,West Bengal|Cooch Behar,West Bengal|Cooch Behar,West Bengal|Cooch Behar,West Bengal|Cooch Behar,West Bengal|Cooch Behar
SWASTIK SEBANGAN,West Bengal,Coochbehar,Cooch Behar,Tier 3,No,Yes,No,Yes,Yes,West Bengal|Tier 3,West Bengal|Cooch Behar,,West Bengal|Cooch Behar,,West Bengal|Cooch Behar,West Bengal|Cooch Behar
HERITAGE EYE HOSPITAL,West Bengal,COOCHBEHAR,Cooch Behar,Tier 3,No,No,Yes,No,No,West Bengal|Tier 3,West Bengal|Cooch Behar,,,West Bengal|Cooch Behar,,
Venus Hospital (A Unit of Venus Hospital Healthcare Private Limited),Orissa,CUTTACK,Cuttack,Tier 2B,No,Yes,No,Yes,No,Orissa|Tier 2B,Orissa|Cuttack,,Orissa|Cuttack,,Orissa|Cuttack,
Nishamani Nursing Home,Orissa,Cuttack,Cuttack,Tier 2B,No,No,No,Yes,Yes,Orissa|Tier 2B,Orissa|Cuttack,,,,Orissa|Cuttack,Orissa|Cuttack
NAVJIBAN HOSPITAL,Orissa,CUTTACK,Cuttack,Tier 2B,Yes,No,No,Yes,Yes,Orissa|Tier 2B,Orissa|Cuttack,Orissa|Cuttack,,,Orissa|Cuttack,Orissa|Cuttack
Chittaranjan Seva Sadan,Orissa,CUTTACK,Cuttack,Tier 2B,No,Yes,No,Yes,No,Orissa|Tier 2B,Orissa|Cuttack,,Orissa|Cuttack,,Orissa|Cuttack,
OMMMULTI SPECIALITY HOSPITAL,Orissa,CUTTACK,Cuttack,Tier 2B,Yes,Yes,No,Yes,No,Orissa|Tier 2B,Orissa|Cuttack,Orissa|Cuttack,Orissa|Cuttack,,Orissa|Cuttack,
Star Hospital,Orissa,Cuttack,Cuttack,Tier 2B,Yes,Yes,Yes,Yes,No,Orissa|Tier 2B,Orissa|Cuttack,Orissa|Cuttack,Orissa|Cuttack,Orissa|Cuttack,Orissa|Cuttack,
RAJ CLINIC AND HOSPITAL,Orissa,CUTTACK,Cuttack,Tier 2B,No,Yes,Yes,Yes,Yes,Orissa|Tier 2B,Orissa|Cuttack,,Orissa|Cuttack,Orissa|Cuttack,Orissa|Cuttack,Orissa|Cuttack
SAHARA NURSING HOME,Orissa,CUTTACK,Cuttack,Tier 2B,No,Yes,Yes,Yes,No,Orissa|Tier 2B,Orissa|Cuttack,,Orissa|Cuttack,Orissa|Cuttack,Orissa|Cuttack,
JPM ROTARY CLUB OF CUTTACK EYE HOSPITAL AND RESEARCH INSTITUTE,Orissa,CUTTACK,Cuttack,Tier 2B,No,No,Yes,No,No,Orissa|Tier 2B,Orissa|Cuttack,,,Orissa|Cuttack,,
Bhagyajyoti Hospital,Orissa,Cuttack,Cuttack,Tier 2B,No,Yes,No,Yes,No,Orissa|Tier 2B,Orissa|Cuttack,,Orissa|Cuttack,,Orissa|Cuttack,
MAA SARALA HOSPITAL,Orissa,CUTTACK,Cuttack,Tier 2B,No,Yes,No,Yes,Yes,Orissa|Tier 2B,Orissa|Cuttack,,Orissa|Cuttack,,Orissa|Cuttack,Orissa|Cuttack
Med-X Hospital,Orissa,Cuttack,Cuttack,Tier 2B,Yes,Yes,Yes,Yes,Yes,Orissa|Tier 2B,Orissa|Cuttack,Orissa|Cuttack,Orissa|Cuttack,Orissa|Cuttack,Orissa|Cuttack,Orissa|Cuttack
Meditide Multispeciality Hospital,Karnataka,DABBASPET,Dabbaspet,Tier 3,No,Yes,No,Yes,Yes,Karnataka|Tier 3,Karnataka|Dabbaspet,,Karnataka|Dabbaspet,,Karnataka|Dabbaspet,Karnataka|Dabbaspet
Rohit Bansal,Uttar Pradesh,DADRI,Dadri,Tier 3,No,No,No,No,Yes,Uttar Pradesh|Tier 3,Uttar Pradesh|Dadri,,,,,Uttar Pradesh|Dadri
SUDARSHAN EYE CARE CENTER,Uttar Pradesh,DADRI,Dadri,Tier 3,No,No,Yes,No,No,Uttar Pradesh|Tier 3,Uttar Pradesh|Dadri,,,Uttar Pradesh|Dadri,,
WESTCOAST DIAGNOSTIC CENTER AND NURSING HOME,Maharashtra,DAHANU,Dahanu,Tier 3,Yes,No,No,Yes,No,Maharashtra|Tier 3,Maharashtra|Dahanu,Maharashtra|Dahanu,,,Maharashtra|Dahanu,
Seva Nursing Home,Maharashtra,Dahanu,Dahanu,Tier 3,No,No,No,Yes,No,Maharashtra|Tier 3,Maharashtra|Dahanu,,,,Maharashtra|Dahanu,
Kalpadeep Hospital,Maharashtra,Dahanu Road,Dahanu,Tier 3,Yes,Yes,Yes,Yes,No,Maharashtra|Tier 3,Maharashtra|Dahanu,Maharashtra|Dahanu,Maharashtra|Dahanu,Maharashtra|Dahanu,Maharashtra|Dahanu,
Kiran Hospital,Maharashtra,Dahiwadi Satara,Dahiwadi Satara,Tier 3,Yes,No,No,No,No,Maharashtra|Tier 3,Maharashtra|Dahiwadi Satara,Maharashtra|Dahiwadi Satara,,,,
Urban Hospital (Managed by Health Foundation and Research center),Gujarat,Dahod,Dahod,Tier 3,No,No,No,Yes,No,Gujarat|Tier 3,Gujarat|Dahod,,,,Gujarat|Dahod,
HEALTH OK NURSING HOME,West Bengal,DAKSHIN DINAJPUR,Dakshin Dinajpur,Tier 3,No,Yes,No,Yes,Yes,West Bengal|Tier 3,West Bengal|Dakshin Dinajpur,,West Bengal|Dakshin Dinajpur,,West Bengal|Dakshin Dinajpur,West Bengal|Dakshin Dinajpur
ARUNODAYA HEALTHCARE PRIVATE LIMITED,West Bengal,Dankuni,Dankuni,Tier 3,No,Yes,No,Yes,Yes,West Bengal|Tier 3,West Bengal|Dankuni,,West Bengal|Dankuni,,West Bengal|Dankuni,West Bengal|Dankuni
MITHILA HEALTH CARE PRIVATE LIMITED,Bihar,Darbhanga,Darbhanga,Tier 3,Yes,Yes,No,Yes,Yes,Bihar|Tier 3,Bihar|Darbhanga,Bihar|Darbhanga,Bihar|Darbhanga,,Bihar|Darbhanga,Bihar|Darbhanga
S R MEMORIAL HOSPITAL,Bihar,DARBHANGA,Darbhanga,Tier 3,No,No,No,Yes,No,Bihar|Tier 3,Bihar|Darbhanga,,,,Bihar|Darbhanga,
AASTHA HOSPITAL a unit of  (Aastha Health Care and Research center pvt limited),West Bengal,DARJEELING,Darjeeling,Tier 3,Yes,No,Yes,Yes,Yes,West Bengal|Tier 3,West Bengal|Darjeeling,West Bengal|Darjeeling,,West Bengal|Darjeeling,West Bengal|Darjeeling,West Bengal|Darjeeling
PULSE HOSPITAL ( A UNIT OF NEURO RESEARCH MULTISPECIALITY CENTER PVT LTD ),West Bengal,DARJEELING,Darjeeling,Tier 3,Yes,Yes,No,Yes,Yes,West Bengal|Tier 3,West Bengal|Darjeeling,West Bengal|Darjeeling,West Bengal|Darjeeling,,West Bengal|Darjeeling,West Bengal|Darjeeling
MUKHERJEE HOSPITAL,West Bengal,Darjiling,Darjeeling,Tier 3,Yes,No,No,Yes,No,West Bengal|Tier 3,West Bengal|Darjeeling,West Bengal|Darjeeling,,,West Bengal|Darjeeling,
SHRI KRISHNA HOSPITAL AND RESEARCH INSTITUTE,Madhya Pradesh,DATIA,Datia,Tier 3,No,No,Yes,Yes,No,Madhya Pradesh|Tier 3,Madhya Pradesh|Datia,,,Madhya Pradesh|Datia,Madhya Pradesh|Datia,
Shri Children's Hospital,Maharashtra,Daund,Daund,Tier 3,No,No,No,No,No,Maharashtra|Tier 3,Maharashtra|Daund,,,,,
Shinde Hospital,Maharashtra,Daund,Daund,Tier 3,No,No,No,Yes,No,Maharashtra|Tier 3,Maharashtra|Daund,,,,Maharashtra|Daund,
Navjeevan Hospital,Rajasthan,Dausa,Dausa,Tier 3,Yes,No,No,Yes,Yes,Rajasthan|Tier 3,Rajasthan|Dausa,Rajasthan|Dausa,,,Rajasthan|Dausa,Rajasthan|Dausa
Basaveshwara Health Centre,Karnataka,Davanagere,Davangere,Tier 3,No,Yes,No,Yes,No,Karnataka|Tier 3,Karnataka|Davangere,,Karnataka|Davangere,,Karnataka|Davangere,
SRI DURGA HOSPITAL,Karnataka,DAVANAGERE,Davangere,Tier 3,No,No,No,Yes,No,Karnataka|Tier 3,Karnataka|Davangere,,,,Karnataka|Davangere,
BAPUJI HOSPITAL,Karnataka,DAVANGARE,Davangere,Tier 3,Yes,No,Yes,Yes,Yes,Karnataka|Tier 3,Karnataka|Davangere,Karnataka|Davangere,,Karnataka|Davangere,Karnataka|Davangere,Karnataka|Davangere
VASAN EYE CARE HOSPITAL-DAVANGERE,Karnataka,Davangere,Davangere,Tier 3,No,No,Yes,No,No,Karnataka|Tier 3,Karnataka|Davangere,,,Karnataka|Davangere,,
Srusti speciality hospital,Karnataka,Davangere,Davangere,Tier 3,No,Yes,No,Yes,No,Karnataka|Tier 3,Karnataka|Davangere,,Karnataka|Davangere,,Karnataka|Davangere,
RAI NURSING HOME,West Bengal,DEBRA,Debra,Tier 3,Yes,Yes,Yes,Yes,No,West Bengal|Tier 3,West Bengal|Debra,West Bengal|Debra,West Bengal|Debra,West Bengal|Debra,West Bengal|Debra,
Doon Multispeciality Hospital,Uttarakhand,dehradun,Dehradun,Tier 2B,No,Yes,No,Yes,No,Uttarakhand|Tier 2B,Uttarakhand|Dehradun,,Uttarakhand|Dehradun,,Uttarakhand|Dehradun,
ANAND NETRALAYA,Uttarakhand,DEHRADUN,Dehradun,Tier 2B,No,No,Yes,No,No,Uttarakhand|Tier 2B,Uttarakhand|Dehradun,,,Uttarakhand|Dehradun,,
Velmed hospital (Bharat Heart & Super Specialty),Uttarakhand,Dehradun,Dehradun,Tier 2B,Yes,Yes,Yes,Yes,Yes,Uttarakhand|Tier 2B,Uttarakhand|Dehradun,Uttarakhand|Dehradun,Uttarakhand|Dehradun,Uttarakhand|Dehradun,Uttarakhand|Dehradun,Uttarakhand|Dehradun
Raahi Netradham (A unit of Nandadevi Healthcare LLP),Uttarakhand,Dehradun,Dehradun,Tier 2B,No,No,Yes,No,No,Uttarakhand|Tier 2B,Uttarakhand|Dehradun,,,Uttarakhand|Dehradun,,
ALTRUS HEALTHCARE ( A UNIT OF KRISHNAN HOSPITAL PRIVATE LIMITED),Uttarakhand,Dehradun,Dehradun,Tier 2B,No,Yes,Yes,Yes,Yes,Uttarakhand|Tier 2B,Uttarakhand|Dehradun,,Uttarakhand|Dehradun,Uttarakhand|Dehradun,Uttarakhand|Dehradun,Uttarakhand|Dehradun
Medilife Superspecialty Hospital,Uttarakhand,Dehradun,Dehradun,Tier 2B,No,Yes,No,No,No,Uttarakhand|Tier 2B,Uttarakhand|Dehradun,,Uttarakhand|Dehradun,,,
Shree Radha Vallabh Superspeciality Hospital,Uttarakhand,Dehradun,Dehradun,Tier 2B,No,No,No,Yes,No,Uttarakhand|Tier 2B,Uttarakhand|Dehradun,,,,Uttarakhand|Dehradun,
DR VIKRAM SINGH,Uttarakhand,DEHRADUN,Dehradun,Tier 2B,No,No,No,No,No,Uttarakhand|Tier 2B,Uttarakhand|Dehradun,,,,,
Ayurmax Hospital and Panchkarma Centre,Uttarakhand,DEHRADUN,Dehradun,Tier 2B,No,Yes,No,Yes,No,Uttarakhand|Tier 2B,Uttarakhand|Dehradun,,Uttarakhand|Dehradun,,Uttarakhand|Dehradun,
cure hospital,Uttarakhand,DEHRADUN,Dehradun,Tier 2B,No,No,No,Yes,Yes,Uttarakhand|Tier 2B,Uttarakhand|Dehradun,,,,Uttarakhand|Dehradun,Uttarakhand|Dehradun
Panacea Hospital,Uttarakhand,Dehradun,Dehradun,Tier 2B,No,No,Yes,Yes,No,Uttarakhand|Tier 2B,Uttarakhand|Dehradun,,,Uttarakhand|Dehradun,Uttarakhand|Dehradun,
JAYA SIDDHARTHA HOSPITAL,Uttarakhand,DEHRADUN,Dehradun,Tier 2B,Yes,No,No,Yes,Yes,Uttarakhand|Tier 2B,Uttarakhand|Dehradun,Uttarakhand|Dehradun,,,Uttarakhand|Dehradun,Uttarakhand|Dehradun
Sodhi Nursing Home,Delhi,Delhi,Delhi,Tier 1,No,No,Yes,Yes,Yes,Delhi|Tier 1,Delhi|Delhi,,,Delhi|Delhi,Delhi|Delhi,Delhi|Delhi
PRABHA EYE HOSPITAL,Delhi,DELHI,Delhi,Tier 1,No,No,Yes,No,No,Delhi|Tier 1,Delhi|Delhi,,,Delhi|Delhi,,
Lifeline Eye Centre,Delhi,Delhi,Delhi,Tier 1,No,No,Yes,No,No,Delhi|Tier 1,Delhi|Delhi,,,Delhi|Delhi,,
Lifeline Eye Centre,Delhi,Delhi,Delhi,Tier 1,No,No,No,Yes,No,Delhi|Tier 1,Delhi|Delhi,,,,Delhi|Delhi,
MAVI HOSPITAL PRIVATE LIMITED,Delhi,DELHI,Delhi,Tier 1,No,No,No,Yes,No,Delhi|Tier 1,Delhi|Delhi,,,,Delhi|Delhi,
Asha Hospital,Delhi,Delhi,Delhi,Tier 1,No,No,Yes,Yes,Yes,Delhi|Tier 1,Delhi|Delhi,,,Delhi|Delhi,Delhi|Delhi,Delhi|Delhi
PREMADHAR RESEARCH INSTITUTE AND HOSPITAL,Delhi,DELHI,Delhi,Tier 1,No,No,No,No,No,Delhi|Tier 1,Delhi|Delhi,,,,,
True Vision Eye Care Center,Delhi,Delhi,Delhi,Tier 1,No,No,Yes,No,No,Delhi|Tier 1,Delhi|Delhi,,,Delhi|Delhi,,
Nav Drishti Eye Center,Delhi,Delhi,Delhi,Tier 1,No,No,No,No,No,Delhi|Tier 1,Delhi|Delhi,,,,,
SARASWATI HOSPITAL,Delhi,Delhi,Delhi,Tier 1,No,No,Yes,Yes,Yes,Delhi|Tier 1,Delhi|Delhi,,,Delhi|Delhi,Delhi|Delhi,Delhi|Delhi
MAHARAJA AGRASEN MATA NARAYANI DEVI NATUROPATHY CENTER,Delhi,DELHI,Delhi,Tier 1,No,No,No,No,No,Delhi|Tier 1,Delhi|Delhi,,,,,
SEEMA EYE CENTRE,Delhi,DELHI,Delhi,Tier 1,No,No,Yes,No,No,Delhi|Tier 1,Delhi|Delhi,,,Delhi|Delhi,,
MAXCARE MEDICAL CENTRE,Delhi,Delhi,Delhi,Tier 1,Yes,No,Yes,Yes,No,Delhi|Tier 1,Delhi|Delhi,Delhi|Delhi,,Delhi|Delhi,Delhi|Delhi,
SHANTI MUKAND HOSPITAL,Delhi,Delhi,Delhi,Tier 1,Yes,Yes,Yes,Yes,Yes,Delhi|Tier 1,Delhi|Delhi,Delhi|Delhi,Delhi|Delhi,Delhi|Delhi,Delhi|Delhi,Delhi|Delhi
SHRI HARI EYECARE & LASER CENTRE,Delhi,DELHI,Delhi,Tier 1,No,No,Yes,No,No,Delhi|Tier 1,Delhi|Delhi,,,Delhi|Delhi,,
Dr Rekha Health Wisdom,Delhi,Delhi,Delhi,Tier 1,No,No,No,No,No,Delhi|Tier 1,Delhi|Delhi,,,,,
S M HOSPITAL,Delhi,Delhi,Delhi,Tier 1,No,No,No,Yes,Yes,Delhi|Tier 1,Delhi|Delhi,,,,Delhi|Delhi,Delhi|Delhi
shiv hospital,Delhi,Delhi,Delhi,Tier 1,No,No,No,Yes,No,Delhi|Tier 1,Delhi|Delhi,,,,Delhi|Delhi,
Maxford Health Care,Delhi,Delhi,Delhi,Tier 1,No,No,No,Yes,No,Delhi|Tier 1,Delhi|Delhi,,,,Delhi|Delhi,
B R HEALTHCARE ROHINI HOSPITAL,Delhi,Delhi,Delhi,Tier 1,Yes,Yes,Yes,Yes,Yes,Delhi|Tier 1,Delhi|Delhi,Delhi|Delhi,Delhi|Delhi,Delhi|Delhi,Delhi|Delhi,Delhi|Delhi
CHAUDHARY EYE CENTER,Delhi,Delhi,Delhi,Tier 1,No,No,Yes,No,No,Delhi|Tier 1,Delhi|Delhi,,,Delhi|Delhi,,
Shashikanta Super Speciality Hospital,Delhi,Delhi,Delhi,Tier 1,No,No,No,Yes,Yes,Delhi|Tier 1,Delhi|Delhi,,,,Delhi|Delhi,Delhi|Delhi
Life Line Medical Centre,Delhi,DELHI,Delhi,Tier 1,No,No,No,Yes,No,Delhi|Tier 1,Delhi|Delhi,,,,Delhi|Delhi,
MAYORS EYE CLINIC & FERTILITY CENTRE PRIVATE LIMITED,Delhi,Delhi,Delhi,Tier 1,No,No,Yes,No,No,Delhi|Tier 1,Delhi|Delhi,,,Delhi|Delhi,,
Maheshwari Hospital,Delhi,Delhi,Delhi,Tier 1,Yes,Yes,Yes,Yes,No,Delhi|Tier 1,Delhi|Delhi,Delhi|Delhi,Delhi|Delhi,Delhi|Delhi,Delhi|Delhi,
JAIN HOSPITAL,Delhi,DELHI,Delhi,Tier 1,No,Yes,No,Yes,No,Delhi|Tier 1,Delhi|Delhi,,Delhi|Delhi,,Delhi|Delhi,
RADIOUS HOSPITAL PRIVATE LIMITED,Delhi,DELHI,Delhi,Tier 1,No,No,No,Yes,No,Delhi|Tier 1,Delhi|Delhi,,,,Delhi|Delhi,
Signature Heart & Multi Speciality Hospital,Delhi,Delhi,Delhi,Tier 1,Yes,No,No,Yes,Yes,Delhi|Tier 1,Delhi|Delhi,Delhi|Delhi,,,Delhi|Delhi,Delhi|Delhi
RK AND NARENDER PARKASH MULTISPECIALITY HOSPITAL,Delhi,DELHI (EAST DELHI),Delhi,Tier 1,No,Yes,No,Yes,Yes,Delhi|Tier 1,Delhi|Delhi,,Delhi|Delhi,,Delhi|Delhi,Delhi|Delhi
Shanti S Medicare Pt Ltd,Delhi,Delhi 110092,Delhi,Tier 1,No,No,Yes,Yes,Yes,Delhi|Tier 1,Delhi|Delhi,,,Delhi|Delhi,Delhi|Delhi,Delhi|Delhi
RAJ HOSPITAL,Delhi,DELHI NORTH WEST DIST.,Delhi,Tier 1,No,Yes,Yes,Yes,No,Delhi|Tier 1,Delhi|Delhi,,Delhi|Delhi,Delhi|Delhi,Delhi|Delhi,
HARDEV MULTISPECIALITY HOSPITAL,Delhi,DELHI-110084,Delhi,Tier 1,No,No,No,Yes,Yes,Delhi|Tier 1,Delhi|Delhi,,,,Delhi|Delhi,Delhi|Delhi
Dr sankhwar hospital,Delhi,DELHI-96,Delhi,Tier 1,No,No,Yes,Yes,No,Delhi|Tier 1,Delhi|Delhi,,,Delhi|Delhi,Delhi|Delhi,
MAHESHWARI EYE HOSPITAL,Rajasthan,Deoli,Deoli,Tier 3,No,No,Yes,No,No,Rajasthan|Tier 3,Rajasthan|Deoli,,,Rajasthan|Deoli,,
MAHESH NURSING HOME,Rajasthan,DEOLI,Deoli,Tier 3,No,No,No,Yes,No,Rajasthan|Tier 3,Rajasthan|Deoli,,,,Rajasthan|Deoli,
PARK HOSPITAL,Uttar Pradesh,DEORIA,Deoria,Tier 3,Yes,Yes,Yes,Yes,Yes,Uttar Pradesh|Tier 3,Uttar Pradesh|Deoria,Uttar Pradesh|Deoria,Uttar Pradesh|Deoria,Uttar Pradesh|Deoria,Uttar Pradesh|Deoria,Uttar Pradesh|Deoria
DEV HOSPITAL,Tamil Nadu,DEVAKOTTAI,Devakottai,Tier 3,No,No,Yes,No,No,Tamil Nadu|Tier 3,Tamil Nadu|Devakottai,,,Tamil Nadu|Devakottai,,
DROAN HOSPITAL AND RESEARCH CENTRE,Madhya Pradesh,DEWAS,Dewas,Tier 3,Yes,Yes,Yes,Yes,Yes,Madhya Pradesh|Tier 3,Madhya Pradesh|Dewas,Madhya Pradesh|Dewas,Madhya Pradesh|Dewas,Madhya Pradesh|Dewas,Madhya Pradesh|Dewas,Madhya Pradesh|Dewas
Raunak eye care,Madhya Pradesh,Dewas,Dewas,Tier 3,No,No,Yes,No,No,Madhya Pradesh|Tier 3,Madhya Pradesh|Dewas,,,Madhya Pradesh|Dewas,,
HOPEWELL HOSPITAL,Madhya Pradesh,Dewas,Dewas,Tier 3,Yes,Yes,No,Yes,Yes,Madhya Pradesh|Tier 3,Madhya Pradesh|Dewas,Madhya Pradesh|Dewas,Madhya Pradesh|Dewas,,Madhya Pradesh|Dewas,Madhya Pradesh|Dewas
SILVERLINE HOSPITAL,Maharashtra,DHAISAR,Dhaisar,Tier 3,Yes,Yes,No,Yes,No,Maharashtra|Tier 3,Maharashtra|Dhaisar,Maharashtra|Dhaisar,Maharashtra|Dhaisar,,Maharashtra|Dhaisar,
ADARSH PRITI HOSPITAL,Madhya Pradesh,"DHAMNOD, DHARAMPURI (BLOCK)",Dhamnod,Tier 3,No,No,Yes,Yes,Yes,Madhya Pradesh|Tier 3,Madhya Pradesh|Dhamnod,,,Madhya Pradesh|Dhamnod,Madhya Pradesh|Dhamnod,Madhya Pradesh|Dhamnod
Saral hospital,Uttar Pradesh,Dhampur,Dhampur,Tier 3,No,No,No,Yes,Yes,Uttar Pradesh|Tier 3,Uttar Pradesh|Dhampur,,,,Uttar Pradesh|Dhampur,Uttar Pradesh|Dhampur
ekta hospital & pathology center,Chhattisgarh,dhamtari,Dhamtari,Tier 3,No,No,No,Yes,No,Chhattisgarh|Tier 3,Chhattisgarh|Dhamtari,,,,Chhattisgarh|Dhamtari,
GEETASRI CLINIC,Jharkhand,DHANBAD,Dhanbad,Tier 2B,No,No,Yes,No,No,Jharkhand|Tier 2B,Jharkhand|Dhanbad,,,Jharkhand|Dhanbad,,
CMC Hospital ( Unit of-Dhanbad Citizens Medical center LLP),Jharkhand,Dhanbad,Dhanbad,Tier 2B,Yes,Yes,Yes,Yes,Yes,Jharkhand|Tier 2B,Jharkhand|Dhanbad,Jharkhand|Dhanbad,Jharkhand|Dhanbad,Jharkhand|Dhanbad,Jharkhand|Dhanbad,Jharkhand|Dhanbad
NAYANDEEP EYE HOSPITAL,Jharkhand,DHANBAD,Dhanbad,Tier 2B,No,No,Yes,No,No,Jharkhand|Tier 2B,Jharkhand|Dhanbad,,,Jharkhand|Dhanbad,,
ALKARI DEVI HOSPITAL,Jharkhand,DHANBAD,Dhanbad,Tier 2B,No,No,No,Yes,No,Jharkhand|Tier 2B,Jharkhand|Dhanbad,,,,Jharkhand|Dhanbad,
CHARUNETRALAYA,West Bengal,DHANIAKHALI,Dhaniakhali,Tier 3,No,No,Yes,No,No,West Bengal|Tier 3,West Bengal|Dhaniakhali,,,West Bengal|Dhaniakhali,,
Khandeshwar Hospital,Maharashtra,Dhanora Kh.,Dhanora Kh,Tier 3,No,No,No,No,No,Maharashtra|Tier 3,Maharashtra|Dhanora Kh,,,,,
Arogya Nursing Home Sadalpur,Madhya Pradesh,DHAR,Dhar,Tier 3,No,No,No,No,No,Madhya Pradesh|Tier 3,Madhya Pradesh|Dhar,,,,,
JTP SARDAR PATEL HOSPITAL,Madhya Pradesh,DHAR,Dhar,Tier 3,Yes,Yes,Yes,Yes,Yes,Madhya Pradesh|Tier 3,Madhya Pradesh|Dhar,Madhya Pradesh|Dhar,Madhya Pradesh|Dhar,Madhya Pradesh|Dhar,Madhya Pradesh|Dhar,Madhya Pradesh|Dhar
ANANDHOSPITALANDESEARCHCENTER,Madhya Pradesh,DHAR,Dhar,Tier 3,No,No,No,No,No,Madhya Pradesh|Tier 3,Madhya Pradesh|Dhar,,,,,
DNV ORTHO CARE,Tamil Nadu,DHARMAPURI,Dharmapuri,Tier 3,No,No,No,No,No,Tamil Nadu|Tier 3,Tamil Nadu|Dharmapuri,,,,,
ISHANTH MULTI SPECIALTY HOSPITAL,Tamil Nadu,DHARMAPURI,Dharmapuri,Tier 3,Yes,Yes,Yes,Yes,Yes,Tamil Nadu|Tier 3,Tamil Nadu|Dharmapuri,Tamil Nadu|Dharmapuri,Tamil Nadu|Dharmapuri,Tamil Nadu|Dharmapuri,Tamil Nadu|Dharmapuri,Tamil Nadu|Dharmapuri
Dr Kittur Eye and General Hospital,Karnataka,DHARWAD,Hubli,Tier 2B,No,No,Yes,Yes,No,Karnataka|Tier 2B,Karnataka|Hubli,,,Karnataka|Hubli,Karnataka|Hubli,
Vedaant Eye Care and Health Centre,Karnataka,Dharwad,Hubli,Tier 2B,No,No,Yes,No,No,Karnataka|Tier 2B,Karnataka|Hubli,,,Karnataka|Hubli,,
Navasandana Multispeciality Hospital,Karnataka,dharwad,Hubli,Tier 2B,No,Yes,No,Yes,Yes,Karnataka|Tier 2B,Karnataka|Hubli,,Karnataka|Hubli,,Karnataka|Hubli,Karnataka|Hubli
POPULAR HOSPITAL ( A UNIT OF PP POPULAR HOSPITAL PVT LTD),Assam,DHUBRI,Dhubri,Tier 3,No,No,No,Yes,Yes,Assam|Tier 3,Assam|Dhubri,,,,Assam|Dhubri,Assam|Dhubri
MANDALE HOSPITAL,Maharashtra,DHULE,Dhule,Tier 3,Yes,No,No,No,Yes,Maharashtra|Tier 3,Maharashtra|Dhule,Maharashtra|Dhule,,,,Maharashtra|Dhule
Saisandesh Balrugnalay,Maharashtra,Dhule,Dhule,Tier 3,No,No,No,No,No,Maharashtra|Tier 3,Maharashtra|Dhule,,,,,
Mauli Hospital,Maharashtra,Dhule,Dhule,Tier 3,No,No,No,No,No,Maharashtra|Tier 3,Maharashtra|Dhule,,,,,
Geeta Hospital Dhule,Maharashtra,Dhule,Dhule,Tier 3,No,No,No,Yes,No,Maharashtra|Tier 3,Maharashtra|Dhule,,,,Maharashtra|Dhule,
Siddhahasta Accident Hospital,Maharashtra,Dhule,Dhule,Tier 3,No,No,No,No,No,Maharashtra|Tier 3,Maharashtra|Dhule,,,,,
SHATAYU HOSPITAL,Maharashtra,DHULE,Dhule,Tier 3,Yes,Yes,Yes,Yes,Yes,Maharashtra|Tier 3,Maharashtra|Dhule,Maharashtra|Dhule,Maharashtra|Dhule,Maharashtra|Dhule,Maharashtra|Dhule,Maharashtra|Dhule
GOKUL CHILDREN HOSPITAL,Maharashtra,DHULE,Dhule,Tier 3,No,No,No,No,No,Maharashtra|Tier 3,Maharashtra|Dhule,,,,,
KAUSHALYA HOSPITAL,Maharashtra,Dhule,Dhule,Tier 3,No,No,No,Yes,Yes,Maharashtra|Tier 3,Maharashtra|Dhule,,,,Maharashtra|Dhule,Maharashtra|Dhule
Harichhaya Bal Rugnalaya,Maharashtra,DHULE,Dhule,Tier 3,No,No,No,No,No,Maharashtra|Tier 3,Maharashtra|Dhule,,,,,
GANPATI HOSPITAL & ICU,Maharashtra,DHULE,Dhule,Tier 3,Yes,No,No,No,Yes,Maharashtra|Tier 3,Maharashtra|Dhule,Maharashtra|Dhule,,,,Maharashtra|Dhule
Notun Jeevan Hospital (A Unit of Mountheaven Healthcare Private Limited),West Bengal,Dhulian,Dhulian,Tier 3,Yes,Yes,No,Yes,No,West Bengal|Tier 3,West Bengal|Dhulian,West Bengal|Dhulian,West Bengal|Dhulian,,West Bengal|Dhulian,
Astha Maternity & Nursing Home,West Bengal,Diamond Harbour,Diamond Harbour,Tier 3,No,Yes,No,Yes,Yes,West Bengal|Tier 3,West Bengal|Diamond Harbour,,West Bengal|Diamond Harbour,,West Bengal|Diamond Harbour,West Bengal|Diamond Harbour
D M R I HOSPITAL,West Bengal,DIAMOND HARBOUR,Diamond Harbour,Tier 3,Yes,Yes,No,Yes,No,West Bengal|Tier 3,West Bengal|Diamond Harbour,West Bengal|Diamond Harbour,West Bengal|Diamond Harbour,,West Bengal|Diamond Harbour,
DR. DAS NURSING HOME & DIAGNOSTIC CENTRE PVT LTD,West Bengal,Diamond Harbour,Diamond Harbour,Tier 3,No,No,Yes,Yes,No,West Bengal|Tier 3,West Bengal|Diamond Harbour,,,West Bengal|Diamond Harbour,West Bengal|Diamond Harbour,
RENU EYE CARE CENTRE,Assam,DIBRUGARH,Dibrugarh,Tier 3,No,No,Yes,No,No,Assam|Tier 3,Assam|Dibrugarh,,,Assam|Dibrugarh,,
CKS DIDWANA HOSPITAL,Rajasthan,DIDWANA,Didwana,Tier 3,No,No,No,Yes,Yes,Rajasthan|Tier 3,Rajasthan|Didwana,,,,Rajasthan|Didwana,Rajasthan|Didwana
Sant Shri Dr. Ramrao Maharaj Arogyadham Hospital & Critical Care,Maharashtra,DIGRAS,Digras,Tier 3,Yes,Yes,Yes,Yes,Yes,Maharashtra|Tier 3,Maharashtra|Digras,Maharashtra|Digras,Maharashtra|Digras,Maharashtra|Digras,Maharashtra|Digras,Maharashtra|Digras
THAPAR EYE HOSPITAL,Punjab,DINANAGAR,Dinanagar,Tier 3,No,No,Yes,No,No,Punjab|Tier 3,Punjab|Dinanagar,,,Punjab|Dinanagar,,
vidyanand hospital,Punjab,dinanagar,Dinanagar,Tier 3,No,No,No,Yes,Yes,Punjab|Tier 3,Punjab|Dinanagar,,,,Punjab|Dinanagar,Punjab|Dinanagar
NIDHARSHANA HOSPITAL,Tamil Nadu,DINDIGUL,Dindigul,Tier 3,No,No,No,Yes,Yes,Tamil Nadu|Tier 3,Tamil Nadu|Dindigul,,,,Tamil Nadu|Dindigul,Tamil Nadu|Dindigul
S.R. Hospital Dindigul,Tamil Nadu,Dindigul,Dindigul,Tier 3,No,No,No,Yes,No,Tamil Nadu|Tier 3,Tamil Nadu|Dindigul,,,,Tamil Nadu|Dindigul,
STAR KIDS CHILDRENS HOSPITAL,Tamil Nadu,Dindigul,Dindigul,Tier 3,No,No,No,Yes,Yes,Tamil Nadu|Tier 3,Tamil Nadu|Dindigul,,,,Tamil Nadu|Dindigul,Tamil Nadu|Dindigul
SRI BAAMA HOSPITAL,Tamil Nadu,DINDIGUL,Dindigul,Tier 3,Yes,No,No,No,No,Tamil Nadu|Tier 3,Tamil Nadu|Dindigul,Tamil Nadu|Dindigul,,,,
SRIRAM HOSPITAL,Tamil Nadu,DINDIGUL,Dindigul,Tier 3,No,No,No,Yes,No,Tamil Nadu|Tier 3,Tamil Nadu|Dindigul,,,,Tamil Nadu|Dindigul,
DR A.K AZHAGU EYE HOSPITAL,Tamil Nadu,"Dindigul,",Dindigul,Tier 3,No,No,Yes,No,No,Tamil Nadu|Tier 3,Tamil Nadu|Dindigul,,,Tamil Nadu|Dindigul,,
DASHOSPITAL,Tamil Nadu,DINDUIGUL,Dinduigul,Tier 3,No,Yes,No,Yes,No,Tamil Nadu|Tier 3,Tamil Nadu|Dinduigul,,Tamil Nadu|Dinduigul,,Tamil Nadu|Dinduigul,
MOHANS MEDICAL CENTRE (A UNIT OF MOHAN PRITILATA MEDICAL AND RESEARCH CENTRE PVT. LTD.),West Bengal,DIOMAND HARBOUR,Diomand Harbour,Tier 3,No,Yes,No,Yes,Yes,West Bengal|Tier 3,West Bengal|Diomand Harbour,,West Bengal|Diomand Harbour,,West Bengal|Diomand Harbour,West Bengal|Diomand Harbour
Mangal Multispeciality Hospital and Piles Laser Care Centre,Maharashtra,DIST -SOLAPUR,Solapur,Tier 2B,No,No,No,Yes,No,Maharashtra|Tier 2B,Maharashtra|Solapur,,,,Maharashtra|Solapur,
SS HOSPITAL AND TRAUMA CENTRE,Haryana,"District- Mahindergarh,",Mahindergarh,Tier 3,No,No,No,No,No,Haryana|Tier 3,Haryana|Mahindergarh,,,,,
INDIAN CANCER TREATMENT CENTER MANGED BY SKY ONCOLOGY,Maharashtra,DOMBIVALI,Dombivili,Tier 2B,No,Yes,No,No,No,Maharashtra|Tier 2B,Maharashtra|Dombivili,,Maharashtra|Dombivili,,,
Neuro Vision Hospital,Maharashtra,DOMBIVLI,Dombivili,Tier 2B,No,No,Yes,No,No,Maharashtra|Tier 2B,Maharashtra|Dombivili,,,Maharashtra|Dombivili,,
Lotus Multispeciality Hospital,Maharashtra,Dombivli,Dombivili,Tier 2B,Yes,No,Yes,Yes,No,Maharashtra|Tier 2B,Maharashtra|Dombivili,Maharashtra|Dombivili,,Maharashtra|Dombivili,Maharashtra|Dombivili,
SAEE CHILDREN AND DENTAL HOSPITAL,Maharashtra,dombivli e,Dombivli E,Tier 3,No,No,No,No,Yes,Maharashtra|Tier 3,Maharashtra|Dombivli E,,,,,Maharashtra|Dombivli E
Dr Swapna's Netra Eyecare,Maharashtra,Dombivli East,Dombivili,Tier 2B,No,No,Yes,No,No,Maharashtra|Tier 2B,Maharashtra|Dombivili,,,Maharashtra|Dombivili,,
SIDHHIVINAYAK HOSPITAL MATERNITY HOME AND BALRUGNALAYA,Maharashtra,DONDAICHA,Dondaicha,Tier 3,No,No,No,Yes,Yes,Maharashtra|Tier 3,Maharashtra|Dondaicha,,,,Maharashtra|Dondaicha,Maharashtra|Dondaicha
NEXVISION SUPERSPECIALITY EYE HOSPITAL,Maharashtra,DRONAGIRI,Dronagiri,Tier 3,No,No,Yes,No,No,Maharashtra|Tier 3,Maharashtra|Dronagiri,,,Maharashtra|Dronagiri,,
Lotus Eye Care,West Bengal,Duliya,Duliya,Tier 3,No,No,Yes,No,No,West Bengal|Tier 3,West Bengal|Duliya,,,West Bengal|Duliya,,
S S PATEL LAKWA UPCHAR HOSPITAL PVT LTD,Rajasthan,DUNGARPUR,Dungarpur,Tier 3,No,No,No,Yes,No,Rajasthan|Tier 3,Rajasthan|Dungarpur,,,,Rajasthan|Dungarpur,
Shri Siddhivinayak Hospital,Chhattisgarh,Durg,Durg,Tier 3,Yes,Yes,Yes,Yes,Yes,Chhattisgarh|Tier 3,Chhattisgarh|Durg,Chhattisgarh|Durg,Chhattisgarh|Durg,Chhattisgarh|Durg,Chhattisgarh|Durg,Chhattisgarh|Durg
SR HOSPITAL,Chhattisgarh,DURG,Durg,Tier 3,Yes,No,Yes,Yes,No,Chhattisgarh|Tier 3,Chhattisgarh|Durg,Chhattisgarh|Durg,,Chhattisgarh|Durg,Chhattisgarh|Durg,
SHRI SAI HOSPITAL,Chhattisgarh,DURG,Durg,Tier 3,No,No,No,Yes,Yes,Chhattisgarh|Tier 3,Chhattisgarh|Durg,,,,Chhattisgarh|Durg,Chhattisgarh|Durg
Veda Health & Research Institute Pvt.Ltd.,West Bengal,DURGAPUR,Durgapur,Tier 3,Yes,No,No,Yes,Yes,West Bengal|Tier 3,West Bengal|Durgapur,West Bengal|Durgapur,,,West Bengal|Durgapur,West Bengal|Durgapur
ANNAPURNA HEALTH POINT HOSPITAL (A UNIT OF ANNAPURNA TRUST),West Bengal,DURGAPUR,Durgapur,Tier 3,Yes,Yes,No,Yes,Yes,West Bengal|Tier 3,West Bengal|Durgapur,West Bengal|Durgapur,West Bengal|Durgapur,,West Bengal|Durgapur,West Bengal|Durgapur
SHATWIK HOSPITAL PVT LTD,West Bengal,DURGAPUR,Durgapur,Tier 3,No,Yes,No,Yes,Yes,West Bengal|Tier 3,West Bengal|Durgapur,,West Bengal|Durgapur,,West Bengal|Durgapur,West Bengal|Durgapur
BENGAL HOSPITAL,West Bengal,DURGAPUR,Durgapur,Tier 3,Yes,No,No,Yes,Yes,West Bengal|Tier 3,West Bengal|Durgapur,West Bengal|Durgapur,,,West Bengal|Durgapur,West Bengal|Durgapur
MAA DURGA HOSPITAL (A UNIT OF MAA DURGA NURSING HOME),West Bengal,DURGAPUR,Durgapur,Tier 3,No,No,No,Yes,No,West Bengal|Tier 3,West Bengal|Durgapur,,,,West Bengal|Durgapur,
Lions Care Centre,West Bengal,Durgapur,Durgapur,Tier 3,No,No,Yes,No,No,West Bengal|Tier 3,West Bengal|Durgapur,,,West Bengal|Durgapur,,
DISHA EYE HOSPITALS PVT LTD,West Bengal,DURGAPUR,Durgapur,Tier 3,No,No,Yes,No,No,West Bengal|Tier 3,West Bengal|Durgapur,,,West Bengal|Durgapur,,
Ayurnava Ayurveda hospital,Delhi,"dwarka,delhi",Delhi,Tier 1,No,No,No,No,No,Delhi|Tier 1,Delhi|Delhi,,,,,
Aarav Health Centre,Bihar,EAST CHAMPARAN,East Champaran,Tier 3,Yes,No,No,Yes,Yes,Bihar|Tier 3,Bihar|East Champaran,Bihar|East Champaran,,,Bihar|East Champaran,Bihar|East Champaran
Vivekanand Hospital,Delhi,East Delhi,Delhi,Tier 1,No,No,No,No,No,Delhi|Tier 1,Delhi|Delhi,,,,,
Reno Plus Dialysis Unit,Jharkhand,EAST SINGHBHUM,East Singhbhum,Tier 3,No,No,No,No,No,Jharkhand|Tier 3,Jharkhand|East Singhbhum,,,,,
BRAHMANANDAM HOSPITAL,Jharkhand,East Singhbhum,East Singhbhum,Tier 3,Yes,Yes,No,Yes,Yes,Jharkhand|Tier 3,Jharkhand|East Singhbhum,Jharkhand|East Singhbhum,Jharkhand|East Singhbhum,,Jharkhand|East Singhbhum,Jharkhand|East Singhbhum
SEBAYAN NURSING HOME,West Bengal,Egra,Egra,Tier 3,No,No,No,Yes,No,West Bengal|Tier 3,West Bengal|Egra,,,,West Bengal|Egra,
SREE MULTI SPECIALITY HOSPITAL,Andhra Pradesh,ELURU,Eluru,Tier 3,No,Yes,Yes,Yes,No,Andhra Pradesh|Tier 3,Andhra Pradesh|Eluru,,Andhra Pradesh|Eluru,Andhra Pradesh|Eluru,Andhra Pradesh|Eluru,
SARASWATHI HOSPITAL,Andhra Pradesh,ELURU,Eluru,Tier 3,No,No,No,Yes,No,Andhra Pradesh|Tier 3,Andhra Pradesh|Eluru,,,,Andhra Pradesh|Eluru,
Life Hospitals (A Unit Of Prasaktha Health Care PVT.LTD),Andhra Pradesh,Eluru,Eluru,Tier 3,Yes,No,No,Yes,No,Andhra Pradesh|Tier 3,Andhra Pradesh|Eluru,Andhra Pradesh|Eluru,,,Andhra Pradesh|Eluru,
A. A HOSPITAL,Andhra Pradesh,Eluru,Eluru,Tier 3,No,No,Yes,No,No,Andhra Pradesh|Tier 3,Andhra Pradesh|Eluru,,,Andhra Pradesh|Eluru,,
Nafees Nursing Home,Maharashtra,Erandol,Erandol,Tier 3,No,No,No,Yes,No,Maharashtra|Tier 3,Maharashtra|Erandol,,,,Maharashtra|Erandol,
PADMALAYA HOSPITAL,Maharashtra,ERANDOL DIST JALGAON,Erandol,Tier 3,Yes,No,No,Yes,No,Maharashtra|Tier 3,Maharashtra|Erandol,Maharashtra|Erandol,,,Maharashtra|Erandol,
Ali Doctors Hospital LLP,Kerala,ERNAMKULAM,Ernamkulam,Tier 3,Yes,No,Yes,Yes,No,Kerala|Tier 3,Kerala|Ernamkulam,Kerala|Ernamkulam,,Kerala|Ernamkulam,Kerala|Ernamkulam,
KG Nursing Home,Tamil Nadu,Erode,Erode,Tier 2B,Yes,No,No,Yes,No,Tamil Nadu|Tier 2B,Tamil Nadu|Erode,Tamil Nadu|Erode,,,Tamil Nadu|Erode,
SKM CHIKITCHAALAYA SIDDHA AYURVEDA HOSPITAL,Tamil Nadu,ERODE,Erode,Tier 2B,No,No,No,No,No,Tamil Nadu|Tier 2B,Tamil Nadu|Erode,,,,,
Medway Hospital,Tamil Nadu,Erode,Erode,Tier 2B,Yes,No,Yes,Yes,Yes,Tamil Nadu|Tier 2B,Tamil Nadu|Erode,Tamil Nadu|Erode,,Tamil Nadu|Erode,Tamil Nadu|Erode,Tamil Nadu|Erode
Sushila Hospital and Research Centre,Uttar Pradesh,ETAWAH,Etawah,Tier 3,No,No,No,Yes,No,Uttar Pradesh|Tier 3,Uttar Pradesh|Etawah,,,,Uttar Pradesh|Etawah,
V L PATIL SUPER SPECIALITY HOSPITAL,Karnataka,"ewargi Road, Kalaburagi, Gulbarga",Kalaburagi,Tier 3,No,No,No,Yes,No,Karnataka|Tier 3,Karnataka|Kalaburagi,,,,Karnataka|Kalaburagi,
Sarang hospital,Maharashtra,Faizpur,Faizpur,Tier 3,No,Yes,No,Yes,No,Maharashtra|Tier 3,Maharashtra|Faizpur,,Maharashtra|Faizpur,,Maharashtra|Faizpur,
VARSHA HOSPITAL,West Bengal,FALAKATA,Falakata,Tier 3,Yes,No,No,Yes,No,West Bengal|Tier 3,West Bengal|Falakata,West Bengal|Falakata,,,West Bengal|Falakata,
JAIN HOSPITAL AND FERTILITY RESEARCH CENTRE,Rajasthan,FALNA,Falna,Tier 3,No,No,No,Yes,No,Rajasthan|Tier 3,Rajasthan|Falna,,,,Rajasthan|Falna,
ASHSHEEFA HOSPITAL,West Bengal,Falta,Falta,Tier 3,Yes,Yes,No,Yes,Yes,West Bengal|Tier 3,West Bengal|Falta,West Bengal|Falta,West Bengal|Falta,,West Bengal|Falta,West Bengal|Falta
VEDA MEDICARE A MULTISPECIALITY HOSPITAL & TRAUMA CENTRE,Haryana,FARIDABAD,Faridabad,Tier 2B,Yes,Yes,Yes,Yes,Yes,Haryana|Tier 2B,Haryana|Faridabad,Haryana|Faridabad,Haryana|Faridabad,Haryana|Faridabad,Haryana|Faridabad,Haryana|Faridabad
SHREE JEEVANDAAN  MULTISPECIALITY HOSPITAL,Haryana,FARIDABAD,Faridabad,Tier 2B,Yes,No,Yes,Yes,Yes,Haryana|Tier 2B,Haryana|Faridabad,Haryana|Faridabad,,Haryana|Faridabad,Haryana|Faridabad,Haryana|Faridabad
AAYUSHMAN HOSPITAL,Haryana,Faridabad,Faridabad,Tier 2B,No,No,No,Yes,No,Haryana|Tier 2B,Haryana|Faridabad,,,,Haryana|Faridabad,
Unique Hospital (A Unit of Shri Shyam Dass Baba Trust),Haryana,Faridabad,Faridabad,Tier 2B,Yes,Yes,Yes,Yes,Yes,Haryana|Tier 2B,Haryana|Faridabad,Haryana|Faridabad,Haryana|Faridabad,Haryana|Faridabad,Haryana|Faridabad,Haryana|Faridabad
Gorshi Multispeciality Hospital,Haryana,Faridabad,Faridabad,Tier 2B,Yes,No,No,Yes,Yes,Haryana|Tier 2B,Haryana|Faridabad,Haryana|Faridabad,,,Haryana|Faridabad,Haryana|Faridabad
Synergy Multispeciality Hospital,Haryana,Faridabad,Faridabad,Tier 2B,Yes,No,No,Yes,Yes,Haryana|Tier 2B,Haryana|Faridabad,Haryana|Faridabad,,,Haryana|Faridabad,Haryana|Faridabad
Dr.Suraj prakash arogya kendra,Haryana,Faridabad,Faridabad,Tier 2B,Yes,Yes,Yes,Yes,Yes,Haryana|Tier 2B,Haryana|Faridabad,Haryana|Faridabad,Haryana|Faridabad,Haryana|Faridabad,Haryana|Faridabad,Haryana|Faridabad
Life Hospital ( A Unit of Tanishka Life Hospital ),Haryana,FARIDABAD,Faridabad,Tier 2B,Yes,No,No,Yes,Yes,Haryana|Tier 2B,Haryana|Faridabad,Haryana|Faridabad,,,Haryana|Faridabad,Haryana|Faridabad
Yatharth Super Speciality Hospital,Haryana,Faridabad,Faridabad,Tier 2B,Yes,Yes,Yes,Yes,Yes,Haryana|Tier 2B,Haryana|Faridabad,Haryana|Faridabad,Haryana|Faridabad,Haryana|Faridabad,Haryana|Faridabad,Haryana|Faridabad
Aruna Ear Nose Throat Head & Neck Hospital,Haryana,FARIDABAD,Faridabad,Tier 2B,No,No,No,No,No,Haryana|Tier 2B,Haryana|Faridabad,,,,,
SAI HOSPITAL,Haryana,FARIDABAD,Faridabad,Tier 2B,No,No,Yes,Yes,No,Haryana|Tier 2B,Haryana|Faridabad,,,Haryana|Faridabad,Haryana|Faridabad,
AADIKA HOSPITAL,Haryana,FARIDABAD,Faridabad,Tier 2B,No,No,No,Yes,No,Haryana|Tier 2B,Haryana|Faridabad,,,,Haryana|Faridabad,
VRIKSHAKALPA AYURVEDA & PANCHKARMA HOSPITAL,Haryana,Faridabad,Faridabad,Tier 2B,No,No,No,No,No,Haryana|Tier 2B,Haryana|Faridabad,,,,,
THE GOLDEN MINUTE HOSPITAL,Haryana,FARIDABAD,Faridabad,Tier 2B,No,No,No,Yes,Yes,Haryana|Tier 2B,Haryana|Faridabad,,,,Haryana|Faridabad,Haryana|Faridabad
B R HOSPITAL (A LAPROSCOPIC AND MULTISPECIALTY CENTRE),Haryana,FARIDABAD,Faridabad,Tier 2B,No,Yes,No,Yes,Yes,Haryana|Tier 2B,Haryana|Faridabad,,Haryana|Faridabad,,Haryana|Faridabad,Haryana|Faridabad
ASHIRWAD HOSPITAL,Haryana,Faridabad (Ballabhgarh area),Faridabad,Tier 2B,No,No,No,Yes,Yes,Haryana|Tier 2B,Haryana|Faridabad,,,,Haryana|Faridabad,Haryana|Faridabad
Jyoti Eye Centre,Haryana,"Faridabad, Haryana",Faridabad,Tier 2B,No,No,Yes,No,No,Haryana|Tier 2B,Haryana|Faridabad,,,Haryana|Faridabad,,
NIRMAL SUPER SPECIALITY HOSPITAL,Punjab,FATEGARH SAHIB,Fategarh Sahib,Tier 3,No,No,No,Yes,Yes,Punjab|Tier 3,Punjab|Fategarh Sahib,,,,Punjab|Fategarh Sahib,Punjab|Fategarh Sahib
SUVIDHA HOSPITAL,Haryana,Fatehabad,Fatehabad,Tier 3,No,No,No,Yes,No,Haryana|Tier 3,Haryana|Fatehabad,,,,Haryana|Fatehabad,
Das Nursing Home,Uttar Pradesh,FATEHGARH,Fatehgarh,Tier 3,No,Yes,Yes,Yes,Yes,Uttar Pradesh|Tier 3,Uttar Pradesh|Fatehgarh,,Uttar Pradesh|Fatehgarh,Uttar Pradesh|Fatehgarh,Uttar Pradesh|Fatehgarh,Uttar Pradesh|Fatehgarh
Indus Fatehgarh Sahib Hospital,Punjab,Fatehgarh Sahib,Fatehgarh Sahib,Tier 3,No,Yes,No,Yes,Yes,Punjab|Tier 3,Punjab|Fatehgarh Sahib,,Punjab|Fatehgarh Sahib,,Punjab|Fatehgarh Sahib,Punjab|Fatehgarh Sahib
RIMT Medical College and Hospital,Punjab,FATEHGARH SAHIB,Fatehgarh Sahib,Tier 3,No,No,Yes,Yes,Yes,Punjab|Tier 3,Punjab|Fatehgarh Sahib,,,Punjab|Fatehgarh Sahib,Punjab|Fatehgarh Sahib,Punjab|Fatehgarh Sahib
SAI KRIPA EYE AND CHILDREN HOSPITA,Punjab,FATEHGARH SAHIB,Fatehgarh Sahib,Tier 3,No,No,Yes,No,Yes,Punjab|Tier 3,Punjab|Fatehgarh Sahib,,,Punjab|Fatehgarh Sahib,,Punjab|Fatehgarh Sahib
GENESISAMANDEEPMULTISPECIALITYHOSPITAL,Punjab,ferozepur,Ferozepur,Tier 3,Yes,No,No,Yes,Yes,Punjab|Tier 3,Punjab|Ferozepur,Punjab|Ferozepur,,,Punjab|Ferozepur,Punjab|Ferozepur
FEROZEPUR MEDICITY  SUPER SPECIALITY HOSPITAL ( A UNIT OF MEDICITY FZR LLP),Punjab,FEROZEPUR,Ferozepur,Tier 3,Yes,No,No,Yes,No,Punjab|Tier 3,Punjab|Ferozepur,Punjab|Ferozepur,,,Punjab|Ferozepur,
AMANJIT MULTI SPECIALITY HOSPITAL,Punjab,FEROZEPUR,Ferozepur,Tier 3,No,No,No,Yes,No,Punjab|Tier 3,Punjab|Ferozepur,,,,Punjab|Ferozepur,
Sandhu Hospital,Punjab,Ferozepur City,Ferozepur,Tier 3,No,No,No,No,Yes,Punjab|Tier 3,Punjab|Ferozepur,,,,,Punjab|Ferozepur
A ONE NAGI HOSPITAL & EH RESEARCH CENTER,Punjab,FEROZPUR,Ferozpur,Tier 3,No,No,No,No,No,Punjab|Tier 3,Punjab|Ferozpur,,,,,
DRISTI EYE CARE CENTRE,Uttar Pradesh,FIROZABAD,Firozabad,Tier 2B,No,No,Yes,No,No,Uttar Pradesh|Tier 2B,Uttar Pradesh|Firozabad,,,Uttar Pradesh|Firozabad,,
DR BASAVARADDI'S SAPTHAGIRI MULTISPECIALITY HOSPITAL AND RESEARCH CENTRE,Karnataka,GADAG,Gadag,Tier 3,Yes,Yes,No,Yes,Yes,Karnataka|Tier 3,Karnataka|Gadag,Karnataka|Gadag,Karnataka|Gadag,,Karnataka|Gadag,Karnataka|Gadag
CSI Basel Mission Hospital,Karnataka,gadag,Gadag,Tier 3,Yes,No,No,Yes,Yes,Karnataka|Tier 3,Karnataka|Gadag,Karnataka|Gadag,,,Karnataka|Gadag,Karnataka|Gadag
KPN HOSPITAL,Telangana,GADWAL,Gadwal,Tier 3,No,No,No,Yes,No,Telangana|Tier 3,Telangana|Gadwal,,,,Telangana|Gadwal,
KOTHA MEERABHAI HOSPITAL,Telangana,GAJWEL,Gajwel,Tier 3,Yes,Yes,No,Yes,No,Telangana|Tier 3,Telangana|Gajwel,Telangana|Gajwel,Telangana|Gajwel,,Telangana|Gajwel,
Maharaja Agarsein Charitable Hospital,Haryana,Ganaur,Ganaur,Tier 3,Yes,No,Yes,Yes,No,Haryana|Tier 3,Haryana|Ganaur,Haryana|Ganaur,,Haryana|Ganaur,Haryana|Ganaur,
Sushrut Hospital,Gujarat,Gandhinagar,Gandhinagar,Tier 3,No,No,No,No,No,Gujarat|Tier 3,Gujarat|Gandhinagar,,,,,
ARPAN HOSPITAL,Rajasthan,GANGANAGAR,Ganganagar,Tier 3,No,No,No,Yes,No,Rajasthan|Tier 3,Rajasthan|Ganganagar,,,,Rajasthan|Ganganagar,
GAJANAN MULTISPECIALITY HOSPITAL AND ICU,Maharashtra,GANGAPUR,Gangapur,Tier 3,Yes,Yes,No,Yes,Yes,Maharashtra|Tier 3,Maharashtra|Gangapur,Maharashtra|Gangapur,Maharashtra|Gangapur,,Maharashtra|Gangapur,Maharashtra|Gangapur
VITHAI MULTISPECIALITY HOSPITAL,Maharashtra,GANGAPUR,Gangapur,Tier 3,Yes,Yes,Yes,Yes,No,Maharashtra|Tier 3,Maharashtra|Gangapur,Maharashtra|Gangapur,Maharashtra|Gangapur,Maharashtra|Gangapur,Maharashtra|Gangapur,
RIDDHI SIDDHI HOSPITAL,Rajasthan,GANGAPUR CITY,Gangapur,Tier 3,No,No,No,Yes,No,Rajasthan|Tier 3,Rajasthan|Gangapur,,,,Rajasthan|Gangapur,
VARDHMAN HOSPITAL AND INFERTILITY CENTER,Rajasthan,GANGAPUR CITY,Gangapur,Tier 3,No,No,No,Yes,No,Rajasthan|Tier 3,Rajasthan|Gangapur,,,,Rajasthan|Gangapur,
MARUTI AYURVEDA PANCHKARMA HOSPITAL AND RESEARCH CENTER,Rajasthan,GANGAPUR CITY,Gangapur,Tier 3,No,No,No,No,No,Rajasthan|Tier 3,Rajasthan|Gangapur,,,,,
PARKASH SCANS AND MULTISPECIALITY HOSPITAL,Punjab,GARDHIWAKA,Gardhiwaka,Tier 3,No,No,No,Yes,Yes,Punjab|Tier 3,Punjab|Gardhiwaka,,,,Punjab|Gardhiwaka,Punjab|Gardhiwaka
Sharma Hospital,Punjab,Garhdiwala,Garhdiwala,Tier 3,No,No,No,No,No,Punjab|Tier 3,Punjab|Garhdiwala,,,,,
well care hospital,Uttar Pradesh,GAUTAM BUDDH NAGAR,Noida,Tier 1,No,No,No,Yes,No,Uttar Pradesh|Tier 1,Uttar Pradesh|Noida,,,,Uttar Pradesh|Noida,
Trilok Hospital,Uttar Pradesh,Gautam Buddha Nagar,Noida,Tier 1,No,No,Yes,Yes,Yes,Uttar Pradesh|Tier 1,Uttar Pradesh|Noida,,,Uttar Pradesh|Noida,Uttar Pradesh|Noida,Uttar Pradesh|Noida
ANS Superspeciality Hospital ( A Unit of Vikas Bhardwaj Healthcare Pvt Ltd),Uttar Pradesh,Gautam Budh nagar,Noida,Tier 1,Yes,Yes,No,Yes,Yes,Uttar Pradesh|Tier 1,Uttar Pradesh|Noida,Uttar Pradesh|Noida,Uttar Pradesh|Noida,,Uttar Pradesh|Noida,Uttar Pradesh|Noida
KJR Hospital ( A Unit of KJR Healthcare Private Limited),Uttar Pradesh,Gautam Budh Nagar Noida,Noida,Tier 1,Yes,Yes,Yes,Yes,Yes,Uttar Pradesh|Tier 1,Uttar Pradesh|Noida,Uttar Pradesh|Noida,Uttar Pradesh|Noida,Uttar Pradesh|Noida,Uttar Pradesh|Noida,Uttar Pradesh|Noida
Ashok Hospital Neuro and Trauma center,Uttar Pradesh,GAUTAM BUDHA NAGAR,Noida,Tier 1,Yes,No,Yes,Yes,No,Uttar Pradesh|Tier 1,Uttar Pradesh|Noida,Uttar Pradesh|Noida,,Uttar Pradesh|Noida,Uttar Pradesh|Noida,
KAMESHWAR MEMORIAL CITY HOSPITAL,Bihar,GAYA,Gaya,Tier 3,Yes,No,No,Yes,Yes,Bihar|Tier 3,Bihar|Gaya,Bihar|Gaya,,,Bihar|Gaya,Bihar|Gaya
BUDDHA HOSPITAL AND RESEARCH INSTITUTE,Bihar,GAYA,Gaya,Tier 3,Yes,No,Yes,Yes,No,Bihar|Tier 3,Bihar|Gaya,Bihar|Gaya,,Bihar|Gaya,Bihar|Gaya,
SURENDRA NURSING HOME,Bihar,GAYA,Gaya,Tier 3,No,Yes,No,Yes,No,Bihar|Tier 3,Bihar|Gaya,,Bihar|Gaya,,Bihar|Gaya,
Shubh Sarvdrishti Eye Hospital (A unit of Sarvdrishti Eye Hospital Pvt. Ltd.),Bihar,GAYA,Gaya,Tier 3,No,No,Yes,No,No,Bihar|Tier 3,Bihar|Gaya,,,Bihar|Gaya,,
ASG INDIA OCULUS PVT LTD,Bihar,Gaya Ji,Gaya Ji,Tier 3,No,No,Yes,No,No,Bihar|Tier 3,Bihar|Gaya Ji,,,Bihar|Gaya Ji,,
AROGYAM AYURVEDA,Delhi,GH08 FLAT NO 69 SAHYOG APPARTMENT PASHIM VIHAR NEW DELHI - 110063,Delhi,Tier 1,No,No,No,No,No,Delhi|Tier 1,Delhi|Delhi,,,,,
CHILDCARE NURSING HOME,West Bengal,GHATAL,Ghatal,Tier 3,No,No,No,No,Yes,West Bengal|Tier 3,West Bengal|Ghatal,,,,,West Bengal|Ghatal
SARITA EYE CLINIC,Maharashtra,GHATKOPAR,Ghatkopar,Tier 3,No,No,Yes,No,No,Maharashtra|Tier 3,Maharashtra|Ghatkopar,,,Maharashtra|Ghatkopar,,
SHREYA EYE CENTRE IP,Uttar Pradesh,GHAZIABAD,Ghaziabad,Tier 2B,No,No,Yes,No,No,Uttar Pradesh|Tier 2B,Uttar Pradesh|Ghaziabad,,,Uttar Pradesh|Ghaziabad,,
VARDAN NETRA CHIKITSALYA,Uttar Pradesh,GHAZIABAD,Ghaziabad,Tier 2B,No,No,Yes,No,No,Uttar Pradesh|Tier 2B,Uttar Pradesh|Ghaziabad,,,Uttar Pradesh|Ghaziabad,,
SAI PRAYAAS MEDICAL CENTRE,Uttar Pradesh,GHAZIABAD,Ghaziabad,Tier 2B,No,Yes,No,Yes,Yes,Uttar Pradesh|Tier 2B,Uttar Pradesh|Ghaziabad,,Uttar Pradesh|Ghaziabad,,Uttar Pradesh|Ghaziabad,Uttar Pradesh|Ghaziabad
SANTOSH MEDICAL COLLEGE AND HOSPITAL,Uttar Pradesh,GHAZIABAD,Ghaziabad,Tier 2B,Yes,No,Yes,Yes,Yes,Uttar Pradesh|Tier 2B,Uttar Pradesh|Ghaziabad,Uttar Pradesh|Ghaziabad,,Uttar Pradesh|Ghaziabad,Uttar Pradesh|Ghaziabad,Uttar Pradesh|Ghaziabad
KRISHNA FAMILY HOSPITAL AND INFERTILITY CENTRE,Uttar Pradesh,Ghaziabad,Ghaziabad,Tier 2B,No,No,No,Yes,Yes,Uttar Pradesh|Tier 2B,Uttar Pradesh|Ghaziabad,,,,Uttar Pradesh|Ghaziabad,Uttar Pradesh|Ghaziabad
Shreya Multispeciality Hospital Private Limited,Uttar Pradesh,Ghaziabad,Ghaziabad,Tier 2B,No,No,Yes,Yes,Yes,Uttar Pradesh|Tier 2B,Uttar Pradesh|Ghaziabad,,,Uttar Pradesh|Ghaziabad,Uttar Pradesh|Ghaziabad,Uttar Pradesh|Ghaziabad
PANDIT SUNDER LAL SHARMA MULTI SPECIALITY HOSPITAL,Uttar Pradesh,Ghaziabad,Ghaziabad,Tier 2B,Yes,No,Yes,Yes,No,Uttar Pradesh|Tier 2B,Uttar Pradesh|Ghaziabad,Uttar Pradesh|Ghaziabad,,Uttar Pradesh|Ghaziabad,Uttar Pradesh|Ghaziabad,
Shri Jagannath Charitable Cancer Institute and Research Center,Uttar Pradesh,GHAZIABAD,Ghaziabad,Tier 2B,No,Yes,No,Yes,No,Uttar Pradesh|Tier 2B,Uttar Pradesh|Ghaziabad,,Uttar Pradesh|Ghaziabad,,Uttar Pradesh|Ghaziabad,
Shri Baliram Memorial Medical Centre,Uttar Pradesh,GHAZIABAD,Ghaziabad,Tier 2B,No,No,No,Yes,Yes,Uttar Pradesh|Tier 2B,Uttar Pradesh|Ghaziabad,,,,Uttar Pradesh|Ghaziabad,Uttar Pradesh|Ghaziabad
LOTUS HOSPITAL,Uttar Pradesh,GHAZIABAD,Ghaziabad,Tier 2B,No,No,No,Yes,Yes,Uttar Pradesh|Tier 2B,Uttar Pradesh|Ghaziabad,,,,Uttar Pradesh|Ghaziabad,Uttar Pradesh|Ghaziabad
JEEVAN ASHA HOSPITAL AND REHABILITATION CENTRE,Uttar Pradesh,GHAZIABAD,Ghaziabad,Tier 2B,No,Yes,Yes,Yes,No,Uttar Pradesh|Tier 2B,Uttar Pradesh|Ghaziabad,,Uttar Pradesh|Ghaziabad,Uttar Pradesh|Ghaziabad,Uttar Pradesh|Ghaziabad,
Disha Multispecility Hospital And Maternal Child Health Care Centre,Uttar Pradesh,Ghaziabad,Ghaziabad,Tier 2B,Yes,No,No,Yes,Yes,Uttar Pradesh|Tier 2B,Uttar Pradesh|Ghaziabad,Uttar Pradesh|Ghaziabad,,,Uttar Pradesh|Ghaziabad,Uttar Pradesh|Ghaziabad
Sai Eye Care And Medical Centre,Uttar Pradesh,Ghaziabad,Ghaziabad,Tier 2B,No,No,Yes,No,No,Uttar Pradesh|Tier 2B,Uttar Pradesh|Ghaziabad,,,Uttar Pradesh|Ghaziabad,,
JAIN EYE CLINIC AND CHILDREN SUPERSPECIALITY CLINIC,Uttar Pradesh,GHAZIABAD,Ghaziabad,Tier 2B,No,No,Yes,No,No,Uttar Pradesh|Tier 2B,Uttar Pradesh|Ghaziabad,,,Uttar Pradesh|Ghaziabad,,
Kailash Medicare And Research Centre,Uttar Pradesh,Ghaziabad,Ghaziabad,Tier 2B,Yes,No,Yes,Yes,No,Uttar Pradesh|Tier 2B,Uttar Pradesh|Ghaziabad,Uttar Pradesh|Ghaziabad,,Uttar Pradesh|Ghaziabad,Uttar Pradesh|Ghaziabad,
Dev eye centre,Uttar Pradesh,GHAZIABAD,Ghaziabad,Tier 2B,No,No,Yes,No,No,Uttar Pradesh|Tier 2B,Uttar Pradesh|Ghaziabad,,,Uttar Pradesh|Ghaziabad,,
Pannalal Shyamlal Hospital,Uttar Pradesh,GHAZIABAD,Ghaziabad,Tier 2B,No,No,Yes,Yes,Yes,Uttar Pradesh|Tier 2B,Uttar Pradesh|Ghaziabad,,,Uttar Pradesh|Ghaziabad,Uttar Pradesh|Ghaziabad,Uttar Pradesh|Ghaziabad
NEW VISION EYE AND MEDICAL CARE,Uttar Pradesh,GHAZIABAD,Ghaziabad,Tier 2B,No,No,Yes,No,No,Uttar Pradesh|Tier 2B,Uttar Pradesh|Ghaziabad,,,Uttar Pradesh|Ghaziabad,,
R K CLINIC AND MEDICAL CENTER,Uttar Pradesh,GHAZIABAD,Ghaziabad,Tier 2B,Yes,Yes,Yes,Yes,Yes,Uttar Pradesh|Tier 2B,Uttar Pradesh|Ghaziabad,Uttar Pradesh|Ghaziabad,Uttar Pradesh|Ghaziabad,Uttar Pradesh|Ghaziabad,Uttar Pradesh|Ghaziabad,Uttar Pradesh|Ghaziabad
Keshav Dhanwanti Hospital,Uttar Pradesh,ghaziabad,Ghaziabad,Tier 2B,Yes,No,Yes,Yes,No,Uttar Pradesh|Tier 2B,Uttar Pradesh|Ghaziabad,Uttar Pradesh|Ghaziabad,,Uttar Pradesh|Ghaziabad,Uttar Pradesh|Ghaziabad,
Khatri Nursing Home,Uttar Pradesh,Ghaziabad,Ghaziabad,Tier 2B,No,No,No,Yes,Yes,Uttar Pradesh|Tier 2B,Uttar Pradesh|Ghaziabad,,,,Uttar Pradesh|Ghaziabad,Uttar Pradesh|Ghaziabad
KDH Super Speciality Hospital,Uttar Pradesh,Ghaziabad,Ghaziabad,Tier 2B,No,No,No,Yes,Yes,Uttar Pradesh|Tier 2B,Uttar Pradesh|Ghaziabad,,,,Uttar Pradesh|Ghaziabad,Uttar Pradesh|Ghaziabad
DIVYA NURSING HOME,Uttar Pradesh,GHAZIABAD,Ghaziabad,Tier 2B,No,No,No,Yes,No,Uttar Pradesh|Tier 2B,Uttar Pradesh|Ghaziabad,,,,Uttar Pradesh|Ghaziabad,
MADHUP HOSPITAL,Uttar Pradesh,GHAZIABAD,Ghaziabad,Tier 2B,Yes,Yes,No,Yes,No,Uttar Pradesh|Tier 2B,Uttar Pradesh|Ghaziabad,Uttar Pradesh|Ghaziabad,Uttar Pradesh|Ghaziabad,,Uttar Pradesh|Ghaziabad,
DIVINE MEDICAL CENTRE,Uttar Pradesh,GHAZIABAD,Ghaziabad,Tier 2B,No,Yes,Yes,Yes,Yes,Uttar Pradesh|Tier 2B,Uttar Pradesh|Ghaziabad,,Uttar Pradesh|Ghaziabad,Uttar Pradesh|Ghaziabad,Uttar Pradesh|Ghaziabad,Uttar Pradesh|Ghaziabad
EYE MANTRA HOSPITAL PRIVATE LIMITED,Uttar Pradesh,GHAZIABAD,Ghaziabad,Tier 2B,No,No,Yes,No,No,Uttar Pradesh|Tier 2B,Uttar Pradesh|Ghaziabad,,,Uttar Pradesh|Ghaziabad,,
Anand nursing home,Uttar Pradesh,GHAZIABAD,Ghaziabad,Tier 2B,No,No,No,No,No,Uttar Pradesh|Tier 2B,Uttar Pradesh|Ghaziabad,,,,,
Shree Shyam Panchkarma Ayurvedic Centre,Uttar Pradesh,Ghaziabad,Ghaziabad,Tier 2B,No,No,No,No,No,Uttar Pradesh|Tier 2B,Uttar Pradesh|Ghaziabad,,,,,
Jeevan Sparsh Hospital,Uttar Pradesh,GHAZIABAD,Ghaziabad,Tier 2B,Yes,No,Yes,Yes,Yes,Uttar Pradesh|Tier 2B,Uttar Pradesh|Ghaziabad,Uttar Pradesh|Ghaziabad,,Uttar Pradesh|Ghaziabad,Uttar Pradesh|Ghaziabad,Uttar Pradesh|Ghaziabad
METRO CITY HOSPITAL AND LAPROSCOPIC CENTRE,Uttar Pradesh,GHAZIABAD,Ghaziabad,Tier 2B,No,No,No,Yes,No,Uttar Pradesh|Tier 2B,Uttar Pradesh|Ghaziabad,,,,Uttar Pradesh|Ghaziabad,
SHIV KRISHNA MEDICARE CENTRE,Uttar Pradesh,ghaziabad,Ghaziabad,Tier 2B,No,No,No,Yes,Yes,Uttar Pradesh|Tier 2B,Uttar Pradesh|Ghaziabad,,,,Uttar Pradesh|Ghaziabad,Uttar Pradesh|Ghaziabad
NIVOK SUPERSPECIALITY HOSPITAL,Uttar Pradesh,ghaziabad,Ghaziabad,Tier 2B,Yes,No,Yes,Yes,Yes,Uttar Pradesh|Tier 2B,Uttar Pradesh|Ghaziabad,Uttar Pradesh|Ghaziabad,,Uttar Pradesh|Ghaziabad,Uttar Pradesh|Ghaziabad,Uttar Pradesh|Ghaziabad
NAMOKAR HEALTHCARE HOSPITAL,Uttar Pradesh,GHAZIABAD,Ghaziabad,Tier 2B,No,Yes,No,Yes,Yes,Uttar Pradesh|Tier 2B,Uttar Pradesh|Ghaziabad,,Uttar Pradesh|Ghaziabad,,Uttar Pradesh|Ghaziabad,Uttar Pradesh|Ghaziabad
Yashodha Nursing Home,Uttar Pradesh,Ghaziabad,Ghaziabad,Tier 2B,No,No,No,Yes,No,Uttar Pradesh|Tier 2B,Uttar Pradesh|Ghaziabad,,,,Uttar Pradesh|Ghaziabad,
AVAMED HOSPITAL,Uttar Pradesh,"GHAZIABAD, UTTAR PRADESH",Ghaziabad,Tier 2B,No,No,No,Yes,No,Uttar Pradesh|Tier 2B,Uttar Pradesh|Ghaziabad,,,,Uttar Pradesh|Ghaziabad,
RS HOSPITAL,Uttar Pradesh,"Ghaziabad, Uttar Pradesh 201003",Ghaziabad,Tier 2B,No,Yes,Yes,Yes,Yes,Uttar Pradesh|Tier 2B,Uttar Pradesh|Ghaziabad,,Uttar Pradesh|Ghaziabad,Uttar Pradesh|Ghaziabad,Uttar Pradesh|Ghaziabad,Uttar Pradesh|Ghaziabad
NEELKANTHMULTISPECIALITYHOSPITAL,Madhya Pradesh,GIRD,Gird,Tier 3,Yes,Yes,Yes,Yes,Yes,Madhya Pradesh|Tier 3,Madhya Pradesh|Gird,Madhya Pradesh|Gird,Madhya Pradesh|Gird,Madhya Pradesh|Gird,Madhya Pradesh|Gird,Madhya Pradesh|Gird
MERCY HOSPITAL,Jharkhand,GIRIDIH,Giridih,Tier 3,Yes,Yes,Yes,Yes,Yes,Jharkhand|Tier 3,Jharkhand|Giridih,Jharkhand|Giridih,Jharkhand|Giridih,Jharkhand|Giridih,Jharkhand|Giridih,Jharkhand|Giridih
RENUKA GYNAECARE AND NURSING HOME,West Bengal,GOBARDANGA,Gobardanga,Tier 3,No,No,No,Yes,Yes,West Bengal|Tier 3,West Bengal|Gobardanga,,,,West Bengal|Gobardanga,West Bengal|Gobardanga
SRI RAINBOW KIDS HOSPITAL,Telangana,GODAVARIKHANI,Godavarikhani,Tier 3,No,No,No,No,Yes,Telangana|Tier 3,Telangana|Godavarikhani,,,,,Telangana|Godavarikhani
JEET HOSPITAL,Haryana,GOHANA,Gohana,Tier 3,Yes,No,No,Yes,No,Haryana|Tier 3,Haryana|Gohana,Haryana|Gohana,,,Haryana|Gohana,
Vannurschildrenhospital,Karnataka,Gokak,Gokak,Tier 3,No,No,No,No,No,Karnataka|Tier 3,Karnataka|Gokak,,,,,
ISHA HOSPITAL,Karnataka,GOKAK,Gokak,Tier 3,No,No,No,Yes,No,Karnataka|Tier 3,Karnataka|Gokak,,,,Karnataka|Gokak,
ATHARV ORTHO AND TRAUMA CARE HOSPITAL GOKAK,Karnataka,Gokak,Gokak,Tier 3,No,No,No,Yes,No,Karnataka|Tier 3,Karnataka|Gokak,,,,Karnataka|Gokak,
ADITYA MULTISPECIALITY HOSPITAL,Andhra Pradesh,GOKAVARAM,Gokavaram,Tier 3,No,No,No,Yes,Yes,Andhra Pradesh|Tier 3,Andhra Pradesh|Gokavaram,,,,Andhra Pradesh|Gokavaram,Andhra Pradesh|Gokavaram
USHA HOSPITAL,West Bengal,GOLGRAM,Golgram,Tier 3,Yes,Yes,No,Yes,No,West Bengal|Tier 3,West Bengal|Golgram,West Bengal|Golgram,West Bengal|Golgram,,West Bengal|Golgram,
Amelio Health Medical Center,Uttar Pradesh,Gomtinagar,Gomtinagar,Tier 3,Yes,Yes,Yes,Yes,No,Uttar Pradesh|Tier 3,Uttar Pradesh|Gomtinagar,Uttar Pradesh|Gomtinagar,Uttar Pradesh|Gomtinagar,Uttar Pradesh|Gomtinagar,Uttar Pradesh|Gomtinagar,
LIFE LINE HOSPITAL,Uttar Pradesh,GONDA,Gonda,Tier 3,No,No,No,Yes,No,Uttar Pradesh|Tier 3,Uttar Pradesh|Gonda,,,,Uttar Pradesh|Gonda,
S2 Multispeciality Hospital Private Limited,Uttar Pradesh,Gonda,Gonda,Tier 3,No,Yes,No,Yes,Yes,Uttar Pradesh|Tier 3,Uttar Pradesh|Gonda,,Uttar Pradesh|Gonda,,Uttar Pradesh|Gonda,Uttar Pradesh|Gonda
UROCARE HOSPITAL,Maharashtra,Gondiya,Gondiya,Tier 3,No,No,No,No,No,Maharashtra|Tier 3,Maharashtra|Gondiya,,,,,
MATRUSRI HOSPITAL,Andhra Pradesh,GOOTY,Gooty,Tier 3,No,No,No,Yes,Yes,Andhra Pradesh|Tier 3,Andhra Pradesh|Gooty,,,,Andhra Pradesh|Gooty,Andhra Pradesh|Gooty
DR PN JAISWAL ENT CLINIC,Uttar Pradesh,Gorakhpur,Gorakhpur,Tier 3,No,No,No,No,No,Uttar Pradesh|Tier 3,Uttar Pradesh|Gorakhpur,,,,,
Hanuman Prasad Poddar Cancer Hospital and Research Institute,Uttar Pradesh,GORAKHPUR,Gorakhpur,Tier 3,No,Yes,No,No,No,Uttar Pradesh|Tier 3,Uttar Pradesh|Gorakhpur,,Uttar Pradesh|Gorakhpur,,,
ACCIDENTAL CARE HOSPITAL PVT LTD,Uttar Pradesh,GORAKHPUR,Gorakhpur,Tier 3,No,No,No,Yes,No,Uttar Pradesh|Tier 3,Uttar Pradesh|Gorakhpur,,,,Uttar Pradesh|Gorakhpur,
SWASTIK HOSPITAL,Uttar Pradesh,GORAKHPUR,Gorakhpur,Tier 3,No,No,No,Yes,No,Uttar Pradesh|Tier 3,Uttar Pradesh|Gorakhpur,,,,Uttar Pradesh|Gorakhpur,
RAJ VIKRAM HOSPITAL,Uttar Pradesh,GORAKHPUR,Gorakhpur,Tier 3,Yes,Yes,Yes,Yes,Yes,Uttar Pradesh|Tier 3,Uttar Pradesh|Gorakhpur,Uttar Pradesh|Gorakhpur,Uttar Pradesh|Gorakhpur,Uttar Pradesh|Gorakhpur,Uttar Pradesh|Gorakhpur,Uttar Pradesh|Gorakhpur
Pratima neuro science and multispeciality hospital,Uttar Pradesh,GORAKHPUR,Gorakhpur,Tier 3,Yes,No,No,Yes,No,Uttar Pradesh|Tier 3,Uttar Pradesh|Gorakhpur,Uttar Pradesh|Gorakhpur,,,Uttar Pradesh|Gorakhpur,
SURAKSHA NURSING HOME,Uttar Pradesh,GORAKHPUR,Gorakhpur,Tier 3,No,No,No,Yes,No,Uttar Pradesh|Tier 3,Uttar Pradesh|Gorakhpur,,,,Uttar Pradesh|Gorakhpur,
JYOTIRMAY EYE CLINIC,Uttar Pradesh,Gorakhpur,Gorakhpur,Tier 3,No,No,Yes,No,No,Uttar Pradesh|Tier 3,Uttar Pradesh|Gorakhpur,,,Uttar Pradesh|Gorakhpur,,
"R. P. EYE CARE CENTRE,",Uttar Pradesh,GORAKHPUR,Gorakhpur,Tier 3,No,No,Yes,No,No,Uttar Pradesh|Tier 3,Uttar Pradesh|Gorakhpur,,,Uttar Pradesh|Gorakhpur,,
BHAGAT FRACTURE AND MATERNITY HOSPITAL,Uttar Pradesh,GORAKHPUR,Gorakhpur,Tier 3,No,No,Yes,Yes,Yes,Uttar Pradesh|Tier 3,Uttar Pradesh|Gorakhpur,,,Uttar Pradesh|Gorakhpur,Uttar Pradesh|Gorakhpur,Uttar Pradesh|Gorakhpur
RIAZ ORTHOPAEDIC HOSPITAL,Uttar Pradesh,Gorakhpur,Gorakhpur,Tier 3,No,No,No,No,No,Uttar Pradesh|Tier 3,Uttar Pradesh|Gorakhpur,,,,,
RADIANT HEALTHCARE HOSPITAL,Uttar Pradesh,GORAKHPUR,Gorakhpur,Tier 3,Yes,Yes,No,Yes,Yes,Uttar Pradesh|Tier 3,Uttar Pradesh|Gorakhpur,Uttar Pradesh|Gorakhpur,Uttar Pradesh|Gorakhpur,,Uttar Pradesh|Gorakhpur,Uttar Pradesh|Gorakhpur
Ashtha Hospital,Maharashtra,GOREGAON WEST,Goregaon West,Tier 3,Yes,Yes,No,No,No,Maharashtra|Tier 3,Maharashtra|Goregaon West,Maharashtra|Goregaon West,Maharashtra|Goregaon West,,,
KDSG Super Speciality Hospital,Uttar Pradesh,Greater Noida,Noida,Tier 1,Yes,Yes,Yes,Yes,Yes,Uttar Pradesh|Tier 1,Uttar Pradesh|Noida,Uttar Pradesh|Noida,Uttar Pradesh|Noida,Uttar Pradesh|Noida,Uttar Pradesh|Noida,Uttar Pradesh|Noida
Shri Krishna Life Line Hospital,Uttar Pradesh,Greater Noida,Noida,Tier 1,No,No,Yes,Yes,No,Uttar Pradesh|Tier 1,Uttar Pradesh|Noida,,,Uttar Pradesh|Noida,Uttar Pradesh|Noida,
VEDANSH SUPER SPECIALITY HOSPITAL AND HEART CENTRE,Uttar Pradesh,GREATER NOIDA,Noida,Tier 1,Yes,Yes,No,Yes,Yes,Uttar Pradesh|Tier 1,Uttar Pradesh|Noida,Uttar Pradesh|Noida,Uttar Pradesh|Noida,,Uttar Pradesh|Noida,Uttar Pradesh|Noida
Centrum Hospital,Uttar Pradesh,GREATER NOIDA,Noida,Tier 1,No,Yes,No,No,No,Uttar Pradesh|Tier 1,Uttar Pradesh|Noida,,Uttar Pradesh|Noida,,,
HOUSE OF VISION EYECARE CENTRE,Uttar Pradesh,GREATER NOIDA,Noida,Tier 1,No,No,Yes,No,No,Uttar Pradesh|Tier 1,Uttar Pradesh|Noida,,,Uttar Pradesh|Noida,,
ANAND SPECTRUM HOSPITAL (A UNIT OF HARRISON HEALTHCARE & EDUCATION PVT LTD),Uttar Pradesh,GREATER NOIDA,Noida,Tier 1,No,Yes,Yes,Yes,Yes,Uttar Pradesh|Tier 1,Uttar Pradesh|Noida,,Uttar Pradesh|Noida,Uttar Pradesh|Noida,Uttar Pradesh|Noida,Uttar Pradesh|Noida
Baby Bloom Hospital,Uttar Pradesh,Greater Noida West,Noida,Tier 1,No,No,No,Yes,Yes,Uttar Pradesh|Tier 1,Uttar Pradesh|Noida,,,,Uttar Pradesh|Noida,Uttar Pradesh|Noida
SWASTHAM MEDICARE,Uttar Pradesh,GREATER NOIDA WEST,Noida,Tier 1,No,Yes,No,Yes,Yes,Uttar Pradesh|Tier 1,Uttar Pradesh|Noida,,Uttar Pradesh|Noida,,Uttar Pradesh|Noida,Uttar Pradesh|Noida
Mahanandan Super Speciality Hospital,Uttar Pradesh,"Greater Noida, Uttar Pradesh 201315",Noida,Tier 1,Yes,Yes,Yes,Yes,Yes,Uttar Pradesh|Tier 1,Uttar Pradesh|Noida,Uttar Pradesh|Noida,Uttar Pradesh|Noida,Uttar Pradesh|Noida,Uttar Pradesh|Noida,Uttar Pradesh|Noida
AYUSHMAN HOSPITAL,Rajasthan,"GUDHA GORJI, JHUNJHUNU",Jhunjhunu,Tier 3,No,No,Yes,Yes,Yes,Rajasthan|Tier 3,Rajasthan|Jhunjhunu,,,Rajasthan|Jhunjhunu,Rajasthan|Jhunjhunu,Rajasthan|Jhunjhunu
RISE HOSPITAL,Andhra Pradesh,GUDIVADA,Gudivada,Tier 3,No,No,No,Yes,No,Andhra Pradesh|Tier 3,Andhra Pradesh|Gudivada,,,,Andhra Pradesh|Gudivada,
SRI VENKATESWARA NURSING HOME,Andhra Pradesh,GUDIVADA,Gudivada,Tier 3,No,No,Yes,No,No,Andhra Pradesh|Tier 3,Andhra Pradesh|Gudivada,,,Andhra Pradesh|Gudivada,,
RANA HOSPITALS,Andhra Pradesh,GUDIVADA,Gudivada,Tier 3,No,No,No,Yes,No,Andhra Pradesh|Tier 3,Andhra Pradesh|Gudivada,,,,Andhra Pradesh|Gudivada,
E V R SUPER SPECIALITY HOSPTIAL,Andhra Pradesh,GUDIVADA,Gudivada,Tier 3,No,No,No,Yes,No,Andhra Pradesh|Tier 3,Andhra Pradesh|Gudivada,,,,Andhra Pradesh|Gudivada,
DEVATA HOSPITAL,Karnataka,gulbarga,Kalaburagi,Tier 3,No,No,Yes,Yes,No,Karnataka|Tier 3,Karnataka|Kalaburagi,,,Karnataka|Kalaburagi,Karnataka|Kalaburagi,
JVM Multi Speciality Hospital,Andhra Pradesh,Guntur,Guntur,Tier 3,Yes,No,No,Yes,Yes,Andhra Pradesh|Tier 3,Andhra Pradesh|Guntur,Andhra Pradesh|Guntur,,,Andhra Pradesh|Guntur,Andhra Pradesh|Guntur
JOSHITHA MOTHER AND CHILDREN HOSPITAL,Andhra Pradesh,GUNTUR,Guntur,Tier 3,No,No,No,Yes,Yes,Andhra Pradesh|Tier 3,Andhra Pradesh|Guntur,,,,Andhra Pradesh|Guntur,Andhra Pradesh|Guntur
SRI SANKARA MULTI SPECIALITY HOSPITAL,Andhra Pradesh,GUNTUR,Guntur,Tier 3,Yes,Yes,Yes,Yes,Yes,Andhra Pradesh|Tier 3,Andhra Pradesh|Guntur,Andhra Pradesh|Guntur,Andhra Pradesh|Guntur,Andhra Pradesh|Guntur,Andhra Pradesh|Guntur,Andhra Pradesh|Guntur
Madhavi Maternity & Infertility Center,Andhra Pradesh,GUNTUR,Guntur,Tier 3,Yes,Yes,Yes,Yes,Yes,Andhra Pradesh|Tier 3,Andhra Pradesh|Guntur,Andhra Pradesh|Guntur,Andhra Pradesh|Guntur,Andhra Pradesh|Guntur,Andhra Pradesh|Guntur,Andhra Pradesh|Guntur
SAI AURIKA HOSPITALS,Andhra Pradesh,GUNTUR,Guntur,Tier 3,No,No,No,Yes,Yes,Andhra Pradesh|Tier 3,Andhra Pradesh|Guntur,,,,Andhra Pradesh|Guntur,Andhra Pradesh|Guntur
Sri Keerthi Hospitals,Andhra Pradesh,Guntur,Guntur,Tier 3,No,No,No,Yes,No,Andhra Pradesh|Tier 3,Andhra Pradesh|Guntur,,,,Andhra Pradesh|Guntur,
Isha Hospitals,Andhra Pradesh,Guntur,Guntur,Tier 3,No,No,No,Yes,No,Andhra Pradesh|Tier 3,Andhra Pradesh|Guntur,,,,Andhra Pradesh|Guntur,
MAHIKAMULTISPECIALTYHOSPITAL,Andhra Pradesh,GUNTUR,Guntur,Tier 3,Yes,Yes,Yes,Yes,Yes,Andhra Pradesh|Tier 3,Andhra Pradesh|Guntur,Andhra Pradesh|Guntur,Andhra Pradesh|Guntur,Andhra Pradesh|Guntur,Andhra Pradesh|Guntur,Andhra Pradesh|Guntur
Ravi Hospitals,Andhra Pradesh,Guntur,Guntur,Tier 3,No,No,No,Yes,Yes,Andhra Pradesh|Tier 3,Andhra Pradesh|Guntur,,,,Andhra Pradesh|Guntur,Andhra Pradesh|Guntur
Lakshmi Kasturi Hospitals,Andhra Pradesh,Guntur,Guntur,Tier 3,Yes,No,No,No,No,Andhra Pradesh|Tier 3,Andhra Pradesh|Guntur,Andhra Pradesh|Guntur,,,,
MEDEX HOSPITAL,Andhra Pradesh,GUNTUR,Guntur,Tier 3,No,No,Yes,No,No,Andhra Pradesh|Tier 3,Andhra Pradesh|Guntur,,,Andhra Pradesh|Guntur,,
AG Critical Hospital,Andhra Pradesh,GUNTUR,Guntur,Tier 3,No,No,No,No,No,Andhra Pradesh|Tier 3,Andhra Pradesh|Guntur,,,,,
BABA SEEP SINGH HOSPITAL,Punjab,GURDASPUR,Gurdaspur,Tier 3,No,No,No,Yes,No,Punjab|Tier 3,Punjab|Gurdaspur,,,,Punjab|Gurdaspur,
NEW BAWA LAL JI HOSPITAL,Punjab,Gurdaspur,Gurdaspur,Tier 3,No,No,No,Yes,No,Punjab|Tier 3,Punjab|Gurdaspur,,,,Punjab|Gurdaspur,
BADWAL HOSPITAL,Punjab,GURDASPUR,Gurdaspur,Tier 3,No,No,No,Yes,Yes,Punjab|Tier 3,Punjab|Gurdaspur,,,,Punjab|Gurdaspur,Punjab|Gurdaspur
BIBI KAULAN JI HOSPITAL,Punjab,GURDASPUR,Gurdaspur,Tier 3,No,No,Yes,Yes,No,Punjab|Tier 3,Punjab|Gurdaspur,,,Punjab|Gurdaspur,Punjab|Gurdaspur,
MAHAJAN HOSPITAL & EYE CARE CENTRE,Punjab,GURDASPUR,Gurdaspur,Tier 3,No,No,Yes,No,No,Punjab|Tier 3,Punjab|Gurdaspur,,,Punjab|Gurdaspur,,
S RAM SINGH MEMORIAL BABBAR MULTI SPECIALITY HOSPITAL,Punjab,GURDASPUR,Gurdaspur,Tier 3,Yes,No,No,Yes,Yes,Punjab|Tier 3,Punjab|Gurdaspur,Punjab|Gurdaspur,,,Punjab|Gurdaspur,Punjab|Gurdaspur
MANIK NURSING HOME,Punjab,Gurdaspur,Gurdaspur,Tier 3,No,No,No,Yes,No,Punjab|Tier 3,Punjab|Gurdaspur,,,,Punjab|Gurdaspur,
Satvik Eye Care LLP,Haryana,Gurgaon,Gurugram,Tier 1,No,No,Yes,No,No,Haryana|Tier 1,Haryana|Gurugram,,,Haryana|Gurugram,,
PROTONE CARE HOSPITAL,Haryana,GURGAON,Gurugram,Tier 1,Yes,Yes,Yes,Yes,Yes,Haryana|Tier 1,Haryana|Gurugram,Haryana|Gurugram,Haryana|Gurugram,Haryana|Gurugram,Haryana|Gurugram,Haryana|Gurugram
SDM HOSPITAL,Haryana,GURGAON,Gurugram,Tier 1,No,Yes,No,Yes,Yes,Haryana|Tier 1,Haryana|Gurugram,,Haryana|Gurugram,,Haryana|Gurugram,Haryana|Gurugram
Queen's Multispeciality Hospital,Haryana,Gurgaon,Gurugram,Tier 1,Yes,Yes,No,Yes,Yes,Haryana|Tier 1,Haryana|Gurugram,Haryana|Gurugram,Haryana|Gurugram,,Haryana|Gurugram,Haryana|Gurugram
Niravta Hospital (A Unit of Niravta Healthcare Pvt. Ltd.),Haryana,Gurgaon,Gurugram,Tier 1,Yes,No,No,Yes,Yes,Haryana|Tier 1,Haryana|Gurugram,Haryana|Gurugram,,,Haryana|Gurugram,Haryana|Gurugram
Medicare Multi Speciality Hospital,Haryana,GURGAON,Gurugram,Tier 1,Yes,No,Yes,Yes,Yes,Haryana|Tier 1,Haryana|Gurugram,Haryana|Gurugram,,Haryana|Gurugram,Haryana|Gurugram,Haryana|Gurugram
ADITYA HOSPITAL,Haryana,GURGAON,Gurugram,Tier 1,No,No,No,Yes,No,Haryana|Tier 1,Haryana|Gurugram,,,,Haryana|Gurugram,
Vaas Hospital,Haryana,Gurgaon,Gurugram,Tier 1,Yes,No,No,No,No,Haryana|Tier 1,Haryana|Gurugram,Haryana|Gurugram,,,,
Alpha Hospital,Haryana,Gurgaon,Gurugram,Tier 1,No,No,No,Yes,No,Haryana|Tier 1,Haryana|Gurugram,,,,Haryana|Gurugram,
HEALING HANDS CLINIC PVT LTD,Haryana,GURGAON,Gurugram,Tier 1,No,No,No,No,No,Haryana|Tier 1,Haryana|Gurugram,,,,,
GIRRAJ JI HOSPITAL LLP,Haryana,GURGAON,Gurugram,Tier 1,No,Yes,Yes,No,Yes,Haryana|Tier 1,Haryana|Gurugram,,Haryana|Gurugram,Haryana|Gurugram,,Haryana|Gurugram
VISION PLUS EYE CLINIC,Haryana,GURGAON,Gurugram,Tier 1,No,No,Yes,No,No,Haryana|Tier 1,Haryana|Gurugram,,,Haryana|Gurugram,,
APB SAMARTH HOSPITAL OPC PVT. LTD,Haryana,gurgaon,Gurugram,Tier 1,Yes,Yes,Yes,Yes,Yes,Haryana|Tier 1,Haryana|Gurugram,Haryana|Gurugram,Haryana|Gurugram,Haryana|Gurugram,Haryana|Gurugram,Haryana|Gurugram
TrustMed Hospital ( A UNIT OF YANAYA HEALTHCARE PRIVATE LIMITED ),Haryana,Gurgaon,Gurugram,Tier 1,Yes,Yes,Yes,Yes,Yes,Haryana|Tier 1,Haryana|Gurugram,Haryana|Gurugram,Haryana|Gurugram,Haryana|Gurugram,Haryana|Gurugram,Haryana|Gurugram
Aayursaukhyaa,Haryana,Gurgaon,Gurugram,Tier 1,No,No,No,No,No,Haryana|Tier 1,Haryana|Gurugram,,,,,
Aman Hospital,Haryana,GURGAON,Gurugram,Tier 1,No,No,No,Yes,Yes,Haryana|Tier 1,Haryana|Gurugram,,,,Haryana|Gurugram,Haryana|Gurugram
Hakim Kishori Lal Hospital PVT LTD,Punjab,GURU HAR SAHAI,Guru Har Sahai,Tier 3,No,No,No,Yes,No,Punjab|Tier 3,Punjab|Guru Har Sahai,,,,Punjab|Guru Har Sahai,
Aastha Medicare Hospital,Haryana,GURUGRAM,Gurugram,Tier 1,No,No,No,Yes,No,Haryana|Tier 1,Haryana|Gurugram,,,,Haryana|Gurugram,
VAISHNAVI HOSPITAL & ADVITI FERTILITY,Haryana,GURUGRAM,Gurugram,Tier 1,Yes,Yes,Yes,Yes,Yes,Haryana|Tier 1,Haryana|Gurugram,Haryana|Gurugram,Haryana|Gurugram,Haryana|Gurugram,Haryana|Gurugram,Haryana|Gurugram
NAVYA MULTISPECIALITY HOSPITAL,Haryana,GURUGRAM,Gurugram,Tier 1,No,No,No,Yes,No,Haryana|Tier 1,Haryana|Gurugram,,,,Haryana|Gurugram,
VERMA DENTAL AND EYE HOSPITAL LLP,Haryana,GURUGRAM,Gurugram,Tier 1,No,No,Yes,No,No,Haryana|Tier 1,Haryana|Gurugram,,,Haryana|Gurugram,,
Gloomy Healthcare Hospital,Haryana,GURUGRAM,Gurugram,Tier 1,Yes,No,Yes,Yes,Yes,Haryana|Tier 1,Haryana|Gurugram,Haryana|Gurugram,,Haryana|Gurugram,Haryana|Gurugram,Haryana|Gurugram
Cellcure Cancer Centre Pvt Ltd,Haryana,Gurugram,Gurugram,Tier 1,No,Yes,No,No,No,Haryana|Tier 1,Haryana|Gurugram,,Haryana|Gurugram,,,
Akropolis Super Speciality Hospital,Haryana,Gurugram,Gurugram,Tier 1,Yes,No,Yes,Yes,Yes,Haryana|Tier 1,Haryana|Gurugram,Haryana|Gurugram,,Haryana|Gurugram,Haryana|Gurugram,Haryana|Gurugram
Pristyn Care Lamidas (A Unit of GHV Advanced Care Pvt Ltd),Haryana,Gurugram,Gurugram,Tier 1,No,No,Yes,Yes,No,Haryana|Tier 1,Haryana|Gurugram,,,Haryana|Gurugram,Haryana|Gurugram,
vivekanandarogyakendra,Haryana,Gurugram,Gurugram,Tier 1,Yes,Yes,Yes,No,Yes,Haryana|Tier 1,Haryana|Gurugram,Haryana|Gurugram,Haryana|Gurugram,Haryana|Gurugram,,Haryana|Gurugram
JIWAN DHARA HOSPITAL UNIT-2,Haryana,GURUGRAM,Gurugram,Tier 1,No,Yes,No,Yes,No,Haryana|Tier 1,Haryana|Gurugram,,Haryana|Gurugram,,Haryana|Gurugram,
Ayulife Healthcare,Haryana,Gurugram - 122001,Gurugram,Tier 1,No,No,No,No,No,Haryana|Tier 1,Haryana|Gurugram,,,,,
GUWAHATI EYE CENTRE,Assam,GUWAHATI,Guwahati,Tier 2B,No,No,Yes,No,No,Assam|Tier 2B,Assam|Guwahati,,,Assam|Guwahati,,
Trinitas Hospitals,Assam,Guwahati,Guwahati,Tier 2B,Yes,Yes,No,Yes,Yes,Assam|Tier 2B,Assam|Guwahati,Assam|Guwahati,Assam|Guwahati,,Assam|Guwahati,Assam|Guwahati
RETINA EYE HOSPITAL,Madhya Pradesh,GWALIOR,Gwalior,Tier 2B,No,No,Yes,No,No,Madhya Pradesh|Tier 2B,Madhya Pradesh|Gwalior,,,Madhya Pradesh|Gwalior,,
BACHPAN MOTHER AND CHILD HOSPITAL,Madhya Pradesh,GWALIOR,Gwalior,Tier 2B,No,No,No,Yes,No,Madhya Pradesh|Tier 2B,Madhya Pradesh|Gwalior,,,,Madhya Pradesh|Gwalior,
GEETA DEVI HOSPITAL,Madhya Pradesh,GWALIOR,Gwalior,Tier 2B,No,Yes,No,Yes,No,Madhya Pradesh|Tier 2B,Madhya Pradesh|Gwalior,,Madhya Pradesh|Gwalior,,Madhya Pradesh|Gwalior,
SIKARWAR HOSPITAL,Madhya Pradesh,GWALIOR,Gwalior,Tier 2B,No,No,No,Yes,Yes,Madhya Pradesh|Tier 2B,Madhya Pradesh|Gwalior,,,,Madhya Pradesh|Gwalior,Madhya Pradesh|Gwalior
Vedant Hospital,Madhya Pradesh,GWALIOR,Gwalior,Tier 2B,No,Yes,Yes,Yes,No,Madhya Pradesh|Tier 2B,Madhya Pradesh|Gwalior,,Madhya Pradesh|Gwalior,Madhya Pradesh|Gwalior,Madhya Pradesh|Gwalior,
KARUNA MOTHER AND CHILD CARE HOSPITAL,Madhya Pradesh,Gwalior,Gwalior,Tier 2B,Yes,Yes,Yes,Yes,Yes,Madhya Pradesh|Tier 2B,Madhya Pradesh|Gwalior,Madhya Pradesh|Gwalior,Madhya Pradesh|Gwalior,Madhya Pradesh|Gwalior,Madhya Pradesh|Gwalior,Madhya Pradesh|Gwalior
Shree Navodaya Gastloliver Hospital,Madhya Pradesh,Gwalior,Gwalior,Tier 2B,No,Yes,No,No,No,Madhya Pradesh|Tier 2B,Madhya Pradesh|Gwalior,,Madhya Pradesh|Gwalior,,,
Metro Neuro -Spine Institue,Madhya Pradesh,Gwalior,Gwalior,Tier 2B,No,No,No,Yes,No,Madhya Pradesh|Tier 2B,Madhya Pradesh|Gwalior,,,,Madhya Pradesh|Gwalior,
OJAS MULTISPECIALITY HOSPITAL A UNIT OF SHREE SHYAM JI ENTERPRISES,Madhya Pradesh,GWALIOR,Gwalior,Tier 2B,Yes,Yes,Yes,Yes,Yes,Madhya Pradesh|Tier 2B,Madhya Pradesh|Gwalior,Madhya Pradesh|Gwalior,Madhya Pradesh|Gwalior,Madhya Pradesh|Gwalior,Madhya Pradesh|Gwalior,Madhya Pradesh|Gwalior
We Care Multispeciality Hospital and Trauma Centre,Madhya Pradesh,GWALIOR,Gwalior,Tier 2B,Yes,Yes,No,Yes,Yes,Madhya Pradesh|Tier 2B,Madhya Pradesh|Gwalior,Madhya Pradesh|Gwalior,Madhya Pradesh|Gwalior,,Madhya Pradesh|Gwalior,Madhya Pradesh|Gwalior
kanhaiyalal vinodkumari memorial eye hospital,Madhya Pradesh,GWALIOR,Gwalior,Tier 2B,No,No,Yes,No,No,Madhya Pradesh|Tier 2B,Madhya Pradesh|Gwalior,,,Madhya Pradesh|Gwalior,,
Maheshwar Multispeciality Hospital and Trauma Centre,Madhya Pradesh,GWALIOR mp,Gwalior Mp,Tier 3,Yes,Yes,No,Yes,No,Madhya Pradesh|Tier 3,Madhya Pradesh|Gwalior Mp,Madhya Pradesh|Gwalior Mp,Madhya Pradesh|Gwalior Mp,,Madhya Pradesh|Gwalior Mp,
Shishulok Children Hospital,Bihar,HAJIPUR,Hajipur,Tier 3,No,No,No,No,Yes,Bihar|Tier 3,Bihar|Hajipur,,,,,Bihar|Hajipur
GANPATI RESEARCH INSTITUTE AND HOSPITAL PVT LTD,Bihar,HAJIPUR,Hajipur,Tier 3,No,Yes,No,Yes,No,Bihar|Tier 3,Bihar|Hajipur,,Bihar|Hajipur,,Bihar|Hajipur,
MAXFORTISH HOSPITAL,Bihar,HAJIPUR VAISHALI,Hajipur Vaishali,Tier 3,Yes,No,No,Yes,Yes,Bihar|Tier 3,Bihar|Hajipur Vaishali,Bihar|Hajipur Vaishali,,,Bihar|Hajipur Vaishali,Bihar|Hajipur Vaishali
VIVEKANANDA MISSION ASRAM NETRA NIRAMAY NIKETAN ( A UNIT OF VIVEKANANDA MISSION ASRAM),West Bengal,HALDIA,Haldia,Tier 3,No,No,Yes,No,No,West Bengal|Tier 3,West Bengal|Haldia,,,West Bengal|Haldia,,
IIMSAR & DR BIDHAN CHANDRA ROY HOSPITAL,West Bengal,HALDIA,Haldia,Tier 3,Yes,Yes,Yes,Yes,No,West Bengal|Tier 3,West Bengal|Haldia,West Bengal|Haldia,West Bengal|Haldia,West Bengal|Haldia,West Bengal|Haldia,
UJALA CYGNUS CENTRAL HOSPITAL HALDWANI,Uttarakhand,HALDWANI,Haldwani,Tier 3,Yes,Yes,Yes,Yes,No,Uttarakhand|Tier 3,Uttarakhand|Haldwani,Uttarakhand|Haldwani,Uttarakhand|Haldwani,Uttarakhand|Haldwani,Uttarakhand|Haldwani,
JYOTI NETRALAYA HALDWANI,Uttarakhand,HALDWANI,Haldwani,Tier 3,No,No,Yes,No,No,Uttarakhand|Tier 3,Uttarakhand|Haldwani,,,Uttarakhand|Haldwani,,
Blueline Hospital,Telangana,Hanamkonda,Warangal,Tier 2B,No,No,No,Yes,No,Telangana|Tier 2B,Telangana|Warangal,,,,Telangana|Warangal,
LUMINIS HOSPITAL,Telangana,HANAMKONDA,Warangal,Tier 2B,No,No,No,Yes,Yes,Telangana|Tier 2B,Telangana|Warangal,,,,Telangana|Warangal,Telangana|Warangal
DR MANJULA HOSPITAL,Telangana,HANAMKONDA,Warangal,Tier 2B,No,No,No,Yes,No,Telangana|Tier 2B,Telangana|Warangal,,,,Telangana|Warangal,
SUNRISE HOSPITAL,Telangana,HANAMKONDA,Warangal,Tier 2B,Yes,No,No,Yes,Yes,Telangana|Tier 2B,Telangana|Warangal,Telangana|Warangal,,,Telangana|Warangal,Telangana|Warangal
Sri Lakshmi Nursing Home,Telangana,Hanamkonda,Warangal,Tier 2B,No,No,No,Yes,Yes,Telangana|Tier 2B,Telangana|Warangal,,,,Telangana|Warangal,Telangana|Warangal
IRA CHILDRENS HOSPITAL,Telangana,HANAMKONDA,Warangal,Tier 2B,No,No,No,No,Yes,Telangana|Tier 2B,Telangana|Warangal,,,,,Telangana|Warangal
KEERTI HOSPITAL WOMEN AND CHILDREN,Telangana,HANAMKONDA,Warangal,Tier 2B,No,No,No,Yes,Yes,Telangana|Tier 2B,Telangana|Warangal,,,,Telangana|Warangal,Telangana|Warangal
PRIME CARE HOSPITAL,Telangana,HANAMKONDA,Warangal,Tier 2B,Yes,Yes,Yes,Yes,Yes,Telangana|Tier 2B,Telangana|Warangal,Telangana|Warangal,Telangana|Warangal,Telangana|Warangal,Telangana|Warangal,Telangana|Warangal
FATHIMA MULTISPECALITY HOSPITAL,Telangana,HANMAKONDA,Hanmakonda,Tier 3,No,No,No,Yes,No,Telangana|Tier 3,Telangana|Hanmakonda,,,,Telangana|Hanmakonda,
TANAYA CHILDRENS HOSPITAL,Telangana,HANUMA KONDA,Hanuma Konda,Tier 3,No,No,No,Yes,Yes,Telangana|Tier 3,Telangana|Hanuma Konda,,,,Telangana|Hanuma Konda,Telangana|Hanuma Konda
KIDS CARE HOSPITAL,Telangana,HANUMA KONDA,Hanuma Konda,Tier 3,No,No,No,No,Yes,Telangana|Tier 3,Telangana|Hanuma Konda,,,,,Telangana|Hanuma Konda
OJAS MULTI SPECIALITY HOSPITAL,Telangana,HANUMAKONDA,Warangal,Tier 2B,No,No,No,Yes,No,Telangana|Tier 2B,Telangana|Warangal,,,,Telangana|Warangal,
kakatiya kidney & Multispecality Hospital,Telangana,Hanumakonda,Warangal,Tier 2B,No,No,No,Yes,Yes,Telangana|Tier 2B,Telangana|Warangal,,,,Telangana|Warangal,Telangana|Warangal
SANKIRTANA HOSPITAL,Telangana,"HANUMAKONDA,",Warangal,Tier 2B,Yes,No,No,Yes,No,Telangana|Tier 2B,Telangana|Warangal,Telangana|Warangal,,,Telangana|Warangal,
BHAVNESHWAR AROGYA DHAM,Rajasthan,HANUMANGARH,Hanumangarh,Tier 3,No,No,No,No,No,Rajasthan|Tier 3,Rajasthan|Hanumangarh,,,,,
Jasmira hospital maternity and infertility centre,Rajasthan,HANUMANGARH TOWN,Hanumangarh,Tier 3,No,No,No,Yes,No,Rajasthan|Tier 3,Rajasthan|Hanumangarh,,,,Rajasthan|Hanumangarh,
Prayag Hospital,Uttar Pradesh,hapur,Hapur,Tier 3,Yes,No,Yes,Yes,Yes,Uttar Pradesh|Tier 3,Uttar Pradesh|Hapur,Uttar Pradesh|Hapur,,Uttar Pradesh|Hapur,Uttar Pradesh|Hapur,Uttar Pradesh|Hapur
D S INSTITUTE OF PARAMEDICAL SCIENCE AND HOSPITAL,Uttar Pradesh,HAPUR,Hapur,Tier 3,Yes,No,Yes,Yes,Yes,Uttar Pradesh|Tier 3,Uttar Pradesh|Hapur,Uttar Pradesh|Hapur,,Uttar Pradesh|Hapur,Uttar Pradesh|Hapur,Uttar Pradesh|Hapur
GRACE HOSPITAL,Uttar Pradesh,HAPUR,Hapur,Tier 3,No,No,Yes,Yes,No,Uttar Pradesh|Tier 3,Uttar Pradesh|Hapur,,,Uttar Pradesh|Hapur,Uttar Pradesh|Hapur,
ATMOS HOSPITAL,Uttar Pradesh,HAPUR,Hapur,Tier 3,No,No,Yes,Yes,Yes,Uttar Pradesh|Tier 3,Uttar Pradesh|Hapur,,,Uttar Pradesh|Hapur,Uttar Pradesh|Hapur,Uttar Pradesh|Hapur
SARASWATHI INSTITUTE OF MEDICAL SCIENCES,Uttar Pradesh,HAPUR,Hapur,Tier 3,Yes,Yes,Yes,Yes,Yes,Uttar Pradesh|Tier 3,Uttar Pradesh|Hapur,Uttar Pradesh|Hapur,Uttar Pradesh|Hapur,Uttar Pradesh|Hapur,Uttar Pradesh|Hapur,Uttar Pradesh|Hapur
HRADYAM HOSPITAL,Madhya Pradesh,HARDA,Harda,Tier 3,Yes,No,No,No,No,Madhya Pradesh|Tier 3,Madhya Pradesh|Harda,Madhya Pradesh|Harda,,,,
NAVJYOTI NETRA CHIKITSALAY,Uttar Pradesh,HARDOI,Hardoi,Tier 3,No,No,Yes,No,No,Uttar Pradesh|Tier 3,Uttar Pradesh|Hardoi,,,Uttar Pradesh|Hardoi,,
NEEL HIMALAYA EYE CENTRE,Uttarakhand,HARIDWAR,Haridwar,Tier 3,No,No,Yes,No,No,Uttarakhand|Tier 3,Uttarakhand|Haridwar,,,Uttarakhand|Haridwar,,
PATANJALI EMERGENCY & CRITICAL CARE HOSPITAL,Uttarakhand,HARIDWAR,Haridwar,Tier 3,Yes,Yes,Yes,Yes,Yes,Uttarakhand|Tier 3,Uttarakhand|Haridwar,Uttarakhand|Haridwar,Uttarakhand|Haridwar,Uttarakhand|Haridwar,Uttarakhand|Haridwar,Uttarakhand|Haridwar
AL SHIFA HOSPITAL,Uttarakhand,HARIDWAR,Haridwar,Tier 3,No,No,No,Yes,No,Uttarakhand|Tier 3,Uttarakhand|Haridwar,,,,Uttarakhand|Haridwar,
JAYA MAXWELL HOSPITAL,Uttarakhand,Haridwar,Haridwar,Tier 3,No,No,No,Yes,Yes,Uttarakhand|Tier 3,Uttarakhand|Haridwar,,,,Uttarakhand|Haridwar,Uttarakhand|Haridwar
sanjeevani hospital,Uttarakhand,Haridwar,Haridwar,Tier 3,No,No,No,Yes,No,Uttarakhand|Tier 3,Uttarakhand|Haridwar,,,,Uttarakhand|Haridwar,
Swami Ramprakash Cheritable Hospital,Uttarakhand,Haridwar,Haridwar,Tier 3,Yes,No,No,Yes,Yes,Uttarakhand|Tier 3,Uttarakhand|Haridwar,Uttarakhand|Haridwar,,,Uttarakhand|Haridwar,Uttarakhand|Haridwar
OMKAR LIFELLINEHOSPITAL,Uttarakhand,HARIDWAR,Haridwar,Tier 3,Yes,No,Yes,Yes,Yes,Uttarakhand|Tier 3,Uttarakhand|Haridwar,Uttarakhand|Haridwar,,Uttarakhand|Haridwar,Uttarakhand|Haridwar,Uttarakhand|Haridwar
HOPE SUPERSPECIALITY AND CANCER HOSPITAL,Uttarakhand,Haridwar,Haridwar,Tier 3,Yes,Yes,Yes,Yes,Yes,Uttarakhand|Tier 3,Uttarakhand|Haridwar,Uttarakhand|Haridwar,Uttarakhand|Haridwar,Uttarakhand|Haridwar,Uttarakhand|Haridwar,Uttarakhand|Haridwar
Patanjali Wellness- Patanjali Yogpeeth Haridwar,Uttarakhand,Haridwar,Haridwar,Tier 3,No,No,No,No,No,Uttarakhand|Tier 3,Uttarakhand|Haridwar,,,,,
Ganga Mata Charitable Eye Hospital,Uttarakhand,Haridwar,Haridwar,Tier 3,No,No,Yes,No,No,Uttarakhand|Tier 3,Uttarakhand|Haridwar,,,Uttarakhand|Haridwar,,
Yog Naturopathy Panchakarma Treatment & Research Center,Uttarakhand,HARIDWAR,Haridwar,Tier 3,No,No,No,Yes,No,Uttarakhand|Tier 3,Uttarakhand|Haridwar,,,,Uttarakhand|Haridwar,
SPANDAN HEALTH CARE,West Bengal,HARIPAL,Haripal,Tier 3,No,Yes,Yes,Yes,No,West Bengal|Tier 3,West Bengal|Haripal,,West Bengal|Haripal,West Bengal|Haripal,West Bengal|Haripal,
SAHAMONITALA NURSING HOME,West Bengal,Haripal Hooghly,Haripal Hooghly,Tier 3,Yes,Yes,No,Yes,No,West Bengal|Tier 3,West Bengal|Haripal Hooghly,West Bengal|Haripal Hooghly,West Bengal|Haripal Hooghly,,West Bengal|Haripal Hooghly,
SRA MEDICAL CARE FOUNDATION,West Bengal,"HARIPAL, HOOGHLY",Haripal Hooghly,Tier 3,Yes,Yes,No,Yes,Yes,West Bengal|Tier 3,West Bengal|Haripal Hooghly,West Bengal|Haripal Hooghly,West Bengal|Haripal Hooghly,,West Bengal|Haripal Hooghly,West Bengal|Haripal Hooghly
Suraksha Multispeciality Hospital Harugeri,Karnataka,harugeri,Harugeri,Tier 3,No,No,No,Yes,Yes,Karnataka|Tier 3,Karnataka|Harugeri,,,,Karnataka|Harugeri,Karnataka|Harugeri
City Health Care and Neuro Research Centre,Haryana,Haryana,Sirsa,Tier 3,No,No,No,Yes,No,Haryana|Tier 3,Haryana|Sirsa,,,,Haryana|Sirsa,
Devitya Ayurvedic Hospital,Haryana,Haryana,Rohtak,Tier 3,No,No,No,No,No,Haryana|Tier 3,Haryana|Rohtak,,,,,
KALYAN AYURVEDA,Haryana,Haryana,Charkhi Dadri,Tier 3,No,No,No,No,No,Haryana|Tier 3,Haryana|Charkhi Dadri,,,,,
Oncare Cancer Center,Haryana,HARYANA,Gurugram,Tier 1,No,Yes,No,No,No,Haryana|Tier 1,Haryana|Gurugram,,Haryana|Gurugram,,,
SHRINIVAS HOSPITAL,Jharkhand,Hazaribagh,Hazaribagh,Tier 3,No,Yes,Yes,Yes,Yes,Jharkhand|Tier 3,Jharkhand|Hazaribagh,,Jharkhand|Hazaribagh,Jharkhand|Hazaribagh,Jharkhand|Hazaribagh,Jharkhand|Hazaribagh
JEEBANDEEP NURSING HOME,West Bengal,HERIA,Heria,Tier 3,Yes,Yes,No,Yes,Yes,West Bengal|Tier 3,West Bengal|Heria,West Bengal|Heria,West Bengal|Heria,,West Bengal|Heria,West Bengal|Heria
AAKASH EYE HOSPITAL,Gujarat,HIMMATNAGAR,Himmatnagar,Tier 3,No,No,Yes,No,No,Gujarat|Tier 3,Gujarat|Himmatnagar,,,Gujarat|Himmatnagar,,
Naveen Multi Speciality Hospital,Andhra Pradesh,Hindupur,Hindupur,Tier 3,No,No,No,Yes,Yes,Andhra Pradesh|Tier 3,Andhra Pradesh|Hindupur,,,,Andhra Pradesh|Hindupur,Andhra Pradesh|Hindupur
VSR HOSPITAL,Andhra Pradesh,Hindupur,Hindupur,Tier 3,No,No,No,Yes,Yes,Andhra Pradesh|Tier 3,Andhra Pradesh|Hindupur,,,,Andhra Pradesh|Hindupur,Andhra Pradesh|Hindupur
AR MULTISPECIALITY HOSPITAL,Andhra Pradesh,HINDUPURAM,Hindupuram,Tier 3,Yes,No,Yes,Yes,Yes,Andhra Pradesh|Tier 3,Andhra Pradesh|Hindupuram,Andhra Pradesh|Hindupuram,,Andhra Pradesh|Hindupuram,Andhra Pradesh|Hindupuram,Andhra Pradesh|Hindupuram
ORTHOMED HEALTHCARE PRIVATE LIMITED,Haryana,Hisar,Hisar,Tier 3,No,No,No,No,No,Haryana|Tier 3,Haryana|Hisar,,,,,
DIVYDEEP HEALTHCARE,Haryana,HISAR,Hisar,Tier 3,Yes,No,Yes,No,Yes,Haryana|Tier 3,Haryana|Hisar,Haryana|Hisar,,Haryana|Hisar,,Haryana|Hisar
National College of Ayurveda and Hospital,Haryana,Hisar,Hisar,Tier 3,No,Yes,Yes,Yes,Yes,Haryana|Tier 3,Haryana|Hisar,,Haryana|Hisar,Haryana|Hisar,Haryana|Hisar,Haryana|Hisar
SAMARPAN HOSPITAL,Haryana,hisar,Hisar,Tier 3,No,Yes,Yes,Yes,Yes,Haryana|Tier 3,Haryana|Hisar,,Haryana|Hisar,Haryana|Hisar,Haryana|Hisar,Haryana|Hisar
Santosh Advance ENT Healthcare,Haryana,HIsar,Hisar,Tier 3,No,No,No,Yes,No,Haryana|Tier 3,Haryana|Hisar,,,,Haryana|Hisar,
Aadi Ayurvedam,Haryana,HISAR,Hisar,Tier 3,No,No,No,No,No,Haryana|Tier 3,Haryana|Hisar,,,,,
KESAR HOSPITAL,Haryana,Hisar,Hisar,Tier 3,No,Yes,No,Yes,No,Haryana|Tier 3,Haryana|Hisar,,Haryana|Hisar,,Haryana|Hisar,
Vedamrita Healthcare Private limited,Haryana,Hisar,Hisar,Tier 3,No,No,No,No,No,Haryana|Tier 3,Haryana|Hisar,,,,,
sahyog multispeciality hospital,Haryana,Hisar,Hisar,Tier 3,Yes,Yes,No,Yes,Yes,Haryana|Tier 3,Haryana|Hisar,Haryana|Hisar,Haryana|Hisar,,Haryana|Hisar,Haryana|Hisar
MANTHAN HOSPITAL,Haryana,Hisar,Hisar,Tier 3,No,No,No,Yes,No,Haryana|Tier 3,Haryana|Hisar,,,,Haryana|Hisar,
Kesari Multispeciality Hospital,Haryana,Hisar,Hisar,Tier 3,No,No,No,Yes,No,Haryana|Tier 3,Haryana|Hisar,,,,Haryana|Hisar,
HISAR ENT CENTRE,Haryana,HISAR,Hisar,Tier 3,No,No,No,No,No,Haryana|Tier 3,Haryana|Hisar,,,,,
MEYASH HOSPITAL,Haryana,HISAR,Hisar,Tier 3,No,No,No,Yes,No,Haryana|Tier 3,Haryana|Hisar,,,,Haryana|Hisar,
Charnock Hospitals Private Limited(BHADRESWAR PPP UNIT),West Bengal,Hooghly,Hooghly,Tier 3,Yes,No,No,No,No,West Bengal|Tier 3,West Bengal|Hooghly,West Bengal|Hooghly,,,,
PARAMOUNT HEALTH CARE,West Bengal,Hooghly,Hooghly,Tier 3,Yes,Yes,No,Yes,Yes,West Bengal|Tier 3,West Bengal|Hooghly,West Bengal|Hooghly,West Bengal|Hooghly,,West Bengal|Hooghly,West Bengal|Hooghly
THE CARE UTTARPARA NURSING HOME,West Bengal,HOOGHLY,Hooghly,Tier 3,Yes,Yes,No,Yes,No,West Bengal|Tier 3,West Bengal|Hooghly,West Bengal|Hooghly,West Bengal|Hooghly,,West Bengal|Hooghly,
KANAK NURSING HOME,West Bengal,HOOGHLY,Hooghly,Tier 3,Yes,Yes,No,Yes,No,West Bengal|Tier 3,West Bengal|Hooghly,West Bengal|Hooghly,West Bengal|Hooghly,,West Bengal|Hooghly,
SWASTHYA NIVAS NURSING HOME,West Bengal,HOOGHLY,Hooghly,Tier 3,Yes,Yes,No,Yes,No,West Bengal|Tier 3,West Bengal|Hooghly,West Bengal|Hooghly,West Bengal|Hooghly,,West Bengal|Hooghly,
VILLAGE HEALTH CARE,West Bengal,Hooghly,Hooghly,Tier 3,Yes,Yes,No,Yes,No,West Bengal|Tier 3,West Bengal|Hooghly,West Bengal|Hooghly,West Bengal|Hooghly,,West Bengal|Hooghly,
KAMALA RAY HOSPITAL PVT LTD,West Bengal,HOOGHLY,Hooghly,Tier 3,Yes,Yes,No,Yes,Yes,West Bengal|Tier 3,West Bengal|Hooghly,West Bengal|Hooghly,West Bengal|Hooghly,,West Bengal|Hooghly,West Bengal|Hooghly
Seva Hospital,West Bengal,Hooghly,Hooghly,Tier 3,No,Yes,No,Yes,No,West Bengal|Tier 3,West Bengal|Hooghly,,West Bengal|Hooghly,,West Bengal|Hooghly,
JYOTIRMOY AROGYA BHAVAN,West Bengal,HOOGHLY,Hooghly,Tier 3,No,No,Yes,No,No,West Bengal|Tier 3,West Bengal|Hooghly,,,West Bengal|Hooghly,,
AESTHETIC NURSING HOME,West Bengal,HOOGHLY,Hooghly,Tier 3,Yes,No,Yes,Yes,No,West Bengal|Tier 3,West Bengal|Hooghly,West Bengal|Hooghly,,West Bengal|Hooghly,West Bengal|Hooghly,
JAHAN HEALTHCARE NURSING HOME AND DIAGNOSTIC CENTER AND POLYCLINIC,West Bengal,HOOGHLY,Hooghly,Tier 3,Yes,Yes,No,Yes,Yes,West Bengal|Tier 3,West Bengal|Hooghly,West Bengal|Hooghly,West Bengal|Hooghly,,West Bengal|Hooghly,West Bengal|Hooghly
BLUE VIEW NURSING HOME,West Bengal,HOOGHLY,Hooghly,Tier 3,Yes,Yes,No,Yes,Yes,West Bengal|Tier 3,West Bengal|Hooghly,West Bengal|Hooghly,West Bengal|Hooghly,,West Bengal|Hooghly,West Bengal|Hooghly
ORCHID HOSPITAL AND DIAGNOSTICS,West Bengal,HOOGHLY,Hooghly,Tier 3,Yes,Yes,No,Yes,Yes,West Bengal|Tier 3,West Bengal|Hooghly,West Bengal|Hooghly,West Bengal|Hooghly,,West Bengal|Hooghly,West Bengal|Hooghly
MOTHERLAND NURSING HOME,West Bengal,HOOGHLY,Hooghly,Tier 3,Yes,Yes,No,Yes,No,West Bengal|Tier 3,West Bengal|Hooghly,West Bengal|Hooghly,West Bengal|Hooghly,,West Bengal|Hooghly,
JEEBAN DEEP NURSING HOME,West Bengal,HOOGHLY,Hooghly,Tier 3,Yes,Yes,No,Yes,No,West Bengal|Tier 3,West Bengal|Hooghly,West Bengal|Hooghly,West Bengal|Hooghly,,West Bengal|Hooghly,
NETRADARPAN HOSPITAL,West Bengal,HOOGHLY,Hooghly,Tier 3,No,No,Yes,No,No,West Bengal|Tier 3,West Bengal|Hooghly,,,West Bengal|Hooghly,,
ANTORIK SEBASHRAM POLYCLINIC AND HOSPITAL,West Bengal,Hooghly,Hooghly,Tier 3,Yes,Yes,No,Yes,Yes,West Bengal|Tier 3,West Bengal|Hooghly,West Bengal|Hooghly,West Bengal|Hooghly,,West Bengal|Hooghly,West Bengal|Hooghly
Hooghly Midland Nursing Home Pvt. Ltd.,West Bengal,HOOGHLY,Hooghly,Tier 3,Yes,Yes,No,Yes,Yes,West Bengal|Tier 3,West Bengal|Hooghly,West Bengal|Hooghly,West Bengal|Hooghly,,West Bengal|Hooghly,West Bengal|Hooghly
GHOSHS NURSING HOME,West Bengal,"Hooghly,",Hooghly,Tier 3,Yes,Yes,No,Yes,Yes,West Bengal|Tier 3,West Bengal|Hooghly,West Bengal|Hooghly,West Bengal|Hooghly,,West Bengal|Hooghly,West Bengal|Hooghly
Altius Gastro & Eye Care,West Bengal,"Hooghly, West Bengal - 712233",Hooghly,Tier 3,No,No,Yes,No,No,West Bengal|Tier 3,West Bengal|Hooghly,,,West Bengal|Hooghly,,
Sanjay Multispeciality Hospital,Karnataka,"Hosadurga,",Hosadurga,Tier 3,Yes,No,Yes,Yes,No,Karnataka|Tier 3,Karnataka|Hosadurga,Karnataka|Hosadurga,,Karnataka|Hosadurga,Karnataka|Hosadurga,
st. joseph's hospital,Punjab,hoshairpur,Hoshairpur,Tier 3,No,No,No,No,No,Punjab|Tier 3,Punjab|Hoshairpur,,,,,
Universal Hospital and trauma Center,Punjab,Hoshiarpur,Hoshiarpur,Tier 3,No,No,No,No,No,Punjab|Tier 3,Punjab|Hoshiarpur,,,,,
Public Hospital,Punjab,HOSHIARPUR,Hoshiarpur,Tier 3,No,No,No,Yes,Yes,Punjab|Tier 3,Punjab|Hoshiarpur,,,,Punjab|Hoshiarpur,Punjab|Hoshiarpur
GURU KIRPA MULTISPECIALITY HOSPITAL,Punjab,HOSHIARPUR,Hoshiarpur,Tier 3,No,No,Yes,No,No,Punjab|Tier 3,Punjab|Hoshiarpur,,,Punjab|Hoshiarpur,,
PARVESH HOSPITAL,Punjab,HOSHIARPUR,Hoshiarpur,Tier 3,Yes,No,No,Yes,Yes,Punjab|Tier 3,Punjab|Hoshiarpur,Punjab|Hoshiarpur,,,Punjab|Hoshiarpur,Punjab|Hoshiarpur
KANWAR HOSPITAL,Punjab,HOSHIARPUR,Hoshiarpur,Tier 3,No,Yes,No,Yes,No,Punjab|Tier 3,Punjab|Hoshiarpur,,Punjab|Hoshiarpur,,Punjab|Hoshiarpur,
Pranav Multispeciality Hospital,Punjab,Hoshiarpur,Hoshiarpur,Tier 3,No,No,No,Yes,Yes,Punjab|Tier 3,Punjab|Hoshiarpur,,,,Punjab|Hoshiarpur,Punjab|Hoshiarpur
METIS THE MEDICITY HOSPITAL,Uttar Pradesh,Hospital City Name,Mughalsarai,Tier 3,Yes,Yes,No,Yes,Yes,Uttar Pradesh|Tier 3,Uttar Pradesh|Mughalsarai,Uttar Pradesh|Mughalsarai,Uttar Pradesh|Mughalsarai,,Uttar Pradesh|Mughalsarai,Uttar Pradesh|Mughalsarai
Dr PAVI WOMENS HEALTH AND FERTILITY CENTRE,Tamil Nadu,Hosur,Hosur,Tier 3,No,No,No,Yes,No,Tamil Nadu|Tier 3,Tamil Nadu|Hosur,,,,Tamil Nadu|Hosur,
MEDICREST HEALTHCARE,West Bengal,HOWRAH,Howrah,Tier 3,No,No,Yes,No,No,West Bengal|Tier 3,West Bengal|Howrah,,,West Bengal|Howrah,,
Sunetram Health Care Pvt Ltd,West Bengal,HOWRAH,Howrah,Tier 3,No,No,Yes,No,No,West Bengal|Tier 3,West Bengal|Howrah,,,West Bengal|Howrah,,
S C BAGCHI AROGYA SADAN PVT LTD,West Bengal,Howrah,Howrah,Tier 3,Yes,Yes,Yes,Yes,Yes,West Bengal|Tier 3,West Bengal|Howrah,West Bengal|Howrah,West Bengal|Howrah,West Bengal|Howrah,West Bengal|Howrah,West Bengal|Howrah
Divyadrishti Eye Clinic and Eye Care Centre,West Bengal,HOWRAH,Howrah,Tier 3,No,No,Yes,No,No,West Bengal|Tier 3,West Bengal|Howrah,,,West Bengal|Howrah,,
NIBEDITA MEDICARE & DIAGNOSTIC PRIVATE LTD,West Bengal,HOWRAH,Howrah,Tier 3,Yes,No,Yes,Yes,Yes,West Bengal|Tier 3,West Bengal|Howrah,West Bengal|Howrah,,West Bengal|Howrah,West Bengal|Howrah,West Bengal|Howrah
BENUBAN HEALTH CARE AND DIAGNOSTIC CENTRE,West Bengal,Howrah,Howrah,Tier 3,No,No,No,Yes,Yes,West Bengal|Tier 3,West Bengal|Howrah,,,,West Bengal|Howrah,West Bengal|Howrah
TARA CLINIC AND HOSPITAL,West Bengal,HOWRAH,Howrah,Tier 3,No,No,No,Yes,Yes,West Bengal|Tier 3,West Bengal|Howrah,,,,West Bengal|Howrah,West Bengal|Howrah
DISHA EYE HOSPITALS PVT LTD,West Bengal,Howrah,Howrah,Tier 3,No,No,Yes,No,No,West Bengal|Tier 3,West Bengal|Howrah,,,West Bengal|Howrah,,
DHANWANTARI MULTI SPECIALITY HOSPITAL,West Bengal,HOWRAH,Howrah,Tier 3,Yes,No,No,Yes,No,West Bengal|Tier 3,West Bengal|Howrah,West Bengal|Howrah,,,West Bengal|Howrah,
DRISHTIPATH EYE HOSPITAL ( A UNIT OF DRISHTIPATH FOUNDATION ),West Bengal,HOWRAH,Howrah,Tier 3,No,No,Yes,No,No,West Bengal|Tier 3,West Bengal|Howrah,,,West Bengal|Howrah,,
Raindrops Hospital,West Bengal,howrah,Howrah,Tier 3,Yes,No,No,Yes,No,West Bengal|Tier 3,West Bengal|Howrah,West Bengal|Howrah,,,West Bengal|Howrah,
R B HOSPITAL,West Bengal,HOWRAH,Howrah,Tier 3,No,Yes,No,Yes,Yes,West Bengal|Tier 3,West Bengal|Howrah,,West Bengal|Howrah,,West Bengal|Howrah,West Bengal|Howrah
Medico hospital,West Bengal,HOWRAH,Howrah,Tier 3,Yes,Yes,No,Yes,Yes,West Bengal|Tier 3,West Bengal|Howrah,West Bengal|Howrah,West Bengal|Howrah,,West Bengal|Howrah,West Bengal|Howrah
TULIP HOSPITAL (A UNIT OF TAHSIN INDUSTRIES PRIVATE LIMITED),West Bengal,HOWRAH,Howrah,Tier 3,Yes,Yes,No,Yes,Yes,West Bengal|Tier 3,West Bengal|Howrah,West Bengal|Howrah,West Bengal|Howrah,,West Bengal|Howrah,West Bengal|Howrah
SUN MULTISPECIALITY HOSPITAL & DIAGNOSTIC CENTRE  (A UNIT OF SUNRAYS LIFECARE PVT. LTD.),West Bengal,Howrah,Howrah,Tier 3,Yes,Yes,No,Yes,Yes,West Bengal|Tier 3,West Bengal|Howrah,West Bengal|Howrah,West Bengal|Howrah,,West Bengal|Howrah,West Bengal|Howrah
sukhada vascular institute super speciality hospital,Karnataka,Hubballi,Hubli,Tier 2B,Yes,Yes,No,Yes,Yes,Karnataka|Tier 2B,Karnataka|Hubli,Karnataka|Hubli,Karnataka|Hubli,,Karnataka|Hubli,Karnataka|Hubli
KLE HOSPITAL AND MEDICAL RESEARCH CENTRE,Karnataka,HUBBALLI,Hubli,Tier 2B,No,No,Yes,Yes,Yes,Karnataka|Tier 2B,Karnataka|Hubli,,,Karnataka|Hubli,Karnataka|Hubli,Karnataka|Hubli
Siri Daneshwari Hospital,Karnataka,Hubli,Hubli,Tier 2B,No,No,No,Yes,Yes,Karnataka|Tier 2B,Karnataka|Hubli,,,,Karnataka|Hubli,Karnataka|Hubli
Nakshatra Women and Childrens Hospital,Karnataka,HUBLI,Hubli,Tier 2B,No,No,No,Yes,Yes,Karnataka|Tier 2B,Karnataka|Hubli,,,,Karnataka|Hubli,Karnataka|Hubli
VIHAAN HEART AND SUPER SPECIALITY HOSPITAL,Karnataka,HUBLI,Hubli,Tier 2B,Yes,No,No,No,No,Karnataka|Tier 2B,Karnataka|Hubli,Karnataka|Hubli,,,,
MATHOSHRI HOSPITAL,Karnataka,Humnabad,Humnabad,Tier 3,No,No,Yes,Yes,No,Karnataka|Tier 3,Karnataka|Humnabad,,,Karnataka|Humnabad,Karnataka|Humnabad,
Prakruthi Hospital,Telangana,Huzurabad,Huzurabad,Tier 3,No,No,No,Yes,Yes,Telangana|Tier 3,Telangana|Huzurabad,,,,Telangana|Huzurabad,Telangana|Huzurabad
S R Multi Speciality Hospital,Telangana,Huzurabad,Huzurabad,Tier 3,No,No,No,Yes,Yes,Telangana|Tier 3,Telangana|Huzurabad,,,,Telangana|Huzurabad,Telangana|Huzurabad
mana amma hospital,Telangana,huzurnagar,Huzurnagar,Tier 3,No,No,No,Yes,No,Telangana|Tier 3,Telangana|Huzurnagar,,,,Telangana|Huzurnagar,
Delighthospital,Telangana,Hyderabad,Hyderabad,Tier 1,Yes,No,No,Yes,No,Telangana|Tier 1,Telangana|Hyderabad,Telangana|Hyderabad,,,Telangana|Hyderabad,
Alroyce Hospital,Telangana,Hyderabad,Hyderabad,Tier 1,Yes,No,No,Yes,No,Telangana|Tier 1,Telangana|Hyderabad,Telangana|Hyderabad,,,Telangana|Hyderabad,
GUPTA EYE CARE CENTER,Telangana,Hyderabad,Hyderabad,Tier 1,No,No,Yes,No,No,Telangana|Tier 1,Telangana|Hyderabad,,,Telangana|Hyderabad,,
SECUNDERABAD NURSINGHOME,Telangana,HYDERABAD,Hyderabad,Tier 1,Yes,Yes,No,Yes,No,Telangana|Tier 1,Telangana|Hyderabad,Telangana|Hyderabad,Telangana|Hyderabad,,Telangana|Hyderabad,
Advanced Retina Care,Telangana,Hyderabad,Hyderabad,Tier 1,No,No,Yes,No,No,Telangana|Tier 1,Telangana|Hyderabad,,,Telangana|Hyderabad,,
Pristyn Care Archana Hospital ( A Unit of GHV Advanced Care pvt. ltd),Telangana,Hyderabad,Hyderabad,Tier 1,No,Yes,Yes,Yes,Yes,Telangana|Tier 1,Telangana|Hyderabad,,Telangana|Hyderabad,Telangana|Hyderabad,Telangana|Hyderabad,Telangana|Hyderabad
MANOOP MULTISPECIALITY HOSPITAL,Telangana,Hyderabad,Hyderabad,Tier 1,No,No,No,Yes,Yes,Telangana|Tier 1,Telangana|Hyderabad,,,,Telangana|Hyderabad,Telangana|Hyderabad
Dr RAKESH ORTHO AND SPECIALITY HOSPITAL,Telangana,Hyderabad,Hyderabad,Tier 1,Yes,No,Yes,Yes,Yes,Telangana|Tier 1,Telangana|Hyderabad,Telangana|Hyderabad,,Telangana|Hyderabad,Telangana|Hyderabad,Telangana|Hyderabad
AVS HOSPITALS,Telangana,HYDERABAD,Hyderabad,Tier 1,Yes,Yes,No,Yes,Yes,Telangana|Tier 1,Telangana|Hyderabad,Telangana|Hyderabad,Telangana|Hyderabad,,Telangana|Hyderabad,Telangana|Hyderabad
ARUNA HOSPITAL,Telangana,Hyderabad,Hyderabad,Tier 1,No,No,No,Yes,Yes,Telangana|Tier 1,Telangana|Hyderabad,,,,Telangana|Hyderabad,Telangana|Hyderabad
ERA HOSPITAL,Telangana,hyderabad,Hyderabad,Tier 1,No,No,No,Yes,Yes,Telangana|Tier 1,Telangana|Hyderabad,,,,Telangana|Hyderabad,Telangana|Hyderabad
truevision eye hospitals,Telangana,Hyderabad,Hyderabad,Tier 1,No,No,Yes,No,No,Telangana|Tier 1,Telangana|Hyderabad,,,Telangana|Hyderabad,,
SRI NITYA HOSPITAL,Telangana,HYDERABAD,Hyderabad,Tier 1,Yes,No,Yes,Yes,Yes,Telangana|Tier 1,Telangana|Hyderabad,Telangana|Hyderabad,,Telangana|Hyderabad,Telangana|Hyderabad,Telangana|Hyderabad
LASER VISION EYE CARE CENTRE HOSPITAL ( A UNIT OF KSR EYE CARE PVT LTD),Telangana,HYDERABAD,Hyderabad,Tier 1,No,No,Yes,No,No,Telangana|Tier 1,Telangana|Hyderabad,,,Telangana|Hyderabad,,
SAIRAM MULTI SPECIALTY HOSPITAL,Telangana,HYDERABAD,Hyderabad,Tier 1,Yes,No,No,Yes,No,Telangana|Tier 1,Telangana|Hyderabad,Telangana|Hyderabad,,,Telangana|Hyderabad,
AVASA HOSPITAL ( INDO-UK HOSPITALS PVT LTD),Telangana,HYDERABAD,Hyderabad,Tier 1,No,Yes,No,Yes,Yes,Telangana|Tier 1,Telangana|Hyderabad,,Telangana|Hyderabad,,Telangana|Hyderabad,Telangana|Hyderabad
SHARP VISION EYE HOSPITAL,Telangana,HYDERABAD,Hyderabad,Tier 1,No,No,Yes,No,No,Telangana|Tier 1,Telangana|Hyderabad,,,Telangana|Hyderabad,,
FORT HOSPITAL (A UNIT OF FORT HOSPITAL CARE),Telangana,Hyderabad,Hyderabad,Tier 1,Yes,No,No,No,No,Telangana|Tier 1,Telangana|Hyderabad,Telangana|Hyderabad,,,,
Dr Ushas Care Vision eye hospital,Telangana,HYDERABAD,Hyderabad,Tier 1,No,No,Yes,No,No,Telangana|Tier 1,Telangana|Hyderabad,,,Telangana|Hyderabad,,
CITI EYE HOSPITAL (A UNIT OF KSR EYE CARE PVT LTD),Telangana,HYDERABAD,Hyderabad,Tier 1,No,No,Yes,No,No,Telangana|Tier 1,Telangana|Hyderabad,,,Telangana|Hyderabad,,
SANJEEVANI HOSPITAL,Telangana,HYDERABAD,Hyderabad,Tier 1,Yes,No,Yes,Yes,Yes,Telangana|Tier 1,Telangana|Hyderabad,Telangana|Hyderabad,,Telangana|Hyderabad,Telangana|Hyderabad,Telangana|Hyderabad
Sakina Eye Hospital,Telangana,Hyderabad,Hyderabad,Tier 1,No,No,Yes,No,No,Telangana|Tier 1,Telangana|Hyderabad,,,Telangana|Hyderabad,,
HOPE CHILDREN'S HOSPITAL,Telangana,HYDERABAD,Hyderabad,Tier 1,No,Yes,No,Yes,Yes,Telangana|Tier 1,Telangana|Hyderabad,,Telangana|Hyderabad,,Telangana|Hyderabad,Telangana|Hyderabad
SHUBHAKARA HOSPITAL,Telangana,HYDERABAD,Hyderabad,Tier 1,Yes,Yes,No,Yes,Yes,Telangana|Tier 1,Telangana|Hyderabad,Telangana|Hyderabad,Telangana|Hyderabad,,Telangana|Hyderabad,Telangana|Hyderabad
PADMA NURSING HOME,Telangana,HYDERABAD,Hyderabad,Tier 1,Yes,No,No,Yes,Yes,Telangana|Tier 1,Telangana|Hyderabad,Telangana|Hyderabad,,,Telangana|Hyderabad,Telangana|Hyderabad
MANAHOSPITALS( AUNIT OF WE CARE LIFELINE HEALTHCARE PRIVATE LIMITED),Telangana,hyderabad,Hyderabad,Tier 1,Yes,No,No,Yes,Yes,Telangana|Tier 1,Telangana|Hyderabad,Telangana|Hyderabad,,,Telangana|Hyderabad,Telangana|Hyderabad
GO HOSPITAL (A UNIT OF SHIV HEALTHCARE SERVICES PVT LTD),Telangana,HYDERABAD,Hyderabad,Tier 1,No,No,No,Yes,Yes,Telangana|Tier 1,Telangana|Hyderabad,,,,Telangana|Hyderabad,Telangana|Hyderabad
AVASA HOSPITAL,Telangana,HYDERABAD,Hyderabad,Tier 1,No,No,No,Yes,Yes,Telangana|Tier 1,Telangana|Hyderabad,,,,Telangana|Hyderabad,Telangana|Hyderabad
ISHAA NETRALAYA EYE CARE HOSPITAL,Telangana,Hyderabad,Hyderabad,Tier 1,No,No,Yes,No,No,Telangana|Tier 1,Telangana|Hyderabad,,,Telangana|Hyderabad,,
RM Hospital,Telangana,Hyderabad,Hyderabad,Tier 1,No,No,No,Yes,Yes,Telangana|Tier 1,Telangana|Hyderabad,,,,Telangana|Hyderabad,Telangana|Hyderabad
STARLINGS CHILDREN'S HOSPITAL,Telangana,HYDERABAD,Hyderabad,Tier 1,No,No,No,Yes,Yes,Telangana|Tier 1,Telangana|Hyderabad,,,,Telangana|Hyderabad,Telangana|Hyderabad
HIMALAYA HOSPITALS,Telangana,HYDERABAD,Hyderabad,Tier 1,Yes,Yes,No,Yes,Yes,Telangana|Tier 1,Telangana|Hyderabad,Telangana|Hyderabad,Telangana|Hyderabad,,Telangana|Hyderabad,Telangana|Hyderabad
LIFE CARE HOSPITALS,Telangana,Hyderabad,Hyderabad,Tier 1,Yes,Yes,No,Yes,Yes,Telangana|Tier 1,Telangana|Hyderabad,Telangana|Hyderabad,Telangana|Hyderabad,,Telangana|Hyderabad,Telangana|Hyderabad
SREE MANJU  HOSPITALS - KONDAPUR,Telangana,HYDERABAD,Hyderabad,Tier 1,Yes,No,No,Yes,Yes,Telangana|Tier 1,Telangana|Hyderabad,Telangana|Hyderabad,,,Telangana|Hyderabad,Telangana|Hyderabad
DR.VENKATESH REDDY EYE HOSPITAL,Telangana,HYDERABAD,Hyderabad,Tier 1,No,No,Yes,No,No,Telangana|Tier 1,Telangana|Hyderabad,,,Telangana|Hyderabad,,
ARADHANA HOSPITAL,Telangana,Hyderabad,Hyderabad,Tier 1,No,No,No,Yes,No,Telangana|Tier 1,Telangana|Hyderabad,,,,Telangana|Hyderabad,
Sai Ram Super Speciality Hospitals Pink Cloud Mother & Child Care,Telangana,HYDERABAD,Hyderabad,Tier 1,No,Yes,No,Yes,Yes,Telangana|Tier 1,Telangana|Hyderabad,,Telangana|Hyderabad,,Telangana|Hyderabad,Telangana|Hyderabad
Chiranjeevi Vascular Care Private Limited,Telangana,hyderabad,Hyderabad,Tier 1,Yes,Yes,No,Yes,No,Telangana|Tier 1,Telangana|Hyderabad,Telangana|Hyderabad,Telangana|Hyderabad,,Telangana|Hyderabad,
Mythri Hospital LLP,Telangana,Hyderabad,Hyderabad,Tier 1,Yes,Yes,Yes,Yes,Yes,Telangana|Tier 1,Telangana|Hyderabad,Telangana|Hyderabad,Telangana|Hyderabad,Telangana|Hyderabad,Telangana|Hyderabad,Telangana|Hyderabad
CARE ANF CURE HOSPITAL,Telangana,HYDERABAD,Hyderabad,Tier 1,Yes,Yes,No,Yes,Yes,Telangana|Tier 1,Telangana|Hyderabad,Telangana|Hyderabad,Telangana|Hyderabad,,Telangana|Hyderabad,Telangana|Hyderabad
laalityam hospitals,Telangana,hyderabad,Hyderabad,Tier 1,Yes,No,No,Yes,Yes,Telangana|Tier 1,Telangana|Hyderabad,Telangana|Hyderabad,,,Telangana|Hyderabad,Telangana|Hyderabad
life plus hospital,Telangana,Hyderabad,Hyderabad,Tier 1,Yes,Yes,No,Yes,No,Telangana|Tier 1,Telangana|Hyderabad,Telangana|Hyderabad,Telangana|Hyderabad,,Telangana|Hyderabad,
AMVI Hospital,Telangana,HYDERABAD,Hyderabad,Tier 1,No,No,No,Yes,No,Telangana|Tier 1,Telangana|Hyderabad,,,,Telangana|Hyderabad,
Dr. Harika ENT Care Hospitals,Telangana,Hyderabad,Hyderabad,Tier 1,No,No,No,No,No,Telangana|Tier 1,Telangana|Hyderabad,,,,,
SUSEELA  NETRALAYA (A UNIT OF SUSEELA  NETRALAYA PVT LTD),Telangana,HYDERABAD,Hyderabad,Tier 1,No,No,Yes,No,No,Telangana|Tier 1,Telangana|Hyderabad,,,Telangana|Hyderabad,,
Gagana Eye Hospital & Lasik Centre,Telangana,HYDERABAD,Hyderabad,Tier 1,No,No,Yes,No,No,Telangana|Tier 1,Telangana|Hyderabad,,,Telangana|Hyderabad,,
THE ENT CARE AND GENERAL HOSPITAL,Telangana,HYDERABAD,Hyderabad,Tier 1,No,No,No,No,No,Telangana|Tier 1,Telangana|Hyderabad,,,,,
AIRAAVATA HOSPITALS A UNIT OF AIRAAVATA HEALTH AND LIFESTYLE LLP,Telangana,HYDERABAD,Hyderabad,Tier 1,Yes,Yes,No,Yes,Yes,Telangana|Tier 1,Telangana|Hyderabad,Telangana|Hyderabad,Telangana|Hyderabad,,Telangana|Hyderabad,Telangana|Hyderabad
BRIGHT MULTI SPECIALITY HOSPITAL,Telangana,HYDERABAD,Hyderabad,Tier 1,Yes,Yes,No,Yes,No,Telangana|Tier 1,Telangana|Hyderabad,Telangana|Hyderabad,Telangana|Hyderabad,,Telangana|Hyderabad,
Khushi childerns & ENT HospitL,Telangana,HYDERABAD,Hyderabad,Tier 1,No,No,No,Yes,Yes,Telangana|Tier 1,Telangana|Hyderabad,,,,Telangana|Hyderabad,Telangana|Hyderabad
Advanced Focus Eye Hospitals India Pvt Ltd,Telangana,Hyderabad,Hyderabad,Tier 1,No,No,Yes,No,No,Telangana|Tier 1,Telangana|Hyderabad,,,Telangana|Hyderabad,,
Samyuktha Childrens Hospital,Telangana,Hyderabad,Hyderabad,Tier 1,No,No,No,Yes,Yes,Telangana|Tier 1,Telangana|Hyderabad,,,,Telangana|Hyderabad,Telangana|Hyderabad
EYE PRIME EYE HOSPITAL,Telangana,Hyderabad,Hyderabad,Tier 1,No,No,Yes,No,No,Telangana|Tier 1,Telangana|Hyderabad,,,Telangana|Hyderabad,,
Refracto Eye Hospitals,Telangana,HYDERABAD,Hyderabad,Tier 1,No,No,Yes,No,No,Telangana|Tier 1,Telangana|Hyderabad,,,Telangana|Hyderabad,,
PKS ADVAYA HOSPITALS PVT LTD,Telangana,HYDERABAD,Hyderabad,Tier 1,Yes,Yes,Yes,Yes,No,Telangana|Tier 1,Telangana|Hyderabad,Telangana|Hyderabad,Telangana|Hyderabad,Telangana|Hyderabad,Telangana|Hyderabad,
Surgeons Tree Hospitals Pvt Ltd,Telangana,Hyderabad,Hyderabad,Tier 1,Yes,No,No,Yes,No,Telangana|Tier 1,Telangana|Hyderabad,Telangana|Hyderabad,,,Telangana|Hyderabad,
AHRAR MULTI SPECIALITY HOSPITAL,Telangana,HYDERABAD,Hyderabad,Tier 1,Yes,Yes,No,Yes,Yes,Telangana|Tier 1,Telangana|Hyderabad,Telangana|Hyderabad,Telangana|Hyderabad,,Telangana|Hyderabad,Telangana|Hyderabad
NYRA HOSPITAL EYE CARE AND LAPAROSCOPIC CENTRE,Telangana,HYDERABAD,Hyderabad,Tier 1,No,No,Yes,No,No,Telangana|Tier 1,Telangana|Hyderabad,,,Telangana|Hyderabad,,
MYMED HOSPITAL (A Unit of Poornarogya Pvt Ltd),Telangana,Hyderabad,Hyderabad,Tier 1,Yes,Yes,No,Yes,No,Telangana|Tier 1,Telangana|Hyderabad,Telangana|Hyderabad,Telangana|Hyderabad,,Telangana|Hyderabad,
SRI RAMA ENT CARE CENTER,Telangana,Hyderabad,Hyderabad,Tier 1,No,No,No,No,No,Telangana|Tier 1,Telangana|Hyderabad,,,,,
S V SUPER SPECIALITY HOSPITAL,Telangana,Hyderabad,Hyderabad,Tier 1,Yes,No,No,Yes,No,Telangana|Tier 1,Telangana|Hyderabad,Telangana|Hyderabad,,,Telangana|Hyderabad,
MICRO ENT HOSPITAL,Telangana,Hyderabad,Hyderabad,Tier 1,No,No,No,No,No,Telangana|Tier 1,Telangana|Hyderabad,,,,,
AVR HOSPITAL,Telangana,Hyderabad,Hyderabad,Tier 1,No,No,Yes,Yes,Yes,Telangana|Tier 1,Telangana|Hyderabad,,,Telangana|Hyderabad,Telangana|Hyderabad,Telangana|Hyderabad
Medisure hospital,Telangana,HYDERABAD,Hyderabad,Tier 1,No,No,No,Yes,No,Telangana|Tier 1,Telangana|Hyderabad,,,,Telangana|Hyderabad,
DR HARIKA ENT CARE HOSPITAL,Telangana,Hyderabad,Hyderabad,Tier 1,No,No,No,No,No,Telangana|Tier 1,Telangana|Hyderabad,,,,,
SREE SATYA LAPAROSCOPY HOSPITAL,Telangana,Hyderabad,Hyderabad,Tier 1,No,No,No,Yes,No,Telangana|Tier 1,Telangana|Hyderabad,,,,Telangana|Hyderabad,
PBR HOSPITAL,Telangana,Hyderabad,Hyderabad,Tier 1,Yes,No,No,Yes,Yes,Telangana|Tier 1,Telangana|Hyderabad,Telangana|Hyderabad,,,Telangana|Hyderabad,Telangana|Hyderabad
MERAKI ENT INTERNATIONAL HOSPITAL,Telangana,Hyderabad,Hyderabad,Tier 1,No,No,No,No,No,Telangana|Tier 1,Telangana|Hyderabad,,,,,
Birthcare hospitals,Telangana,HYDERABAD,Hyderabad,Tier 1,No,Yes,Yes,Yes,Yes,Telangana|Tier 1,Telangana|Hyderabad,,Telangana|Hyderabad,Telangana|Hyderabad,Telangana|Hyderabad,Telangana|Hyderabad
SHALINI HOSPITALS (A UNIT OF SHALINIS CHAITANAYPURI HEALTHCARE),Telangana,HYDERABAD,Hyderabad,Tier 1,Yes,Yes,No,Yes,Yes,Telangana|Tier 1,Telangana|Hyderabad,Telangana|Hyderabad,Telangana|Hyderabad,,Telangana|Hyderabad,Telangana|Hyderabad
SIRI VALLABH HOSPITALS PRIVATE LIMITED,Telangana,Hyderabad,Hyderabad,Tier 1,No,Yes,No,Yes,Yes,Telangana|Tier 1,Telangana|Hyderabad,,Telangana|Hyderabad,,Telangana|Hyderabad,Telangana|Hyderabad
RegenOrthoSport Hospitals(A unit of Movva Healthcare LLP),Telangana,Hyderabad,Hyderabad,Tier 1,No,No,No,No,No,Telangana|Tier 1,Telangana|Hyderabad,,,,,
DIYA FERTILITY CENTRE,Telangana,"HYDERABAD,",Hyderabad,Tier 1,No,No,No,Yes,No,Telangana|Tier 1,Telangana|Hyderabad,,,,Telangana|Hyderabad,
PRAGNYA HOSPITAL,Telangana,HYDERABD,Hyderabd,Tier 3,No,No,Yes,Yes,Yes,Telangana|Tier 3,Telangana|Hyderabd,,,Telangana|Hyderabd,Telangana|Hyderabd,Telangana|Hyderabd
ASIAN VASCULAR HOSPITALS,Telangana,hyderanad,Hyderanad,Tier 3,Yes,Yes,No,No,No,Telangana|Tier 3,Telangana|Hyderanad,Telangana|Hyderanad,Telangana|Hyderanad,,,
YAMUNA SURGICAL AND MATERNITY HOSPITAL,Maharashtra,ICHALKARANJI,Ichalkaranji,Tier 3,No,Yes,No,Yes,No,Maharashtra|Tier 3,Maharashtra|Ichalkaranji,,Maharashtra|Ichalkaranji,,Maharashtra|Ichalkaranji,
MAGDUM EYE AND DENTAL HOSPITAL,Maharashtra,ICHALKARANJI,Ichalkaranji,Tier 3,No,No,Yes,No,No,Maharashtra|Tier 3,Maharashtra|Ichalkaranji,,,Maharashtra|Ichalkaranji,,
Gholve Hospital,Maharashtra,Indapur,Indapur,Tier 3,Yes,No,No,No,No,Maharashtra|Tier 3,Maharashtra|Indapur,Maharashtra|Indapur,,,,
Vighnahartha Children and General Hospital,Maharashtra,Indapur,Indapur,Tier 3,No,No,No,No,No,Maharashtra|Tier 3,Maharashtra|Indapur,,,,,
Sai Nursing Home,Maharashtra,Indapur,Indapur,Tier 3,No,No,No,Yes,No,Maharashtra|Tier 3,Maharashtra|Indapur,,,,Maharashtra|Indapur,
Retina Speciality Hospital,Madhya Pradesh,Indore,Indore,Tier 2A,No,No,Yes,No,No,Madhya Pradesh|Tier 2A,Madhya Pradesh|Indore,,,Madhya Pradesh|Indore,,
INDEX MEDICAL COLLEGE HOSPITAL AND RESEARCH CENTER,Madhya Pradesh,INDORE,Indore,Tier 2A,Yes,Yes,Yes,Yes,Yes,Madhya Pradesh|Tier 2A,Madhya Pradesh|Indore,Madhya Pradesh|Indore,Madhya Pradesh|Indore,Madhya Pradesh|Indore,Madhya Pradesh|Indore,Madhya Pradesh|Indore
SHRI INDORE CLOTH MARKET HOSPITAL,Madhya Pradesh,INDORE,Indore,Tier 2A,Yes,Yes,No,Yes,Yes,Madhya Pradesh|Tier 2A,Madhya Pradesh|Indore,Madhya Pradesh|Indore,Madhya Pradesh|Indore,,Madhya Pradesh|Indore,Madhya Pradesh|Indore
ASHADEEP HOSPITAL,Madhya Pradesh,INDORE,Indore,Tier 2A,No,Yes,No,Yes,Yes,Madhya Pradesh|Tier 2A,Madhya Pradesh|Indore,,Madhya Pradesh|Indore,,Madhya Pradesh|Indore,Madhya Pradesh|Indore
SHREE TRINETRAM HOSPITAL PRIVATE LIMITED,Madhya Pradesh,INDORE,Indore,Tier 2A,No,No,Yes,No,No,Madhya Pradesh|Tier 2A,Madhya Pradesh|Indore,,,Madhya Pradesh|Indore,,
Shri Gurudev Netra Chikitsalaya,Madhya Pradesh,Indore,Indore,Tier 2A,No,No,Yes,No,No,Madhya Pradesh|Tier 2A,Madhya Pradesh|Indore,,,Madhya Pradesh|Indore,,
SUNRISE HOSPITAL,Madhya Pradesh,indore,Indore,Tier 2A,Yes,Yes,No,Yes,No,Madhya Pradesh|Tier 2A,Madhya Pradesh|Indore,Madhya Pradesh|Indore,Madhya Pradesh|Indore,,Madhya Pradesh|Indore,
VARMA UNION HOSPITAL PRIVATE LIMITED,Madhya Pradesh,INDORE,Indore,Tier 2A,Yes,Yes,No,Yes,Yes,Madhya Pradesh|Tier 2A,Madhya Pradesh|Indore,Madhya Pradesh|Indore,Madhya Pradesh|Indore,,Madhya Pradesh|Indore,Madhya Pradesh|Indore
Maxheal Multispeciality Hospital,Madhya Pradesh,Indore,Indore,Tier 2A,No,Yes,No,Yes,Yes,Madhya Pradesh|Tier 2A,Madhya Pradesh|Indore,,Madhya Pradesh|Indore,,Madhya Pradesh|Indore,Madhya Pradesh|Indore
Suyog Hospital,Madhya Pradesh,Indore,Indore,Tier 2A,Yes,Yes,No,Yes,Yes,Madhya Pradesh|Tier 2A,Madhya Pradesh|Indore,Madhya Pradesh|Indore,Madhya Pradesh|Indore,,Madhya Pradesh|Indore,Madhya Pradesh|Indore
Sarvottam Hospital,Madhya Pradesh,Indore,Indore,Tier 2A,No,No,Yes,Yes,No,Madhya Pradesh|Tier 2A,Madhya Pradesh|Indore,,,Madhya Pradesh|Indore,Madhya Pradesh|Indore,
JTP HOSPITALS-INDORE,Madhya Pradesh,INDORE,Indore,Tier 2A,Yes,Yes,Yes,Yes,Yes,Madhya Pradesh|Tier 2A,Madhya Pradesh|Indore,Madhya Pradesh|Indore,Madhya Pradesh|Indore,Madhya Pradesh|Indore,Madhya Pradesh|Indore,Madhya Pradesh|Indore
SHREE BALAJI HOSPITAL (multi-specialty centre),Madhya Pradesh,Indore,Indore,Tier 2A,Yes,Yes,No,Yes,Yes,Madhya Pradesh|Tier 2A,Madhya Pradesh|Indore,Madhya Pradesh|Indore,Madhya Pradesh|Indore,,Madhya Pradesh|Indore,Madhya Pradesh|Indore
NURTURE HOSPITAL,Madhya Pradesh,INDORE,Indore,Tier 2A,No,Yes,Yes,Yes,Yes,Madhya Pradesh|Tier 2A,Madhya Pradesh|Indore,,Madhya Pradesh|Indore,Madhya Pradesh|Indore,Madhya Pradesh|Indore,Madhya Pradesh|Indore
CHL CHARITABLE TRUST,Madhya Pradesh,Indore,Indore,Tier 2A,Yes,Yes,No,No,No,Madhya Pradesh|Tier 2A,Madhya Pradesh|Indore,Madhya Pradesh|Indore,Madhya Pradesh|Indore,,,
SHIVSHAKTI NETRALAYA PRIVATE LIMITED,Madhya Pradesh,INDORE,Indore,Tier 2A,No,No,Yes,No,No,Madhya Pradesh|Tier 2A,Madhya Pradesh|Indore,,,Madhya Pradesh|Indore,,
SKY SPARSH HOSPITAL,Madhya Pradesh,INDORE,Indore,Tier 2A,No,Yes,No,Yes,No,Madhya Pradesh|Tier 2A,Madhya Pradesh|Indore,,Madhya Pradesh|Indore,,Madhya Pradesh|Indore,
O2 Hospital,Madhya Pradesh,INDORE,Indore,Tier 2A,No,No,Yes,Yes,Yes,Madhya Pradesh|Tier 2A,Madhya Pradesh|Indore,,,Madhya Pradesh|Indore,Madhya Pradesh|Indore,Madhya Pradesh|Indore
TRINETRA HOSPITAL INDORE,Madhya Pradesh,INDORE,Indore,Tier 2A,No,No,No,Yes,No,Madhya Pradesh|Tier 2A,Madhya Pradesh|Indore,,,,Madhya Pradesh|Indore,
GOYAL HOSPITAL,Madhya Pradesh,INDORE,Indore,Tier 2A,No,No,No,Yes,Yes,Madhya Pradesh|Tier 2A,Madhya Pradesh|Indore,,,,Madhya Pradesh|Indore,Madhya Pradesh|Indore
R K HOSPITAL,Madhya Pradesh,INDORE,Indore,Tier 2A,No,Yes,No,Yes,Yes,Madhya Pradesh|Tier 2A,Madhya Pradesh|Indore,,Madhya Pradesh|Indore,,Madhya Pradesh|Indore,Madhya Pradesh|Indore
DARSH HOSPITAL,Madhya Pradesh,Indore,Indore,Tier 2A,Yes,Yes,Yes,Yes,Yes,Madhya Pradesh|Tier 2A,Madhya Pradesh|Indore,Madhya Pradesh|Indore,Madhya Pradesh|Indore,Madhya Pradesh|Indore,Madhya Pradesh|Indore,Madhya Pradesh|Indore
NIKHIL HOSPITAL,Kerala,IRITTY,Iritty,Tier 3,No,No,No,No,No,Kerala|Tier 3,Kerala|Iritty,,,,,
WARANA HOSPITAL,Maharashtra,islampur,Islampur,Tier 3,No,No,No,Yes,No,Maharashtra|Tier 3,Maharashtra|Islampur,,,,Maharashtra|Islampur,
LAVANYA'S PADMAVATHI MATERNITY HOSPITAL,Telangana,ISNAPUR,Isnapur,Tier 3,No,No,No,Yes,No,Telangana|Tier 3,Telangana|Isnapur,,,,Telangana|Isnapur,
Daksh Netralaya,Madhya Pradesh,Jabalpur,Jabalpur,Tier 2B,No,No,Yes,No,No,Madhya Pradesh|Tier 2B,Madhya Pradesh|Jabalpur,,,Madhya Pradesh|Jabalpur,,
INFINITY HEART INSTITUTE ( A UNIT OF IHRC ),Madhya Pradesh,JABALPUR,Jabalpur,Tier 2B,Yes,No,No,No,No,Madhya Pradesh|Tier 2B,Madhya Pradesh|Jabalpur,Madhya Pradesh|Jabalpur,,,,
Roshan Netralaya and Retina Foundation,Madhya Pradesh,Jabalpur,Jabalpur,Tier 2B,No,No,No,No,No,Madhya Pradesh|Tier 2B,Madhya Pradesh|Jabalpur,,,,,
Apollo Hospital Jabalpur,Madhya Pradesh,Jabalpur,Jabalpur,Tier 2B,Yes,Yes,Yes,Yes,Yes,Madhya Pradesh|Tier 2B,Madhya Pradesh|Jabalpur,Madhya Pradesh|Jabalpur,Madhya Pradesh|Jabalpur,Madhya Pradesh|Jabalpur,Madhya Pradesh|Jabalpur,Madhya Pradesh|Jabalpur
Health city Multispeciality Hospital,Madhya Pradesh,Jabalpur,Jabalpur,Tier 2B,Yes,Yes,No,Yes,Yes,Madhya Pradesh|Tier 2B,Madhya Pradesh|Jabalpur,Madhya Pradesh|Jabalpur,Madhya Pradesh|Jabalpur,,Madhya Pradesh|Jabalpur,Madhya Pradesh|Jabalpur
URMILA HOSPITAL,Bihar,JAGDISHPUR,Jagdishpur,Tier 3,No,No,No,Yes,Yes,Bihar|Tier 3,Bihar|Jagdishpur,,,,Bihar|Jagdishpur,Bihar|Jagdishpur
SAMINENI EYE HOSPITAL,Andhra Pradesh,JAGGAIHPET,Jaggaihpet,Tier 3,No,No,Yes,No,No,Andhra Pradesh|Tier 3,Andhra Pradesh|Jaggaihpet,,,Andhra Pradesh|Jaggaihpet,,
KALYANI HOSPITAL,Punjab,JAGRAON,Jagraon,Tier 3,No,No,Yes,No,No,Punjab|Tier 3,Punjab|Jagraon,,,Punjab|Jagraon,,
Karan singla surgical and General hospital,Punjab,Jagraon,Jagraon,Tier 3,No,No,No,Yes,No,Punjab|Tier 3,Punjab|Jagraon,,,,Punjab|Jagraon,
Jagtial Multispeciality Hospital,Telangana,Jagtial,Jagtial,Tier 3,No,No,Yes,No,Yes,Telangana|Tier 3,Telangana|Jagtial,,,Telangana|Jagtial,,Telangana|Jagtial
ARUNA HOSPITAL,Telangana,JAGTIAL,Jagtial,Tier 3,No,No,No,Yes,No,Telangana|Tier 3,Telangana|Jagtial,,,,Telangana|Jagtial,
BHARATHI CHILDREN & MATERNITY HOSPITAL,Telangana,JAGTIAL,Jagtial,Tier 3,No,No,No,Yes,Yes,Telangana|Tier 3,Telangana|Jagtial,,,,Telangana|Jagtial,Telangana|Jagtial
sanjeeva children's hospital,Telangana,JAGTIAL,Jagtial,Tier 3,No,No,No,No,No,Telangana|Tier 3,Telangana|Jagtial,,,,,
SIDDI VINAYAKA ENT HOSPITAL,Telangana,JAGTIAL,Jagtial,Tier 3,No,No,No,No,No,Telangana|Tier 3,Telangana|Jagtial,,,,,
Aadinath Vitalising Home (A Unit of Aadinath Eternal Bliss Private Limited),Rajasthan,Jaipur,Jaipur,Tier 2A,No,No,No,No,No,Rajasthan|Tier 2A,Rajasthan|Jaipur,,,,,
KRM AYURVEDA LIMITED,Rajasthan,JAIPUR,Jaipur,Tier 2A,No,No,No,No,No,Rajasthan|Tier 2A,Rajasthan|Jaipur,,,,,
GOYAL UROLOGY AND SUPER SPECIALITY HOSPITAL (A UNIT OF GOYAL UROLOGY HEALTHCARE PRIVATE LIMITED),Rajasthan,JAIPUR,Jaipur,Tier 2A,No,Yes,No,Yes,Yes,Rajasthan|Tier 2A,Rajasthan|Jaipur,,Rajasthan|Jaipur,,Rajasthan|Jaipur,Rajasthan|Jaipur
Veda Homeo Panchakarma Hospital,Rajasthan,Jaipur,Jaipur,Tier 2A,No,No,No,No,No,Rajasthan|Tier 2A,Rajasthan|Jaipur,,,,,
ANANTA AYUSH HOSPITAL,Rajasthan,JAIPUR,Jaipur,Tier 2A,No,No,No,No,No,Rajasthan|Tier 2A,Rajasthan|Jaipur,,,,,
B L Multispecialty hospital,Rajasthan,JAIPUR,Jaipur,Tier 2A,No,No,No,Yes,No,Rajasthan|Tier 2A,Rajasthan|Jaipur,,,,Rajasthan|Jaipur,
Meghraj Hospital Private Limited hospital,Rajasthan,JAIPUR,Jaipur,Tier 2A,Yes,Yes,Yes,Yes,Yes,Rajasthan|Tier 2A,Rajasthan|Jaipur,Rajasthan|Jaipur,Rajasthan|Jaipur,Rajasthan|Jaipur,Rajasthan|Jaipur,Rajasthan|Jaipur
KALURAM MEMORIAL HOSPTIAL PVT LTD,Rajasthan,JAIPUR,Jaipur,Tier 2A,Yes,Yes,Yes,Yes,Yes,Rajasthan|Tier 2A,Rajasthan|Jaipur,Rajasthan|Jaipur,Rajasthan|Jaipur,Rajasthan|Jaipur,Rajasthan|Jaipur,Rajasthan|Jaipur
Dr. Ravi Ayurveda Chikitsalaya & Ksharsutra Kendra,Rajasthan,Jaipur,Jaipur,Tier 2A,No,No,No,No,No,Rajasthan|Tier 2A,Rajasthan|Jaipur,,,,,
KRM AYURVEDA LIMITED,Rajasthan,Jaipur,Jaipur,Tier 2A,No,No,No,No,No,Rajasthan|Tier 2A,Rajasthan|Jaipur,,,,,
KHETAN HOSPITAL,Rajasthan,JAIPUR,Jaipur,Tier 2A,Yes,Yes,Yes,Yes,No,Rajasthan|Tier 2A,Rajasthan|Jaipur,Rajasthan|Jaipur,Rajasthan|Jaipur,Rajasthan|Jaipur,Rajasthan|Jaipur,
NOBLE EYE CARE,Rajasthan,JAIPUR,Jaipur,Tier 2A,No,No,Yes,No,No,Rajasthan|Tier 2A,Rajasthan|Jaipur,,,Rajasthan|Jaipur,,
GUPTA MULTISPECIALITY HOSPITAL PVT LTD,Rajasthan,JAIPUR,Jaipur,Tier 2A,No,No,Yes,Yes,Yes,Rajasthan|Tier 2A,Rajasthan|Jaipur,,,Rajasthan|Jaipur,Rajasthan|Jaipur,Rajasthan|Jaipur
VANDANA MEMORIAL HOSPITAL,Rajasthan,jaipur,Jaipur,Tier 2A,No,Yes,No,Yes,Yes,Rajasthan|Tier 2A,Rajasthan|Jaipur,,Rajasthan|Jaipur,,Rajasthan|Jaipur,Rajasthan|Jaipur
JAIPUR NETRALAYA EYE AND RETINA CENTRE,Rajasthan,Jaipur,Jaipur,Tier 2A,No,No,Yes,No,No,Rajasthan|Tier 2A,Rajasthan|Jaipur,,,Rajasthan|Jaipur,,
Priyush Multispeciality Hospital,Rajasthan,JAIPUR,Jaipur,Tier 2A,Yes,No,Yes,Yes,Yes,Rajasthan|Tier 2A,Rajasthan|Jaipur,Rajasthan|Jaipur,,Rajasthan|Jaipur,Rajasthan|Jaipur,Rajasthan|Jaipur
ROSHANI AYURVEDA AND PANCHKARMA HOSPITAL,Rajasthan,Jaipur,Jaipur,Tier 2A,No,No,No,No,No,Rajasthan|Tier 2A,Rajasthan|Jaipur,,,,,
Srishti Medicare private limited,Rajasthan,jaipur,Jaipur,Tier 2A,No,Yes,No,Yes,Yes,Rajasthan|Tier 2A,Rajasthan|Jaipur,,Rajasthan|Jaipur,,Rajasthan|Jaipur,Rajasthan|Jaipur
OASISHEALTHCARESERVICES,Rajasthan,JAIPUR,Jaipur,Tier 2A,No,No,No,No,No,Rajasthan|Tier 2A,Rajasthan|Jaipur,,,,,
SM AYUSH HOSPITAL & HOLISTIC CENTER,Rajasthan,JAIPUR,Jaipur,Tier 2A,No,No,No,No,No,Rajasthan|Tier 2A,Rajasthan|Jaipur,,,,,
SHREYADITYA HOSPITAL AND RESEARCH CENTRE,Rajasthan,JAIPUR,Jaipur,Tier 2A,No,No,No,No,No,Rajasthan|Tier 2A,Rajasthan|Jaipur,,,,,
SUDHANSHUANANT ENT HOSPITAL,Rajasthan,JAIPUR,Jaipur,Tier 2A,No,No,No,No,No,Rajasthan|Tier 2A,Rajasthan|Jaipur,,,,,
AYUVIK HEALTHCARE,Rajasthan,JAIPUR,Jaipur,Tier 2A,No,No,No,No,No,Rajasthan|Tier 2A,Rajasthan|Jaipur,,,,,
Har Sahay Hospital,Rajasthan,JAIPUR,Jaipur,Tier 2A,No,No,No,Yes,Yes,Rajasthan|Tier 2A,Rajasthan|Jaipur,,,,Rajasthan|Jaipur,Rajasthan|Jaipur
Shree Ram Panchkarma Centre,Rajasthan,Jaipur,Jaipur,Tier 2A,No,No,No,No,No,Rajasthan|Tier 2A,Rajasthan|Jaipur,,,,,
KANDOI HOSPITAL (A Unit of Kandoi Health Care Pvt. Ltd.),Rajasthan,JAIPUR,Jaipur,Tier 2A,No,Yes,No,Yes,Yes,Rajasthan|Tier 2A,Rajasthan|Jaipur,,Rajasthan|Jaipur,,Rajasthan|Jaipur,Rajasthan|Jaipur
RSA Lifecare Hospitals India Private Limited,Rajasthan,JAIPUR,Jaipur,Tier 2A,No,No,No,Yes,Yes,Rajasthan|Tier 2A,Rajasthan|Jaipur,,,,Rajasthan|Jaipur,Rajasthan|Jaipur
Dr Mohan Jain eye and dental care,Rajasthan,Jaipur,Jaipur,Tier 2A,No,No,No,No,No,Rajasthan|Tier 2A,Rajasthan|Jaipur,,,,,
UNIKARE HOSPITAL,Rajasthan,JAIPUR,Jaipur,Tier 2A,No,No,No,Yes,No,Rajasthan|Tier 2A,Rajasthan|Jaipur,,,,Rajasthan|Jaipur,
NEERU EYE HOSPITAL,Rajasthan,JAIPUR,Jaipur,Tier 2A,No,No,Yes,No,No,Rajasthan|Tier 2A,Rajasthan|Jaipur,,,Rajasthan|Jaipur,,
ZIDAN HOSPITAL,Rajasthan,JAIPUR,Jaipur,Tier 2A,No,No,No,No,No,Rajasthan|Tier 2A,Rajasthan|Jaipur,,,,,
Geetanjali Institute of Medical Sciences (A Unit of Fortune Foundation),Rajasthan,Jaipur,Jaipur,Tier 2A,Yes,No,Yes,Yes,Yes,Rajasthan|Tier 2A,Rajasthan|Jaipur,Rajasthan|Jaipur,,Rajasthan|Jaipur,Rajasthan|Jaipur,Rajasthan|Jaipur
HOPE HOSPITAL VAISHALI NAGAR,Rajasthan,JAIPUR,Jaipur,Tier 2A,No,No,No,No,Yes,Rajasthan|Tier 2A,Rajasthan|Jaipur,,,,,Rajasthan|Jaipur
PRIYANKA HOSPITAL AND CARDIAC CENTER,Rajasthan,JAIPUR,Jaipur,Tier 2A,Yes,Yes,No,Yes,Yes,Rajasthan|Tier 2A,Rajasthan|Jaipur,Rajasthan|Jaipur,Rajasthan|Jaipur,,Rajasthan|Jaipur,Rajasthan|Jaipur
Bhagwati Ayurveda & Panchakarma Research Centre,Rajasthan,Jaipur,Jaipur,Tier 2A,No,No,No,No,No,Rajasthan|Tier 2A,Rajasthan|Jaipur,,,,,
shrc,Rajasthan,Jaipur,Jaipur,Tier 2A,Yes,No,Yes,Yes,Yes,Rajasthan|Tier 2A,Rajasthan|Jaipur,Rajasthan|Jaipur,,Rajasthan|Jaipur,Rajasthan|Jaipur,Rajasthan|Jaipur
LAXMI HOSPITAL,Rajasthan,JAIPUR,Jaipur,Tier 2A,No,No,No,No,No,Rajasthan|Tier 2A,Rajasthan|Jaipur,,,,,
RKS Ayurveda Multispeciality Hospital,Rajasthan,JAIPUR,Jaipur,Tier 2A,No,No,No,No,No,Rajasthan|Tier 2A,Rajasthan|Jaipur,,,,,
V8 ELITE HSOPITAL,Rajasthan,JAIPUR,Jaipur,Tier 2A,No,No,No,Yes,Yes,Rajasthan|Tier 2A,Rajasthan|Jaipur,,,,Rajasthan|Jaipur,Rajasthan|Jaipur
Pandya Hospital & Research Centre Pvt. Ltd.,Rajasthan,Jaipur 302001,Jaipur,Tier 2A,No,Yes,No,Yes,No,Rajasthan|Tier 2A,Rajasthan|Jaipur,,Rajasthan|Jaipur,,Rajasthan|Jaipur,
Sagar Multispeciality Hospital & Maternity Home,Punjab,Jalandhar,Jalandhar,Tier 2B,No,Yes,No,Yes,No,Punjab|Tier 2B,Punjab|Jalandhar,,Punjab|Jalandhar,,Punjab|Jalandhar,
Armaan Hospital,Punjab,Jalandhar,Jalandhar,Tier 2B,Yes,No,No,Yes,Yes,Punjab|Tier 2B,Punjab|Jalandhar,Punjab|Jalandhar,,,Punjab|Jalandhar,Punjab|Jalandhar
NARANG NETRALAYA EYE HOSPITAL,Punjab,JALANDHAR,Jalandhar,Tier 2B,No,No,Yes,No,No,Punjab|Tier 2B,Punjab|Jalandhar,,,Punjab|Jalandhar,,
CAPITOL HOSPITAL,Punjab,JALANDHAR,Jalandhar,Tier 2B,Yes,Yes,No,No,No,Punjab|Tier 2B,Punjab|Jalandhar,Punjab|Jalandhar,Punjab|Jalandhar,,,
NATIONAL EYE CARE HOSPITAL,Punjab,JALANDHAR,Jalandhar,Tier 2B,No,No,Yes,No,No,Punjab|Tier 2B,Punjab|Jalandhar,,,Punjab|Jalandhar,,
Jeena Sikho Lifecare Limited,Punjab,Jalandhar,Jalandhar,Tier 2B,No,No,No,No,No,Punjab|Tier 2B,Punjab|Jalandhar,,,,,
INNOCENT HEARTS SUPERSPECIALITY HOSPITAL,Punjab,JALANDHAR,Jalandhar,Tier 2B,Yes,No,No,No,No,Punjab|Tier 2B,Punjab|Jalandhar,Punjab|Jalandhar,,,,
AMAR HOSPITAL,Punjab,Jalandhar,Jalandhar,Tier 2B,No,No,No,No,No,Punjab|Tier 2B,Punjab|Jalandhar,,,,,
sparsh brain spine and multispeciality hospital,Punjab,jalandhar,Jalandhar,Tier 2B,Yes,No,No,No,No,Punjab|Tier 2B,Punjab|Jalandhar,Punjab|Jalandhar,,,,
SIGMA HOSPITAL,Punjab,JALANDHAR,Jalandhar,Tier 2B,No,No,No,Yes,Yes,Punjab|Tier 2B,Punjab|Jalandhar,,,,Punjab|Jalandhar,Punjab|Jalandhar
AYUSHVEDA AYURVEDIC AND PANCHKARMA CENTRE,Punjab,JALANDHAR,Jalandhar,Tier 2B,No,No,No,No,No,Punjab|Tier 2B,Punjab|Jalandhar,,,,,
CENTRAL HOSPITAL AND MATERNITY HOME,Punjab,JALANDHAR,Jalandhar,Tier 2B,No,No,No,Yes,No,Punjab|Tier 2B,Punjab|Jalandhar,,,,Punjab|Jalandhar,
STAR SUPERSPECIALITY HOSPITAL,Punjab,JALANDHAR CITY,Jalandhar,Tier 2B,No,No,No,Yes,No,Punjab|Tier 2B,Punjab|Jalandhar,,,,Punjab|Jalandhar,
NIRAMAY NEONATALAND PEDIATRIC INTENSIVE CARE UNIT PRIVATE LIMITED,Maharashtra,JALGAON,Jalgaon,Tier 3,No,No,No,No,Yes,Maharashtra|Tier 3,Maharashtra|Jalgaon,,,,,Maharashtra|Jalgaon
SHREE VINAYANJALI MATERNITY AND INFERTILITY HOSPITAL,Maharashtra,Jalgaon,Jalgaon,Tier 3,No,No,No,Yes,No,Maharashtra|Tier 3,Maharashtra|Jalgaon,,,,Maharashtra|Jalgaon,
LATHI NURSING HOME AND LAPAROSCOPY CENTER,Maharashtra,JALGAON,Jalgaon,Tier 3,No,No,No,Yes,No,Maharashtra|Tier 3,Maharashtra|Jalgaon,,,,Maharashtra|Jalgaon,
Sanjeevani Hospital,Maharashtra,Jalgaon,Jalgaon,Tier 3,No,No,No,No,No,Maharashtra|Tier 3,Maharashtra|Jalgaon,,,,,
HARSHGOP HOSPITAL MATERNITY AND LAPROSCOPY CENTER,Maharashtra,Jalgaon,Jalgaon,Tier 3,No,No,No,Yes,No,Maharashtra|Tier 3,Maharashtra|Jalgaon,,,,Maharashtra|Jalgaon,
Drishti Vision care Pvt Ltd,Maharashtra,JALGAON,Jalgaon,Tier 3,No,No,Yes,No,No,Maharashtra|Tier 3,Maharashtra|Jalgaon,,,Maharashtra|Jalgaon,,
KHELWADE CHILDRENS HOSPITAL,Maharashtra,JALGAON,Jalgaon,Tier 3,No,No,No,No,Yes,Maharashtra|Tier 3,Maharashtra|Jalgaon,,,,,Maharashtra|Jalgaon
SHREE DATTA HOSPITAL,Maharashtra,JALGAON,Jalgaon,Tier 3,Yes,No,No,Yes,No,Maharashtra|Tier 3,Maharashtra|Jalgaon,Maharashtra|Jalgaon,,,Maharashtra|Jalgaon,
Chiranjeev Hospital,Maharashtra,Jalgaon,Jalgaon,Tier 3,No,No,No,No,No,Maharashtra|Tier 3,Maharashtra|Jalgaon,,,,,
"Shree Sai Netra Chikitsalaya ,Jalgaon",Maharashtra,Jalgaon,Jalgaon,Tier 3,No,No,Yes,No,No,Maharashtra|Tier 3,Maharashtra|Jalgaon,,,Maharashtra|Jalgaon,,
shriram multispeciality hospital,Maharashtra,jalgaon,Jalgaon,Tier 3,No,No,No,No,No,Maharashtra|Tier 3,Maharashtra|Jalgaon,,,,,
Jawale Hospital,Maharashtra,Jalgaon,Jalgaon,Tier 3,No,No,No,No,No,Maharashtra|Tier 3,Maharashtra|Jalgaon,,,,,
Dr. Dhande Hospital,Maharashtra,Jalgaon,Jalgaon,Tier 3,No,No,No,No,No,Maharashtra|Tier 3,Maharashtra|Jalgaon,,,,,
Kantai Netralaya,Maharashtra,Jalgaon,Jalgaon,Tier 3,No,No,Yes,No,No,Maharashtra|Tier 3,Maharashtra|Jalgaon,,,Maharashtra|Jalgaon,,
Moraya Maternity Hospital and Sonography Centre,Maharashtra,JALGAON,Jalgaon,Tier 3,No,No,No,Yes,No,Maharashtra|Tier 3,Maharashtra|Jalgaon,,,,Maharashtra|Jalgaon,
Chandak Eye Hospital,Maharashtra,Jalgaon,Jalgaon,Tier 3,No,No,Yes,No,No,Maharashtra|Tier 3,Maharashtra|Jalgaon,,,Maharashtra|Jalgaon,,
NETRAM HOSPITAL,Maharashtra,JALGAON,Jalgaon,Tier 3,No,No,Yes,No,No,Maharashtra|Tier 3,Maharashtra|Jalgaon,,,Maharashtra|Jalgaon,,
SUYASH MULTISPECIALITY HOSPITAL,Maharashtra,JALGAON,Jalgaon,Tier 3,No,No,Yes,Yes,Yes,Maharashtra|Tier 3,Maharashtra|Jalgaon,,,Maharashtra|Jalgaon,Maharashtra|Jalgaon,Maharashtra|Jalgaon
Siddheshwar Hospital,Maharashtra,Jalgaon,Jalgaon,Tier 3,No,No,No,Yes,No,Maharashtra|Tier 3,Maharashtra|Jalgaon,,,,Maharashtra|Jalgaon,
Suhasini maternity home and Hospital,Maharashtra,Jalgaon,Jalgaon,Tier 3,No,No,Yes,Yes,Yes,Maharashtra|Tier 3,Maharashtra|Jalgaon,,,Maharashtra|Jalgaon,Maharashtra|Jalgaon,Maharashtra|Jalgaon
ASHTAVINAYAK HOSPITAL CRITICAL CARE CENTRE,Maharashtra,Jalgaon,Jalgaon,Tier 3,No,No,No,Yes,No,Maharashtra|Tier 3,Maharashtra|Jalgaon,,,,Maharashtra|Jalgaon,
swaraj hospital,Maharashtra,jalgaon,Jalgaon,Tier 3,No,No,No,No,No,Maharashtra|Tier 3,Maharashtra|Jalgaon,,,,,
SAMARTHA HOSPITAL AND RESEARCH CENTER,Maharashtra,Jalgaon,Jalgaon,Tier 3,Yes,Yes,Yes,Yes,No,Maharashtra|Tier 3,Maharashtra|Jalgaon,Maharashtra|Jalgaon,Maharashtra|Jalgaon,Maharashtra|Jalgaon,Maharashtra|Jalgaon,
PRISHA HEALTHCARE,Maharashtra,JALGAON,Jalgaon,Tier 3,No,No,No,No,No,Maharashtra|Tier 3,Maharashtra|Jalgaon,,,,,
Gitai Hosptial,Maharashtra,Jalgaon,Jalgaon,Tier 3,No,No,No,Yes,Yes,Maharashtra|Tier 3,Maharashtra|Jalgaon,,,,Maharashtra|Jalgaon,Maharashtra|Jalgaon
MAHADEV HOSPITAL & RESEARCH CENTER,Maharashtra,JALGAON,Jalgaon,Tier 3,Yes,Yes,Yes,Yes,Yes,Maharashtra|Tier 3,Maharashtra|Jalgaon,Maharashtra|Jalgaon,Maharashtra|Jalgaon,Maharashtra|Jalgaon,Maharashtra|Jalgaon,Maharashtra|Jalgaon
SHRIPAD HOSPITAL,Maharashtra,JALGAON,Jalgaon,Tier 3,No,No,No,No,No,Maharashtra|Tier 3,Maharashtra|Jalgaon,,,,,
Axon Brain Hospital and advanced stroke center,Maharashtra,jalgaon,Jalgaon,Tier 3,No,No,No,No,No,Maharashtra|Tier 3,Maharashtra|Jalgaon,,,,,
PATIL BAL RUGNALAYA,Maharashtra,JALGAON,Jalgaon,Tier 3,No,No,No,No,Yes,Maharashtra|Tier 3,Maharashtra|Jalgaon,,,,,Maharashtra|Jalgaon
pandit multispecialty hospital,Maharashtra,jalgaon,Jalgaon,Tier 3,No,Yes,No,No,No,Maharashtra|Tier 3,Maharashtra|Jalgaon,,Maharashtra|Jalgaon,,,
"Nulife Hospital, Jalgaon",Maharashtra,Jalgaon,Jalgaon,Tier 3,No,No,No,Yes,No,Maharashtra|Tier 3,Maharashtra|Jalgaon,,,,Maharashtra|Jalgaon,
Icon Multispeciality Hospital Critical Care & Trauma Centre,Maharashtra,Jalgaon,Jalgaon,Tier 3,Yes,Yes,No,Yes,No,Maharashtra|Tier 3,Maharashtra|Jalgaon,Maharashtra|Jalgaon,Maharashtra|Jalgaon,,Maharashtra|Jalgaon,
Krishna childrens Hospital and Critical Care Centre,Maharashtra,JALGAON,Jalgaon,Tier 3,No,No,No,No,Yes,Maharashtra|Tier 3,Maharashtra|Jalgaon,,,,,Maharashtra|Jalgaon
HERAMB NETRALAYA,Maharashtra,JALGAON,Jalgaon,Tier 3,No,No,Yes,No,No,Maharashtra|Tier 3,Maharashtra|Jalgaon,,,Maharashtra|Jalgaon,,
HARSIDDHI MULTI SPECIALITY HOSPITAL,Maharashtra,Jalgaon,Jalgaon,Tier 3,Yes,No,No,No,No,Maharashtra|Tier 3,Maharashtra|Jalgaon,Maharashtra|Jalgaon,,,,
Ayush Critical Care And Trauma Center,Maharashtra,JALGAON,Jalgaon,Tier 3,Yes,Yes,No,Yes,No,Maharashtra|Tier 3,Maharashtra|Jalgaon,Maharashtra|Jalgaon,Maharashtra|Jalgaon,,Maharashtra|Jalgaon,
RAVIKALP HOSPITAL,Maharashtra,JALGAON,Jalgaon,Tier 3,No,No,Yes,No,No,Maharashtra|Tier 3,Maharashtra|Jalgaon,,,Maharashtra|Jalgaon,,
Nishad Patil,Maharashtra,JALGAON,Jalgaon,Tier 3,No,No,No,No,Yes,Maharashtra|Tier 3,Maharashtra|Jalgaon,,,,,Maharashtra|Jalgaon
TAARA HOSPITAL,Maharashtra,JALGAON,Jalgaon,Tier 3,No,No,No,Yes,No,Maharashtra|Tier 3,Maharashtra|Jalgaon,,,,Maharashtra|Jalgaon,
Om Bal Rugnalaya,Maharashtra,Jalna,Jalna,Tier 3,No,No,No,No,No,Maharashtra|Tier 3,Maharashtra|Jalna,,,,,
Shri Ganapati Netralaya,Maharashtra,Jalna,Jalna,Tier 3,No,No,Yes,No,No,Maharashtra|Tier 3,Maharashtra|Jalna,,,Maharashtra|Jalna,,
MATRUTVA HOSPITAL,Maharashtra,Jalna,Jalna,Tier 3,Yes,Yes,No,Yes,Yes,Maharashtra|Tier 3,Maharashtra|Jalna,Maharashtra|Jalna,Maharashtra|Jalna,,Maharashtra|Jalna,Maharashtra|Jalna
SAMARTH MULTISPECIALITY  HOSPITAL,Maharashtra,JALNA,Jalna,Tier 3,Yes,Yes,No,Yes,Yes,Maharashtra|Tier 3,Maharashtra|Jalna,Maharashtra|Jalna,Maharashtra|Jalna,,Maharashtra|Jalna,Maharashtra|Jalna
Aarogyam Multispeciality Hospital,Maharashtra,Jalna,Jalna,Tier 3,No,No,No,No,Yes,Maharashtra|Tier 3,Maharashtra|Jalna,,,,,Maharashtra|Jalna
Gadia Hospital,Maharashtra,Jalna,Jalna,Tier 3,No,No,Yes,No,No,Maharashtra|Tier 3,Maharashtra|Jalna,,,Maharashtra|Jalna,,
Sushrusha Hospital,Maharashtra,Jalna,Jalna,Tier 3,No,No,Yes,No,No,Maharashtra|Tier 3,Maharashtra|Jalna,,,Maharashtra|Jalna,,
Amrut Balrugnalay and critical care centre,Maharashtra,Jalna,Jalna,Tier 3,No,No,No,No,No,Maharashtra|Tier 3,Maharashtra|Jalna,,,,,
Jethliya Hospital,Maharashtra,Jalna,Jalna,Tier 3,No,No,No,No,No,Maharashtra|Tier 3,Maharashtra|Jalna,,,,,
Minakshi Bal Rugnalaya,Maharashtra,Jalna,Jalna,Tier 3,No,No,No,No,No,Maharashtra|Tier 3,Maharashtra|Jalna,,,,,
SANJEEVANI MOTHER CARE HOSPITAL,Rajasthan,jalore,Jalore,Tier 3,No,No,No,Yes,No,Rajasthan|Tier 3,Rajasthan|Jalore,,,,Rajasthan|Jalore,
M.C. GHOSH JALPAIGURI NURSING HOME PVT. LTD.,West Bengal,Jalpaiguri,Jalpaiguri,Tier 3,No,Yes,No,Yes,No,West Bengal|Tier 3,West Bengal|Jalpaiguri,,West Bengal|Jalpaiguri,,West Bengal|Jalpaiguri,
TOUCH NURSING HOME PRIVATE LIMITED,West Bengal,JALPAIGURI,Jalpaiguri,Tier 3,No,Yes,No,Yes,No,West Bengal|Tier 3,West Bengal|Jalpaiguri,,West Bengal|Jalpaiguri,,West Bengal|Jalpaiguri,
Hope & Heal Cancer Hospital and Research Centre Pvt.Ltd,West Bengal,JALPAIGURI,Jalpaiguri,Tier 3,No,Yes,No,No,No,West Bengal|Tier 3,West Bengal|Jalpaiguri,,West Bengal|Jalpaiguri,,,
M M Joshi eye institute,Karnataka,JAMAKHANDI,Jamakhandi,Tier 3,No,No,Yes,No,No,Karnataka|Tier 3,Karnataka|Jamakhandi,,,Karnataka|Jamakhandi,,
Lions Club of Jamalpur Welfare Trust,West Bengal,Jamalpur,Jamalpur,Tier 3,No,No,Yes,No,No,West Bengal|Tier 3,West Bengal|Jamalpur,,,West Bengal|Jamalpur,,
Dhriti Hospitals,Andhra Pradesh,JAMMALAMADUGU,Jammalamadugu,Tier 3,Yes,No,No,Yes,Yes,Andhra Pradesh|Tier 3,Andhra Pradesh|Jammalamadugu,Andhra Pradesh|Jammalamadugu,,,Andhra Pradesh|Jammalamadugu,Andhra Pradesh|Jammalamadugu
Sri Krishna Hospital,Telangana,Jammikunta,Jammikunta,Tier 3,No,No,No,No,Yes,Telangana|Tier 3,Telangana|Jammikunta,,,,,Telangana|Jammikunta
CHAND EYE CLINIC,Jammu & Kashmir,JAMMU,Jammu,Tier 2B,No,No,Yes,No,No,Jammu & Kashmir|Tier 2B,Jammu & Kashmir|Jammu,,,Jammu & Kashmir|Jammu,,
MMM MEDICAL CENTRE PVT LTD,Jammu & Kashmir,JAMMU,Jammu,Tier 2B,Yes,Yes,Yes,Yes,Yes,Jammu & Kashmir|Tier 2B,Jammu & Kashmir|Jammu,Jammu & Kashmir|Jammu,Jammu & Kashmir|Jammu,Jammu & Kashmir|Jammu,Jammu & Kashmir|Jammu,Jammu & Kashmir|Jammu
CLDD HEALTHCARE OPC PRIVATE LIMITED,Jammu & Kashmir,JAMMU,Jammu,Tier 2B,Yes,Yes,No,Yes,No,Jammu & Kashmir|Tier 2B,Jammu & Kashmir|Jammu,Jammu & Kashmir|Jammu,Jammu & Kashmir|Jammu,,Jammu & Kashmir|Jammu,
KAPOOR EYE & MEDICAL CARE CENTRE,Jammu & Kashmir,JAMMU,Jammu,Tier 2B,No,No,Yes,No,No,Jammu & Kashmir|Tier 2B,Jammu & Kashmir|Jammu,,,Jammu & Kashmir|Jammu,,
SHAH EYE CARE CENTRE,Jammu & Kashmir,JAMMU,Jammu,Tier 2B,No,No,Yes,No,No,Jammu & Kashmir|Tier 2B,Jammu & Kashmir|Jammu,,,Jammu & Kashmir|Jammu,,
SAMARPAN AAYUSH HOSPITAL LLP,Gujarat,JAMNAGAR,Jamnagar,Tier 2B,No,Yes,No,No,No,Gujarat|Tier 2B,Gujarat|Jamnagar,,Gujarat|Jamnagar,,,
OSWAL AAYUSH HOSPITAL LLP,Gujarat,JAMNAGAR,Jamnagar,Tier 2B,Yes,No,No,Yes,No,Gujarat|Tier 2B,Gujarat|Jamnagar,Gujarat|Jamnagar,,,Gujarat|Jamnagar,
BARODA HEART AND SHARDA SUPER SPECIALITY HOSPITAL,Gujarat,Jamnagar,Jamnagar,Tier 2B,Yes,No,No,No,No,Gujarat|Tier 2B,Gujarat|Jamnagar,Gujarat|Jamnagar,,,,
Bhagwati orthopaedic hospital,Gujarat,Jamnagar,Jamnagar,Tier 2B,No,No,No,No,No,Gujarat|Tier 2B,Gujarat|Jamnagar,,,,,
Chaitanya Multispeciality Hospital,Gujarat,Jamnagar City,Jamnagar,Tier 2B,Yes,Yes,No,No,No,Gujarat|Tier 2B,Gujarat|Jamnagar,Gujarat|Jamnagar,Gujarat|Jamnagar,,,
DAULAT SUPER SPECIALITY EYE CENTRE,Jharkhand,JAMSHEDPUR,Jamshedpur,Tier 2B,No,No,Yes,No,No,Jharkhand|Tier 2B,Jharkhand|Jamshedpur,,,Jharkhand|Jamshedpur,,
Arihant Hospital,Uttarakhand,Jaspur,Jaspur,Tier 3,No,No,No,Yes,No,Uttarakhand|Tier 3,Uttarakhand|Jaspur,,,,Uttarakhand|Jaspur,
SAMAR HOSPITAL,Himachal Pradesh,JASSUR,Jassur,Tier 3,No,No,No,Yes,No,Himachal Pradesh|Tier 3,Himachal Pradesh|Jassur,,,,Himachal Pradesh|Jassur,
J.V.R. EYE HOSPITAL,Himachal Pradesh,jassur,Jassur,Tier 3,No,No,No,No,No,Himachal Pradesh|Tier 3,Himachal Pradesh|Jassur,,,,,
SHANKAR EYE HOSPITAL,Uttar Pradesh,JAUNPUR,Jaunpur,Tier 3,No,No,Yes,No,No,Uttar Pradesh|Tier 3,Uttar Pradesh|Jaunpur,,,Uttar Pradesh|Jaunpur,,
Ayushman maternity and surgical hospital,Uttar Pradesh,jaunpur,Jaunpur,Tier 3,Yes,No,No,Yes,No,Uttar Pradesh|Tier 3,Uttar Pradesh|Jaunpur,Uttar Pradesh|Jaunpur,,,Uttar Pradesh|Jaunpur,
Aastha Hospital,Uttar Pradesh,Jaunpur,Jaunpur,Tier 3,Yes,No,No,No,No,Uttar Pradesh|Tier 3,Uttar Pradesh|Jaunpur,Uttar Pradesh|Jaunpur,,,,
DEV SHRI HOSPITAL,Uttar Pradesh,JAUNPUR,Jaunpur,Tier 3,No,No,No,Yes,No,Uttar Pradesh|Tier 3,Uttar Pradesh|Jaunpur,,,,Uttar Pradesh|Jaunpur,
CITY SUPER SPECIALITY HOSPITAL,Uttar Pradesh,JAUNPUR,Jaunpur,Tier 3,Yes,No,No,Yes,No,Uttar Pradesh|Tier 3,Uttar Pradesh|Jaunpur,Uttar Pradesh|Jaunpur,,,Uttar Pradesh|Jaunpur,
TULIP HEART & SUPERSPECIALITY HOSPITAL,Uttar Pradesh,"JAUNPUR,",Jaunpur,Tier 3,Yes,Yes,Yes,Yes,No,Uttar Pradesh|Tier 3,Uttar Pradesh|Jaunpur,Uttar Pradesh|Jaunpur,Uttar Pradesh|Jaunpur,Uttar Pradesh|Jaunpur,Uttar Pradesh|Jaunpur,
KURMA SANSKRITI MEDICAL COLLEGE AND HOSPITAL,Bihar,JEHANABAD,Jehanabad,Tier 3,Yes,Yes,Yes,Yes,Yes,Bihar|Tier 3,Bihar|Jehanabad,Bihar|Jehanabad,Bihar|Jehanabad,Bihar|Jehanabad,Bihar|Jehanabad,Bihar|Jehanabad
PULSE HEART HOSPITAL,Haryana,JHAJJAR,Jhajjar,Tier 3,Yes,No,No,Yes,Yes,Haryana|Tier 3,Haryana|Jhajjar,Haryana|Jhajjar,,,Haryana|Jhajjar,Haryana|Jhajjar
RS Physio and Aarogya Hospital,Haryana,JHAJJAR,Jhajjar,Tier 3,No,No,No,No,No,Haryana|Tier 3,Haryana|Jhajjar,,,,,
Swasthya Multispeciality Hospital Pvt Ltd,Haryana,Jhajjar,Jhajjar,Tier 3,No,No,No,Yes,No,Haryana|Tier 3,Haryana|Jhajjar,,,,Haryana|Jhajjar,
Shukhanidhi hospital Private Limited,Haryana,JHAJJAR,Jhajjar,Tier 3,No,No,No,Yes,No,Haryana|Tier 3,Haryana|Jhajjar,,,,Haryana|Jhajjar,
SANGWAN HOSPITAL JHAJJAR,Haryana,JHAJJAR,Jhajjar,Tier 3,No,No,No,Yes,No,Haryana|Tier 3,Haryana|Jhajjar,,,,Haryana|Jhajjar,
Sanskaram Hospital & Trauma Center,Haryana,JHAJJAR,Jhajjar,Tier 3,Yes,Yes,Yes,Yes,Yes,Haryana|Tier 3,Haryana|Jhajjar,Haryana|Jhajjar,Haryana|Jhajjar,Haryana|Jhajjar,Haryana|Jhajjar,Haryana|Jhajjar
SANT HOSPITAL,Haryana,jhajjar,Jhajjar,Tier 3,No,No,No,Yes,Yes,Haryana|Tier 3,Haryana|Jhajjar,,,,Haryana|Jhajjar,Haryana|Jhajjar
VIMLA RATHORE NETRA KENDRA,Uttar Pradesh,JHANSI,Jhansi,Tier 2B,No,No,Yes,No,No,Uttar Pradesh|Tier 2B,Uttar Pradesh|Jhansi,,,Uttar Pradesh|Jhansi,,
Aarogya Sadan Hospital,Uttar Pradesh,Jhansi,Jhansi,Tier 2B,No,No,No,Yes,No,Uttar Pradesh|Tier 2B,Uttar Pradesh|Jhansi,,,,Uttar Pradesh|Jhansi,
SMT. MEVA CHAUDHARY MEMORIAL HOPISTAL,Uttar Pradesh,JHANSI,Jhansi,Tier 2B,Yes,No,Yes,Yes,No,Uttar Pradesh|Tier 2B,Uttar Pradesh|Jhansi,Uttar Pradesh|Jhansi,,Uttar Pradesh|Jhansi,Uttar Pradesh|Jhansi,
Rati Multispeciality Hospital,Uttar Pradesh,JHANSI,Jhansi,Tier 2B,Yes,No,No,Yes,Yes,Uttar Pradesh|Tier 2B,Uttar Pradesh|Jhansi,Uttar Pradesh|Jhansi,,,Uttar Pradesh|Jhansi,Uttar Pradesh|Jhansi
ALOLIKA HOSPITEX & RESEARCH CENTRE PRIVATE LIMITED,West Bengal,Jhantipahari,Jhantipahari,Tier 3,No,No,Yes,No,No,West Bengal|Tier 3,West Bengal|Jhantipahari,,,West Bengal|Jhantipahari,,
DIVYA DRISHTI ADVANCE EYE CARE,Orissa,JHARSUGUDA,Jharsuguda,Tier 3,No,No,Yes,No,No,Orissa|Tier 3,Orissa|Jharsuguda,,,Orissa|Jharsuguda,,
VEDICHOMYO HOSPITAL AND INSTITUTE OF HOLISTIC MEDICAL SCIENCES,Rajasthan,JHOTWARA JAIPUR,Jhotwara Jaipur,Tier 3,No,No,No,No,No,Rajasthan|Tier 3,Rajasthan|Jhotwara Jaipur,,,,,
Malaram jangir memorial hospital,Rajasthan,Jhujhunu,Jhujhunu,Tier 3,No,No,No,Yes,No,Rajasthan|Tier 3,Rajasthan|Jhujhunu,,,,Rajasthan|Jhujhunu,
Bhavishya Hospital,Rajasthan,JHUNJHUNU,Jhunjhunu,Tier 3,No,No,No,Yes,No,Rajasthan|Tier 3,Rajasthan|Jhunjhunu,,,,Rajasthan|Jhunjhunu,
Srishti Vedant Ayurveda Hospital and Ayush Research Institute,Rajasthan,Jhunjhunu,Jhunjhunu,Tier 3,No,No,No,No,No,Rajasthan|Tier 3,Rajasthan|Jhunjhunu,,,,,
SHREE RASAMRITA AYURVEDIC CHIKITSALAYA & PANCHKARMA KENDRA,Rajasthan,JHUNJHUNU,Jhunjhunu,Tier 3,No,No,No,No,No,Rajasthan|Tier 3,Rajasthan|Jhunjhunu,,,,,
Vishal Plus Kims Ayurveda Panchkarma Hospital,Rajasthan,Jhunjhunu,Jhunjhunu,Tier 3,No,No,No,No,No,Rajasthan|Tier 3,Rajasthan|Jhunjhunu,,,,,
VARDAN HOSPITAL,Rajasthan,JHUNJHUNU,Jhunjhunu,Tier 3,No,No,No,Yes,No,Rajasthan|Tier 3,Rajasthan|Jhunjhunu,,,,Rajasthan|Jhunjhunu,
The Rainbow Super Speciality Hospital,Rajasthan,JHUNJHUNU,Jhunjhunu,Tier 3,No,No,Yes,Yes,No,Rajasthan|Tier 3,Rajasthan|Jhunjhunu,,,Rajasthan|Jhunjhunu,Rajasthan|Jhunjhunu,
TIBRA EYE HOSPITAL AND RETINA CENTRE,Rajasthan,JHUNJHUNUN,Jhunjhunun,Tier 3,No,No,Yes,No,No,Rajasthan|Tier 3,Rajasthan|Jhunjhunun,,,Rajasthan|Jhunjhunun,,
Narayana Hospital Jind,Haryana,Jind,Jind,Tier 3,No,Yes,No,Yes,No,Haryana|Tier 3,Haryana|Jind,,Haryana|Jind,,Haryana|Jind,
KRISHNA HOSPITAL,Haryana,JIND,Jind,Tier 3,No,No,No,Yes,Yes,Haryana|Tier 3,Haryana|Jind,,,,Haryana|Jind,Haryana|Jind
CH Kuldeep Singh Memorial Hospital & Trauma Centre,Haryana,JIND,Jind,Tier 3,Yes,No,No,Yes,No,Haryana|Tier 3,Haryana|Jind,Haryana|Jind,,,Haryana|Jind,
Medicity Plus Hospitals Pvt. Ltd,Haryana,jind,Jind,Tier 3,No,No,No,Yes,No,Haryana|Tier 3,Haryana|Jind,,,,Haryana|Jind,
sarvodya hospital jind,Haryana,JIND,Jind,Tier 3,No,No,No,Yes,No,Haryana|Tier 3,Haryana|Jind,,,,Haryana|Jind,
Abhinav hospital,Haryana,Jind,Jind,Tier 3,Yes,No,No,Yes,No,Haryana|Tier 3,Haryana|Jind,Haryana|Jind,,,Haryana|Jind,
NAIN HOSPITAL,Haryana,JIND,Jind,Tier 3,No,No,No,No,No,Haryana|Tier 3,Haryana|Jind,,,,,
VYASSUPERSPECIALITY HOSPITAL,Rajasthan,Jodhpur,Jodhpur,Tier 2B,Yes,No,Yes,Yes,Yes,Rajasthan|Tier 2B,Rajasthan|Jodhpur,Rajasthan|Jodhpur,,Rajasthan|Jodhpur,Rajasthan|Jodhpur,Rajasthan|Jodhpur
Raj Hospital,Rajasthan,Jodhpur,Jodhpur,Tier 2B,No,Yes,Yes,Yes,Yes,Rajasthan|Tier 2B,Rajasthan|Jodhpur,,Rajasthan|Jodhpur,Rajasthan|Jodhpur,Rajasthan|Jodhpur,Rajasthan|Jodhpur
SWASTHYA SADHNA KENDRA,Rajasthan,JODHPUR,Jodhpur,Tier 2B,No,No,No,No,No,Rajasthan|Tier 2B,Rajasthan|Jodhpur,,,,,
KABITA SHARMA,Rajasthan,JODHPUR,Jodhpur,Tier 2B,Yes,No,No,Yes,Yes,Rajasthan|Tier 2B,Rajasthan|Jodhpur,Rajasthan|Jodhpur,,,Rajasthan|Jodhpur,Rajasthan|Jodhpur
SHREE PARASRAM MEMORIAL HOSPITAL PRIVATE LIMITED,Rajasthan,JODHPUR,Jodhpur,Tier 2B,Yes,No,No,Yes,Yes,Rajasthan|Tier 2B,Rajasthan|Jodhpur,Rajasthan|Jodhpur,,,Rajasthan|Jodhpur,Rajasthan|Jodhpur
TRINAY HOSPITAL PRIVATE LIMITED,Rajasthan,Jodhpur,Jodhpur,Tier 2B,Yes,No,Yes,Yes,Yes,Rajasthan|Tier 2B,Rajasthan|Jodhpur,Rajasthan|Jodhpur,,Rajasthan|Jodhpur,Rajasthan|Jodhpur,Rajasthan|Jodhpur
Balaji Eye Hospital,Rajasthan,Jodhpur,Jodhpur,Tier 2B,No,No,Yes,No,No,Rajasthan|Tier 2B,Rajasthan|Jodhpur,,,Rajasthan|Jodhpur,,
SHREE RADHE AYURVEDIC CHIKITSALAY,Rajasthan,JODHPUR,Jodhpur,Tier 2B,No,No,No,No,No,Rajasthan|Tier 2B,Rajasthan|Jodhpur,,,,,
GALWA CARE HOSPITAL,Rajasthan,JODHPUR,Jodhpur,Tier 2B,No,Yes,No,Yes,No,Rajasthan|Tier 2B,Rajasthan|Jodhpur,,Rajasthan|Jodhpur,,Rajasthan|Jodhpur,
Shubham Hospital,Rajasthan,JOHDPUR,Johdpur,Tier 3,No,No,No,Yes,Yes,Rajasthan|Tier 3,Rajasthan|Johdpur,,,,Rajasthan|Johdpur,Rajasthan|Johdpur
Spandan Maternity & Nursing Home,West Bengal,Joynagar Mozilpur,Joynagar Mozilpur,Tier 3,Yes,Yes,No,Yes,Yes,West Bengal|Tier 3,West Bengal|Joynagar Mozilpur,West Bengal|Joynagar Mozilpur,West Bengal|Joynagar Mozilpur,,West Bengal|Joynagar Mozilpur,West Bengal|Joynagar Mozilpur
JUNAGADH AAYUSH HOSPITAL LLP,Gujarat,JUNAGADH,Junagadh,Tier 3,Yes,No,No,Yes,No,Gujarat|Tier 3,Gujarat|Junagadh,Gujarat|Junagadh,,,Gujarat|Junagadh,
Shalini eye hospital,Telangana,K.V.Rangareddy,Hyderabad,Tier 1,No,No,No,No,No,Telangana|Tier 1,Telangana|Hyderabad,,,,,
Aadhar Balrugnalay and General Hospital,Maharashtra,Kada,Kada,Tier 3,No,No,No,No,Yes,Maharashtra|Tier 3,Maharashtra|Kada,,,,,Maharashtra|Kada
SURESH EYE HOSPITAL,Andhra Pradesh,KADAPA,Kadapa,Tier 3,No,No,Yes,No,No,Andhra Pradesh|Tier 3,Andhra Pradesh|Kadapa,,,Andhra Pradesh|Kadapa,,
Abhaya Eye Care,Karnataka,Kadur,Kadur,Tier 3,No,No,Yes,No,No,Karnataka|Tier 3,Karnataka|Kadur,,,Karnataka|Kadur,,
SHANTI NETRALAY,Bihar,KAIMUR,Kaimur,Tier 3,No,No,Yes,No,No,Bihar|Tier 3,Bihar|Kaimur,,,Bihar|Kaimur,,
MITTAL SURGICAL AND MATERNITY HOSPITAL,Haryana,KAITHAL,Kaithal,Tier 3,No,No,No,Yes,No,Haryana|Tier 3,Haryana|Kaithal,,,,Haryana|Kaithal,
Lord Rama Superspeciality Hospital,Haryana,KAITHAL,Kaithal,Tier 3,No,No,No,No,No,Haryana|Tier 3,Haryana|Kaithal,,,,,
ALL CURE MEHTA HOSPITAL,Haryana,KAITHAL,Kaithal,Tier 3,No,No,No,Yes,No,Haryana|Tier 3,Haryana|Kaithal,,,,Haryana|Kaithal,
JINDAL ORTHO SURGICAL & DENTAL HOSPITAL,Haryana,KAITHAL,Kaithal,Tier 3,No,No,No,No,No,Haryana|Tier 3,Haryana|Kaithal,,,,,
POLY CLINIC AND HOSPITAL,Andhra Pradesh,Kakinada,Kakinada,Tier 3,No,No,No,Yes,No,Andhra Pradesh|Tier 3,Andhra Pradesh|Kakinada,,,,Andhra Pradesh|Kakinada,
RS EYE AND ENT HOSPITAL,Andhra Pradesh,KAKINADA,Kakinada,Tier 3,No,No,Yes,No,No,Andhra Pradesh|Tier 3,Andhra Pradesh|Kakinada,,,Andhra Pradesh|Kakinada,,
NEUROSTAR MULTISPECIALITY HOSPITAL,Andhra Pradesh,KAKINADA,Kakinada,Tier 3,No,No,No,Yes,No,Andhra Pradesh|Tier 3,Andhra Pradesh|Kakinada,,,,Andhra Pradesh|Kakinada,
DEVARSH HOSPITALS,Andhra Pradesh,KAKINADA,Kakinada,Tier 3,No,No,No,Yes,Yes,Andhra Pradesh|Tier 3,Andhra Pradesh|Kakinada,,,,Andhra Pradesh|Kakinada,Andhra Pradesh|Kakinada
HIMAS EYECARE & KIDS NEURO,Kerala,"KAKKANAD, KOCHI",Kakkanad Kochi,Tier 3,No,No,Yes,No,No,Kerala|Tier 3,Kerala|Kakkanad Kochi,,,Kerala|Kakkanad Kochi,,
AmrutaSparshhospital,Karnataka,Kalaburagi,Kalaburagi,Tier 3,Yes,Yes,Yes,Yes,Yes,Karnataka|Tier 3,Karnataka|Kalaburagi,Karnataka|Kalaburagi,Karnataka|Kalaburagi,Karnataka|Kalaburagi,Karnataka|Kalaburagi,Karnataka|Kalaburagi
Al Badar General Multispeciality and Dental Hospital Gulbarga,Karnataka,Kalaburagi,Kalaburagi,Tier 3,Yes,Yes,Yes,Yes,Yes,Karnataka|Tier 3,Karnataka|Kalaburagi,Karnataka|Kalaburagi,Karnataka|Kalaburagi,Karnataka|Kalaburagi,Karnataka|Kalaburagi,Karnataka|Kalaburagi
Hebbal Multispeciality Hospital,Karnataka,Kalaburagi,Kalaburagi,Tier 3,Yes,No,Yes,Yes,Yes,Karnataka|Tier 3,Karnataka|Kalaburagi,Karnataka|Kalaburagi,,Karnataka|Kalaburagi,Karnataka|Kalaburagi,Karnataka|Kalaburagi
SHREE HOSPITAL,Karnataka,KALABURAGI,Kalaburagi,Tier 3,Yes,No,No,Yes,Yes,Karnataka|Tier 3,Karnataka|Kalaburagi,Karnataka|Kalaburagi,,,Karnataka|Kalaburagi,Karnataka|Kalaburagi
Basaveshwar Teaching and General Hospital,Karnataka,KALABURAGI,Kalaburagi,Tier 3,Yes,Yes,Yes,Yes,Yes,Karnataka|Tier 3,Karnataka|Kalaburagi,Karnataka|Kalaburagi,Karnataka|Kalaburagi,Karnataka|Kalaburagi,Karnataka|Kalaburagi,Karnataka|Kalaburagi
CHAITANYA HOSPITAL,Karnataka,KALABURAGI,Kalaburagi,Tier 3,No,Yes,No,Yes,No,Karnataka|Tier 3,Karnataka|Kalaburagi,,Karnataka|Kalaburagi,,Karnataka|Kalaburagi,
SIDRAMESHWAR EYE HOSPITAL,Karnataka,KALABURAGI,Kalaburagi,Tier 3,No,No,Yes,No,No,Karnataka|Tier 3,Karnataka|Kalaburagi,,,Karnataka|Kalaburagi,,
Oxylife Hospitals,Karnataka,Kalaburagi,Kalaburagi,Tier 3,Yes,No,No,Yes,Yes,Karnataka|Tier 3,Karnataka|Kalaburagi,Karnataka|Kalaburagi,,,Karnataka|Kalaburagi,Karnataka|Kalaburagi
Ashirwad Maternity & Chidren Hospital,Karnataka,KALABURAGI,Kalaburagi,Tier 3,No,No,No,Yes,No,Karnataka|Tier 3,Karnataka|Kalaburagi,,,,Karnataka|Kalaburagi,
VED HOSPITAL,Karnataka,KALABURAGI,Kalaburagi,Tier 3,Yes,Yes,No,No,No,Karnataka|Tier 3,Karnataka|Kalaburagi,Karnataka|Kalaburagi,Karnataka|Kalaburagi,,,
Medi hub Hospital,Karnataka,Kalaburagi,Kalaburagi,Tier 3,No,Yes,Yes,Yes,No,Karnataka|Tier 3,Karnataka|Kalaburagi,,Karnataka|Kalaburagi,Karnataka|Kalaburagi,Karnataka|Kalaburagi,
Aditya Multispeciality Hospital,Karnataka,Kalaburagi,Kalaburagi,Tier 3,Yes,No,Yes,Yes,Yes,Karnataka|Tier 3,Karnataka|Kalaburagi,Karnataka|Kalaburagi,,Karnataka|Kalaburagi,Karnataka|Kalaburagi,Karnataka|Kalaburagi
YASHODHA CHILDREN HOSPITAL,Karnataka,KALABURGI,Kalaburgi,Tier 3,No,No,No,No,No,Karnataka|Tier 3,Karnataka|Kalaburgi,,,,,
PMM HOSPITAL,Kerala,KALADY,Kalady,Tier 3,No,No,No,No,No,Kerala|Tier 3,Kerala|Kalady,,,,,
ANBU HOSPITAL,Tamil Nadu,KALLAKURICHI,Kallakurichi,Tier 3,Yes,No,Yes,Yes,No,Tamil Nadu|Tier 3,Tamil Nadu|Kallakurichi,Tamil Nadu|Kallakurichi,,Tamil Nadu|Kallakurichi,Tamil Nadu|Kallakurichi,
SRI ELLAMMANE HOSPITAL,Tamil Nadu,Kallakurichi,Kallakurichi,Tier 3,Yes,Yes,No,Yes,Yes,Tamil Nadu|Tier 3,Tamil Nadu|Kallakurichi,Tamil Nadu|Kallakurichi,Tamil Nadu|Kallakurichi,,Tamil Nadu|Kallakurichi,Tamil Nadu|Kallakurichi
THAJ HEALTHCARE CENTRE,Tamil Nadu,KALLAKURICHI,Kallakurichi,Tier 3,Yes,Yes,Yes,Yes,Yes,Tamil Nadu|Tier 3,Tamil Nadu|Kallakurichi,Tamil Nadu|Kallakurichi,Tamil Nadu|Kallakurichi,Tamil Nadu|Kallakurichi,Tamil Nadu|Kallakurichi,Tamil Nadu|Kallakurichi
Sakthi Ortho &  Multispeciality Hospital,Tamil Nadu,Kallakurichi,Kallakurichi,Tier 3,Yes,Yes,No,No,No,Tamil Nadu|Tier 3,Tamil Nadu|Kallakurichi,Tamil Nadu|Kallakurichi,Tamil Nadu|Kallakurichi,,,
OM BALRUGNALAYA AND DENTAL CLINIC,Maharashtra,KALLAM,Kallam,Tier 3,No,No,No,No,Yes,Maharashtra|Tier 3,Maharashtra|Kallam,,,,,Maharashtra|Kallam
A.B. MEMORIAL EYE FOUNDATION,West Bengal,KALNA,Kalna,Tier 3,No,No,Yes,No,No,West Bengal|Tier 3,West Bengal|Kalna,,,West Bengal|Kalna,,
Vighneshwar Multispeciality Hospital LLP,Maharashtra,Kalwa Thane (West),Thane,Tier 2A,Yes,Yes,No,Yes,Yes,Maharashtra|Tier 2A,Maharashtra|Thane,Maharashtra|Thane,Maharashtra|Thane,,Maharashtra|Thane,Maharashtra|Thane
MAHITHA HOSPITAL,Telangana,KALWAKURTHY,Kalwakurthy,Tier 3,No,Yes,No,Yes,Yes,Telangana|Tier 3,Telangana|Kalwakurthy,,Telangana|Kalwakurthy,,Telangana|Kalwakurthy,Telangana|Kalwakurthy
DRUSHTI EYE CLINIC,Maharashtra,kalyan,Kalyan,Tier 2B,No,No,Yes,No,No,Maharashtra|Tier 2B,Maharashtra|Kalyan,,,Maharashtra|Kalyan,,
MEERA ZEN,Maharashtra,kalyan,Kalyan,Tier 2B,Yes,Yes,Yes,Yes,Yes,Maharashtra|Tier 2B,Maharashtra|Kalyan,Maharashtra|Kalyan,Maharashtra|Kalyan,Maharashtra|Kalyan,Maharashtra|Kalyan,Maharashtra|Kalyan
SAI JYOT EYE HOSPITAL,Maharashtra,KALYAN,Kalyan,Tier 2B,No,No,Yes,No,No,Maharashtra|Tier 2B,Maharashtra|Kalyan,,,Maharashtra|Kalyan,,
BhanushaliHospital&MaternityCare,Maharashtra,KALYAN,Kalyan,Tier 2B,Yes,Yes,No,Yes,Yes,Maharashtra|Tier 2B,Maharashtra|Kalyan,Maharashtra|Kalyan,Maharashtra|Kalyan,,Maharashtra|Kalyan,Maharashtra|Kalyan
MEDWELL MULTISPECIALITY HOSPITAL,Maharashtra,KALYAN,Kalyan,Tier 2B,Yes,Yes,No,Yes,No,Maharashtra|Tier 2B,Maharashtra|Kalyan,Maharashtra|Kalyan,Maharashtra|Kalyan,,Maharashtra|Kalyan,
VRINDAVAN SUPERSPECIALITY HOSPITAL,Maharashtra,kalyan,Kalyan,Tier 2B,Yes,Yes,No,Yes,Yes,Maharashtra|Tier 2B,Maharashtra|Kalyan,Maharashtra|Kalyan,Maharashtra|Kalyan,,Maharashtra|Kalyan,Maharashtra|Kalyan
RAINBOW CHILDREN'S HOSPITAL,Maharashtra,KALYAN - WEST,Kalyan West,Tier 3,No,No,No,Yes,Yes,Maharashtra|Tier 3,Maharashtra|Kalyan West,,,,Maharashtra|Kalyan West,Maharashtra|Kalyan West
NATIONAL HOSPITAL,Maharashtra,Kalyan (W),Kalyan W,Tier 3,No,Yes,No,Yes,No,Maharashtra|Tier 3,Maharashtra|Kalyan W,,Maharashtra|Kalyan W,,Maharashtra|Kalyan W,
Supriya Eye Hospital,Maharashtra,Kalyan East,Kalyan East,Tier 3,No,No,Yes,No,No,Maharashtra|Tier 3,Maharashtra|Kalyan East,,,Maharashtra|Kalyan East,,
ATHARVA EYE CARE AND LASER CENTRE,Maharashtra,KALYAN WEST,Kalyan West,Tier 3,No,No,Yes,No,No,Maharashtra|Tier 3,Maharashtra|Kalyan West,,,Maharashtra|Kalyan West,,
Medihope Hospital,Maharashtra,kalyan west,Kalyan West,Tier 3,No,Yes,No,Yes,No,Maharashtra|Tier 3,Maharashtra|Kalyan West,,Maharashtra|Kalyan West,,Maharashtra|Kalyan West,
Surya multispeciality hospital,Maharashtra,Kalyan-Dombivli/कल्याण-डोंबिवली (म कॉर्प.),Kalyan Dombivli,Tier 3,Yes,Yes,Yes,No,No,Maharashtra|Tier 3,Maharashtra|Kalyan Dombivli,Maharashtra|Kalyan Dombivli,Maharashtra|Kalyan Dombivli,Maharashtra|Kalyan Dombivli,,
Rainbow Specialty Hospital,West Bengal,KALYANI,Kalyani,Tier 3,Yes,No,No,Yes,Yes,West Bengal|Tier 3,West Bengal|Kalyani,West Bengal|Kalyani,,,West Bengal|Kalyani,West Bengal|Kalyani
Dristi Eye Foundation,West Bengal,Kalyani,Kalyani,Tier 3,No,No,Yes,No,No,West Bengal|Tier 3,West Bengal|Kalyani,,,West Bengal|Kalyani,,
KALYANI GENERAL HOSPITAL,West Bengal,KALYANI,Kalyani,Tier 3,Yes,Yes,Yes,Yes,Yes,West Bengal|Tier 3,West Bengal|Kalyani,West Bengal|Kalyani,West Bengal|Kalyani,West Bengal|Kalyani,West Bengal|Kalyani,West Bengal|Kalyani
S. N. R. CARNIVAL HOSPITAL(A UNIT OF JOY FOUNDATION),West Bengal,"Kalyani, Pin- 741235",Kalyani,Tier 3,Yes,Yes,No,Yes,Yes,West Bengal|Tier 3,West Bengal|Kalyani,West Bengal|Kalyani,West Bengal|Kalyani,,West Bengal|Kalyani,West Bengal|Kalyani
Pashupatinath Hospital Pvt.Ltd.,West Bengal,"KALYANI,NADIA",Kalyani Nadia,Tier 3,Yes,Yes,Yes,Yes,No,West Bengal|Tier 3,West Bengal|Kalyani Nadia,West Bengal|Kalyani Nadia,West Bengal|Kalyani Nadia,West Bengal|Kalyani Nadia,West Bengal|Kalyani Nadia,
MAATRUSRI HOSPITAL,Telangana,KAMAREDDY,Kamareddy,Tier 3,Yes,No,No,Yes,No,Telangana|Tier 3,Telangana|Kamareddy,Telangana|Kamareddy,,,Telangana|Kamareddy,
Sri Medicare Hospital,Telangana,kamareddy,Kamareddy,Tier 3,Yes,No,No,Yes,No,Telangana|Tier 3,Telangana|Kamareddy,Telangana|Kamareddy,,,Telangana|Kamareddy,
SAI SAMARTH HOSPITAL,Maharashtra,"KAMOTHE , PANVEL",Kamothe Panvel,Tier 3,No,No,No,Yes,No,Maharashtra|Tier 3,Maharashtra|Kamothe Panvel,,,,Maharashtra|Kamothe Panvel,
SWAGAT ENDOLAPAROSCOPIC SURGICAL RESEARCH INSTITUTE,Assam,KAMRUP METRO,Kamrup Metro,Tier 3,Yes,Yes,Yes,Yes,Yes,Assam|Tier 3,Assam|Kamrup Metro,Assam|Kamrup Metro,Assam|Kamrup Metro,Assam|Kamrup Metro,Assam|Kamrup Metro,Assam|Kamrup Metro
KUMARS EYE CARE,Tamil Nadu,KANCHEEPURAM,Kancheepuram,Tier 3,No,No,Yes,No,No,Tamil Nadu|Tier 3,Tamil Nadu|Kancheepuram,,,Tamil Nadu|Kancheepuram,,
DEEPIKA EYE CARE HOSPITAL,Tamil Nadu,Kanchipuram – 602105,Kanchipuram,Tier 3,No,No,Yes,No,No,Tamil Nadu|Tier 3,Tamil Nadu|Kanchipuram,,,Tamil Nadu|Kanchipuram,,
DIAGNOKEY MEDICAL CENTRE,Himachal Pradesh,Kangra,Kangra,Tier 3,No,No,Yes,Yes,Yes,Himachal Pradesh|Tier 3,Himachal Pradesh|Kangra,,,Himachal Pradesh|Kangra,Himachal Pradesh|Kangra,Himachal Pradesh|Kangra
Ashok Memorial Hospital,Himachal Pradesh,Kangra,Kangra,Tier 3,No,No,No,Yes,Yes,Himachal Pradesh|Tier 3,Himachal Pradesh|Kangra,,,,Himachal Pradesh|Kangra,Himachal Pradesh|Kangra
KANHANGAD EYE FOUNDATION AND RESEARCH CENTER,Kerala,Kanhangad,Kanhangad,Tier 3,No,No,Yes,No,No,Kerala|Tier 3,Kerala|Kanhangad,,,Kerala|Kanhangad,,
ANZEE AYURVEDA HEALTH CARE CENTER,Kerala,Kaniambetta,Kaniambetta,Tier 3,No,No,No,No,No,Kerala|Tier 3,Kerala|Kaniambetta,,,,,
NOOR EYE CARE,West Bengal,KANKINARA,Kankinara,Tier 3,No,No,Yes,No,No,West Bengal|Tier 3,West Bengal|Kankinara,,,West Bengal|Kankinara,,
Dr Binu's Sunrise Eye Care Hospital And LASIK Centre,Kerala,KANNUR,Kannur,Tier 2B,No,No,Yes,No,No,Kerala|Tier 2B,Kerala|Kannur,,,Kerala|Kannur,,
TRUSTEYE HOSPITAL PVT LTD,Kerala,KANNUR,Kannur,Tier 2B,No,No,Yes,No,No,Kerala|Tier 2B,Kerala|Kannur,,,Kerala|Kannur,,
Dr Sreeni Edakhlon's Malhaari Eye Care,Kerala,KANNUR,Kannur,Tier 2B,No,No,Yes,No,No,Kerala|Tier 2B,Kerala|Kannur,,,Kerala|Kannur,,
ST. CAMILLUS HOSPITAL,Kerala,KANNUR,Kannur,Tier 2B,Yes,No,No,No,No,Kerala|Tier 2B,Kerala|Kannur,Kerala|Kannur,,,,
Itoozhi Namboothiris Ayurveda Nursing Home,Kerala,Kannur,Kannur,Tier 2B,No,No,No,No,No,Kerala|Tier 2B,Kerala|Kannur,,,,,
EYERIS EYE HOSPITAL,Kerala,KANNUR,Kannur,Tier 2B,No,No,Yes,No,No,Kerala|Tier 2B,Kerala|Kannur,,,Kerala|Kannur,,
MODERN MULTI SPECIALITY HOSPITAL,Kerala,kannur,Kannur,Tier 2B,No,No,No,Yes,Yes,Kerala|Tier 2B,Kerala|Kannur,,,,Kerala|Kannur,Kerala|Kannur
DR AMOD URO GYNAE PRIVATE LIMITED,Uttar Pradesh,KANPUR,Kanpur,Tier 2B,No,No,No,Yes,Yes,Uttar Pradesh|Tier 2B,Uttar Pradesh|Kanpur,,,,Uttar Pradesh|Kanpur,Uttar Pradesh|Kanpur
KCARE HOSPITAL (A Unit of Agrahari Health Care and Research Centre Pvt Ltd),Uttar Pradesh,KANPUR,Kanpur,Tier 2B,Yes,Yes,No,Yes,Yes,Uttar Pradesh|Tier 2B,Uttar Pradesh|Kanpur,Uttar Pradesh|Kanpur,Uttar Pradesh|Kanpur,,Uttar Pradesh|Kanpur,Uttar Pradesh|Kanpur
P G R Hospital,Uttar Pradesh,KANPUR,Kanpur,Tier 2B,No,No,Yes,Yes,Yes,Uttar Pradesh|Tier 2B,Uttar Pradesh|Kanpur,,,Uttar Pradesh|Kanpur,Uttar Pradesh|Kanpur,Uttar Pradesh|Kanpur
TULIP HOSPITAL,Uttar Pradesh,KANPUR,Kanpur,Tier 2B,Yes,Yes,Yes,Yes,Yes,Uttar Pradesh|Tier 2B,Uttar Pradesh|Kanpur,Uttar Pradesh|Kanpur,Uttar Pradesh|Kanpur,Uttar Pradesh|Kanpur,Uttar Pradesh|Kanpur,Uttar Pradesh|Kanpur
KANODIA SPANDAN HOSPITAL PVT LTD,Uttar Pradesh,KANPUR,Kanpur,Tier 2B,No,No,No,Yes,Yes,Uttar Pradesh|Tier 2B,Uttar Pradesh|Kanpur,,,,Uttar Pradesh|Kanpur,Uttar Pradesh|Kanpur
ATMARAM CHILD AND CRITICAL CARE,Uttar Pradesh,Kanpur,Kanpur,Tier 2B,Yes,Yes,Yes,Yes,Yes,Uttar Pradesh|Tier 2B,Uttar Pradesh|Kanpur,Uttar Pradesh|Kanpur,Uttar Pradesh|Kanpur,Uttar Pradesh|Kanpur,Uttar Pradesh|Kanpur,Uttar Pradesh|Kanpur
ujalacygnuskulwantihospital,Uttar Pradesh,KANPUR NAGAR,Kanpur,Tier 2B,Yes,Yes,Yes,Yes,Yes,Uttar Pradesh|Tier 2B,Uttar Pradesh|Kanpur,Uttar Pradesh|Kanpur,Uttar Pradesh|Kanpur,Uttar Pradesh|Kanpur,Uttar Pradesh|Kanpur,Uttar Pradesh|Kanpur
AASHIRYA HOSPITAL,Uttar Pradesh,KANPUR NAGAR,Kanpur,Tier 2B,Yes,Yes,Yes,Yes,Yes,Uttar Pradesh|Tier 2B,Uttar Pradesh|Kanpur,Uttar Pradesh|Kanpur,Uttar Pradesh|Kanpur,Uttar Pradesh|Kanpur,Uttar Pradesh|Kanpur,Uttar Pradesh|Kanpur
AMEYA HOSPITAL,Uttar Pradesh,KANPUR NAGAR,Kanpur,Tier 2B,Yes,Yes,Yes,Yes,Yes,Uttar Pradesh|Tier 2B,Uttar Pradesh|Kanpur,Uttar Pradesh|Kanpur,Uttar Pradesh|Kanpur,Uttar Pradesh|Kanpur,Uttar Pradesh|Kanpur,Uttar Pradesh|Kanpur
Ujala Cygnus Noble super Speciality Hospita,Uttar Pradesh,Kanpur Nagar,Kanpur,Tier 2B,Yes,Yes,Yes,Yes,Yes,Uttar Pradesh|Tier 2B,Uttar Pradesh|Kanpur,Uttar Pradesh|Kanpur,Uttar Pradesh|Kanpur,Uttar Pradesh|Kanpur,Uttar Pradesh|Kanpur,Uttar Pradesh|Kanpur
RRR SIDDHA HOSPITAL,Tamil Nadu,KANYAKUMARI,Kanyakumari,Tier 3,No,Yes,No,No,No,Tamil Nadu|Tier 3,Tamil Nadu|Kanyakumari,,Tamil Nadu|Kanyakumari,,,
J J Trauma Centre and Thind Hospital,Punjab,Kapurthala,Kapurthala,Tier 3,No,No,No,No,No,Punjab|Tier 3,Punjab|Kapurthala,,,,,
SUMAN NETRA SEVA,Maharashtra,Karad,Karad,Tier 3,No,No,Yes,No,No,Maharashtra|Tier 3,Maharashtra|Karad,,,Maharashtra|Karad,,
Kai Ratnmala Vasudev Kadam Memorial Umbraj Hospital,Maharashtra,Karad,Karad,Tier 3,Yes,No,Yes,No,No,Maharashtra|Tier 3,Maharashtra|Karad,Maharashtra|Karad,,Maharashtra|Karad,,
KS HOSPITAL,Puducherry,KARAIKAL,Karaikal,Tier 3,No,No,No,Yes,No,Puducherry|Tier 3,Puducherry|Karaikal,,,,Puducherry|Karaikal,
DR BABU RAJENDRAN'S HOSPITAL,Puducherry,karaikal,Karaikal,Tier 3,Yes,Yes,No,Yes,No,Puducherry|Tier 3,Puducherry|Karaikal,Puducherry|Karaikal,Puducherry|Karaikal,,Puducherry|Karaikal,
CS MULTISPECIALITY HOSPITAL,Tamil Nadu,KARAIKUDI,Karaikudi,Tier 3,Yes,No,No,Yes,Yes,Tamil Nadu|Tier 3,Tamil Nadu|Karaikudi,Tamil Nadu|Karaikudi,,,Tamil Nadu|Karaikudi,Tamil Nadu|Karaikudi
Drishti Ayurveda Hospital (A Unit of Sandhya Medicity Healthcare Pvt. Ltd.),Rajasthan,KARAULI,Karauli,Tier 3,No,No,No,No,No,Rajasthan|Tier 3,Rajasthan|Karauli,,,,,
SURV HEALTHCARE HOSPITAL,Uttarakhand,KARIDWAR,Karidwar,Tier 3,Yes,No,Yes,Yes,Yes,Uttarakhand|Tier 3,Uttarakhand|Karidwar,Uttarakhand|Karidwar,,Uttarakhand|Karidwar,Uttarakhand|Karidwar,Uttarakhand|Karidwar
VENKATADRI HOSPITAL,Telangana,Karim Nagar,Karim Nagar,Tier 3,Yes,Yes,No,Yes,Yes,Telangana|Tier 3,Telangana|Karim Nagar,Telangana|Karim Nagar,Telangana|Karim Nagar,,Telangana|Karim Nagar,Telangana|Karim Nagar
SURAKSHA HOSPITAL,Telangana,KARIMINAGAR,Kariminagar,Tier 3,No,No,No,No,No,Telangana|Tier 3,Telangana|Kariminagar,,,,,
SRI SITARA HOSPITALS,Telangana,KARIMNAGAR,Karimnagar,Tier 3,No,Yes,No,Yes,No,Telangana|Tier 3,Telangana|Karimnagar,,Telangana|Karimnagar,,Telangana|Karimnagar,
SHIVA ELITE KIDNEY & MULTISPECIALITY HOSPITAL,Telangana,KARIMNAGAR,Karimnagar,Tier 3,No,No,No,No,No,Telangana|Tier 3,Telangana|Karimnagar,,,,,
SRI LAKSHMI NARASIMHA HOSPITAL,Telangana,Karimnagar,Karimnagar,Tier 3,Yes,No,Yes,Yes,No,Telangana|Tier 3,Telangana|Karimnagar,Telangana|Karimnagar,,Telangana|Karimnagar,Telangana|Karimnagar,
Sri Sai Life Line Hospital,Telangana,Karimnagar,Karimnagar,Tier 3,Yes,Yes,No,Yes,No,Telangana|Tier 3,Telangana|Karimnagar,Telangana|Karimnagar,Telangana|Karimnagar,,Telangana|Karimnagar,
Gayathri Hospital,Telangana,Karimnagar,Karimnagar,Tier 3,Yes,Yes,No,Yes,Yes,Telangana|Tier 3,Telangana|Karimnagar,Telangana|Karimnagar,Telangana|Karimnagar,,Telangana|Karimnagar,Telangana|Karimnagar
SAI SUDHA HOSPITAL,Telangana,Karimnagar,Karimnagar,Tier 3,Yes,No,No,Yes,Yes,Telangana|Tier 3,Telangana|Karimnagar,Telangana|Karimnagar,,,Telangana|Karimnagar,Telangana|Karimnagar
Sri vrinda hospitals,Telangana,Karimnagar,Karimnagar,Tier 3,No,No,No,Yes,No,Telangana|Tier 3,Telangana|Karimnagar,,,,Telangana|Karimnagar,
Shalini hospital,Telangana,Karimnagar,Karimnagar,Tier 3,No,Yes,No,Yes,No,Telangana|Tier 3,Telangana|Karimnagar,,Telangana|Karimnagar,,Telangana|Karimnagar,
Srihitha Hospital,Telangana,Karimnagar,Karimnagar,Tier 3,No,No,No,No,Yes,Telangana|Tier 3,Telangana|Karimnagar,,,,,Telangana|Karimnagar
AAROGYAM ORTHOPEDIC AND GENERAL HOSPITAL,Gujarat,KARJAN VADODARA,Karjan Vadodara,Tier 3,No,Yes,No,Yes,Yes,Gujarat|Tier 3,Gujarat|Karjan Vadodara,,Gujarat|Karjan Vadodara,,Gujarat|Karjan Vadodara,Gujarat|Karjan Vadodara
Matoshree Medicine ICU and Trauma centre,Maharashtra,Karjat,Karjat,Tier 3,No,No,No,Yes,Yes,Maharashtra|Tier 3,Maharashtra|Karjat,,,,Maharashtra|Karjat,Maharashtra|Karjat
Lokmanya Multi Speciality Hospital And ICU Center,Maharashtra,Karjat,Karjat,Tier 3,Yes,Yes,Yes,Yes,Yes,Maharashtra|Tier 3,Maharashtra|Karjat,Maharashtra|Karjat,Maharashtra|Karjat,Maharashtra|Karjat,Maharashtra|Karjat,Maharashtra|Karjat
Jadhav Patil Hospital,Maharashtra,Karmala,Karmala,Tier 3,Yes,No,No,No,No,Maharashtra|Tier 3,Maharashtra|Karmala,Maharashtra|Karmala,,,,
Dua Superspeciality Centre Pvt Ltd,Haryana,Karnal,Karnal,Tier 3,No,No,No,Yes,No,Haryana|Tier 3,Haryana|Karnal,,,,Haryana|Karnal,
SHAH HOSPITAL,Haryana,Karnal,Karnal,Tier 3,Yes,Yes,No,No,Yes,Haryana|Tier 3,Haryana|Karnal,Haryana|Karnal,Haryana|Karnal,,,Haryana|Karnal
AMRITDHARA MY HOSPITAL,Haryana,KARNAL,Karnal,Tier 3,Yes,Yes,No,Yes,Yes,Haryana|Tier 3,Haryana|Karnal,Haryana|Karnal,Haryana|Karnal,,Haryana|Karnal,Haryana|Karnal
PRAVEEN HOSPITAL,Haryana,KARNAL,Karnal,Tier 3,No,No,No,Yes,No,Haryana|Tier 3,Haryana|Karnal,,,,Haryana|Karnal,
VINAYAK HEART CARE HOSPITAL,Haryana,KARNAL,Karnal,Tier 3,Yes,No,No,No,No,Haryana|Tier 3,Haryana|Karnal,Haryana|Karnal,,,,
Ajmani General & Maternity Hospital,Haryana,Karnal,Karnal,Tier 3,No,No,No,Yes,No,Haryana|Tier 3,Haryana|Karnal,,,,Haryana|Karnal,
NP Rawal Hospital Pvt. Ltd,Haryana,KARNAL,Karnal,Tier 3,No,No,No,Yes,No,Haryana|Tier 3,Haryana|Karnal,,,,Haryana|Karnal,
Sanidhya Nursing Home,Haryana,Karnal,Karnal,Tier 3,No,No,No,Yes,No,Haryana|Tier 3,Haryana|Karnal,,,,Haryana|Karnal,
Vardhman Neuro Spine and Orthopedic Hospital,Haryana,Karnal,Karnal,Tier 3,No,No,No,Yes,No,Haryana|Tier 3,Haryana|Karnal,,,,Haryana|Karnal,
karur ortho centre,Tamil Nadu,karur,Karur,Tier 3,No,No,No,No,No,Tamil Nadu|Tier 3,Tamil Nadu|Karur,,,,,
SG Hospital,Tamil Nadu,Karur,Karur,Tier 3,Yes,Yes,No,Yes,No,Tamil Nadu|Tier 3,Tamil Nadu|Karur,Tamil Nadu|Karur,Tamil Nadu|Karur,,Tamil Nadu|Karur,
PRAKASH NURSING HOME,Tamil Nadu,KARUR,Karur,Tier 3,Yes,Yes,Yes,Yes,No,Tamil Nadu|Tier 3,Tamil Nadu|Karur,Tamil Nadu|Karur,Tamil Nadu|Karur,Tamil Nadu|Karur,Tamil Nadu|Karur,
KARWAR EYE CLINIC,Karnataka,Karwar,Karwar,Tier 3,No,No,Yes,No,No,Karnataka|Tier 3,Karnataka|Karwar,,,Karnataka|Karwar,,
MAM TRUST EYE CARE HOSPITAL,Kerala,KASARAGOD,Kasaragod,Tier 3,No,No,Yes,No,No,Kerala|Tier 3,Kerala|Kasaragod,,,Kerala|Kasaragod,,
PRIME HEAL HOSPITAL KASARAGOD,Kerala,KASARAGOD,Kasaragod,Tier 3,No,No,No,Yes,No,Kerala|Tier 3,Kerala|Kasaragod,,,,Kerala|Kasaragod,
Malabar Institute of Medical Sciences Ltd. (Aster Mims Hospital),Kerala,Kasargode,Kasargode,Tier 3,Yes,Yes,Yes,Yes,Yes,Kerala|Tier 3,Kerala|Kasargode,Kerala|Kasargode,Kerala|Kasargode,Kerala|Kasargode,Kerala|Kasargode,Kerala|Kasargode
SHREE KRISHNA HOSPITAL,Uttarakhand,KASHIPUR,Kashipur,Tier 3,Yes,No,Yes,Yes,Yes,Uttarakhand|Tier 3,Uttarakhand|Kashipur,Uttarakhand|Kashipur,,Uttarakhand|Kashipur,Uttarakhand|Kashipur,Uttarakhand|Kashipur
NAVYA HOSPITAL,Uttarakhand,KASHIPUR,Kashipur,Tier 3,No,No,No,Yes,No,Uttarakhand|Tier 3,Uttarakhand|Kashipur,,,,Uttarakhand|Kashipur,
IMAGE EYE HOSPITAL,Uttarakhand,KASHIPUR,Kashipur,Tier 3,No,No,Yes,No,No,Uttarakhand|Tier 3,Uttarakhand|Kashipur,,,Uttarakhand|Kashipur,,
Agarwal Hospital,Uttarakhand,Kashipur,Kashipur,Tier 3,No,No,Yes,Yes,Yes,Uttarakhand|Tier 3,Uttarakhand|Kashipur,,,Uttarakhand|Kashipur,Uttarakhand|Kashipur,Uttarakhand|Kashipur
RICHHARIYA HOSPITAL,Uttarakhand,KASHIPUR,Kashipur,Tier 3,No,No,No,Yes,No,Uttarakhand|Tier 3,Uttarakhand|Kashipur,,,,Uttarakhand|Kashipur,
Med Clix Hospital,Uttarakhand,Kashipur,Kashipur,Tier 3,Yes,Yes,Yes,Yes,Yes,Uttarakhand|Tier 3,Uttarakhand|Kashipur,Uttarakhand|Kashipur,Uttarakhand|Kashipur,Uttarakhand|Kashipur,Uttarakhand|Kashipur,Uttarakhand|Kashipur
SWASTIK HOSPITAL (A UNIT OF RS FRACTURE ),Uttarakhand,KASHIPUR,Kashipur,Tier 3,Yes,No,Yes,Yes,No,Uttarakhand|Tier 3,Uttarakhand|Kashipur,Uttarakhand|Kashipur,,Uttarakhand|Kashipur,Uttarakhand|Kashipur,
SOOD HOSPITAL,Uttarakhand,KASHIPUR,Kashipur,Tier 3,Yes,Yes,Yes,Yes,Yes,Uttarakhand|Tier 3,Uttarakhand|Kashipur,Uttarakhand|Kashipur,Uttarakhand|Kashipur,Uttarakhand|Kashipur,Uttarakhand|Kashipur,Uttarakhand|Kashipur
Apex Hospital (A unit of German swift pvt ltd),Madhya Pradesh,KATNI,Katni,Tier 3,Yes,Yes,Yes,Yes,Yes,Madhya Pradesh|Tier 3,Madhya Pradesh|Katni,Madhya Pradesh|Katni,Madhya Pradesh|Katni,Madhya Pradesh|Katni,Madhya Pradesh|Katni,Madhya Pradesh|Katni
Vardhman Hospital,Madhya Pradesh,Katni,Katni,Tier 3,No,No,No,No,No,Madhya Pradesh|Tier 3,Madhya Pradesh|Katni,,,,,
G D Memorial Multispeciality Hospital,Madhya Pradesh,Katni,Katni,Tier 3,No,Yes,No,Yes,Yes,Madhya Pradesh|Tier 3,Madhya Pradesh|Katni,,Madhya Pradesh|Katni,,Madhya Pradesh|Katni,Madhya Pradesh|Katni
G.G.Nursing Home (Unit of G G Nursing Home Pvt.Ltd.),Madhya Pradesh,KATNI,Katni,Tier 3,No,No,Yes,Yes,No,Madhya Pradesh|Tier 3,Madhya Pradesh|Katni,,,Madhya Pradesh|Katni,Madhya Pradesh|Katni,
SHRI HOSPITAL (UNIT OF SAXENA HOSPITAL & RESEARCH INSTITUTE,Madhya Pradesh,KATNI,Katni,Tier 3,No,Yes,No,Yes,No,Madhya Pradesh|Tier 3,Madhya Pradesh|Katni,,Madhya Pradesh|Katni,,Madhya Pradesh|Katni,
BABA MADHAVSHAH CHIKITSALAYA,Madhya Pradesh,KATNI,Katni,Tier 3,No,No,Yes,Yes,Yes,Madhya Pradesh|Tier 3,Madhya Pradesh|Katni,,,Madhya Pradesh|Katni,Madhya Pradesh|Katni,Madhya Pradesh|Katni
BASU EYE CARE,West Bengal,KATWA,Katwa,Tier 3,No,No,Yes,No,No,West Bengal|Tier 3,West Bengal|Katwa,,,West Bengal|Katwa,,
Bhanu Ortho and Chest Hospital,Andhra Pradesh,Kavali,Kavali,Tier 3,No,No,No,Yes,No,Andhra Pradesh|Tier 3,Andhra Pradesh|Kavali,,,,Andhra Pradesh|Kavali,
ROOPJEEVAN HOSPITAL,Chhattisgarh,KAWARDHA,Kawardha,Tier 3,Yes,Yes,No,Yes,Yes,Chhattisgarh|Tier 3,Chhattisgarh|Kawardha,Chhattisgarh|Kawardha,Chhattisgarh|Kawardha,,Chhattisgarh|Kawardha,Chhattisgarh|Kawardha
Ebenezer Hospital LLP,Kerala,Kayamkulam,Kayamkulam,Tier 3,Yes,No,No,Yes,Yes,Kerala|Tier 3,Kerala|Kayamkulam,Kerala|Kayamkulam,,,Kerala|Kayamkulam,Kerala|Kayamkulam
Dhathri Ayurveda Hospital and Panchakarma Centre,Kerala,"Kayamkulam, Alappuzha",Kayamkulam Alappuzha,Tier 3,No,No,No,No,No,Kerala|Tier 3,Kerala|Kayamkulam Alappuzha,,,,,
ANANYA HOSPITAL,West Bengal,KESHABGANJ,Keshabganj,Tier 3,Yes,Yes,Yes,Yes,Yes,West Bengal|Tier 3,West Bengal|Keshabganj,West Bengal|Keshabganj,West Bengal|Keshabganj,West Bengal|Keshabganj,West Bengal|Keshabganj,West Bengal|Keshabganj
SHREEJI EYE HOSPITAL,Gujarat,Keshod,Keshod,Tier 3,No,No,Yes,No,No,Gujarat|Tier 3,Gujarat|Keshod,,,Gujarat|Keshod,,
NECTAR HOSPITAL ( A UNTI OF NECTAR MULTI SUPER SPECIALITY HOSPITAL PVT.LTD,Bihar,KHAGARIA,Khagaria,Tier 3,Yes,Yes,Yes,Yes,Yes,Bihar|Tier 3,Bihar|Khagaria,Bihar|Khagaria,Bihar|Khagaria,Bihar|Khagaria,Bihar|Khagaria,Bihar|Khagaria
TILAK HOSPITAL,Rajasthan,KHAIRTHAL,Khairthal,Tier 3,No,No,No,No,No,Rajasthan|Tier 3,Rajasthan|Khairthal,,,,,
NEW SEWA HOSPITAL,Uttar Pradesh,KHALILABAD,Khalilabad,Tier 3,Yes,No,No,Yes,No,Uttar Pradesh|Tier 3,Uttar Pradesh|Khalilabad,Uttar Pradesh|Khalilabad,,,Uttar Pradesh|Khalilabad,
KARTHIKEYA MULTI SPECIALITY HOSPITAL & DIAGNOSTICS,Telangana,KHAMMAM,Khammam,Tier 3,No,Yes,No,Yes,No,Telangana|Tier 3,Telangana|Khammam,,Telangana|Khammam,,Telangana|Khammam,
TRR Ortho & Accident Care,Telangana,khammam,Khammam,Tier 3,Yes,No,No,No,No,Telangana|Tier 3,Telangana|Khammam,Telangana|Khammam,,,,
VASHISTA MULTI SPECIALITY HOSPITAL,Telangana,Khammam,Khammam,Tier 3,No,No,Yes,No,No,Telangana|Tier 3,Telangana|Khammam,,,Telangana|Khammam,,
Sri Sahasra Multispecialty Hospital,Telangana,Khammam,Khammam,Tier 3,Yes,Yes,Yes,No,No,Telangana|Tier 3,Telangana|Khammam,Telangana|Khammam,Telangana|Khammam,Telangana|Khammam,,
Sri Krishna Hospital,Telangana,Khammam,Khammam,Tier 3,No,No,No,Yes,No,Telangana|Tier 3,Telangana|Khammam,,,,Telangana|Khammam,
SAIRAM HOSPITALS,Telangana,KHAMMAM,Khammam,Tier 3,Yes,Yes,No,No,No,Telangana|Tier 3,Telangana|Khammam,Telangana|Khammam,Telangana|Khammam,,,
SURABHI NEURO HOSPITAL,Telangana,KHAMMAM,Khammam,Tier 3,No,No,No,No,No,Telangana|Tier 3,Telangana|Khammam,,,,,
SRI GURUDATTA NETRALAYA HOSPITAL,Telangana,KHAMMAM,Khammam,Tier 3,No,No,Yes,No,No,Telangana|Tier 3,Telangana|Khammam,,,Telangana|Khammam,,
Gorkey Hospital,Telangana,Khammam,Khammam,Tier 3,No,No,No,Yes,No,Telangana|Tier 3,Telangana|Khammam,,,,Telangana|Khammam,
JINALI EYE HOSPITAL,Madhya Pradesh,KHANDWA,Khandwa,Tier 3,No,No,Yes,No,No,Madhya Pradesh|Tier 3,Madhya Pradesh|Khandwa,,,Madhya Pradesh|Khandwa,,
Swarnim Eye Care And Children Hospital,Madhya Pradesh,KHANDWA,Khandwa,Tier 3,No,No,Yes,No,No,Madhya Pradesh|Tier 3,Madhya Pradesh|Khandwa,,,Madhya Pradesh|Khandwa,,
SAINI MULTISPECIALITY HOSPITAL,Madhya Pradesh,Khandwa,Khandwa,Tier 3,Yes,No,No,Yes,Yes,Madhya Pradesh|Tier 3,Madhya Pradesh|Khandwa,Madhya Pradesh|Khandwa,,,Madhya Pradesh|Khandwa,Madhya Pradesh|Khandwa
NARMADA HOSPITAL,Madhya Pradesh,KHANDWA,Khandwa,Tier 3,No,No,Yes,Yes,Yes,Madhya Pradesh|Tier 3,Madhya Pradesh|Khandwa,,,Madhya Pradesh|Khandwa,Madhya Pradesh|Khandwa,Madhya Pradesh|Khandwa
GARG VISIONARY MULTISPECIALITY HOSPITAL,Punjab,Khanna,Khanna,Tier 3,No,No,No,Yes,No,Punjab|Tier 3,Punjab|Khanna,,,,Punjab|Khanna,
SPANDAN ADVANCE MEDICARE PRIVATE LIMITED,West Bengal,KHARAGPUR,Kharagpur,Tier 3,Yes,No,No,Yes,Yes,West Bengal|Tier 3,West Bengal|Kharagpur,West Bengal|Kharagpur,,,West Bengal|Kharagpur,West Bengal|Kharagpur
AASHAKIRAN IVF PRIVATE LIMITED,Punjab,KHARAR,Kharar,Tier 3,No,No,No,Yes,Yes,Punjab|Tier 3,Punjab|Kharar,,,,Punjab|Kharar,Punjab|Kharar
RAJEEV EYE HOSPITAL,Punjab,KHARAR,Kharar,Tier 3,No,No,Yes,No,No,Punjab|Tier 3,Punjab|Kharar,,,Punjab|Kharar,,
Sage Mediclinic,Punjab,Kharar,Kharar,Tier 3,No,Yes,No,Yes,Yes,Punjab|Tier 3,Punjab|Kharar,,Punjab|Kharar,,Punjab|Kharar,Punjab|Kharar
HEALLTHMAXX SUPERSPECIALITY HOSPITAL,Punjab,"Kharar,Mohali Punjab",Kharar Mohali,Tier 3,Yes,Yes,Yes,Yes,Yes,Punjab|Tier 3,Punjab|Kharar Mohali,Punjab|Kharar Mohali,Punjab|Kharar Mohali,Punjab|Kharar Mohali,Punjab|Kharar Mohali,Punjab|Kharar Mohali
RAMAN VEDANTA HEALTH CARE,Maharashtra,KHARGHAR,Kharghar,Tier 3,No,Yes,No,Yes,No,Maharashtra|Tier 3,Maharashtra|Kharghar,,Maharashtra|Kharghar,,Maharashtra|Kharghar,
YMT Ayurvedic Medical College And Hospital,Maharashtra,kharghar,Kharghar,Tier 3,No,Yes,Yes,Yes,No,Maharashtra|Tier 3,Maharashtra|Kharghar,,Maharashtra|Kharghar,Maharashtra|Kharghar,Maharashtra|Kharghar,
Pc multispeciality hospital,Haryana,Kharkhoda-ii,Kharkhoda Ii,Tier 3,No,No,No,Yes,No,Haryana|Tier 3,Haryana|Kharkhoda Ii,,,,Haryana|Kharkhoda Ii,
PADMAWATI HOSPITAL,Chhattisgarh,KHARSIA,Kharsia,Tier 3,No,No,No,Yes,No,Chhattisgarh|Tier 3,Chhattisgarh|Kharsia,,,,Chhattisgarh|Kharsia,
Pooja Nursing Home,Uttar Pradesh,KHATAULI,Khatauli,Tier 3,No,No,No,Yes,No,Uttar Pradesh|Tier 3,Uttar Pradesh|Khatauli,,,,Uttar Pradesh|Khatauli,
PRABHU NETRALAYA,Uttarakhand,Khatima,Khatima,Tier 3,No,No,Yes,No,No,Uttarakhand|Tier 3,Uttarakhand|Khatima,,,Uttarakhand|Khatima,,
SOURABH HOSPITAL,Uttarakhand,KHATIMA,Khatima,Tier 3,No,No,No,Yes,No,Uttarakhand|Tier 3,Uttarakhand|Khatima,,,,Uttarakhand|Khatima,
DR. TIWARI SAI HOSPITAL,Maharashtra,KHED,Khed,Tier 3,No,No,No,Yes,No,Maharashtra|Tier 3,Maharashtra|Khed,,,,Maharashtra|Khed,
Remedy Hospital,Himachal Pradesh,Kinnaur,Kinnaur,Tier 3,No,No,Yes,Yes,Yes,Himachal Pradesh|Tier 3,Himachal Pradesh|Kinnaur,,,Himachal Pradesh|Kinnaur,Himachal Pradesh|Kinnaur,Himachal Pradesh|Kinnaur
Radiant MultiSpciality Hospital,Bihar,Kishanganj,Kishanganj,Tier 3,Yes,No,Yes,Yes,No,Bihar|Tier 3,Bihar|Kishanganj,Bihar|Kishanganj,,Bihar|Kishanganj,Bihar|Kishanganj,
Nethrajyothi Foundation Eye Hospital,Kerala,KODAKARA,Kodakara,Tier 3,No,No,Yes,No,No,Kerala|Tier 3,Kerala|Kodakara,,,Kerala|Kodakara,,
MAA VIJAYA SUPER SPECIALLITY HOSPITAL,Andhra Pradesh,KODAMUR,Kodamur,Tier 3,Yes,No,No,Yes,No,Andhra Pradesh|Tier 3,Andhra Pradesh|Kodamur,Andhra Pradesh|Kodamur,,,Andhra Pradesh|Kodamur,
SRI GAURAV ORTHOPAEDIC AND SURGICAL HOSPITAL,Karnataka,KOLAR,Kolar,Tier 3,No,No,No,No,No,Karnataka|Tier 3,Karnataka|Kolar,,,,,
SRI ANAND HOSPITAL,Karnataka,KOLAR,Kolar,Tier 3,Yes,Yes,Yes,Yes,Yes,Karnataka|Tier 3,Karnataka|Kolar,Karnataka|Kolar,Karnataka|Kolar,Karnataka|Kolar,Karnataka|Kolar,Karnataka|Kolar
OM HOSPITAL,Maharashtra,Kolhapur,Kolhapur,Tier 2B,No,No,Yes,No,No,Maharashtra|Tier 2B,Maharashtra|Kolhapur,,,Maharashtra|Kolhapur,,
VIVEKANAND EYE CARE CENTER,Maharashtra,KOLHAPUR,Kolhapur,Tier 2B,No,No,Yes,No,No,Maharashtra|Tier 2B,Maharashtra|Kolhapur,,,Maharashtra|Kolhapur,,
Desai Hospital,Maharashtra,Kolhapur,Kolhapur,Tier 2B,No,No,No,No,No,Maharashtra|Tier 2B,Maharashtra|Kolhapur,,,,,
TEJOMAY HOSPITAL,Maharashtra,KOLHAPUR,Kolhapur,Tier 2B,No,No,Yes,No,No,Maharashtra|Tier 2B,Maharashtra|Kolhapur,,,Maharashtra|Kolhapur,,
"Dr. Gadre Eye Care & Laser Centre, Kolhapur",Maharashtra,KOLHAPUR,Kolhapur,Tier 2B,No,No,No,No,No,Maharashtra|Tier 2B,Maharashtra|Kolhapur,,,,,
"Gadkar eye hospital and retina center, kolhapur",Maharashtra,Kolhapur,Kolhapur,Tier 2B,No,No,Yes,No,No,Maharashtra|Tier 2B,Maharashtra|Kolhapur,,,Maharashtra|Kolhapur,,
Akashdeep Netralay,Maharashtra,KOLHAPUR,Kolhapur,Tier 2B,No,No,Yes,No,No,Maharashtra|Tier 2B,Maharashtra|Kolhapur,,,Maharashtra|Kolhapur,,
RAMA CLINIC,Maharashtra,Kolhapur,Kolhapur,Tier 2B,No,Yes,No,Yes,No,Maharashtra|Tier 2B,Maharashtra|Kolhapur,,Maharashtra|Kolhapur,,Maharashtra|Kolhapur,
Spandan Super Speciality Hospital LLP,Maharashtra,Kolhapur,Kolhapur,Tier 2B,No,No,Yes,No,No,Maharashtra|Tier 2B,Maharashtra|Kolhapur,,,Maharashtra|Kolhapur,,
LOUMINEUX MULTISPECIALITY HOSPITAL RAJARAMPURI KOLHAPUR,Maharashtra,KOLHAPUR,Kolhapur,Tier 2B,No,Yes,No,No,No,Maharashtra|Tier 2B,Maharashtra|Kolhapur,,Maharashtra|Kolhapur,,,
HRIDAM MULTISPECIALITY HOSPITAL,Maharashtra,KOLHAPUR,Kolhapur,Tier 2B,Yes,Yes,No,No,No,Maharashtra|Tier 2B,Maharashtra|Kolhapur,Maharashtra|Kolhapur,Maharashtra|Kolhapur,,,
VARDHAN HOSPITAL FOR CHILDREN,Maharashtra,KOLHAPUR,Kolhapur,Tier 2B,No,No,No,No,Yes,Maharashtra|Tier 2B,Maharashtra|Kolhapur,,,,,Maharashtra|Kolhapur
GHOLAPE HOSPITAL,Maharashtra,KOLHAPUR,Kolhapur,Tier 2B,No,No,No,No,No,Maharashtra|Tier 2B,Maharashtra|Kolhapur,,,,,
Gajanan Orthopedic Centre,Maharashtra,Kolhapur,Kolhapur,Tier 2B,Yes,Yes,No,No,No,Maharashtra|Tier 2B,Maharashtra|Kolhapur,Maharashtra|Kolhapur,Maharashtra|Kolhapur,,,
New Life Multispeciality Hospital,Maharashtra,KOLHAPUR,Kolhapur,Tier 2B,No,No,No,Yes,Yes,Maharashtra|Tier 2B,Maharashtra|Kolhapur,,,,Maharashtra|Kolhapur,Maharashtra|Kolhapur
AMBICA ENT & EYE SPECIALTY CARE,Maharashtra,KOLHAPUR,Kolhapur,Tier 2B,No,No,Yes,No,No,Maharashtra|Tier 2B,Maharashtra|Kolhapur,,,Maharashtra|Kolhapur,,
Rangnath Hospital,Maharashtra,Kolhapur,Kolhapur,Tier 2B,No,No,No,Yes,Yes,Maharashtra|Tier 2B,Maharashtra|Kolhapur,,,,Maharashtra|Kolhapur,Maharashtra|Kolhapur
SHRI RAM MULTISPECIALITY HOSPITAL,Maharashtra,KOLHAPUR,Kolhapur,Tier 2B,No,Yes,No,No,Yes,Maharashtra|Tier 2B,Maharashtra|Kolhapur,,Maharashtra|Kolhapur,,,Maharashtra|Kolhapur
KELAVKAR MEDICAL CENTRE,Maharashtra,KOLHAPUR,Kolhapur,Tier 2B,Yes,No,Yes,No,No,Maharashtra|Tier 2B,Maharashtra|Kolhapur,Maharashtra|Kolhapur,,Maharashtra|Kolhapur,,
Shri Datta Hospital,Maharashtra,KOLHAPUR,Kolhapur,Tier 2B,No,No,No,Yes,No,Maharashtra|Tier 2B,Maharashtra|Kolhapur,,,,Maharashtra|Kolhapur,
Sai Sparsh Childrens Hospital,Maharashtra,Kolhapur,Kolhapur,Tier 2B,No,No,No,No,Yes,Maharashtra|Tier 2B,Maharashtra|Kolhapur,,,,,Maharashtra|Kolhapur
Shreyas Multispeciality Hospital And Research Institute,Maharashtra,KOLHAPUR,Kolhapur,Tier 2B,Yes,Yes,Yes,Yes,Yes,Maharashtra|Tier 2B,Maharashtra|Kolhapur,Maharashtra|Kolhapur,Maharashtra|Kolhapur,Maharashtra|Kolhapur,Maharashtra|Kolhapur,Maharashtra|Kolhapur
Madhavbaug Ayurved Cardiac Care Clinic & Hospital,Maharashtra,Kolhapur,Kolhapur,Tier 2B,No,No,No,No,No,Maharashtra|Tier 2B,Maharashtra|Kolhapur,,,,,
K-STAR MULTISPECIALITY HOSPITAL PVT LTD,Maharashtra,KOLHAPUR,Kolhapur,Tier 2B,No,Yes,No,No,No,Maharashtra|Tier 2B,Maharashtra|Kolhapur,,Maharashtra|Kolhapur,,,
desai hospital,Maharashtra,Kolhapur,Kolhapur,Tier 2B,No,No,Yes,No,No,Maharashtra|Tier 2B,Maharashtra|Kolhapur,,,Maharashtra|Kolhapur,,
Chougule Hospital,Maharashtra,Kolhapur,Kolhapur,Tier 2B,No,Yes,No,Yes,No,Maharashtra|Tier 2B,Maharashtra|Kolhapur,,Maharashtra|Kolhapur,,Maharashtra|Kolhapur,
MORYA NURSING HOME,Maharashtra,KOLHAPUR,Kolhapur,Tier 2B,Yes,No,No,No,No,Maharashtra|Tier 2B,Maharashtra|Kolhapur,Maharashtra|Kolhapur,,,,
Mahalaxmi Hospital,Maharashtra,Kolhapur 416008,Kolhapur,Tier 2B,No,No,No,No,No,Maharashtra|Tier 2B,Maharashtra|Kolhapur,,,,,
Baba Multispeciality Hospital and Medical Centre,Maharashtra,Koliwada,Koliwada,Tier 3,Yes,Yes,Yes,Yes,Yes,Maharashtra|Tier 3,Maharashtra|Koliwada,Maharashtra|Koliwada,Maharashtra|Koliwada,Maharashtra|Koliwada,Maharashtra|Koliwada,Maharashtra|Koliwada
Netrapedia,West Bengal,kolkata,Kolkata,Tier 1,No,No,Yes,No,No,West Bengal|Tier 1,West Bengal|Kolkata,,,West Bengal|Kolkata,,
EYE MICROSURGERY AND DIAGNISTIC CENTRE,West Bengal,KOLKATA,Kolkata,Tier 1,No,No,Yes,No,No,West Bengal|Tier 1,West Bengal|Kolkata,,,West Bengal|Kolkata,,
GENESIS HEALTHCARE INDIA PVT LTD,West Bengal,KOLKATA,Kolkata,Tier 1,Yes,Yes,No,Yes,Yes,West Bengal|Tier 1,West Bengal|Kolkata,West Bengal|Kolkata,West Bengal|Kolkata,,West Bengal|Kolkata,West Bengal|Kolkata
Sankara Jyoti Eye Institute,West Bengal,KOLKATA,Kolkata,Tier 1,No,No,Yes,No,No,West Bengal|Tier 1,West Bengal|Kolkata,,,West Bengal|Kolkata,,
HEALTH PILLER HOSPITAL,West Bengal,KOLKATA,Kolkata,Tier 1,Yes,Yes,No,Yes,Yes,West Bengal|Tier 1,West Bengal|Kolkata,West Bengal|Kolkata,West Bengal|Kolkata,,West Bengal|Kolkata,West Bengal|Kolkata
Namita Biswas Memorial Eye Hospital,West Bengal,KOLKATA,Kolkata,Tier 1,No,No,Yes,No,No,West Bengal|Tier 1,West Bengal|Kolkata,,,West Bengal|Kolkata,,
BHARAT SEVASHRAM SANGHA HOSPITAL,West Bengal,Kolkata,Kolkata,Tier 1,Yes,Yes,Yes,Yes,Yes,West Bengal|Tier 1,West Bengal|Kolkata,West Bengal|Kolkata,West Bengal|Kolkata,West Bengal|Kolkata,West Bengal|Kolkata,West Bengal|Kolkata
Charnock Lohia Hospital(A Unit of Charnock Health Enterprise Private Limited),West Bengal,KOLKATA,Kolkata,Tier 1,Yes,No,No,Yes,Yes,West Bengal|Tier 1,West Bengal|Kolkata,West Bengal|Kolkata,,,West Bengal|Kolkata,West Bengal|Kolkata
DM HOSPITALS PVT. LTD.,West Bengal,KOLKATA,Kolkata,Tier 1,Yes,Yes,Yes,Yes,No,West Bengal|Tier 1,West Bengal|Kolkata,West Bengal|Kolkata,West Bengal|Kolkata,West Bengal|Kolkata,West Bengal|Kolkata,
Repose Clinic & Research Centre Pvt Ltd,West Bengal,Kolkata,Kolkata,Tier 1,Yes,Yes,No,Yes,Yes,West Bengal|Tier 1,West Bengal|Kolkata,West Bengal|Kolkata,West Bengal|Kolkata,,West Bengal|Kolkata,West Bengal|Kolkata
RITTIK NURSING HOME,West Bengal,KOLKATA,Kolkata,Tier 1,Yes,Yes,No,Yes,No,West Bengal|Tier 1,West Bengal|Kolkata,West Bengal|Kolkata,West Bengal|Kolkata,,West Bengal|Kolkata,
Institute of Post Graduate Medical Education & Research- SSKM Hospital,West Bengal,Kolkata,Kolkata,Tier 1,Yes,Yes,Yes,Yes,Yes,West Bengal|Tier 1,West Bengal|Kolkata,West Bengal|Kolkata,West Bengal|Kolkata,West Bengal|Kolkata,West Bengal|Kolkata,West Bengal|Kolkata
PARAMOUNT NURSING HOME PRIVATE LIMITED,West Bengal,KOLKATA,Kolkata,Tier 1,Yes,Yes,No,Yes,No,West Bengal|Tier 1,West Bengal|Kolkata,West Bengal|Kolkata,West Bengal|Kolkata,,West Bengal|Kolkata,
BAINE HOSPITAL,West Bengal,KOLKATA,Kolkata,Tier 1,Yes,Yes,Yes,Yes,Yes,West Bengal|Tier 1,West Bengal|Kolkata,West Bengal|Kolkata,West Bengal|Kolkata,West Bengal|Kolkata,West Bengal|Kolkata,West Bengal|Kolkata
AKS MEDICARE PVT LTD,West Bengal,KOLKATA,Kolkata,Tier 1,No,No,Yes,No,No,West Bengal|Tier 1,West Bengal|Kolkata,,,West Bengal|Kolkata,,
CHITTARANJAN NATIONAL CANCER INSTITUTE,West Bengal,KOLKATA,Kolkata,Tier 1,No,Yes,No,Yes,No,West Bengal|Tier 1,West Bengal|Kolkata,,West Bengal|Kolkata,,West Bengal|Kolkata,
REVIVAL NURSING HOME,West Bengal,KOLKATA,Kolkata,Tier 1,Yes,Yes,No,No,Yes,West Bengal|Tier 1,West Bengal|Kolkata,West Bengal|Kolkata,West Bengal|Kolkata,,,West Bengal|Kolkata
New Spandan Nursing Home & Diagnostic Center,West Bengal,Kolkata,Kolkata,Tier 1,No,Yes,No,Yes,No,West Bengal|Tier 1,West Bengal|Kolkata,,West Bengal|Kolkata,,West Bengal|Kolkata,
Sankara Jyoti Eye Institute,West Bengal,Kolkata,Kolkata,Tier 1,No,No,Yes,No,No,West Bengal|Tier 1,West Bengal|Kolkata,,,West Bengal|Kolkata,,
Atindra Medicare & Dialysis Centre Private Limited,West Bengal,Kolkata,Kolkata,Tier 1,Yes,Yes,No,Yes,No,West Bengal|Tier 1,West Bengal|Kolkata,West Bengal|Kolkata,West Bengal|Kolkata,,West Bengal|Kolkata,
SPECTRAA EYE HOSPITAL PVT LTD,West Bengal,KOLKATA,Kolkata,Tier 1,No,No,Yes,No,No,West Bengal|Tier 1,West Bengal|Kolkata,,,West Bengal|Kolkata,,
NEHA EYE CENTRE PRIVATE LIMITED,West Bengal,KOLKATA,Kolkata,Tier 1,No,No,Yes,No,No,West Bengal|Tier 1,West Bengal|Kolkata,,,West Bengal|Kolkata,,
SPEECH & HEARING INSTITUTE & RESEARCH CENTRE,West Bengal,KOLKATA,Kolkata,Tier 1,Yes,No,No,Yes,No,West Bengal|Tier 1,West Bengal|Kolkata,West Bengal|Kolkata,,,West Bengal|Kolkata,
EKBALPUR NURSING HOME PVT. LTD.,West Bengal,KOLKATA,Kolkata,Tier 1,Yes,Yes,Yes,Yes,Yes,West Bengal|Tier 1,West Bengal|Kolkata,West Bengal|Kolkata,West Bengal|Kolkata,West Bengal|Kolkata,West Bengal|Kolkata,West Bengal|Kolkata
KHAN EYE CARE,West Bengal,KOLKATA,Kolkata,Tier 1,No,No,Yes,No,No,West Bengal|Tier 1,West Bengal|Kolkata,,,West Bengal|Kolkata,,
Priyojon General Hospital ( A Unit Of Priyojon Hospital & Research Centre Pvt Ltd.),West Bengal,Kolkata,Kolkata,Tier 1,Yes,Yes,No,Yes,Yes,West Bengal|Tier 1,West Bengal|Kolkata,West Bengal|Kolkata,West Bengal|Kolkata,,West Bengal|Kolkata,West Bengal|Kolkata
The Mayfair Hospital,West Bengal,Kolkata,Kolkata,Tier 1,Yes,Yes,No,Yes,No,West Bengal|Tier 1,West Bengal|Kolkata,West Bengal|Kolkata,West Bengal|Kolkata,,West Bengal|Kolkata,
VIP APEX MEDICAL CENTRE PVT LTD,West Bengal,KOLKATA,Kolkata,Tier 1,Yes,Yes,Yes,Yes,Yes,West Bengal|Tier 1,West Bengal|Kolkata,West Bengal|Kolkata,West Bengal|Kolkata,West Bengal|Kolkata,West Bengal|Kolkata,West Bengal|Kolkata
AITIHYA HEALTHCARE PRIVATE LIMITED (FLORIDA HOSPITAL),West Bengal,KOLKATA,Kolkata,Tier 1,Yes,Yes,No,Yes,No,West Bengal|Tier 1,West Bengal|Kolkata,West Bengal|Kolkata,West Bengal|Kolkata,,West Bengal|Kolkata,
Kiran Eye Foundation,West Bengal,KOLKATA,Kolkata,Tier 1,No,No,Yes,No,No,West Bengal|Tier 1,West Bengal|Kolkata,,,West Bengal|Kolkata,,
MARWARI RELIEF SOCIETY,West Bengal,KOLKATA,Kolkata,Tier 1,Yes,Yes,Yes,Yes,No,West Bengal|Tier 1,West Bengal|Kolkata,West Bengal|Kolkata,West Bengal|Kolkata,West Bengal|Kolkata,West Bengal|Kolkata,
DISHA EYE HOSPITALS PVT LTD,West Bengal,Kolkata,Kolkata,Tier 1,No,No,Yes,No,No,West Bengal|Tier 1,West Bengal|Kolkata,,,West Bengal|Kolkata,,
DISHA EYE HOSPITALS PVT. LTD.,West Bengal,Kolkata,Kolkata,Tier 1,No,No,Yes,No,No,West Bengal|Tier 1,West Bengal|Kolkata,,,West Bengal|Kolkata,,
DISHA EYE HOSPITALS PVT LTD,West Bengal,KOLKATA,Kolkata,Tier 1,No,No,Yes,No,No,West Bengal|Tier 1,West Bengal|Kolkata,,,West Bengal|Kolkata,,
DISHA EYE HOSPITALS PVT LTD,West Bengal,KOLKATA,Kolkata,Tier 1,No,No,Yes,No,No,West Bengal|Tier 1,West Bengal|Kolkata,,,West Bengal|Kolkata,,
DISHA EYE HOSPITALS PRIVATE LIMITED,West Bengal,KOLKATA,Kolkata,Tier 1,No,No,Yes,No,No,West Bengal|Tier 1,West Bengal|Kolkata,,,West Bengal|Kolkata,,
DISHA EYE HOSPITALS PVT LTD,West Bengal,KOLKATA,Kolkata,Tier 1,No,No,Yes,No,No,West Bengal|Tier 1,West Bengal|Kolkata,,,West Bengal|Kolkata,,
RADIANCE MEDICAL SERVICES,West Bengal,KOLKATA,Kolkata,Tier 1,Yes,No,Yes,Yes,No,West Bengal|Tier 1,West Bengal|Kolkata,West Bengal|Kolkata,,West Bengal|Kolkata,West Bengal|Kolkata,
Jyotirmoy Netraloy,West Bengal,Kolkata,Kolkata,Tier 1,No,No,Yes,No,No,West Bengal|Tier 1,West Bengal|Kolkata,,,West Bengal|Kolkata,,
DR.B.K MEMORIAL HOSPITAL,West Bengal,KOLKATA,Kolkata,Tier 1,Yes,Yes,No,Yes,Yes,West Bengal|Tier 1,West Bengal|Kolkata,West Bengal|Kolkata,West Bengal|Kolkata,,West Bengal|Kolkata,West Bengal|Kolkata
Netaji Subhash Chandra Bose Medical Centre,West Bengal,KOLKATA,Kolkata,Tier 1,Yes,Yes,No,Yes,Yes,West Bengal|Tier 1,West Bengal|Kolkata,West Bengal|Kolkata,West Bengal|Kolkata,,West Bengal|Kolkata,West Bengal|Kolkata
MERRYLAND NURSING HOME,West Bengal,KOLKATA,Kolkata,Tier 1,No,Yes,No,Yes,Yes,West Bengal|Tier 1,West Bengal|Kolkata,,West Bengal|Kolkata,,West Bengal|Kolkata,West Bengal|Kolkata
AURELIA DIAGNOSTIC PRIVATE LIMITED,West Bengal,KOLKATA,Kolkata,Tier 1,No,No,Yes,No,No,West Bengal|Tier 1,West Bengal|Kolkata,,,West Bengal|Kolkata,,
CHITTARANJAN EYE CARE INSTITUTE,West Bengal,Kolkata,Kolkata,Tier 1,No,No,Yes,No,No,West Bengal|Tier 1,West Bengal|Kolkata,,,West Bengal|Kolkata,,
CRMS HOSPITAL,West Bengal,Kolkata,Kolkata,Tier 1,No,Yes,No,Yes,No,West Bengal|Tier 1,West Bengal|Kolkata,,West Bengal|Kolkata,,West Bengal|Kolkata,
SEJUTI HOSPITAL,West Bengal,KOLKATA,Kolkata,Tier 1,No,Yes,Yes,Yes,No,West Bengal|Tier 1,West Bengal|Kolkata,,West Bengal|Kolkata,West Bengal|Kolkata,West Bengal|Kolkata,
VIVEK UROCARE HOSPITAL,West Bengal,KOLKATA,Kolkata,Tier 1,Yes,Yes,No,No,No,West Bengal|Tier 1,West Bengal|Kolkata,West Bengal|Kolkata,West Bengal|Kolkata,,,
DUM DUM MEDICAL CENTRE,West Bengal,KOLKATA,Kolkata,Tier 1,Yes,Yes,No,No,No,West Bengal|Tier 1,West Bengal|Kolkata,West Bengal|Kolkata,West Bengal|Kolkata,,,
VIVEKANANDA EYE CARE CENTRE,West Bengal,KOLKATA,Kolkata,Tier 1,No,No,Yes,No,No,West Bengal|Tier 1,West Bengal|Kolkata,,,West Bengal|Kolkata,,
REMEDY HOSPITAL,West Bengal,kolkata,Kolkata,Tier 1,Yes,Yes,Yes,Yes,No,West Bengal|Tier 1,West Bengal|Kolkata,West Bengal|Kolkata,West Bengal|Kolkata,West Bengal|Kolkata,West Bengal|Kolkata,
LOTUS HOSPITAL,West Bengal,KOLKATA,Kolkata,Tier 1,Yes,Yes,No,Yes,Yes,West Bengal|Tier 1,West Bengal|Kolkata,West Bengal|Kolkata,West Bengal|Kolkata,,West Bengal|Kolkata,West Bengal|Kolkata
UNIPON HOSPITAL & MEDICAL SCIENCES PRIVATE LIMITED,West Bengal,KOLKATA,Kolkata,Tier 1,Yes,Yes,No,Yes,Yes,West Bengal|Tier 1,West Bengal|Kolkata,West Bengal|Kolkata,West Bengal|Kolkata,,West Bengal|Kolkata,West Bengal|Kolkata
ARATI HOSPITAL ( A  UNIT OF SAMARATI HEALTHCARE PVT. LTD.),West Bengal,kolkata,Kolkata,Tier 1,Yes,Yes,Yes,Yes,Yes,West Bengal|Tier 1,West Bengal|Kolkata,West Bengal|Kolkata,West Bengal|Kolkata,West Bengal|Kolkata,West Bengal|Kolkata,West Bengal|Kolkata
DISHA EYE HOSPITALS PVT LTD,West Bengal,KOLKATA-,Kolkata,Tier 1,No,No,Yes,No,No,West Bengal|Tier 1,West Bengal|Kolkata,,,West Bengal|Kolkata,,
Charring Cross Nursing Home Private Limited,West Bengal,"Kolkata, West Bengal, India",Kolkata,Tier 1,No,Yes,No,Yes,No,West Bengal|Tier 1,West Bengal|Kolkata,,West Bengal|Kolkata,,West Bengal|Kolkata,
Bindubasini Nursing Home,West Bengal,KOLKATTA,Kolkata,Tier 1,Yes,Yes,No,Yes,No,West Bengal|Tier 1,West Bengal|Kolkata,West Bengal|Kolkata,West Bengal|Kolkata,,West Bengal|Kolkata,
PRASANTHI HOSPITAL,Kerala,KOLLAM,Kollam,Tier 2B,No,No,No,No,No,Kerala|Tier 2B,Kerala|Kollam,,,,,
Dr. K .Damodaran Memorial Hospital,Kerala,kollam,Kollam,Tier 2B,Yes,No,No,Yes,No,Kerala|Tier 2B,Kerala|Kollam,Kerala|Kollam,,,Kerala|Kollam,
ATHIRA HOSPITAL,Kerala,KOLLAM,Kollam,Tier 2B,No,No,No,No,No,Kerala|Tier 2B,Kerala|Kollam,,,,,
SABINE HOSPITAL AND RESEARCH INSTITUTE PRIVATE LIMITED,Kerala,Kollam,Kollam,Tier 2B,No,No,No,Yes,Yes,Kerala|Tier 2B,Kerala|Kollam,,,,Kerala|Kollam,Kerala|Kollam
Priyanka Eye Hospital,Kerala,Kollam,Kollam,Tier 2B,No,No,Yes,No,No,Kerala|Tier 2B,Kerala|Kollam,,,Kerala|Kollam,,
KARUNYA EYE HOSPITAL KOTTARAKKARA,Kerala,KOLLAM,Kollam,Tier 2B,No,No,Yes,No,No,Kerala|Tier 2B,Kerala|Kollam,,,Kerala|Kollam,,
Aster PMF Hospital,Kerala,KOLLAM,Kollam,Tier 2B,Yes,No,No,Yes,No,Kerala|Tier 2B,Kerala|Kollam,Kerala|Kollam,,,Kerala|Kollam,
opsin health care pvt ltd,Kerala,kollam,Kollam,Tier 2B,No,No,Yes,No,No,Kerala|Tier 2B,Kerala|Kollam,,,Kerala|Kollam,,
LEKSHMI TRUST HOSPITAL,Kerala,KOLLAM,Kollam,Tier 2B,No,No,No,No,No,Kerala|Tier 2B,Kerala|Kollam,,,,,
BHARATH EYE CARE AND SURGERY CENTRE,Kerala,KOLLAM,Kollam,Tier 2B,No,No,No,No,No,Kerala|Tier 2B,Kerala|Kollam,,,,,
ALOHA HEALTH CARE,Kerala,KONDOTTY,Kondotty,Tier 3,Yes,No,No,Yes,Yes,Kerala|Tier 3,Kerala|Kondotty,Kerala|Kondotty,,,Kerala|Kondotty,Kerala|Kondotty
DREESHYAM EYE HOSPITAL,West Bengal,Konnagar,Konnagar,Tier 3,No,No,Yes,No,No,West Bengal|Tier 3,West Bengal|Konnagar,,,West Bengal|Konnagar,,
KONNAGAR MATRI SADAN O SISHU MANGAL PRATISTHAN,West Bengal,KONNAGR,Konnagr,Tier 3,Yes,No,No,Yes,No,West Bengal|Tier 3,West Bengal|Konnagr,West Bengal|Konnagr,,,West Bengal|Konnagr,
JADHAV HOSPITAL AND MATERNITY HOME,Maharashtra,KOPARGAON,Kopargaon,Tier 3,No,No,No,Yes,No,Maharashtra|Tier 3,Maharashtra|Kopargaon,,,,Maharashtra|Kopargaon,
Waghadkar General Hospital,Maharashtra,KOPARGAON,Kopargaon,Tier 3,No,No,No,No,No,Maharashtra|Tier 3,Maharashtra|Kopargaon,,,,,
Surgiplus Hospital,Maharashtra,"Koradi, Nagpur",Koradi Nagpur,Tier 3,No,No,Yes,Yes,No,Maharashtra|Tier 3,Maharashtra|Koradi Nagpur,,,Maharashtra|Koradi Nagpur,Maharashtra|Koradi Nagpur,
VASUDEVA HOSPITAL,Telangana,KORATLA,Koratla,Tier 3,No,No,No,Yes,Yes,Telangana|Tier 3,Telangana|Koratla,,,,Telangana|Koratla,Telangana|Koratla
SHIVAAY HOSPITAL UNIT OF SHIVMAHADEV HEALTHCARE LLP,Chhattisgarh,KORBA,Korba,Tier 3,Yes,Yes,No,Yes,Yes,Chhattisgarh|Tier 3,Chhattisgarh|Korba,Chhattisgarh|Korba,Chhattisgarh|Korba,,Chhattisgarh|Korba,Chhattisgarh|Korba
SANJEEVA CARE,Chhattisgarh,Korba,Korba,Tier 3,Yes,No,No,No,No,Chhattisgarh|Tier 3,Chhattisgarh|Korba,Chhattisgarh|Korba,,,,
My Ozone Neuro Center,Chhattisgarh,Korba,Korba,Tier 3,No,No,No,Yes,No,Chhattisgarh|Tier 3,Chhattisgarh|Korba,,,,Chhattisgarh|Korba,
JP HOSPITAL,Chhattisgarh,KORBA,Korba,Tier 3,No,No,No,No,No,Chhattisgarh|Tier 3,Chhattisgarh|Korba,,,,,
NKH Jeevan Asha Multispecialty Hospital,Chhattisgarh,Korba,Korba,Tier 3,No,No,No,Yes,Yes,Chhattisgarh|Tier 3,Chhattisgarh|Korba,,,,Chhattisgarh|Korba,Chhattisgarh|Korba
NEW KORBA HOSPITAL,Chhattisgarh,KORBA,Korba,Tier 3,Yes,Yes,Yes,Yes,Yes,Chhattisgarh|Tier 3,Chhattisgarh|Korba,Chhattisgarh|Korba,Chhattisgarh|Korba,Chhattisgarh|Korba,Chhattisgarh|Korba,Chhattisgarh|Korba
KRISHNA HOSPITAL,Chhattisgarh,Korba,Korba,Tier 3,No,No,No,Yes,Yes,Chhattisgarh|Tier 3,Chhattisgarh|Korba,,,,Chhattisgarh|Korba,Chhattisgarh|Korba
Sambhajirao Sawant General Multispeciality & Eye Hospital,Maharashtra,Koregaon,Koregaon,Tier 3,No,No,Yes,Yes,Yes,Maharashtra|Tier 3,Maharashtra|Koregaon,,,Maharashtra|Koregaon,Maharashtra|Koregaon,Maharashtra|Koregaon
DHAKAR TRAUMA AND MULTISPECIALITY HOSPITAL,Rajasthan,KOTA,Kota,Tier 2B,No,No,No,Yes,No,Rajasthan|Tier 2B,Rajasthan|Kota,,,,Rajasthan|Kota,
SHIV SHAKTI HOSPITAL,Rajasthan,KOTA,Kota,Tier 2B,No,Yes,Yes,Yes,Yes,Rajasthan|Tier 2B,Rajasthan|Kota,,Rajasthan|Kota,Rajasthan|Kota,Rajasthan|Kota,Rajasthan|Kota
Ayurlekha Private Limited,Rajasthan,Kota,Kota,Tier 2B,No,No,No,No,No,Rajasthan|Tier 2B,Rajasthan|Kota,,,,,
NEOLIFEHOSPITAL,Rajasthan,KOTA,Kota,Tier 2B,No,No,No,No,No,Rajasthan|Tier 2B,Rajasthan|Kota,,,,,
Pushpadi Cancer Care Centre,Rajasthan,kota,Kota,Tier 2B,No,Yes,No,No,No,Rajasthan|Tier 2B,Rajasthan|Kota,,Rajasthan|Kota,,,
Punarnav Ayurveda Panchkarma and Skin Care Hospital,Rajasthan,Kota,Kota,Tier 2B,No,No,No,No,No,Rajasthan|Tier 2B,Rajasthan|Kota,,,,,
CHIRAAYU HOSPITAL,Rajasthan,KOTA,Kota,Tier 2B,No,No,No,Yes,No,Rajasthan|Tier 2B,Rajasthan|Kota,,,,Rajasthan|Kota,
Rajdeep Fertility Research Centre And Nursing Home,Rajasthan,kota,Kota,Tier 2B,No,No,No,Yes,No,Rajasthan|Tier 2B,Rajasthan|Kota,,,,Rajasthan|Kota,
holy family hospital,Rajasthan,kota,Kota,Tier 2B,No,No,No,Yes,No,Rajasthan|Tier 2B,Rajasthan|Kota,,,,Rajasthan|Kota,
Gastro care center,Rajasthan,kota,Kota,Tier 2B,No,No,No,No,No,Rajasthan|Tier 2B,Rajasthan|Kota,,,,,
NAINIWAL HOPSITAL,Rajasthan,KOTA,Kota,Tier 2B,No,No,No,No,No,Rajasthan|Tier 2B,Rajasthan|Kota,,,,,
MANOJIVAN AYURVEDIC HOSPITAL,Rajasthan,Kota,Kota,Tier 2B,No,No,No,No,No,Rajasthan|Tier 2B,Rajasthan|Kota,,,,,
SRI VIJAYA NURSING HOME,Telangana,kothagudem,Kothagudem,Tier 3,No,No,No,Yes,No,Telangana|Tier 3,Telangana|Kothagudem,,,,Telangana|Kothagudem,
SRI GURUDEVA HOSPITAL,Andhra Pradesh,KOTHAVALASA,Kothavalasa,Tier 3,No,Yes,Yes,Yes,No,Andhra Pradesh|Tier 3,Andhra Pradesh|Kothavalasa,,Andhra Pradesh|Kothavalasa,Andhra Pradesh|Kothavalasa,Andhra Pradesh|Kothavalasa,
VIKRAM NEW BORN & CHILDREN HOSPITAL & GAGAN MATERNITY HOME,Punjab,KOTKAPURA,Kotkapura,Tier 3,No,No,No,Yes,Yes,Punjab|Tier 3,Punjab|Kotkapura,,,,Punjab|Kotkapura,Punjab|Kotkapura
Healing Minds Hospital,Punjab,KOTKAPURA,Kotkapura,Tier 3,No,No,No,No,No,Punjab|Tier 3,Punjab|Kotkapura,,,,,
Shri Shyam Hospital,Rajasthan,Kotputli,Kotputli,Tier 3,No,No,No,No,No,Rajasthan|Tier 3,Rajasthan|Kotputli,,,,,
RAJAN HOSPITAL & HEART CENTRE,Punjab,KOTTAKPURA,Kottakpura,Tier 3,No,No,No,No,No,Punjab|Tier 3,Punjab|Kottakpura,,,,,
ST THOMAS HOSPITAL,Kerala,KOTTAYAM,Kottayam,Tier 3,Yes,No,No,No,No,Kerala|Tier 3,Kerala|Kottayam,Kerala|Kottayam,,,,
JK HOSPITAL,Kerala,KOTTAYAM,Kottayam,Tier 3,Yes,No,Yes,No,No,Kerala|Tier 3,Kerala|Kottayam,Kerala|Kottayam,,Kerala|Kottayam,,
The Kaduthuruthy Cooperative Hospital Ltd No K379,Kerala,Kottayam,Kottayam,Tier 3,Yes,No,Yes,No,No,Kerala|Tier 3,Kerala|Kottayam,Kerala|Kottayam,,Kerala|Kottayam,,
DevasspecialityHospital,Andhra Pradesh,"Kovur (Village mandal), SPSR Nellore-524137",Nellore,Tier 2B,No,Yes,No,Yes,Yes,Andhra Pradesh|Tier 2B,Andhra Pradesh|Nellore,,Andhra Pradesh|Nellore,,Andhra Pradesh|Nellore,Andhra Pradesh|Nellore
V TRUST HEALTH CARE LLP,Kerala,KOYILANDY,Koyilandy,Tier 3,No,No,No,No,No,Kerala|Tier 3,Kerala|Koyilandy,,,,,
SAKALYA AYURVEDA HOSPITAL,Kerala,KOZHIKODE,Kozhikode,Tier 2B,No,No,No,No,No,Kerala|Tier 2B,Kerala|Kozhikode,,,,,
pennai hospital,Tamil Nadu,krishanagiri,Krishanagiri,Tier 3,No,Yes,No,No,No,Tamil Nadu|Tier 3,Tamil Nadu|Krishanagiri,,Tamil Nadu|Krishanagiri,,,
sagar vascular and diabetik care centre,Andhra Pradesh,KRISHNA,Krishna,Tier 3,No,No,No,No,No,Andhra Pradesh|Tier 3,Andhra Pradesh|Krishna,,,,,
NILAN HOSPITAL,Tamil Nadu,KRISHNAGIRI,Krishnagiri,Tier 3,No,No,No,Yes,No,Tamil Nadu|Tier 3,Tamil Nadu|Krishnagiri,,,,Tamil Nadu|Krishnagiri,
OM SAKTHI HOSPITAL,Tamil Nadu,krishnagiri,Krishnagiri,Tier 3,Yes,Yes,Yes,Yes,Yes,Tamil Nadu|Tier 3,Tamil Nadu|Krishnagiri,Tamil Nadu|Krishnagiri,Tamil Nadu|Krishnagiri,Tamil Nadu|Krishnagiri,Tamil Nadu|Krishnagiri,Tamil Nadu|Krishnagiri
MK MULTISPECIALITY HOSPITAL,Tamil Nadu,KRISHNAGIRI,Krishnagiri,Tier 3,Yes,Yes,Yes,Yes,Yes,Tamil Nadu|Tier 3,Tamil Nadu|Krishnagiri,Tamil Nadu|Krishnagiri,Tamil Nadu|Krishnagiri,Tamil Nadu|Krishnagiri,Tamil Nadu|Krishnagiri,Tamil Nadu|Krishnagiri
DARSHAN NETRALAYA,West Bengal,KRISHNANAGAR,Krishnanagar,Tier 3,No,No,Yes,No,No,West Bengal|Tier 3,West Bengal|Krishnanagar,,,West Bengal|Krishnanagar,,
JEEVAN SATHI NURSING HOME,West Bengal,KRISHNAPUR,Krishnapur,Tier 3,No,Yes,No,Yes,Yes,West Bengal|Tier 3,West Bengal|Krishnapur,,West Bengal|Krishnapur,,West Bengal|Krishnapur,West Bengal|Krishnapur
Manawata Panchakarma AVM Ayurveda Hospital Private limited.,Rajasthan,Kuchaman city,Kuchaman,Tier 3,No,No,No,No,No,Rajasthan|Tier 3,Rajasthan|Kuchaman,,,,,
MARIAN EYE CARE & OPTICALS,Kerala,KUDAMALOOR,Kudamaloor,Tier 3,No,No,Yes,No,No,Kerala|Tier 3,Kerala|Kudamaloor,,,Kerala|Kudamaloor,,
Raghunath Hospital,Himachal Pradesh,Kullu,Kullu,Tier 3,No,No,No,Yes,Yes,Himachal Pradesh|Tier 3,Himachal Pradesh|Kullu,,,,Himachal Pradesh|Kullu,Himachal Pradesh|Kullu
AARYA EYE CARE ( A UNIT OF AARYA HEALTH CARE),Kerala,Kunnamkulam,Kunnamkulam,Tier 3,No,No,Yes,No,No,Kerala|Tier 3,Kerala|Kunnamkulam,,,Kerala|Kunnamkulam,,
Lucky Multispecialty Hospital,Maharashtra,Kurduwadi,Kurduwadi,Tier 3,Yes,Yes,Yes,No,Yes,Maharashtra|Tier 3,Maharashtra|Kurduwadi,Maharashtra|Kurduwadi,Maharashtra|Kurduwadi,Maharashtra|Kurduwadi,,Maharashtra|Kurduwadi
BRAIN & SPINE CENTRE,Andhra Pradesh,KURNOOL,Kurnool,Tier 3,No,No,No,Yes,No,Andhra Pradesh|Tier 3,Andhra Pradesh|Kurnool,,,,Andhra Pradesh|Kurnool,
SHILPA HOSPITALS,Andhra Pradesh,KURNOOL,Kurnool,Tier 3,No,No,No,Yes,No,Andhra Pradesh|Tier 3,Andhra Pradesh|Kurnool,,,,Andhra Pradesh|Kurnool,
VISWABHARATHI MEDICAL COLLEGE AND GENERAL HOSPITAL,Andhra Pradesh,Kurnool,Kurnool,Tier 3,Yes,Yes,Yes,Yes,Yes,Andhra Pradesh|Tier 3,Andhra Pradesh|Kurnool,Andhra Pradesh|Kurnool,Andhra Pradesh|Kurnool,Andhra Pradesh|Kurnool,Andhra Pradesh|Kurnool,Andhra Pradesh|Kurnool
NAMRATHA HOSPITAL,Andhra Pradesh,KURNOOL,Kurnool,Tier 3,No,No,Yes,Yes,No,Andhra Pradesh|Tier 3,Andhra Pradesh|Kurnool,,,Andhra Pradesh|Kurnool,Andhra Pradesh|Kurnool,
JERUSHA KIDNEY AND MULTI SPECIALITY HOSPITAL,Andhra Pradesh,KURNOOL,Kurnool,Tier 3,No,No,No,Yes,No,Andhra Pradesh|Tier 3,Andhra Pradesh|Kurnool,,,,Andhra Pradesh|Kurnool,
S S HOSPITAL,Andhra Pradesh,KURNOOL,Kurnool,Tier 3,No,Yes,No,Yes,Yes,Andhra Pradesh|Tier 3,Andhra Pradesh|Kurnool,,Andhra Pradesh|Kurnool,,Andhra Pradesh|Kurnool,Andhra Pradesh|Kurnool
ATHULYA HOSPITAL,Andhra Pradesh,KURNOOL,Kurnool,Tier 3,No,No,Yes,No,No,Andhra Pradesh|Tier 3,Andhra Pradesh|Kurnool,,,Andhra Pradesh|Kurnool,,
Dr. Mangla Superspeciality Hospital (A Unit of Shree Rajlaxmi Lifecare Private Limited),Haryana,Kurukshetra,Kurukshetra,Tier 3,No,No,No,Yes,No,Haryana|Tier 3,Haryana|Kurukshetra,,,,Haryana|Kurukshetra,
HARYANA MULTISPECIALITY HOSPITAL,Haryana,KURUKSHETRA,Kurukshetra,Tier 3,No,No,No,No,No,Haryana|Tier 3,Haryana|Kurukshetra,,,,,
Pawan Surgical Hospital,Haryana,kurukshetra,Kurukshetra,Tier 3,No,Yes,No,Yes,No,Haryana|Tier 3,Haryana|Kurukshetra,,Haryana|Kurukshetra,,Haryana|Kurukshetra,
DR DAMODARANS EYE HOSPITAL,Kerala,kuthuparamba,Kuthuparamba,Tier 3,Yes,No,Yes,No,No,Kerala|Tier 3,Kerala|Kuthuparamba,Kerala|Kuthuparamba,,Kerala|Kuthuparamba,,
MAMTA EMERGENCY HOSPITAL,Bihar,LAKHISARAI,Lakhisarai,Tier 3,Yes,Yes,Yes,Yes,Yes,Bihar|Tier 3,Bihar|Lakhisarai,Bihar|Lakhisarai,Bihar|Lakhisarai,Bihar|Lakhisarai,Bihar|Lakhisarai,Bihar|Lakhisarai
YELALE HOSPITAL,Maharashtra,LATUR,Latur,Tier 3,Yes,Yes,No,Yes,No,Maharashtra|Tier 3,Maharashtra|Latur,Maharashtra|Latur,Maharashtra|Latur,,Maharashtra|Latur,
"Netrapratishtans D.S. Karad Eye Institute, latur",Maharashtra,latur - 413531,Latur,Tier 3,No,No,Yes,No,No,Maharashtra|Tier 3,Maharashtra|Latur,,,Maharashtra|Latur,,
MHASKE HOSPITAL,Maharashtra,lonand,Lonand,Tier 3,No,No,Yes,No,No,Maharashtra|Tier 3,Maharashtra|Lonand,,,Maharashtra|Lonand,,
HARIHAR HOSPITAL,Punjab,longowal,Longowal,Tier 3,No,No,No,Yes,No,Punjab|Tier 3,Punjab|Longowal,,,,Punjab|Longowal,
PARUL HOSPITAL,Uttar Pradesh,LUCKNOW,Lucknow,Tier 2A,No,No,No,Yes,Yes,Uttar Pradesh|Tier 2A,Uttar Pradesh|Lucknow,,,,Uttar Pradesh|Lucknow,Uttar Pradesh|Lucknow
Shri Giriraj Ji Hospital,Uttar Pradesh,LUCKNOW,Lucknow,Tier 2A,No,Yes,No,Yes,No,Uttar Pradesh|Tier 2A,Uttar Pradesh|Lucknow,,Uttar Pradesh|Lucknow,,Uttar Pradesh|Lucknow,
Trident Superspeciality Neuropsychiatric Hospital And Rehabilitation Centre,Uttar Pradesh,LUCKNOW,Lucknow,Tier 2A,No,No,No,No,No,Uttar Pradesh|Tier 2A,Uttar Pradesh|Lucknow,,,,,
AASHIRVAD SUPER SPECIALITY HOSPITAL,Uttar Pradesh,Lucknow,Lucknow,Tier 2A,No,Yes,Yes,Yes,No,Uttar Pradesh|Tier 2A,Uttar Pradesh|Lucknow,,Uttar Pradesh|Lucknow,Uttar Pradesh|Lucknow,Uttar Pradesh|Lucknow,
Jeena Sikho Lifecare Limited,Uttar Pradesh,Lucknow,Lucknow,Tier 2A,No,No,No,No,No,Uttar Pradesh|Tier 2A,Uttar Pradesh|Lucknow,,,,,
VERMA HOSPITAL,Uttar Pradesh,LUCKNOW,Lucknow,Tier 2A,No,No,Yes,Yes,No,Uttar Pradesh|Tier 2A,Uttar Pradesh|Lucknow,,,Uttar Pradesh|Lucknow,Uttar Pradesh|Lucknow,
Galaxy Hospital,Uttar Pradesh,LUCKNOW,Lucknow,Tier 2A,Yes,Yes,No,Yes,No,Uttar Pradesh|Tier 2A,Uttar Pradesh|Lucknow,Uttar Pradesh|Lucknow,Uttar Pradesh|Lucknow,,Uttar Pradesh|Lucknow,
SAHAJ HOSPITAL,Uttar Pradesh,LUCKNOW,Lucknow,Tier 2A,Yes,Yes,No,Yes,No,Uttar Pradesh|Tier 2A,Uttar Pradesh|Lucknow,Uttar Pradesh|Lucknow,Uttar Pradesh|Lucknow,,Uttar Pradesh|Lucknow,
PARAS NEURO-SPINE & MULTISPECIALITY HOSPITAL,Uttar Pradesh,LUCKNOW,Lucknow,Tier 2A,Yes,Yes,No,Yes,Yes,Uttar Pradesh|Tier 2A,Uttar Pradesh|Lucknow,Uttar Pradesh|Lucknow,Uttar Pradesh|Lucknow,,Uttar Pradesh|Lucknow,Uttar Pradesh|Lucknow
Medical Care Centre & Hospital,Uttar Pradesh,LUCKNOW,Lucknow,Tier 2A,Yes,No,No,Yes,No,Uttar Pradesh|Tier 2A,Uttar Pradesh|Lucknow,Uttar Pradesh|Lucknow,,,Uttar Pradesh|Lucknow,
RS MEDICAL,Uttar Pradesh,LUCKNOW,Lucknow,Tier 2A,No,Yes,No,Yes,Yes,Uttar Pradesh|Tier 2A,Uttar Pradesh|Lucknow,,Uttar Pradesh|Lucknow,,Uttar Pradesh|Lucknow,Uttar Pradesh|Lucknow
VIKAS CHILD AND EYE CARE CENTRE,Uttar Pradesh,LUCKNOW,Lucknow,Tier 2A,No,No,Yes,No,No,Uttar Pradesh|Tier 2A,Uttar Pradesh|Lucknow,,,Uttar Pradesh|Lucknow,,
DR VISHAL MISRA SUPER-SPECIALITY EYE CARE,Uttar Pradesh,Lucknow,Lucknow,Tier 2A,No,No,Yes,No,No,Uttar Pradesh|Tier 2A,Uttar Pradesh|Lucknow,,,Uttar Pradesh|Lucknow,,
2050 HEALTHCARE (INGENUITY AND INNOVATION GLOBAL EDUHEALTH PRIVATE LIMITED),Uttar Pradesh,lucknow,Lucknow,Tier 2A,No,Yes,Yes,Yes,Yes,Uttar Pradesh|Tier 2A,Uttar Pradesh|Lucknow,,Uttar Pradesh|Lucknow,Uttar Pradesh|Lucknow,Uttar Pradesh|Lucknow,Uttar Pradesh|Lucknow
Sky Hospital & Neuro Centre,Uttar Pradesh,LUCKNOW,Lucknow,Tier 2A,No,Yes,Yes,Yes,Yes,Uttar Pradesh|Tier 2A,Uttar Pradesh|Lucknow,,Uttar Pradesh|Lucknow,Uttar Pradesh|Lucknow,Uttar Pradesh|Lucknow,Uttar Pradesh|Lucknow
GOEL SUPERSPECIALITY HOSPITAL,Uttar Pradesh,LUCKNOW,Lucknow,Tier 2A,Yes,Yes,No,Yes,Yes,Uttar Pradesh|Tier 2A,Uttar Pradesh|Lucknow,Uttar Pradesh|Lucknow,Uttar Pradesh|Lucknow,,Uttar Pradesh|Lucknow,Uttar Pradesh|Lucknow
HUMAN CARE HOSPITAL,Uttar Pradesh,LUCKNOW,Lucknow,Tier 2A,No,No,No,Yes,Yes,Uttar Pradesh|Tier 2A,Uttar Pradesh|Lucknow,,,,Uttar Pradesh|Lucknow,Uttar Pradesh|Lucknow
RISHUBH EYE HOSPITAL,Uttar Pradesh,Lucknow,Lucknow,Tier 2A,No,No,Yes,No,No,Uttar Pradesh|Tier 2A,Uttar Pradesh|Lucknow,,,Uttar Pradesh|Lucknow,,
Asheerwad Hospital,Uttar Pradesh,Lucknow,Lucknow,Tier 2A,No,No,No,Yes,Yes,Uttar Pradesh|Tier 2A,Uttar Pradesh|Lucknow,,,,Uttar Pradesh|Lucknow,Uttar Pradesh|Lucknow
OPTIMUS EYE HOSPITAL,Uttar Pradesh,LUCKNOW,Lucknow,Tier 2A,No,No,Yes,No,No,Uttar Pradesh|Tier 2A,Uttar Pradesh|Lucknow,,,Uttar Pradesh|Lucknow,,
AQUITY Healthcare,Uttar Pradesh,Lucknow,Lucknow,Tier 2A,No,No,Yes,No,No,Uttar Pradesh|Tier 2A,Uttar Pradesh|Lucknow,,,Uttar Pradesh|Lucknow,,
VINAYAK SIDDHI HOSPITAL EYE AND CHILD CARE CENTRE,Uttar Pradesh,LUCKNOW,Lucknow,Tier 2A,No,No,Yes,No,No,Uttar Pradesh|Tier 2A,Uttar Pradesh|Lucknow,,,Uttar Pradesh|Lucknow,,
SM HOSPITAL AND HEART CENTRE,Uttar Pradesh,LUCKNOW,Lucknow,Tier 2A,Yes,Yes,No,Yes,No,Uttar Pradesh|Tier 2A,Uttar Pradesh|Lucknow,Uttar Pradesh|Lucknow,Uttar Pradesh|Lucknow,,Uttar Pradesh|Lucknow,
VISION THE EYE AND RETINA CENTRE,Uttar Pradesh,LUCKNOW,Lucknow,Tier 2A,No,No,Yes,No,No,Uttar Pradesh|Tier 2A,Uttar Pradesh|Lucknow,,,Uttar Pradesh|Lucknow,,
PAAVANI MEDICAL CENTRE,Uttar Pradesh,LUCKNOW,Lucknow,Tier 2A,No,No,No,Yes,Yes,Uttar Pradesh|Tier 2A,Uttar Pradesh|Lucknow,,,,Uttar Pradesh|Lucknow,Uttar Pradesh|Lucknow
M S HOSPITAL AND RESEARCH CENTRE,Uttar Pradesh,LUCKNOW,Lucknow,Tier 2A,No,Yes,No,Yes,Yes,Uttar Pradesh|Tier 2A,Uttar Pradesh|Lucknow,,Uttar Pradesh|Lucknow,,Uttar Pradesh|Lucknow,Uttar Pradesh|Lucknow
DR GAGANDEEP HOSPITAL,Punjab,LUDHIANA,Ludhiana,Tier 2B,No,Yes,No,Yes,No,Punjab|Tier 2B,Punjab|Ludhiana,,Punjab|Ludhiana,,Punjab|Ludhiana,
Centre for eye care,Punjab,LUDHIANA,Ludhiana,Tier 2B,No,No,Yes,No,No,Punjab|Tier 2B,Punjab|Ludhiana,,,Punjab|Ludhiana,,
Janta Hospital and Piles Centre,Punjab,LUDHIANA,Ludhiana,Tier 2B,No,No,No,No,No,Punjab|Tier 2B,Punjab|Ludhiana,,,,,
GUPTA HOSPTIAL DR PARVEEN GUPTA MULTISPECIALITY HOSPITAL,Punjab,LUDHIANA,Ludhiana,Tier 2B,No,No,No,No,No,Punjab|Tier 2B,Punjab|Ludhiana,,,,,
S.A.S Grewal Multispeciality Hospital,Punjab,Ludhiana,Ludhiana,Tier 2B,No,No,No,Yes,No,Punjab|Tier 2B,Punjab|Ludhiana,,,,Punjab|Ludhiana,
Bhandari Starlife Eye Hospital & Lasik Laser Centre,Punjab,ludhiana,Ludhiana,Tier 2B,No,No,Yes,No,No,Punjab|Tier 2B,Punjab|Ludhiana,,,Punjab|Ludhiana,,
Sant Nursing Home & Multi Speciality Hospital,Punjab,Ludhiana,Ludhiana,Tier 2B,Yes,Yes,No,Yes,Yes,Punjab|Tier 2B,Punjab|Ludhiana,Punjab|Ludhiana,Punjab|Ludhiana,,Punjab|Ludhiana,Punjab|Ludhiana
EYECONIC EYE CARE CENTRE,Punjab,LUDHIANA,Ludhiana,Tier 2B,No,No,Yes,No,No,Punjab|Tier 2B,Punjab|Ludhiana,,,Punjab|Ludhiana,,
VISHVAM HOSPITAL,Punjab,LUDHIANA,Ludhiana,Tier 2B,No,No,No,No,No,Punjab|Tier 2B,Punjab|Ludhiana,,,,,
shaheed kartar singh sarabha charitable hospital,Punjab,LUDHIANA,Ludhiana,Tier 2B,No,No,Yes,Yes,Yes,Punjab|Tier 2B,Punjab|Ludhiana,,,Punjab|Ludhiana,Punjab|Ludhiana,Punjab|Ludhiana
GURMUKH HOSPITAL,Punjab,LUDHIANA,Ludhiana,Tier 2B,No,No,Yes,Yes,No,Punjab|Tier 2B,Punjab|Ludhiana,,,Punjab|Ludhiana,Punjab|Ludhiana,
NEW KOKILA HOSPITAL,Punjab,LUDHIANA,Ludhiana,Tier 2B,Yes,Yes,No,Yes,No,Punjab|Tier 2B,Punjab|Ludhiana,Punjab|Ludhiana,Punjab|Ludhiana,,Punjab|Ludhiana,
SONI EYE CARE CENTRE,Punjab,LUDHIANA,Ludhiana,Tier 2B,No,No,Yes,No,No,Punjab|Tier 2B,Punjab|Ludhiana,,,Punjab|Ludhiana,,
NITYANTA EYE HOSPITAL,Punjab,LUDHIANA,Ludhiana,Tier 2B,No,No,Yes,No,No,Punjab|Tier 2B,Punjab|Ludhiana,,,Punjab|Ludhiana,,
CHAWLA NURSING HOME,Punjab,Ludhiana,Ludhiana,Tier 2B,No,No,No,Yes,No,Punjab|Tier 2B,Punjab|Ludhiana,,,,Punjab|Ludhiana,
Dutt Hospital,Punjab,LUDHIANA,Ludhiana,Tier 2B,No,No,No,No,No,Punjab|Tier 2B,Punjab|Ludhiana,,,,,
Sant Ishar Singh Ji Memorial Hospital,Punjab,Ludhiana,Ludhiana,Tier 2B,No,No,Yes,Yes,No,Punjab|Tier 2B,Punjab|Ludhiana,,,Punjab|Ludhiana,Punjab|Ludhiana,
Dr anand's medicity hospital,Punjab,Ludhiana,Ludhiana,Tier 2B,No,No,No,Yes,No,Punjab|Tier 2B,Punjab|Ludhiana,,,,Punjab|Ludhiana,
NG HOSPITAL,Punjab,LUDHIANA,Ludhiana,Tier 2B,No,Yes,No,No,No,Punjab|Tier 2B,Punjab|Ludhiana,,Punjab|Ludhiana,,,
Chopra Nethralaya,Punjab,Ludhiana,Ludhiana,Tier 2B,No,No,Yes,No,No,Punjab|Tier 2B,Punjab|Ludhiana,,,Punjab|Ludhiana,,
INDUSS MEDICITY PRIVATE LIMITED,Punjab,Ludhiana,Ludhiana,Tier 2B,No,Yes,No,Yes,No,Punjab|Tier 2B,Punjab|Ludhiana,,Punjab|Ludhiana,,Punjab|Ludhiana,
Union Superspeciality Hospital (Unit of ALTAS HEALTHCARE),Punjab,ludhiana,Ludhiana,Tier 2B,No,Yes,No,Yes,No,Punjab|Tier 2B,Punjab|Ludhiana,,Punjab|Ludhiana,,Punjab|Ludhiana,
MALHOTRA BONE JOINT SURGICAL CENTRE & MULTISPECIALITY CLINIC,Punjab,LUDHIANA,Ludhiana,Tier 2B,Yes,No,No,Yes,No,Punjab|Tier 2B,Punjab|Ludhiana,Punjab|Ludhiana,,,Punjab|Ludhiana,
GK HOSPITAL,Punjab,LUDHIANA,Ludhiana,Tier 2B,No,Yes,No,Yes,No,Punjab|Tier 2B,Punjab|Ludhiana,,Punjab|Ludhiana,,Punjab|Ludhiana,
SEHAT HOSPITAL,Punjab,LUDHIANA EAST,Ludhiana East,Tier 3,No,No,No,No,No,Punjab|Tier 3,Punjab|Ludhiana East,,,,,
ASWINI HOSPITAL,Andhra Pradesh,MACHILIPATNAM,Machilipatnam,Tier 3,No,No,No,No,No,Andhra Pradesh|Tier 3,Andhra Pradesh|Machilipatnam,,,,,
ANAND BABU HOSPITAL,Andhra Pradesh,MADANAPALLE,Madanapalle,Tier 3,No,No,No,Yes,No,Andhra Pradesh|Tier 3,Andhra Pradesh|Madanapalle,,,,Andhra Pradesh|Madanapalle,
SanjeeviniMultispecialityhospital,Karnataka,Maddur,Maddur,Tier 3,Yes,Yes,Yes,Yes,Yes,Karnataka|Tier 3,Karnataka|Maddur,Karnataka|Maddur,Karnataka|Maddur,Karnataka|Maddur,Karnataka|Maddur,Karnataka|Maddur
MADHUBANI PRIDE HOSPITAL PRIVATE LIMITED,Bihar,MADHUBANI,Madhubani,Tier 3,No,No,No,No,No,Bihar|Tier 3,Bihar|Madhubani,,,,,
SPECTRA EYE FOUNDATION PVT. LTD.,West Bengal,MADHYAMGRAM,Madhyamgram,Tier 3,No,No,Yes,No,No,West Bengal|Tier 3,West Bengal|Madhyamgram,,,West Bengal|Madhyamgram,,
FAIR HEALTH NURSING HOME,West Bengal,MADHYAMGRAM,Madhyamgram,Tier 3,Yes,Yes,No,Yes,Yes,West Bengal|Tier 3,West Bengal|Madhyamgram,West Bengal|Madhyamgram,West Bengal|Madhyamgram,,West Bengal|Madhyamgram,West Bengal|Madhyamgram
ST MARY OF LEUCA HOSPITAL,Tamil Nadu,MADURAI,Madurai,Tier 2B,Yes,Yes,No,Yes,No,Tamil Nadu|Tier 2B,Tamil Nadu|Madurai,Tamil Nadu|Madurai,Tamil Nadu|Madurai,,Tamil Nadu|Madurai,
JEYAN HOSPITAL,Tamil Nadu,MADURAI,Madurai,Tier 2B,No,Yes,No,Yes,No,Tamil Nadu|Tier 2B,Tamil Nadu|Madurai,,Tamil Nadu|Madurai,,Tamil Nadu|Madurai,
PRITEM MULTISPECIALITY HOSPITAL LLP,Tamil Nadu,MADURAI,Madurai,Tier 2B,No,No,No,Yes,Yes,Tamil Nadu|Tier 2B,Tamil Nadu|Madurai,,,,Tamil Nadu|Madurai,Tamil Nadu|Madurai
KOKILA SIDDHA HOSPITAL AND RESEARCH CENTRE,Tamil Nadu,MADURAI,Madurai,Tier 2B,Yes,Yes,Yes,Yes,Yes,Tamil Nadu|Tier 2B,Tamil Nadu|Madurai,Tamil Nadu|Madurai,Tamil Nadu|Madurai,Tamil Nadu|Madurai,Tamil Nadu|Madurai,Tamil Nadu|Madurai
KOKILA SIDDHA HOSPITAL AND RESEARCH CENTRE,Tamil Nadu,MADURAI,Madurai,Tier 2B,Yes,Yes,Yes,Yes,Yes,Tamil Nadu|Tier 2B,Tamil Nadu|Madurai,Tamil Nadu|Madurai,Tamil Nadu|Madurai,Tamil Nadu|Madurai,Tamil Nadu|Madurai,Tamil Nadu|Madurai
Jeeva Janki Hospital,Tamil Nadu,Madurai,Madurai,Tier 2B,Yes,Yes,No,Yes,No,Tamil Nadu|Tier 2B,Tamil Nadu|Madurai,Tamil Nadu|Madurai,Tamil Nadu|Madurai,,Tamil Nadu|Madurai,
Lily mission hospital,Tamil Nadu,MADURAI,Madurai,Tier 2B,No,No,No,Yes,Yes,Tamil Nadu|Tier 2B,Tamil Nadu|Madurai,,,,Tamil Nadu|Madurai,Tamil Nadu|Madurai
SRI PALANI PARVATHY HOSPITAL,Tamil Nadu,MADURAI,Madurai,Tier 2B,No,No,No,Yes,Yes,Tamil Nadu|Tier 2B,Tamil Nadu|Madurai,,,,Tamil Nadu|Madurai,Tamil Nadu|Madurai
SIVA JOTHI NURSING HOME,Tamil Nadu,MADURAI,Madurai,Tier 2B,No,No,No,No,Yes,Tamil Nadu|Tier 2B,Tamil Nadu|Madurai,,,,,Tamil Nadu|Madurai
DR. ANIL KUMAR EYE HOSPITAL PRIVATE LIMITED,Tamil Nadu,MADURAI,Madurai,Tier 2B,No,No,Yes,No,No,Tamil Nadu|Tier 2B,Tamil Nadu|Madurai,,,Tamil Nadu|Madurai,,
MADURAI SIVAKASI NADAR URAVINMURAI HOSPITAL,Tamil Nadu,MADURAI,Madurai,Tier 2B,No,No,No,Yes,Yes,Tamil Nadu|Tier 2B,Tamil Nadu|Madurai,,,,Tamil Nadu|Madurai,Tamil Nadu|Madurai
Priyan Hospital,Tamil Nadu,Madurai 625020,Madurai,Tier 2B,Yes,No,No,Yes,No,Tamil Nadu|Tier 2B,Tamil Nadu|Madurai,Tamil Nadu|Madurai,,,Tamil Nadu|Madurai,
Sri Dharmasthala Manjunatha Hospital,Karnataka,Magadi,Magadi,Tier 3,No,Yes,Yes,No,Yes,Karnataka|Tier 3,Karnataka|Magadi,,Karnataka|Magadi,Karnataka|Magadi,,Karnataka|Magadi
PONUGOTI HOSPITAL,Telangana,MAHABUBABAD,Mahabubabad,Tier 3,No,No,No,Yes,No,Telangana|Tier 3,Telangana|Mahabubabad,,,,Telangana|Mahabubabad,
MYTHRI MULTI SPECIALITY HOSPITAL,Telangana,MAHABUBNAGAR,Mahabubnagar,Tier 3,Yes,No,No,Yes,No,Telangana|Tier 3,Telangana|Mahabubnagar,Telangana|Mahabubnagar,,,Telangana|Mahabubnagar,
SVS MEDICAL COLLEGE HOSPITAL,Telangana,MAHABUBNAGAR,Mahabubnagar,Tier 3,Yes,Yes,Yes,Yes,Yes,Telangana|Tier 3,Telangana|Mahabubnagar,Telangana|Mahabubnagar,Telangana|Mahabubnagar,Telangana|Mahabubnagar,Telangana|Mahabubnagar,Telangana|Mahabubnagar
Sukale Nursing Home,Maharashtra,Mahad,Mahad,Tier 3,No,No,No,Yes,No,Maharashtra|Tier 3,Maharashtra|Mahad,,,,Maharashtra|Mahad,
SHRINIVAS NURSING HOME,Karnataka,Mahalingpur,Mahalingpur,Tier 3,No,No,No,Yes,Yes,Karnataka|Tier 3,Karnataka|Mahalingpur,,,,Karnataka|Mahalingpur,Karnataka|Mahalingpur
Abhayaprada Super Speciality Hospital,Telangana,MAHBUB NAGAR,Mahbub Nagar,Tier 3,Yes,No,Yes,Yes,Yes,Telangana|Tier 3,Telangana|Mahbub Nagar,Telangana|Mahbub Nagar,,Telangana|Mahbub Nagar,Telangana|Mahbub Nagar,Telangana|Mahbub Nagar
Dahiya Multispeciality Hospital,Haryana,mahendergarh,Mahendergarh,Tier 3,No,No,No,Yes,No,Haryana|Tier 3,Haryana|Mahendergarh,,,,Haryana|Mahendergarh,
Vinayak Hospital,Haryana,Mahendergarh,Mahendergarh,Tier 3,No,No,No,Yes,Yes,Haryana|Tier 3,Haryana|Mahendergarh,,,,Haryana|Mahendergarh,Haryana|Mahendergarh
MEDICALMULTIANDTRUAMAHOSPITAL,Madhya Pradesh,MAIHAR,Maihar,Tier 3,No,Yes,Yes,Yes,Yes,Madhya Pradesh|Tier 3,Madhya Pradesh|Maihar,,Madhya Pradesh|Maihar,Madhya Pradesh|Maihar,Madhya Pradesh|Maihar,Madhya Pradesh|Maihar
Mauli Netralaya And Dental Clinic,Maharashtra,MAJALGOAN,Majalgoan,Tier 3,No,No,Yes,No,No,Maharashtra|Tier 3,Maharashtra|Majalgoan,,,Maharashtra|Majalgoan,,
MEENA EYE HOSPITAL & RESEARCH CENTRE,Maharashtra,Malad - West,Malad West,Tier 3,No,No,Yes,No,No,Maharashtra|Tier 3,Maharashtra|Malad West,,,Maharashtra|Malad West,,
al afiya medical centre,Kerala,MALAPPURAM,Malappuram,Tier 2B,No,No,No,Yes,No,Kerala|Tier 2B,Kerala|Malappuram,,,,Kerala|Malappuram,
ILAJ AYUR HERITAGE LLP,Kerala,MALAPPURAM,Malappuram,Tier 2B,No,No,No,No,No,Kerala|Tier 2B,Kerala|Malappuram,,,,,
Al Abeer Hospitals Pvt. Ltd,Kerala,MALAPPURAM,Malappuram,Tier 2B,Yes,No,No,Yes,No,Kerala|Tier 2B,Kerala|Malappuram,Kerala|Malappuram,,,Kerala|Malappuram,
ITEES Eye Hospital run by RAML Healthcare Associates LLP,Kerala,Malappuram,Malappuram,Tier 2B,No,No,Yes,No,No,Kerala|Tier 2B,Kerala|Malappuram,,,Kerala|Malappuram,,
Angel Nursing Home - Polyclinic And Diagnostic Centre,West Bengal,Malda,Malda,Tier 3,Yes,Yes,No,Yes,No,West Bengal|Tier 3,West Bengal|Malda,West Bengal|Malda,West Bengal|Malda,,West Bengal|Malda,
GOUR NURSING HOME,West Bengal,MALDA,Malda,Tier 3,Yes,Yes,Yes,Yes,Yes,West Bengal|Tier 3,West Bengal|Malda,West Bengal|Malda,West Bengal|Malda,West Bengal|Malda,West Bengal|Malda,West Bengal|Malda
SRI SRI THAKUR SITARAMDAS OMKARNATH CHARITABLE TRUST,West Bengal,MALDA,Malda,Tier 3,No,No,Yes,No,No,West Bengal|Tier 3,West Bengal|Malda,,,West Bengal|Malda,,
JANASEVA HEALTH CLINIC AND NURSING HOME,West Bengal,MALDA,Malda,Tier 3,No,Yes,No,Yes,No,West Bengal|Tier 3,West Bengal|Malda,,West Bengal|Malda,,West Bengal|Malda,
EDEN HEALTH POINT NURSING HOME & DIAGNOSTIC CENTRE,West Bengal,MALDA,Malda,Tier 3,No,Yes,No,Yes,Yes,West Bengal|Tier 3,West Bengal|Malda,,West Bengal|Malda,,West Bengal|Malda,West Bengal|Malda
Deblakshmi Health Care Pvt. Ltd,West Bengal,MALDA,Malda,Tier 3,Yes,No,Yes,Yes,Yes,West Bengal|Tier 3,West Bengal|Malda,West Bengal|Malda,,West Bengal|Malda,West Bengal|Malda,West Bengal|Malda
Square Nursing Home Private Limited,West Bengal,Malda,Malda,Tier 3,Yes,Yes,No,Yes,Yes,West Bengal|Tier 3,West Bengal|Malda,West Bengal|Malda,West Bengal|Malda,,West Bengal|Malda,West Bengal|Malda
Heart and soul super speciality hospital,Maharashtra,MALEGAON,Malegaon,Tier 3,Yes,Yes,No,No,No,Maharashtra|Tier 3,Maharashtra|Malegaon,Maharashtra|Malegaon,Maharashtra|Malegaon,,,
BIRRINGHOSPITAL,Punjab,MALERKOTLA,Malerkotla,Tier 3,No,No,No,Yes,No,Punjab|Tier 3,Punjab|Malerkotla,,,,Punjab|Malerkotla,
GULZAR HOSPITAL,Punjab,MALERKOTLA,Malerkotla,Tier 3,No,No,No,No,No,Punjab|Tier 3,Punjab|Malerkotla,,,,,
SOOD HOSPITAL,Punjab,MALERKOTLA,Malerkotla,Tier 3,No,No,No,Yes,No,Punjab|Tier 3,Punjab|Malerkotla,,,,Punjab|Malerkotla,
ARNAV NETRALAY,Maharashtra,MALKAPUR,Malkapur,Tier 3,No,No,Yes,No,No,Maharashtra|Tier 3,Maharashtra|Malkapur,,,Maharashtra|Malkapur,,
SEVEN CITY HOSPITAL,Maharashtra,MANCHAR,Manchar,Tier 3,Yes,Yes,No,Yes,No,Maharashtra|Tier 3,Maharashtra|Manchar,Maharashtra|Manchar,Maharashtra|Manchar,,Maharashtra|Manchar,
"Dr. Londhe Children""s Hospital",Maharashtra,MANCHAR,Manchar,Tier 3,No,No,No,No,Yes,Maharashtra|Tier 3,Maharashtra|Manchar,,,,,Maharashtra|Manchar
AROGYA HOSPITAL,Telangana,Mancherial,Mancherial,Tier 3,No,No,No,Yes,No,Telangana|Tier 3,Telangana|Mancherial,,,,Telangana|Mancherial,
sridhar gastro and laparoscopy hospital,Telangana,MANCHERIAL,Mancherial,Tier 3,No,Yes,No,No,No,Telangana|Tier 3,Telangana|Mancherial,,Telangana|Mancherial,,,
PALLAWI HOSPITAL,Telangana,MANCHERIAL,Mancherial,Tier 3,No,No,Yes,No,No,Telangana|Tier 3,Telangana|Mancherial,,,Telangana|Mancherial,,
Medi Care Multi Speciality Hospital,Telangana,Mancherial,Mancherial,Tier 3,No,No,No,Yes,No,Telangana|Tier 3,Telangana|Mancherial,,,,Telangana|Mancherial,
SHANTI MADAN MEMORIAL HOSPITAL,Himachal Pradesh,Mandi,Mandi,Tier 3,No,Yes,No,Yes,Yes,Himachal Pradesh|Tier 3,Himachal Pradesh|Mandi,,Himachal Pradesh|Mandi,,Himachal Pradesh|Mandi,Himachal Pradesh|Mandi
JAI BALA JI MULTISPECIALITY HOSPITAL,Haryana,MANDI DABWALI,Mandi Dabwali,Tier 3,No,No,No,Yes,No,Haryana|Tier 3,Haryana|Mandi Dabwali,,,,Haryana|Mandi Dabwali,
GURU AMARDASS MULTISPECIALITY HOSPITAL,Punjab,MANDI GOBINDGARH,Mandi Gobindgarh,Tier 3,No,No,Yes,Yes,No,Punjab|Tier 3,Punjab|Mandi Gobindgarh,,,Punjab|Mandi Gobindgarh,Punjab|Mandi Gobindgarh,
DR DV NEHRA HEALTHCARE AND RESEARCH CENTRE,Rajasthan,Mandrella,Mandrella,Tier 3,No,No,No,No,No,Rajasthan|Tier 3,Rajasthan|Mandrella,,,,,
Shree Ram Mohan Critical Care & Multispeciality Hospital,Madhya Pradesh,Mandsaur,Mandsaur,Tier 3,Yes,No,No,Yes,No,Madhya Pradesh|Tier 3,Madhya Pradesh|Mandsaur,Madhya Pradesh|Mandsaur,,,Madhya Pradesh|Mandsaur,
PATIDAR ORTHOPAEDIC CENTER AND MULTISPECIALITY HOSPITAL,Madhya Pradesh,MANDSAUR,Mandsaur,Tier 3,No,No,No,Yes,No,Madhya Pradesh|Tier 3,Madhya Pradesh|Mandsaur,,,,Madhya Pradesh|Mandsaur,
JNSMPOLYCLINIC CUM DIAGNOSTIC CENTRE,Assam,MANGALDAI,Mangaldai,Tier 3,No,Yes,No,Yes,Yes,Assam|Tier 3,Assam|Mangaldai,,Assam|Mangaldai,,Assam|Mangaldai,Assam|Mangaldai
Nadgeri Hospital,Maharashtra,Mangalvedha,Mangalvedha,Tier 3,No,Yes,No,Yes,Yes,Maharashtra|Tier 3,Maharashtra|Mangalvedha,,Maharashtra|Mangalvedha,,Maharashtra|Mangalvedha,Maharashtra|Mangalvedha
dr ravindra naikwadi  multispecilty hospital mangalwedha,Maharashtra,mangalweha,Mangalweha,Tier 3,Yes,Yes,Yes,Yes,Yes,Maharashtra|Tier 3,Maharashtra|Mangalweha,Maharashtra|Mangalweha,Maharashtra|Mangalweha,Maharashtra|Mangalweha,Maharashtra|Mangalweha,Maharashtra|Mangalweha
DR. VAIDYA EYE HOSPITAL,Maharashtra,MANGAON,Mangaon,Tier 3,No,No,Yes,No,No,Maharashtra|Tier 3,Maharashtra|Mangaon,,,Maharashtra|Mangaon,,
DR.SHAJID'S ADVANCED ENT HEAD AND NECK CENTRE,Kerala,MANJERI,Manjeri,Tier 3,No,No,No,No,No,Kerala|Tier 3,Kerala|Manjeri,,,,,
DR PARSHOTAM GOYAL SKING AND EYE CLINIC,Punjab,MANSA,Mansa,Tier 3,No,No,No,No,No,Punjab|Tier 3,Punjab|Mansa,,,,,
Love Gastro & Liver Superspeciality Hospital,Punjab,MANSA,Mansa,Tier 3,No,No,No,No,No,Punjab|Tier 3,Punjab|Mansa,,,,,
Dr Atma Ram Eye & General Hospital,Punjab,MANSA,Mansa,Tier 3,No,No,Yes,No,No,Punjab|Tier 3,Punjab|Mansa,,,Punjab|Mansa,,
BNR HOSPITAL,Tamil Nadu,MATHIGIRI,Mathigiri,Tier 3,Yes,No,Yes,Yes,No,Tamil Nadu|Tier 3,Tamil Nadu|Mathigiri,Tamil Nadu|Mathigiri,,Tamil Nadu|Mathigiri,Tamil Nadu|Mathigiri,
S S CHAUDHARY HOSPITAL,Uttar Pradesh,MATHURA,Mathura,Tier 3,Yes,No,Yes,Yes,Yes,Uttar Pradesh|Tier 3,Uttar Pradesh|Mathura,Uttar Pradesh|Mathura,,Uttar Pradesh|Mathura,Uttar Pradesh|Mathura,Uttar Pradesh|Mathura
MAURYA HOSPITAL & TRAUMA CENTRE,Uttar Pradesh,MATHURA,Mathura,Tier 3,No,No,Yes,Yes,No,Uttar Pradesh|Tier 3,Uttar Pradesh|Mathura,,,Uttar Pradesh|Mathura,Uttar Pradesh|Mathura,
RMEYE CENTRE PRIVATE LIMITED,Uttar Pradesh,MATHURA,Mathura,Tier 3,No,No,Yes,No,No,Uttar Pradesh|Tier 3,Uttar Pradesh|Mathura,,,Uttar Pradesh|Mathura,,
Amar Healthcare,Uttar Pradesh,Mathura,Mathura,Tier 3,Yes,No,No,No,No,Uttar Pradesh|Tier 3,Uttar Pradesh|Mathura,Uttar Pradesh|Mathura,,,,
NEELAM HEALTH CARE,Uttar Pradesh,MATHURA,Mathura,Tier 3,No,No,No,Yes,No,Uttar Pradesh|Tier 3,Uttar Pradesh|Mathura,,,,Uttar Pradesh|Mathura,
MITHLESH SUPER SPECIALITY HOSPITAL,Uttar Pradesh,MATHURA,Mathura,Tier 3,Yes,No,No,Yes,Yes,Uttar Pradesh|Tier 3,Uttar Pradesh|Mathura,Uttar Pradesh|Mathura,,,Uttar Pradesh|Mathura,Uttar Pradesh|Mathura
Dr Megha Chaudhary Memorial Bhaskar Hospital,Uttar Pradesh,Mathura,Mathura,Tier 3,No,No,No,Yes,No,Uttar Pradesh|Tier 3,Uttar Pradesh|Mathura,,,,Uttar Pradesh|Mathura,
Kalyanam Karoti Eye Institute,Uttar Pradesh,Mathura,Mathura,Tier 3,No,No,Yes,No,No,Uttar Pradesh|Tier 3,Uttar Pradesh|Mathura,,,Uttar Pradesh|Mathura,,
vipin nursing home,Uttar Pradesh,Mathura,Mathura,Tier 3,Yes,Yes,No,No,No,Uttar Pradesh|Tier 3,Uttar Pradesh|Mathura,Uttar Pradesh|Mathura,Uttar Pradesh|Mathura,,,
SWASTIK EYE AND DENTAL CARE SAHADATPURA MAU,Uttar Pradesh,MAU,Mau,Tier 3,No,No,Yes,No,No,Uttar Pradesh|Tier 3,Uttar Pradesh|Mau,,,Uttar Pradesh|Mau,,
PRECISE EYE CARE HOSPITAL,Kerala,MAVELIKARA,Mavelikara,Tier 3,No,No,Yes,No,No,Kerala|Tier 3,Kerala|Mavelikara,,,Kerala|Mavelikara,,
JOSCO MULTI SPECIALITY HOSPITAL,Kerala,Mavelikkara,Mavelikkara,Tier 3,Yes,No,Yes,Yes,Yes,Kerala|Tier 3,Kerala|Mavelikkara,Kerala|Mavelikkara,,Kerala|Mavelikkara,Kerala|Mavelikkara,Kerala|Mavelikkara
DANS HOSPITAL,Uttar Pradesh,MAWANA,Mawana,Tier 3,No,No,No,Yes,No,Uttar Pradesh|Tier 3,Uttar Pradesh|Mawana,,,,Uttar Pradesh|Mawana,
DISHA EYE HOSPITALS PVT LTD,West Bengal,MECHEDA,Mecheda,Tier 3,No,No,Yes,No,No,West Bengal|Tier 3,West Bengal|Mecheda,,,West Bengal|Mecheda,,
Divine Nursing Home and Diagnostic Center,West Bengal,Mechogram,Mechogram,Tier 3,No,Yes,No,Yes,No,West Bengal|Tier 3,West Bengal|Mechogram,,West Bengal|Mechogram,,West Bengal|Mechogram,
LIFECARE NURSING HOME,Telangana,medak,Medak,Tier 3,Yes,No,No,Yes,No,Telangana|Tier 3,Telangana|Medak,Telangana|Medak,,,Telangana|Medak,
Samprada Mutispeciality Hospital,Telangana,Medchal,Hyderabad,Tier 1,Yes,No,No,Yes,Yes,Telangana|Tier 1,Telangana|Hyderabad,Telangana|Hyderabad,,,Telangana|Hyderabad,Telangana|Hyderabad
GANA SREE SAI (GSS) MULTISPECIALITY HOSPITAL,Telangana,MEDCHAL,Hyderabad,Tier 1,Yes,No,No,Yes,No,Telangana|Tier 1,Telangana|Hyderabad,Telangana|Hyderabad,,,Telangana|Hyderabad,
SRI SAI HOSPITAL,Telangana,MEDCHAL,Hyderabad,Tier 1,No,No,No,Yes,No,Telangana|Tier 1,Telangana|Hyderabad,,,,Telangana|Hyderabad,
OXYVISION LASER EYE HOSPITAL,Telangana,MEDCHAL,Hyderabad,Tier 1,No,No,Yes,No,No,Telangana|Tier 1,Telangana|Hyderabad,,,Telangana|Hyderabad,,
SWAJAN HOSPITAL,Telangana,MEDCHAL,Hyderabad,Tier 1,No,No,No,Yes,No,Telangana|Tier 1,Telangana|Hyderabad,,,,Telangana|Hyderabad,
REVIVE PLUS MULTISPECIALITY HOSPITAL,Telangana,MEDCHAL MALKAJGIRI,Hyderabad,Tier 1,Yes,Yes,No,Yes,Yes,Telangana|Tier 1,Telangana|Hyderabad,Telangana|Hyderabad,Telangana|Hyderabad,,Telangana|Hyderabad,Telangana|Hyderabad
JAITRA MULTISPECIALITY HOSPITAL,Telangana,Medchal Malkajgiri Dist,Hyderabad,Tier 1,No,No,No,Yes,No,Telangana|Tier 1,Telangana|Hyderabad,,,,Telangana|Hyderabad,
RNC Hospitals A unit of Rishideep healthcare Pvt Ltd,Telangana,Medchal-Malkajgiri Dist.,Hyderabad,Tier 1,Yes,Yes,No,Yes,No,Telangana|Tier 1,Telangana|Hyderabad,Telangana|Hyderabad,Telangana|Hyderabad,,Telangana|Hyderabad,
Hari Priya Heart and Eye care Centre.,Uttar Pradesh,MEERUT,Meerut,Tier 2B,Yes,No,Yes,No,No,Uttar Pradesh|Tier 2B,Uttar Pradesh|Meerut,Uttar Pradesh|Meerut,,Uttar Pradesh|Meerut,,
NEW GREEN MULTISPECIALITY HOSPITAL,Uttar Pradesh,MEERUT,Meerut,Tier 2B,No,No,Yes,Yes,Yes,Uttar Pradesh|Tier 2B,Uttar Pradesh|Meerut,,,Uttar Pradesh|Meerut,Uttar Pradesh|Meerut,Uttar Pradesh|Meerut
J K Hospital,Uttar Pradesh,MEERUT,Meerut,Tier 2B,Yes,No,No,Yes,No,Uttar Pradesh|Tier 2B,Uttar Pradesh|Meerut,Uttar Pradesh|Meerut,,,Uttar Pradesh|Meerut,
ALFA HEALTH CARE,Uttar Pradesh,MEERUT,Meerut,Tier 2B,Yes,No,No,Yes,No,Uttar Pradesh|Tier 2B,Uttar Pradesh|Meerut,Uttar Pradesh|Meerut,,,Uttar Pradesh|Meerut,
UPHAR HOSPITAL,Uttar Pradesh,MEERUT,Meerut,Tier 2B,No,Yes,No,Yes,Yes,Uttar Pradesh|Tier 2B,Uttar Pradesh|Meerut,,Uttar Pradesh|Meerut,,Uttar Pradesh|Meerut,Uttar Pradesh|Meerut
SHIVAJI EYE CENTRE,Uttar Pradesh,MEERUT,Meerut,Tier 2B,No,No,Yes,No,No,Uttar Pradesh|Tier 2B,Uttar Pradesh|Meerut,,,Uttar Pradesh|Meerut,,
Manaktala Eye and Maternity Home,Uttar Pradesh,Meerut,Meerut,Tier 2B,No,No,Yes,No,No,Uttar Pradesh|Tier 2B,Uttar Pradesh|Meerut,,,Uttar Pradesh|Meerut,,
mediverve hospital,Uttar Pradesh,MEERUT,Meerut,Tier 2B,No,No,No,Yes,No,Uttar Pradesh|Tier 2B,Uttar Pradesh|Meerut,,,,Uttar Pradesh|Meerut,
SHUBHKAMNA HOSPITAL,Uttar Pradesh,MEERUT,Meerut,Tier 2B,No,No,No,Yes,Yes,Uttar Pradesh|Tier 2B,Uttar Pradesh|Meerut,,,,Uttar Pradesh|Meerut,Uttar Pradesh|Meerut
ARNAV NURSING HOME,Uttar Pradesh,MEERUT,Meerut,Tier 2B,Yes,Yes,Yes,Yes,No,Uttar Pradesh|Tier 2B,Uttar Pradesh|Meerut,Uttar Pradesh|Meerut,Uttar Pradesh|Meerut,Uttar Pradesh|Meerut,Uttar Pradesh|Meerut,
Sangeeta nursing home and maternity center,Uttar Pradesh,meerut,Meerut,Tier 2B,No,No,No,Yes,No,Uttar Pradesh|Tier 2B,Uttar Pradesh|Meerut,,,,Uttar Pradesh|Meerut,
Jeevan Prakash Hospital,Uttar Pradesh,Meerut,Meerut,Tier 2B,Yes,No,No,Yes,Yes,Uttar Pradesh|Tier 2B,Uttar Pradesh|Meerut,Uttar Pradesh|Meerut,,,Uttar Pradesh|Meerut,Uttar Pradesh|Meerut
ANJANEYA SUPERSPECIALITY HOSPITAL AND NEURO CENTRE,Uttar Pradesh,MEERUT,Meerut,Tier 2B,Yes,No,Yes,Yes,No,Uttar Pradesh|Tier 2B,Uttar Pradesh|Meerut,Uttar Pradesh|Meerut,,Uttar Pradesh|Meerut,Uttar Pradesh|Meerut,
VIMAL SHREE HOSPITAL,Uttar Pradesh,MEERUT,Meerut,Tier 2B,No,No,No,Yes,No,Uttar Pradesh|Tier 2B,Uttar Pradesh|Meerut,,,,Uttar Pradesh|Meerut,
PRAGATI HOSPITAL,Haryana,MEHAM (ROHTAK),Meham Rohtak,Tier 3,No,Yes,No,Yes,No,Haryana|Tier 3,Haryana|Meham Rohtak,,Haryana|Meham Rohtak,,Haryana|Meham Rohtak,
AVHALE HOSPITAL AND PRASTUTI GRUHA,Maharashtra,MEHKAR,Mehkar,Tier 3,No,Yes,No,Yes,No,Maharashtra|Tier 3,Maharashtra|Mehkar,,Maharashtra|Mehkar,,Maharashtra|Mehkar,
ABHAY ORTHOPAEDIC HOSPITAL,Gujarat,MEHSANA,Mehsana,Tier 3,No,No,No,No,No,Gujarat|Tier 3,Gujarat|Mehsana,,,,,
MEHSANA AAYUSH HOSPITAL LLP,Gujarat,MEHSANA,Mehsana,Tier 3,No,No,No,Yes,Yes,Gujarat|Tier 3,Gujarat|Mehsana,,,,Gujarat|Mehsana,Gujarat|Mehsana
VINAYAK ROOP HOSPITAL,Rajasthan,MERTA CITY,Merta,Tier 3,No,No,No,No,No,Rajasthan|Tier 3,Rajasthan|Merta,,,,,
CHARBHUJA HOSPITAL,Rajasthan,MERTA CITY,Merta,Tier 3,Yes,No,No,Yes,Yes,Rajasthan|Tier 3,Rajasthan|Merta,Rajasthan|Merta,,,Rajasthan|Merta,Rajasthan|Merta
SAIHADYA HOSPITAL,Telangana,METPALLY,Metpally,Tier 3,No,No,No,Yes,No,Telangana|Tier 3,Telangana|Metpally,,,,Telangana|Metpally,
NARAYANI NURSING HOME,West Bengal,MIDNAPORE,Midnapore,Tier 3,Yes,No,No,Yes,Yes,West Bengal|Tier 3,West Bengal|Midnapore,West Bengal|Midnapore,,,West Bengal|Midnapore,West Bengal|Midnapore
MOTHER NURSING HOME & DIAGNOSTIC CENTRE,West Bengal,MIDNAPUR,Midnapur,Tier 3,No,Yes,Yes,Yes,Yes,West Bengal|Tier 3,West Bengal|Midnapur,,West Bengal|Midnapur,West Bengal|Midnapur,West Bengal|Midnapur,West Bengal|Midnapur
NEW MANAS HOSPITAL,Maharashtra,MIRA  ROAD  DIST - THANE,Mira Road,Tier 3,Yes,Yes,No,Yes,Yes,Maharashtra|Tier 3,Maharashtra|Mira Road,Maharashtra|Mira Road,Maharashtra|Mira Road,,Maharashtra|Mira Road,Maharashtra|Mira Road
COLORS CHILDREN HOSPITAL,Maharashtra,MIRA ROAD EAST,Mira Road,Tier 3,No,No,No,No,No,Maharashtra|Tier 3,Maharashtra|Mira Road,,,,,
SAI AASHIRWAD HOSPITAL,Maharashtra,MIRA ROAD EAST,Mira Road,Tier 3,No,Yes,No,No,No,Maharashtra|Tier 3,Maharashtra|Mira Road,,Maharashtra|Mira Road,,,
SEVASADAN LIFELINE PRIVATE LTD,Maharashtra,Miraj,Miraj,Tier 3,Yes,Yes,Yes,Yes,Yes,Maharashtra|Tier 3,Maharashtra|Miraj,Maharashtra|Miraj,Maharashtra|Miraj,Maharashtra|Miraj,Maharashtra|Miraj,Maharashtra|Miraj
KUMBHAR ACCIDENT & ORTHOPEDIC HOSPITAL,Maharashtra,MIRAJ,Miraj,Tier 3,No,No,No,No,No,Maharashtra|Tier 3,Maharashtra|Miraj,,,,,
UNIQUE INSTITUTE OF CRITICAL CARE LLP,Maharashtra,Miraj Sangli,Miraj Sangli,Tier 3,Yes,No,No,Yes,No,Maharashtra|Tier 3,Maharashtra|Miraj Sangli,Maharashtra|Miraj Sangli,,,Maharashtra|Miraj Sangli,
THE LIFE HOSPITAL AND MEDICAL INSTITUTE,Uttar Pradesh,MIRZAPUR,Mirzapur,Tier 3,No,No,No,Yes,No,Uttar Pradesh|Tier 3,Uttar Pradesh|Mirzapur,,,,Uttar Pradesh|Mirzapur,
RAMKRISHNA SEWASHRAM HOSPITAL,Uttar Pradesh,MIRZAPUR,Mirzapur,Tier 3,No,No,Yes,Yes,No,Uttar Pradesh|Tier 3,Uttar Pradesh|Mirzapur,,,Uttar Pradesh|Mirzapur,Uttar Pradesh|Mirzapur,
SWADHA WOMENS HOSPITAL,Gujarat,MODASA,Modasa,Tier 3,No,No,No,Yes,No,Gujarat|Tier 3,Gujarat|Modasa,,,,Gujarat|Modasa,
PARAS HOSPITAL,Uttar Pradesh,Modinagar,Modinagar,Tier 3,No,No,Yes,Yes,No,Uttar Pradesh|Tier 3,Uttar Pradesh|Modinagar,,,Uttar Pradesh|Modinagar,Uttar Pradesh|Modinagar,
DR. HARSH VARDHAN MEMORIAL CLINIC,Uttar Pradesh,MODINAGAR,Modinagar,Tier 3,No,No,Yes,No,No,Uttar Pradesh|Tier 3,Uttar Pradesh|Modinagar,,,Uttar Pradesh|Modinagar,,
Deepak heart centre,Punjab,moga,Moga,Tier 3,Yes,No,No,No,No,Punjab|Tier 3,Punjab|Moga,Punjab|Moga,,,,
Goyal Hospital,Punjab,MOGA,Moga,Tier 3,No,No,No,No,Yes,Punjab|Tier 3,Punjab|Moga,,,,,Punjab|Moga
GARG HOSPITAL,Punjab,MOGA,Moga,Tier 3,Yes,Yes,No,No,Yes,Punjab|Tier 3,Punjab|Moga,Punjab|Moga,Punjab|Moga,,,Punjab|Moga
Gill Eye Hospital,Punjab,moga,Moga,Tier 3,No,No,Yes,No,No,Punjab|Tier 3,Punjab|Moga,,,Punjab|Moga,,
MANABIK NURSING HOME,West Bengal,MOGRA,Mogra,Tier 3,No,No,No,Yes,Yes,West Bengal|Tier 3,West Bengal|Mogra,,,,West Bengal|Mogra,West Bengal|Mogra
ROTARY HOOGHLY EYE HOSPITAL,West Bengal,MOGRA,Mogra,Tier 3,No,No,Yes,No,No,West Bengal|Tier 3,West Bengal|Mogra,,,West Bengal|Mogra,,
ND CARE NIROGAM PVT LTD,Punjab,Mohali,Mohali,Tier 2B,No,No,No,No,No,Punjab|Tier 2B,Punjab|Mohali,,,,,
YOGIS AYURVEDA PANCHKARMA WELLNESS CENTRE,Punjab,MOHALI,Mohali,Tier 2B,No,No,No,No,No,Punjab|Tier 2B,Punjab|Mohali,,,,,
Nidanam Wellness,Punjab,Mohali,Mohali,Tier 2B,No,No,No,No,No,Punjab|Tier 2B,Punjab|Mohali,,,,,
DR JYOTI'S HOSPITAL,Punjab,MOHALI,Mohali,Tier 2B,No,No,Yes,No,No,Punjab|Tier 2B,Punjab|Mohali,,,Punjab|Mohali,,
HASRAT MULTISPECIALITY HOSPITAL,Punjab,MOHALI,Mohali,Tier 2B,No,No,Yes,Yes,Yes,Punjab|Tier 2B,Punjab|Mohali,,,Punjab|Mohali,Punjab|Mohali,Punjab|Mohali
Modern Multispeciality Hospital,Uttar Pradesh,Moradabad,Moradabad,Tier 2B,No,Yes,No,Yes,Yes,Uttar Pradesh|Tier 2B,Uttar Pradesh|Moradabad,,Uttar Pradesh|Moradabad,,Uttar Pradesh|Moradabad,Uttar Pradesh|Moradabad
GALAXY SURGICAL AND MATERNITY CENTER,Uttar Pradesh,Moradabad,Moradabad,Tier 2B,No,No,No,Yes,Yes,Uttar Pradesh|Tier 2B,Uttar Pradesh|Moradabad,,,,Uttar Pradesh|Moradabad,Uttar Pradesh|Moradabad
PHOTON HOSPITAL UNIT OF MAHK HEALTH CARE PRIVATE LIMITED,Uttar Pradesh,MORADABAD,Moradabad,Tier 2B,Yes,No,No,Yes,Yes,Uttar Pradesh|Tier 2B,Uttar Pradesh|Moradabad,Uttar Pradesh|Moradabad,,,Uttar Pradesh|Moradabad,Uttar Pradesh|Moradabad
United Hospital,Uttar Pradesh,Moradabad,Moradabad,Tier 2B,No,No,Yes,Yes,No,Uttar Pradesh|Tier 2B,Uttar Pradesh|Moradabad,,,Uttar Pradesh|Moradabad,Uttar Pradesh|Moradabad,
BRAHMA NETRALAYA,Uttar Pradesh,MORADABAD,Moradabad,Tier 2B,No,No,Yes,No,No,Uttar Pradesh|Tier 2B,Uttar Pradesh|Moradabad,,,Uttar Pradesh|Moradabad,,
Shree IVF Care,Tamil Nadu,"Moratandi, Villupuram",Moratandi Villupuram,Tier 3,Yes,No,No,Yes,No,Tamil Nadu|Tier 3,Tamil Nadu|Moratandi Villupuram,Tamil Nadu|Moratandi Villupuram,,,Tamil Nadu|Moratandi Villupuram,
AAYUSH MULTISPECIALITY HOSPITAL,Gujarat,MORBI,Morbi,Tier 3,Yes,No,No,Yes,Yes,Gujarat|Tier 3,Gujarat|Morbi,Gujarat|Morbi,,,Gujarat|Morbi,Gujarat|Morbi
YASHODHA MULTI SPECIALITY HOSPITAL,Madhya Pradesh,MORENA,Morena,Tier 3,No,Yes,Yes,Yes,Yes,Madhya Pradesh|Tier 3,Madhya Pradesh|Morena,,Madhya Pradesh|Morena,Madhya Pradesh|Morena,Madhya Pradesh|Morena,Madhya Pradesh|Morena
AQUIL HEALTH CARE,Bihar,MOTIHARI,Motihari,Tier 3,Yes,No,No,Yes,Yes,Bihar|Tier 3,Bihar|Motihari,Bihar|Motihari,,,Bihar|Motihari,Bihar|Motihari
Sachi Hospital,Bihar,Motihari,Motihari,Tier 3,No,No,No,No,No,Bihar|Tier 3,Bihar|Motihari,,,,,
ARAADH MULTISPECIALY HOSPITAL,Punjab,Muktsar,Muktsar,Tier 3,No,No,No,No,No,Punjab|Tier 3,Punjab|Muktsar,,,,,
samarth eye care and laser center,Maharashtra,Mumbai,Mumbai,Tier 1,No,No,Yes,No,No,Maharashtra|Tier 1,Maharashtra|Mumbai,,,Maharashtra|Mumbai,,
New Snehadeep Eye Clinic,Maharashtra,MUMBAI,Mumbai,Tier 1,No,No,Yes,No,No,Maharashtra|Tier 1,Maharashtra|Mumbai,,,Maharashtra|Mumbai,,
AASTHA EYE HOSPITAL,Maharashtra,Mumbai,Mumbai,Tier 1,No,No,Yes,No,No,Maharashtra|Tier 1,Maharashtra|Mumbai,,,Maharashtra|Mumbai,,
SANGHVI EYE AND DIABETES CARE CENTRE,Maharashtra,MUMBAI,Mumbai,Tier 1,No,No,Yes,No,No,Maharashtra|Tier 1,Maharashtra|Mumbai,,,Maharashtra|Mumbai,,
CRYSTAL EYE HOSPITAL,Maharashtra,MUMBAI,Mumbai,Tier 1,No,No,Yes,No,No,Maharashtra|Tier 1,Maharashtra|Mumbai,,,Maharashtra|Mumbai,,
MILLAT HOSPTIAL,Maharashtra,MUMBAI,Mumbai,Tier 1,Yes,No,No,Yes,No,Maharashtra|Tier 1,Maharashtra|Mumbai,Maharashtra|Mumbai,,,Maharashtra|Mumbai,
OSWAL EYE CARE,Maharashtra,MUMBAI,Mumbai,Tier 1,No,No,Yes,No,No,Maharashtra|Tier 1,Maharashtra|Mumbai,,,Maharashtra|Mumbai,,
"INDIAN CANCER TREATMENT CENTRE (Managed by SKY ONCOLOGY LLP, Dadar) l",Maharashtra,MUMBAI,Mumbai,Tier 1,No,No,No,No,No,Maharashtra|Tier 1,Maharashtra|Mumbai,,,,,
Ayushman Hospital,Maharashtra,Mumbai,Mumbai,Tier 1,Yes,Yes,No,Yes,Yes,Maharashtra|Tier 1,Maharashtra|Mumbai,Maharashtra|Mumbai,Maharashtra|Mumbai,,Maharashtra|Mumbai,Maharashtra|Mumbai
SAMADHAN HEALTHCARE CENTRE,Maharashtra,MUMBAI,Mumbai,Tier 1,Yes,Yes,No,Yes,No,Maharashtra|Tier 1,Maharashtra|Mumbai,Maharashtra|Mumbai,Maharashtra|Mumbai,,Maharashtra|Mumbai,
Kripa Hospital,Maharashtra,MUMBAI,Mumbai,Tier 1,Yes,No,No,Yes,No,Maharashtra|Tier 1,Maharashtra|Mumbai,Maharashtra|Mumbai,,,Maharashtra|Mumbai,
JAIN EYE CLINIC,Maharashtra,MUMBAI,Mumbai,Tier 1,No,No,Yes,No,No,Maharashtra|Tier 1,Maharashtra|Mumbai,,,Maharashtra|Mumbai,,
ISHA EYE CARE PVT LTD DADAR,Maharashtra,MUMBAI,Mumbai,Tier 1,No,No,Yes,No,No,Maharashtra|Tier 1,Maharashtra|Mumbai,,,Maharashtra|Mumbai,,
NARENDRA HOSPITAL,Maharashtra,MUMBAI,Mumbai,Tier 1,Yes,No,No,No,No,Maharashtra|Tier 1,Maharashtra|Mumbai,Maharashtra|Mumbai,,,,
Matushree Maternity Surgical and General Nursing Home,Maharashtra,Mumbai,Mumbai,Tier 1,No,No,No,Yes,No,Maharashtra|Tier 1,Maharashtra|Mumbai,,,,Maharashtra|Mumbai,
Shantilal Shanghvi Eye Institute,Maharashtra,MUMBAI,Mumbai,Tier 1,No,No,Yes,No,No,Maharashtra|Tier 1,Maharashtra|Mumbai,,,Maharashtra|Mumbai,,
SHRI VENKATESH NURSING HOME,Maharashtra,MUMBAI,Mumbai,Tier 1,No,No,Yes,No,No,Maharashtra|Tier 1,Maharashtra|Mumbai,,,Maharashtra|Mumbai,,
ATLANTIS HOSPITAL LLP,Maharashtra,MUMBAI,Mumbai,Tier 1,Yes,Yes,No,Yes,No,Maharashtra|Tier 1,Maharashtra|Mumbai,Maharashtra|Mumbai,Maharashtra|Mumbai,,Maharashtra|Mumbai,
Shree Ramkrishna Netralaya,Maharashtra,MUMBAI,Mumbai,Tier 1,No,No,Yes,No,No,Maharashtra|Tier 1,Maharashtra|Mumbai,,,Maharashtra|Mumbai,,
OM NETRALAY AND OM POLYCLINIC,Maharashtra,Mumbai,Mumbai,Tier 1,No,No,Yes,No,No,Maharashtra|Tier 1,Maharashtra|Mumbai,,,Maharashtra|Mumbai,,
Habib Hospital,Maharashtra,Mumbai,Mumbai,Tier 1,Yes,Yes,Yes,Yes,Yes,Maharashtra|Tier 1,Maharashtra|Mumbai,Maharashtra|Mumbai,Maharashtra|Mumbai,Maharashtra|Mumbai,Maharashtra|Mumbai,Maharashtra|Mumbai
Aadhar Hospital,Maharashtra,MUMBAI,Mumbai,Tier 1,No,Yes,No,Yes,No,Maharashtra|Tier 1,Maharashtra|Mumbai,,Maharashtra|Mumbai,,Maharashtra|Mumbai,
Patel Eye Care,Maharashtra,Mumbai,Mumbai,Tier 1,No,No,Yes,No,No,Maharashtra|Tier 1,Maharashtra|Mumbai,,,Maharashtra|Mumbai,,
KJ CURE HOSPITAL,Maharashtra,Mumbai,Mumbai,Tier 1,No,No,No,No,No,Maharashtra|Tier 1,Maharashtra|Mumbai,,,,,
PATARIA HOSPITAL (A UNIT OF PATARIA HEALTHCARE PVT LTD.),Maharashtra,MUMBAI,Mumbai,Tier 1,No,Yes,No,Yes,No,Maharashtra|Tier 1,Maharashtra|Mumbai,,Maharashtra|Mumbai,,Maharashtra|Mumbai,
Ashtavinayak Hospital And Swami Samarth Health Clinic,Maharashtra,Mumbai,Mumbai,Tier 1,Yes,Yes,No,Yes,Yes,Maharashtra|Tier 1,Maharashtra|Mumbai,Maharashtra|Mumbai,Maharashtra|Mumbai,,Maharashtra|Mumbai,Maharashtra|Mumbai
PINNACLE HOSPITAL,Maharashtra,MUMBAI,Mumbai,Tier 1,No,Yes,No,Yes,No,Maharashtra|Tier 1,Maharashtra|Mumbai,,Maharashtra|Mumbai,,Maharashtra|Mumbai,
Shah Eyecare Centre,Maharashtra,MUMBAI,Mumbai,Tier 1,No,No,No,No,No,Maharashtra|Tier 1,Maharashtra|Mumbai,,,,,
Sumangal Hospital,Maharashtra,MUMBAI,Mumbai,Tier 1,Yes,Yes,Yes,No,No,Maharashtra|Tier 1,Maharashtra|Mumbai,Maharashtra|Mumbai,Maharashtra|Mumbai,Maharashtra|Mumbai,,
MANGAL MURTI HOSPITAL AND POLYCLINIC,Maharashtra,Mumbai,Mumbai,Tier 1,Yes,Yes,No,Yes,No,Maharashtra|Tier 1,Maharashtra|Mumbai,Maharashtra|Mumbai,Maharashtra|Mumbai,,Maharashtra|Mumbai,
DR. ZIKRUALLAH KHAN'S HABIB HOSPITAL PVT LTD,Maharashtra,MUMBAI,Mumbai,Tier 1,Yes,Yes,Yes,No,No,Maharashtra|Tier 1,Maharashtra|Mumbai,Maharashtra|Mumbai,Maharashtra|Mumbai,Maharashtra|Mumbai,,
FOCUS EYE CLINIC,Maharashtra,Mumbai,Mumbai,Tier 1,No,No,Yes,No,No,Maharashtra|Tier 1,Maharashtra|Mumbai,,,Maharashtra|Mumbai,,
AROHI EYE HOSPITAL,Maharashtra,MUMBAI,Mumbai,Tier 1,No,No,Yes,No,No,Maharashtra|Tier 1,Maharashtra|Mumbai,,,Maharashtra|Mumbai,,
ANANTA EYE CARE CENTRE,Maharashtra,MUMBAI,Mumbai,Tier 1,No,No,Yes,No,No,Maharashtra|Tier 1,Maharashtra|Mumbai,,,Maharashtra|Mumbai,,
SHAKUNTALA BHATIA NURSING HOME,Maharashtra,MUMBAI,Mumbai,Tier 1,No,No,No,Yes,No,Maharashtra|Tier 1,Maharashtra|Mumbai,,,,Maharashtra|Mumbai,
Netrajyoti Eyecare Centre,Maharashtra,Mumbai,Mumbai,Tier 1,No,No,Yes,No,No,Maharashtra|Tier 1,Maharashtra|Mumbai,,,Maharashtra|Mumbai,,
SWASTIK HOSPITAL AND RESEARCH CENTER,Maharashtra,MUMBAI,Mumbai,Tier 1,Yes,Yes,No,Yes,No,Maharashtra|Tier 1,Maharashtra|Mumbai,Maharashtra|Mumbai,Maharashtra|Mumbai,,Maharashtra|Mumbai,
ASHTAVINAYAKA EYE HOSPITAL,Maharashtra,MUMBAI,Mumbai,Tier 1,No,No,Yes,No,No,Maharashtra|Tier 1,Maharashtra|Mumbai,,,Maharashtra|Mumbai,,
Sadhu-Kamal Eye Hospital,Maharashtra,Mumbai,Mumbai,Tier 1,No,No,Yes,No,No,Maharashtra|Tier 1,Maharashtra|Mumbai,,,Maharashtra|Mumbai,,
Shree Hospital,Maharashtra,Mumbai,Mumbai,Tier 1,Yes,Yes,Yes,Yes,No,Maharashtra|Tier 1,Maharashtra|Mumbai,Maharashtra|Mumbai,Maharashtra|Mumbai,Maharashtra|Mumbai,Maharashtra|Mumbai,
Satya Super Speciality Hospital (A unit of SAAS Hospital Pvt. Ltd),Maharashtra,Mumbai,Mumbai,Tier 1,Yes,Yes,Yes,Yes,Yes,Maharashtra|Tier 1,Maharashtra|Mumbai,Maharashtra|Mumbai,Maharashtra|Mumbai,Maharashtra|Mumbai,Maharashtra|Mumbai,Maharashtra|Mumbai
VINAYAK MATERNITY AND GENERAL HOSPITAL,Maharashtra,MUMBAI,Mumbai,Tier 1,No,Yes,No,No,No,Maharashtra|Tier 1,Maharashtra|Mumbai,,Maharashtra|Mumbai,,,
DR. GALAS NURSING HOME,Maharashtra,MUMBAI,Mumbai,Tier 1,No,No,No,No,No,Maharashtra|Tier 1,Maharashtra|Mumbai,,,,,
BIMLESH ARYA MEMORIAL HOSPITAL,Maharashtra,MUMBAI,Mumbai,Tier 1,No,No,No,Yes,No,Maharashtra|Tier 1,Maharashtra|Mumbai,,,,Maharashtra|Mumbai,
DADAR EYE AND GYNAEC CENTER,Maharashtra,MUMBAI,Mumbai,Tier 1,No,No,Yes,No,No,Maharashtra|Tier 1,Maharashtra|Mumbai,,,Maharashtra|Mumbai,,
RIDDHI EYE CLINIC,Maharashtra,MUMBAI  400066,Mumbai,Tier 1,No,No,Yes,No,No,Maharashtra|Tier 1,Maharashtra|Mumbai,,,Maharashtra|Mumbai,,
SHANTILAL SHANGHVI CANCER CENTER,Maharashtra,Mumbai 400037,Mumbai,Tier 1,No,Yes,No,No,No,Maharashtra|Tier 1,Maharashtra|Mumbai,,Maharashtra|Mumbai,,,
prakash eye care centre,Maharashtra,mumbai 400064,Mumbai,Tier 1,No,No,Yes,No,No,Maharashtra|Tier 1,Maharashtra|Mumbai,,,Maharashtra|Mumbai,,
NEWERA HOSPITALS MUMBAI PRIVATE LIMITED,Maharashtra,"Mumbai, Maharashtra",Mumbai,Tier 1,Yes,Yes,Yes,Yes,Yes,Maharashtra|Tier 1,Maharashtra|Mumbai,Maharashtra|Mumbai,Maharashtra|Mumbai,Maharashtra|Mumbai,Maharashtra|Mumbai,Maharashtra|Mumbai
eye tech eye hospital,Maharashtra,MUMBRA,Mumbra,Tier 3,No,No,Yes,No,No,Maharashtra|Tier 3,Maharashtra|Mumbra,,,Maharashtra|Mumbra,,
UPASANA HOSPITAL,West Bengal,MURSHIDABAD,Murshidabad,Tier 3,Yes,No,No,Yes,Yes,West Bengal|Tier 3,West Bengal|Murshidabad,West Bengal|Murshidabad,,,West Bengal|Murshidabad,West Bengal|Murshidabad
ADVANCE HEALTH CARE(A UNIT OF SUNIRNOY IMAGING CENTRE PRIVATE LIMITED),West Bengal,Murshidabad,Murshidabad,Tier 3,Yes,No,Yes,Yes,Yes,West Bengal|Tier 3,West Bengal|Murshidabad,West Bengal|Murshidabad,,West Bengal|Murshidabad,West Bengal|Murshidabad,West Bengal|Murshidabad
Nibedita Health Care (A Unit of Gangapada Super Speciality Hospital Pvt Ltd),West Bengal,Murshidabad,Murshidabad,Tier 3,Yes,No,No,Yes,Yes,West Bengal|Tier 3,West Bengal|Murshidabad,West Bengal|Murshidabad,,,West Bengal|Murshidabad,West Bengal|Murshidabad
GLENWOOD HEALTHCARE,West Bengal,MURSHIDABAD,Murshidabad,Tier 3,No,No,No,No,No,West Bengal|Tier 3,West Bengal|Murshidabad,,,,,
BASUMATI HEALTH CARE PVT. LTD,West Bengal,MURSHIDABAD,Murshidabad,Tier 3,Yes,Yes,No,Yes,Yes,West Bengal|Tier 3,West Bengal|Murshidabad,West Bengal|Murshidabad,West Bengal|Murshidabad,,West Bengal|Murshidabad,West Bengal|Murshidabad
Dhuliyan Diagnostic & Healthcare Pvt. Ltd.,West Bengal,MURSHIDABAD,Murshidabad,Tier 3,Yes,Yes,Yes,Yes,Yes,West Bengal|Tier 3,West Bengal|Murshidabad,West Bengal|Murshidabad,West Bengal|Murshidabad,West Bengal|Murshidabad,West Bengal|Murshidabad,West Bengal|Murshidabad
Samwarthika Ayurveda Hospital,Kerala,Muvattupuzha,Muvattupuzha,Tier 3,No,No,No,No,No,Kerala|Tier 3,Kerala|Muvattupuzha,,,,,
Anulok Nursing Home,Uttar Pradesh,Muzaffarnagar,Muzaffarnagar,Tier 3,No,No,No,Yes,No,Uttar Pradesh|Tier 3,Uttar Pradesh|Muzaffarnagar,,,,Uttar Pradesh|Muzaffarnagar,
DHARAMPAL HOSPITAL,Uttar Pradesh,MUZAFFARNAGAR,Muzaffarnagar,Tier 3,No,No,Yes,Yes,Yes,Uttar Pradesh|Tier 3,Uttar Pradesh|Muzaffarnagar,,,Uttar Pradesh|Muzaffarnagar,Uttar Pradesh|Muzaffarnagar,Uttar Pradesh|Muzaffarnagar
AWADH HOSPITAL,Bihar,muzaffarpur,Muzaffarpur,Tier 3,No,No,No,No,No,Bihar|Tier 3,Bihar|Muzaffarpur,,,,,
ARCHANA HOSPITAL AND MATERNITY HOSPITAL,Bihar,Muzaffarpur,Muzaffarpur,Tier 3,Yes,No,Yes,Yes,Yes,Bihar|Tier 3,Bihar|Muzaffarpur,Bihar|Muzaffarpur,,Bihar|Muzaffarpur,Bihar|Muzaffarpur,Bihar|Muzaffarpur
ASHA HOSPITAL,Bihar,MUZAFFARPUR,Muzaffarpur,Tier 3,No,No,No,Yes,Yes,Bihar|Tier 3,Bihar|Muzaffarpur,,,,Bihar|Muzaffarpur,Bihar|Muzaffarpur
Sight Care Eye Hospital,Bihar,Muzaffarpur,Muzaffarpur,Tier 3,No,No,Yes,No,No,Bihar|Tier 3,Bihar|Muzaffarpur,,,Bihar|Muzaffarpur,,
TIRHUT CENTRAL HOSPITAL,Bihar,MUZAFFARPUR,Muzaffarpur,Tier 3,Yes,No,No,Yes,Yes,Bihar|Tier 3,Bihar|Muzaffarpur,Bihar|Muzaffarpur,,,Bihar|Muzaffarpur,Bihar|Muzaffarpur
Afaque Ahmad,Bihar,Muzaffarpur,Muzaffarpur,Tier 3,Yes,No,Yes,No,No,Bihar|Tier 3,Bihar|Muzaffarpur,Bihar|Muzaffarpur,,Bihar|Muzaffarpur,,
avant bkg hospitals,Karnataka,Mysore,Mysore,Tier 2B,Yes,Yes,No,Yes,Yes,Karnataka|Tier 2B,Karnataka|Mysore,Karnataka|Mysore,Karnataka|Mysore,,Karnataka|Mysore,Karnataka|Mysore
Srinivasa Multi Specialty Hospital,Karnataka,MYSORE,Mysore,Tier 2B,No,Yes,No,Yes,No,Karnataka|Tier 2B,Karnataka|Mysore,,Karnataka|Mysore,,Karnataka|Mysore,
Vumax Eye Hospital,Karnataka,MYSORE,Mysore,Tier 2B,No,No,No,No,No,Karnataka|Tier 2B,Karnataka|Mysore,,,,,
UROCARE HOSPITAL,Karnataka,Mysore,Mysore,Tier 2B,No,No,No,Yes,No,Karnataka|Tier 2B,Karnataka|Mysore,,,,Karnataka|Mysore,
Farookh Academy Of Medical Education Hospital And research Institute,Karnataka,Mysore District,Mysore,Tier 2B,No,No,Yes,Yes,Yes,Karnataka|Tier 2B,Karnataka|Mysore,,,Karnataka|Mysore,Karnataka|Mysore,Karnataka|Mysore
H AND M HOSPITAL,Tamil Nadu,"N0.428, TNHB, HIG, MAMBAKKAM, MAIN ROAD, SITHALAPAKKAM, CHENNAI - 600126",Chennai,Tier 1,Yes,Yes,No,Yes,No,Tamil Nadu|Tier 1,Tamil Nadu|Chennai,Tamil Nadu|Chennai,Tamil Nadu|Chennai,,Tamil Nadu|Chennai,
SUNETRA EYE CARE CENTRE,West Bengal,Nabadwip,Nabadwip,Tier 3,No,No,Yes,No,No,West Bengal|Tier 3,West Bengal|Nabadwip,,,West Bengal|Nabadwip,,
Rekha Garg Nursing Home,Punjab,Nabha,Nabha,Tier 3,No,No,No,Yes,No,Punjab|Tier 3,Punjab|Nabha,,,,Punjab|Nabha,
UDITI NURSING HOME,West Bengal,NADIA,Nadia,Tier 3,No,No,Yes,No,No,West Bengal|Tier 3,West Bengal|Nadia,,,West Bengal|Nadia,,
MODERN EYE CARE NURSING HOME,West Bengal,NADIA,Nadia,Tier 3,No,No,Yes,No,No,West Bengal|Tier 3,West Bengal|Nadia,,,West Bengal|Nadia,,
Dr. Hira Eye Care & Diagnostic Centre,West Bengal,NADIA,Nadia,Tier 3,No,No,Yes,No,No,West Bengal|Tier 3,West Bengal|Nadia,,,West Bengal|Nadia,,
Bandhan Hospital,West Bengal,NADIA,Nadia,Tier 3,No,No,No,Yes,No,West Bengal|Tier 3,West Bengal|Nadia,,,,West Bengal|Nadia,
SHIBARATI EYE CARE & NURSING HOME,West Bengal,NADIA,Nadia,Tier 3,Yes,Yes,Yes,Yes,Yes,West Bengal|Tier 3,West Bengal|Nadia,West Bengal|Nadia,West Bengal|Nadia,West Bengal|Nadia,West Bengal|Nadia,West Bengal|Nadia
RUDRA MULTISPECIALITY  HOSPITAL,Gujarat,Nadiad,Nadiad,Tier 3,No,Yes,No,Yes,No,Gujarat|Tier 3,Gujarat|Nadiad,,Gujarat|Nadiad,,Gujarat|Nadiad,
sailifecarehospitals,Tamil Nadu,Nagapattinam,Nagapattinam,Tier 3,No,No,No,No,No,Tamil Nadu|Tier 3,Tamil Nadu|Nagapattinam,,,,,
SAI MAULI SUPER SPECIALITY HOSPITAL,Maharashtra,Nagar,Nagar,Tier 3,Yes,Yes,Yes,Yes,Yes,Maharashtra|Tier 3,Maharashtra|Nagar,Maharashtra|Nagar,Maharashtra|Nagar,Maharashtra|Nagar,Maharashtra|Nagar,Maharashtra|Nagar
Kushal Mangal Hospital,Rajasthan,NAGAUR,Nagaur,Tier 3,No,No,No,No,No,Rajasthan|Tier 3,Rajasthan|Nagaur,,,,,
St.Xavier's Hospital,Tamil Nadu,NAGERCOIL,Nagercoil,Tier 3,No,Yes,No,Yes,Yes,Tamil Nadu|Tier 3,Tamil Nadu|Nagercoil,,Tamil Nadu|Nagercoil,,Tamil Nadu|Nagercoil,Tamil Nadu|Nagercoil
SHREEPURVA HOSPITAL,Maharashtra,NAGPUR,Nagpur,Tier 2A,No,No,Yes,No,No,Maharashtra|Tier 2A,Maharashtra|Nagpur,,,Maharashtra|Nagpur,,
Laksh multispeciality hospital,Maharashtra,nagpur,Nagpur,Tier 2A,Yes,No,No,No,No,Maharashtra|Tier 2A,Maharashtra|Nagpur,Maharashtra|Nagpur,,,,
ABO Eye Institute (A Unit of Ternion vision Pvt Ltd),Maharashtra,Nagpur,Nagpur,Tier 2A,No,No,Yes,No,No,Maharashtra|Tier 2A,Maharashtra|Nagpur,,,Maharashtra|Nagpur,,
SAARTHAK NETRALAYA,Maharashtra,NAGPUR,Nagpur,Tier 2A,No,No,Yes,No,No,Maharashtra|Tier 2A,Maharashtra|Nagpur,,,Maharashtra|Nagpur,,
ANAND HOSPITAL,Maharashtra,NAGPUR,Nagpur,Tier 2A,No,Yes,No,Yes,No,Maharashtra|Tier 2A,Maharashtra|Nagpur,,Maharashtra|Nagpur,,Maharashtra|Nagpur,
VIDARBHA HOSPITAL & CRITICAL CARE,Maharashtra,Nagpur,Nagpur,Tier 2A,Yes,Yes,No,Yes,No,Maharashtra|Tier 2A,Maharashtra|Nagpur,Maharashtra|Nagpur,Maharashtra|Nagpur,,Maharashtra|Nagpur,
Ketan Saoji Eye Hospital,Maharashtra,Nagpur,Nagpur,Tier 2A,No,No,Yes,No,No,Maharashtra|Tier 2A,Maharashtra|Nagpur,,,Maharashtra|Nagpur,,
Drishti Eye Clinic & Squint Centre,Maharashtra,Nagpur,Nagpur,Tier 2A,No,No,Yes,No,No,Maharashtra|Tier 2A,Maharashtra|Nagpur,,,Maharashtra|Nagpur,,
ALRIGHT HOSPITAL (Unit of - Alright Hospital Pvt Ltd),Maharashtra,Nagpur,Nagpur,Tier 2A,Yes,Yes,Yes,No,No,Maharashtra|Tier 2A,Maharashtra|Nagpur,Maharashtra|Nagpur,Maharashtra|Nagpur,Maharashtra|Nagpur,,
EYE & RETINA CARE CENTRE,Maharashtra,NAGPUR,Nagpur,Tier 2A,No,No,Yes,No,No,Maharashtra|Tier 2A,Maharashtra|Nagpur,,,Maharashtra|Nagpur,,
CAREWELL HOSPITAL,Maharashtra,Nagpur,Nagpur,Tier 2A,No,No,No,Yes,No,Maharashtra|Tier 2A,Maharashtra|Nagpur,,,,Maharashtra|Nagpur,
MedAyu Multispeciality Hospital,Maharashtra,Nagpur,Nagpur,Tier 2A,Yes,No,No,Yes,No,Maharashtra|Tier 2A,Maharashtra|Nagpur,Maharashtra|Nagpur,,,Maharashtra|Nagpur,
Sanjeevani Hospital,Maharashtra,Nagpur,Nagpur,Tier 2A,No,No,No,Yes,No,Maharashtra|Tier 2A,Maharashtra|Nagpur,,,,Maharashtra|Nagpur,
NSH CRITICAL CARE HOSPITAL & DIAGNOSTIC CENTRE,Maharashtra,Nagpur,Nagpur,Tier 2A,Yes,Yes,Yes,Yes,Yes,Maharashtra|Tier 2A,Maharashtra|Nagpur,Maharashtra|Nagpur,Maharashtra|Nagpur,Maharashtra|Nagpur,Maharashtra|Nagpur,Maharashtra|Nagpur
Dr Yesankar Multispeciality Hospital & Critical Care,Maharashtra,NAGPUR,Nagpur,Tier 2A,No,No,No,Yes,No,Maharashtra|Tier 2A,Maharashtra|Nagpur,,,,Maharashtra|Nagpur,
SHRI SAI MULTISPECIALITY HOSPITAL & TRAUMA CENTRE,Himachal Pradesh,NAHAN,Nahan,Tier 3,No,Yes,Yes,Yes,No,Himachal Pradesh|Tier 3,Himachal Pradesh|Nahan,,Himachal Pradesh|Nahan,Himachal Pradesh|Nahan,Himachal Pradesh|Nahan,
GREENVIEW CLINIC & NURSING HOME,West Bengal,NAIHATI,Naihati,Tier 3,Yes,Yes,No,Yes,No,West Bengal|Tier 3,West Bengal|Naihati,West Bengal|Naihati,West Bengal|Naihati,,West Bengal|Naihati,
Jyoti Eye Foundation,West Bengal,"Naihati, 24 Pgs(N)",Naihati,Tier 3,No,No,Yes,No,No,West Bengal|Tier 3,West Bengal|Naihati,,,West Bengal|Naihati,,
ANURJUN MATERNITY LAPROSCOPY & SURGICAL CENTRE,Uttarakhand,Nainital,Nainital,Tier 3,No,No,No,Yes,Yes,Uttarakhand|Tier 3,Uttarakhand|Nainital,,,,Uttarakhand|Nainital,Uttarakhand|Nainital
Bajaj Superspeciality Hospital,Uttarakhand,NAINITAL,Nainital,Tier 3,No,No,No,No,No,Uttarakhand|Tier 3,Uttarakhand|Nainital,,,,,
Shiv Shakti Hospital,Rajasthan,Nainwa,Nainwa,Tier 3,No,No,No,No,No,Rajasthan|Tier 3,Rajasthan|Nainwa,,,,,
OM CHAUDHARY HOSPITAL,Uttar Pradesh,NAJIBABAD,Najibabad,Tier 3,No,No,No,Yes,No,Uttar Pradesh|Tier 3,Uttar Pradesh|Najibabad,,,,Uttar Pradesh|Najibabad,
Rana Hospital,Himachal Pradesh,NALAGARH,Nalagarh,Tier 3,No,No,No,No,No,Himachal Pradesh|Tier 3,Himachal Pradesh|Nalagarh,,,,,
Navadweep Hospital,Assam,Nalbari,Nalbari,Tier 3,Yes,No,Yes,Yes,Yes,Assam|Tier 3,Assam|Nalbari,Assam|Nalbari,,Assam|Nalbari,Assam|Nalbari,Assam|Nalbari
UDAYASREE MATERNITY HOSPITAL & LAPROSCOPIC CENTRE,Telangana,NALGONDA,Nalgonda,Tier 3,No,No,No,Yes,No,Telangana|Tier 3,Telangana|Nalgonda,,,,Telangana|Nalgonda,
Arogya Super Speciality Hospital ( A Unit of Ramesh Hospitals),Telangana,Nalgonda,Nalgonda,Tier 3,Yes,No,No,Yes,No,Telangana|Tier 3,Telangana|Nalgonda,Telangana|Nalgonda,,,Telangana|Nalgonda,
BHARATH HOSPITAL AND DIAGNOSTICS,Telangana,NALGONDA,Nalgonda,Tier 3,Yes,Yes,Yes,Yes,No,Telangana|Tier 3,Telangana|Nalgonda,Telangana|Nalgonda,Telangana|Nalgonda,Telangana|Nalgonda,Telangana|Nalgonda,
Sri Ashwini Children's Hospital,Telangana,Nalgonda,Nalgonda,Tier 3,No,No,No,No,Yes,Telangana|Tier 3,Telangana|Nalgonda,,,,,Telangana|Nalgonda
SRI TULASI HOSPITALS,Telangana,Nalgonda,Nalgonda,Tier 3,Yes,Yes,No,Yes,Yes,Telangana|Tier 3,Telangana|Nalgonda,Telangana|Nalgonda,Telangana|Nalgonda,,Telangana|Nalgonda,Telangana|Nalgonda
GLOBAL EYE HOSPITAL,Telangana,NALGONDA,Nalgonda,Tier 3,No,No,Yes,No,No,Telangana|Tier 3,Telangana|Nalgonda,,,Telangana|Nalgonda,,
ICON  SUPER  SPECIALITY  HOSPITAL,Telangana,NALGONDA,Nalgonda,Tier 3,Yes,Yes,No,Yes,No,Telangana|Tier 3,Telangana|Nalgonda,Telangana|Nalgonda,Telangana|Nalgonda,,Telangana|Nalgonda,
Perumalla Hospital,Telangana,Nalgonda,Nalgonda,Tier 3,Yes,Yes,No,Yes,Yes,Telangana|Tier 3,Telangana|Nalgonda,Telangana|Nalgonda,Telangana|Nalgonda,,Telangana|Nalgonda,Telangana|Nalgonda
Wani Hospital,Maharashtra,nallasopara east,Nallasopara East,Tier 3,No,Yes,No,Yes,No,Maharashtra|Tier 3,Maharashtra|Nallasopara East,,Maharashtra|Nallasopara East,,Maharashtra|Nallasopara East,
WANI HOSPITAL,Maharashtra,NALLASOPARA WEST,Nallasopara West,Tier 3,No,Yes,No,Yes,Yes,Maharashtra|Tier 3,Maharashtra|Nallasopara West,,Maharashtra|Nallasopara West,,Maharashtra|Nallasopara West,Maharashtra|Nallasopara West
SHREE H M MULTISPECIALITY HOSPITAL,Maharashtra,NALLASOPARA WEST,Nallasopara West,Tier 3,Yes,Yes,Yes,Yes,Yes,Maharashtra|Tier 3,Maharashtra|Nallasopara West,Maharashtra|Nallasopara West,Maharashtra|Nallasopara West,Maharashtra|Nallasopara West,Maharashtra|Nallasopara West,Maharashtra|Nallasopara West
NALAN SPECIALITY HOSPITAL,Tamil Nadu,NAMAKKAL,Namakkal,Tier 3,Yes,No,Yes,Yes,No,Tamil Nadu|Tier 3,Tamil Nadu|Namakkal,Tamil Nadu|Namakkal,,Tamil Nadu|Namakkal,Tamil Nadu|Namakkal,
JPS medical care centre,Tamil Nadu,namakkal,Namakkal,Tier 3,No,No,No,Yes,No,Tamil Nadu|Tier 3,Tamil Nadu|Namakkal,,,,Tamil Nadu|Namakkal,
Aadira Kidney care,Tamil Nadu,Namakkal,Namakkal,Tier 3,No,No,No,Yes,No,Tamil Nadu|Tier 3,Tamil Nadu|Namakkal,,,,Tamil Nadu|Namakkal,
ShriGaneshNetralaya,Maharashtra,nanded,Nanded,Tier 2B,No,No,Yes,No,No,Maharashtra|Tier 2B,Maharashtra|Nanded,,,Maharashtra|Nanded,,
APEKSHA CRITICAL CARE & MULTISPECIALITY HOSPITAL  PVT LTD,Maharashtra,NANDED,Nanded,Tier 2B,Yes,No,No,Yes,No,Maharashtra|Tier 2B,Maharashtra|Nanded,Maharashtra|Nanded,,,Maharashtra|Nanded,
MOTEWAR NETRALAYA,Maharashtra,NANDED,Nanded,Tier 2B,No,No,Yes,No,No,Maharashtra|Tier 2B,Maharashtra|Nanded,,,Maharashtra|Nanded,,
Sai Netralaya,Maharashtra,Nanded,Nanded,Tier 2B,No,No,Yes,No,No,Maharashtra|Tier 2B,Maharashtra|Nanded,,,Maharashtra|Nanded,,
SUNRISE GLOBAL SUPERSPECIALITY HOSPITAL,Maharashtra,NANDED,Nanded,Tier 2B,Yes,No,No,No,No,Maharashtra|Tier 2B,Maharashtra|Nanded,Maharashtra|Nanded,,,,
Isha Multispeciality Hospital,Andhra Pradesh,nandigama,Nandigama,Tier 3,Yes,No,No,Yes,Yes,Andhra Pradesh|Tier 3,Andhra Pradesh|Nandigama,Andhra Pradesh|Nandigama,,,Andhra Pradesh|Nandigama,Andhra Pradesh|Nandigama
SRI SIDDI VINAYAKA HOSPITAL,Telangana,NANDIPET,Nandipet,Tier 3,No,No,No,No,No,Telangana|Tier 3,Telangana|Nandipet,,,,,
jagan hospital,Andhra Pradesh,nandyal,Nandyal,Tier 3,Yes,No,Yes,Yes,Yes,Andhra Pradesh|Tier 3,Andhra Pradesh|Nandyal,Andhra Pradesh|Nandyal,,Andhra Pradesh|Nandyal,Andhra Pradesh|Nandyal,Andhra Pradesh|Nandyal
MJ Hospital,Andhra Pradesh,Nandyal,Nandyal,Tier 3,Yes,No,No,Yes,Yes,Andhra Pradesh|Tier 3,Andhra Pradesh|Nandyal,Andhra Pradesh|Nandyal,,,Andhra Pradesh|Nandyal,Andhra Pradesh|Nandyal
NANDYAL NEURO CENTER,Andhra Pradesh,NANDYAL,Nandyal,Tier 3,No,No,No,Yes,Yes,Andhra Pradesh|Tier 3,Andhra Pradesh|Nandyal,,,,Andhra Pradesh|Nandyal,Andhra Pradesh|Nandyal
Bhushan Hospital,Haryana,NARAINGARH,Naraingarh,Tier 3,Yes,Yes,No,Yes,No,Haryana|Tier 3,Haryana|Naraingarh,Haryana|Naraingarh,Haryana|Naraingarh,,Haryana|Naraingarh,
KOSURU KIDNEY AND SKIN HOSPITAL,Andhra Pradesh,NARASARAOPET,Narasaraopet,Tier 3,No,No,No,No,No,Andhra Pradesh|Tier 3,Andhra Pradesh|Narasaraopet,,,,,
Susmitha Ortho and Trauma Care Hospital,Andhra Pradesh,Narasaraopet,Narasaraopet,Tier 3,No,No,No,No,No,Andhra Pradesh|Tier 3,Andhra Pradesh|Narasaraopet,,,,,
Star Hospitals,Andhra Pradesh,Narasaraopet,Narasaraopet,Tier 3,No,No,No,Yes,Yes,Andhra Pradesh|Tier 3,Andhra Pradesh|Narasaraopet,,,,Andhra Pradesh|Narasaraopet,Andhra Pradesh|Narasaraopet
KRISHNA LAHAN MULANCHE HOSPITAL,Maharashtra,"NARAYANGAON, DIST. PUNE",Narayangaon,Tier 3,No,No,No,No,No,Maharashtra|Tier 3,Maharashtra|Narayangaon,,,,,
BHOSALE MULTISPECIALITY HOSPITAL,Maharashtra,"NARAYANGAON, DIST. PUNE",Narayangaon,Tier 3,Yes,No,No,No,No,Maharashtra|Tier 3,Maharashtra|Narayangaon,Maharashtra|Narayangaon,,,,
Shree Lahan Mulanche Hospital,Maharashtra,"Narayangaon, Pune",Narayangaon Pune,Tier 3,No,No,No,No,Yes,Maharashtra|Tier 3,Maharashtra|Narayangaon Pune,,,,,Maharashtra|Narayangaon Pune
Dr. Manohar Dhole Medical Foundation,Maharashtra,"Narayangaon,pune",Narayangaon Pune,Tier 3,No,No,Yes,No,No,Maharashtra|Tier 3,Maharashtra|Narayangaon Pune,,,Maharashtra|Narayangaon Pune,,
KRISHNA EYE HOSPITAL,Haryana,NARNAUL,Narnaul,Tier 3,No,No,Yes,No,No,Haryana|Tier 3,Haryana|Narnaul,,,Haryana|Narnaul,,
SURYA HOSPITAL,Haryana,NARNAUL,Narnaul,Tier 3,No,No,Yes,Yes,Yes,Haryana|Tier 3,Haryana|Narnaul,,,Haryana|Narnaul,Haryana|Narnaul,Haryana|Narnaul
LAXMI NARAYAN MEMORIAL HOSPITAL,Madhya Pradesh,NARSINGHPUR,Narsinghpur,Tier 3,Yes,No,Yes,Yes,No,Madhya Pradesh|Tier 3,Madhya Pradesh|Narsinghpur,Madhya Pradesh|Narsinghpur,,Madhya Pradesh|Narsinghpur,Madhya Pradesh|Narsinghpur,
JAYPEE MULTISPECIALITY HOSPITAL,Haryana,NARWANA,Narwana,Tier 3,No,No,No,Yes,Yes,Haryana|Tier 3,Haryana|Narwana,,,,Haryana|Narwana,Haryana|Narwana
Nectar Hospital,Maharashtra,Nashik,Nashik,Tier 2B,Yes,Yes,No,Yes,No,Maharashtra|Tier 2B,Maharashtra|Nashik,Maharashtra|Nashik,Maharashtra|Nashik,,Maharashtra|Nashik,
Nulife healthcare hospital,Maharashtra,NASHIK,Nashik,Tier 2B,Yes,Yes,Yes,Yes,No,Maharashtra|Tier 2B,Maharashtra|Nashik,Maharashtra|Nashik,Maharashtra|Nashik,Maharashtra|Nashik,Maharashtra|Nashik,
Saharamedilinehospitalincoalitionwithsaisaharahospital,Maharashtra,Nashik,Nashik,Tier 2B,No,No,No,Yes,No,Maharashtra|Tier 2B,Maharashtra|Nashik,,,,Maharashtra|Nashik,
Sushila multispeciality Hospital,Maharashtra,nashik,Nashik,Tier 2B,Yes,Yes,No,Yes,Yes,Maharashtra|Tier 2B,Maharashtra|Nashik,Maharashtra|Nashik,Maharashtra|Nashik,,Maharashtra|Nashik,Maharashtra|Nashik
SIDDHI HOSPITAL,Maharashtra,Nashik,Nashik,Tier 2B,Yes,Yes,Yes,Yes,Yes,Maharashtra|Tier 2B,Maharashtra|Nashik,Maharashtra|Nashik,Maharashtra|Nashik,Maharashtra|Nashik,Maharashtra|Nashik,Maharashtra|Nashik
Shree Sainath Multispeciality Hospital,Maharashtra,Nashik,Nashik,Tier 2B,Yes,Yes,No,Yes,Yes,Maharashtra|Tier 2B,Maharashtra|Nashik,Maharashtra|Nashik,Maharashtra|Nashik,,Maharashtra|Nashik,Maharashtra|Nashik
DR BHANGRE'S HOSPITAL,Maharashtra,NASHIK,Nashik,Tier 2B,No,No,Yes,No,No,Maharashtra|Tier 2B,Maharashtra|Nashik,,,Maharashtra|Nashik,,
SIDDHARTH HOSPITAL,Maharashtra,Nashik,Nashik,Tier 2B,No,No,No,Yes,No,Maharashtra|Tier 2B,Maharashtra|Nashik,,,,Maharashtra|Nashik,
GROWLIFE WELLNESS SUPERSPECIALITY HOSPITAL,Maharashtra,NASHIK,Nashik,Tier 2B,Yes,Yes,Yes,Yes,Yes,Maharashtra|Tier 2B,Maharashtra|Nashik,Maharashtra|Nashik,Maharashtra|Nashik,Maharashtra|Nashik,Maharashtra|Nashik,Maharashtra|Nashik
Dr Patil Maternity Home and Children Hospital,Maharashtra,Nashik,Nashik,Tier 2B,No,No,No,Yes,Yes,Maharashtra|Tier 2B,Maharashtra|Nashik,,,,Maharashtra|Nashik,Maharashtra|Nashik
DR CHAUDHARI'S MATERNITY & MULTISPECIALITY HOSPITAL,Maharashtra,NASHIK,Nashik,Tier 2B,No,No,No,Yes,No,Maharashtra|Tier 2B,Maharashtra|Nashik,,,,Maharashtra|Nashik,
LEELAVATI ASPIRE HOSPITAL,Maharashtra,NASHIK,Nashik,Tier 2B,Yes,Yes,No,Yes,No,Maharashtra|Tier 2B,Maharashtra|Nashik,Maharashtra|Nashik,Maharashtra|Nashik,,Maharashtra|Nashik,
RAJE HOSPITAL,Maharashtra,NASHIK,Nashik,Tier 2B,Yes,Yes,Yes,Yes,Yes,Maharashtra|Tier 2B,Maharashtra|Nashik,Maharashtra|Nashik,Maharashtra|Nashik,Maharashtra|Nashik,Maharashtra|Nashik,Maharashtra|Nashik
SWASTIK HOSPITAL,Maharashtra,Nashik,Nashik,Tier 2B,Yes,No,No,Yes,Yes,Maharashtra|Tier 2B,Maharashtra|Nashik,Maharashtra|Nashik,,,Maharashtra|Nashik,Maharashtra|Nashik
Dhanvantari Maternity & Nursing Home,Maharashtra,Nashik,Nashik,Tier 2B,No,No,No,Yes,Yes,Maharashtra|Tier 2B,Maharashtra|Nashik,,,,Maharashtra|Nashik,Maharashtra|Nashik
Shrinath Criticare Hospital (A Unit of Shrinath Medical Sciences Pvt. Ltd.),Maharashtra,NASHIK,Nashik,Tier 2B,Yes,Yes,Yes,Yes,Yes,Maharashtra|Tier 2B,Maharashtra|Nashik,Maharashtra|Nashik,Maharashtra|Nashik,Maharashtra|Nashik,Maharashtra|Nashik,Maharashtra|Nashik
Niphad Multispeciality Hospital,Maharashtra,NASHIK,Nashik,Tier 2B,Yes,Yes,No,Yes,Yes,Maharashtra|Tier 2B,Maharashtra|Nashik,Maharashtra|Nashik,Maharashtra|Nashik,,Maharashtra|Nashik,Maharashtra|Nashik
DR KHARE HOSPITAL,Maharashtra,Nashik,Nashik,Tier 2B,Yes,No,No,No,No,Maharashtra|Tier 2B,Maharashtra|Nashik,Maharashtra|Nashik,,,,
prime ent clinic and nursing home,Maharashtra,Nashik,Nashik,Tier 2B,No,No,No,No,No,Maharashtra|Tier 2B,Maharashtra|Nashik,,,,,
Yash Maternity Home,Maharashtra,Nashik,Nashik,Tier 2B,No,No,No,Yes,No,Maharashtra|Tier 2B,Maharashtra|Nashik,,,,Maharashtra|Nashik,
Shreekrishna Hospital,Maharashtra,nashik,Nashik,Tier 2B,No,No,No,No,Yes,Maharashtra|Tier 2B,Maharashtra|Nashik,,,,,Maharashtra|Nashik
DR HASE HOSPITAL AND MATERNITY HOME,Maharashtra,NASHIK,Nashik,Tier 2B,No,No,No,Yes,No,Maharashtra|Tier 2B,Maharashtra|Nashik,,,,Maharashtra|Nashik,
Ashirwad Multispeciality Hospital,Maharashtra,Nashik,Nashik,Tier 2B,Yes,Yes,Yes,Yes,Yes,Maharashtra|Tier 2B,Maharashtra|Nashik,Maharashtra|Nashik,Maharashtra|Nashik,Maharashtra|Nashik,Maharashtra|Nashik,Maharashtra|Nashik
Ashoka Women and children Hospital,Maharashtra,Nashik,Nashik,Tier 2B,No,No,Yes,Yes,Yes,Maharashtra|Tier 2B,Maharashtra|Nashik,,,Maharashtra|Nashik,Maharashtra|Nashik,Maharashtra|Nashik
APEX SUPERSPECIALITY HOSPITAL,Maharashtra,NASHIK,Nashik,Tier 2B,Yes,Yes,No,Yes,Yes,Maharashtra|Tier 2B,Maharashtra|Nashik,Maharashtra|Nashik,Maharashtra|Nashik,,Maharashtra|Nashik,Maharashtra|Nashik
SUNRISE HOSPITAL,Maharashtra,NASHIK,Nashik,Tier 2B,Yes,Yes,Yes,Yes,Yes,Maharashtra|Tier 2B,Maharashtra|Nashik,Maharashtra|Nashik,Maharashtra|Nashik,Maharashtra|Nashik,Maharashtra|Nashik,Maharashtra|Nashik
SUYOG HOSPITAL,Maharashtra,NASHIK,Nashik,Tier 2B,Yes,Yes,Yes,Yes,Yes,Maharashtra|Tier 2B,Maharashtra|Nashik,Maharashtra|Nashik,Maharashtra|Nashik,Maharashtra|Nashik,Maharashtra|Nashik,Maharashtra|Nashik
SUKHAYU NURSING HOME,Maharashtra,Nashik,Nashik,Tier 2B,No,Yes,No,Yes,No,Maharashtra|Tier 2B,Maharashtra|Nashik,,Maharashtra|Nashik,,Maharashtra|Nashik,
SEVA MATERNITY AND NURSING HOME,Maharashtra,NASHIK,Nashik,Tier 2B,No,No,No,Yes,No,Maharashtra|Tier 2B,Maharashtra|Nashik,,,,Maharashtra|Nashik,
Dr. Chavan Hospital,Maharashtra,Nashik,Nashik,Tier 2B,Yes,Yes,No,Yes,Yes,Maharashtra|Tier 2B,Maharashtra|Nashik,Maharashtra|Nashik,Maharashtra|Nashik,,Maharashtra|Nashik,Maharashtra|Nashik
PATIL ENT NURSING HOME,Maharashtra,NASHIK,Nashik,Tier 2B,No,No,No,No,No,Maharashtra|Tier 2B,Maharashtra|Nashik,,,,,
SHREE SAMARTH HOSPITAL,Maharashtra,NASHIK,Nashik,Tier 2B,Yes,Yes,No,Yes,No,Maharashtra|Tier 2B,Maharashtra|Nashik,Maharashtra|Nashik,Maharashtra|Nashik,,Maharashtra|Nashik,
PLATINUM HOSPITAL,Maharashtra,NASHIK,Nashik,Tier 2B,Yes,Yes,Yes,Yes,Yes,Maharashtra|Tier 2B,Maharashtra|Nashik,Maharashtra|Nashik,Maharashtra|Nashik,Maharashtra|Nashik,Maharashtra|Nashik,Maharashtra|Nashik
ALL CARE MULTISPECIALITY HOSPITAL,Maharashtra,NASHIK,Nashik,Tier 2B,No,No,No,Yes,Yes,Maharashtra|Tier 2B,Maharashtra|Nashik,,,,Maharashtra|Nashik,Maharashtra|Nashik
DHANWANTARI HOSPITAL,Maharashtra,NASHIK,Nashik,Tier 2B,No,Yes,No,Yes,No,Maharashtra|Tier 2B,Maharashtra|Nashik,,Maharashtra|Nashik,,Maharashtra|Nashik,
OM MULTI SPECIALITY HOSPITAL,Maharashtra,Nashik,Nashik,Tier 2B,Yes,Yes,No,Yes,Yes,Maharashtra|Tier 2B,Maharashtra|Nashik,Maharashtra|Nashik,Maharashtra|Nashik,,Maharashtra|Nashik,Maharashtra|Nashik
Surabhi Hospital,Maharashtra,Nashik,Nashik,Tier 2B,No,Yes,Yes,No,No,Maharashtra|Tier 2B,Maharashtra|Nashik,,Maharashtra|Nashik,Maharashtra|Nashik,,
HRIDAYAKSHA HOSPITAL,Maharashtra,nashik,Nashik,Tier 2B,Yes,No,Yes,No,No,Maharashtra|Tier 2B,Maharashtra|Nashik,Maharashtra|Nashik,,Maharashtra|Nashik,,
SPARSH MULTISPECIALITY HOSPITAL,Maharashtra,NASHIK,Nashik,Tier 2B,Yes,Yes,No,Yes,Yes,Maharashtra|Tier 2B,Maharashtra|Nashik,Maharashtra|Nashik,Maharashtra|Nashik,,Maharashtra|Nashik,Maharashtra|Nashik
Omkar BalRugnalaya and Maternity Home,Maharashtra,NASHIK,Nashik,Tier 2B,No,No,No,Yes,Yes,Maharashtra|Tier 2B,Maharashtra|Nashik,,,,Maharashtra|Nashik,Maharashtra|Nashik
SHIVASHISH WOMENS HOSPITAL MATERNITY AND NURSING HOME,Maharashtra,NASHIK,Nashik,Tier 2B,No,No,No,Yes,No,Maharashtra|Tier 2B,Maharashtra|Nashik,,,,Maharashtra|Nashik,
LOKMANYA MULTYSPECIALITY & ACCIDENT HOSPITAL,Maharashtra,NASHIK,Nashik,Tier 2B,Yes,Yes,Yes,Yes,No,Maharashtra|Tier 2B,Maharashtra|Nashik,Maharashtra|Nashik,Maharashtra|Nashik,Maharashtra|Nashik,Maharashtra|Nashik,
SIDDHIVINAYAK HOSPITAL,Maharashtra,NASHIK,Nashik,Tier 2B,No,No,No,Yes,No,Maharashtra|Tier 2B,Maharashtra|Nashik,,,,Maharashtra|Nashik,
Sai Anand Pediatric and Neonatal Intensive Care Hospital,Maharashtra,Nashik,Nashik,Tier 2B,No,No,No,No,Yes,Maharashtra|Tier 2B,Maharashtra|Nashik,,,,,Maharashtra|Nashik
SHREE SAI MATERNITY AND MULTISPECIALITY HOSPITAL,Maharashtra,NASHIK,Nashik,Tier 2B,No,No,No,Yes,No,Maharashtra|Tier 2B,Maharashtra|Nashik,,,,Maharashtra|Nashik,
Seven Starz Multispeciality Hospital,Maharashtra,NASHIK,Nashik,Tier 2B,No,Yes,No,Yes,Yes,Maharashtra|Tier 2B,Maharashtra|Nashik,,Maharashtra|Nashik,,Maharashtra|Nashik,Maharashtra|Nashik
UGALE HOSPITAL ACCIDENT AND MATERNITY,Maharashtra,NASHIK,Nashik,Tier 2B,No,No,No,Yes,No,Maharashtra|Tier 2B,Maharashtra|Nashik,,,,Maharashtra|Nashik,
jagdambh hospital,Maharashtra,nashik,Nashik,Tier 2B,Yes,Yes,No,Yes,No,Maharashtra|Tier 2B,Maharashtra|Nashik,Maharashtra|Nashik,Maharashtra|Nashik,,Maharashtra|Nashik,
DR CHAUDHARI DOLYANCHE HOSPITAL,Maharashtra,NASHIK,Nashik,Tier 2B,No,No,Yes,No,No,Maharashtra|Tier 2B,Maharashtra|Nashik,,,Maharashtra|Nashik,,
new life hospital,Maharashtra,nashik,Nashik,Tier 2B,Yes,Yes,Yes,Yes,No,Maharashtra|Tier 2B,Maharashtra|Nashik,Maharashtra|Nashik,Maharashtra|Nashik,Maharashtra|Nashik,Maharashtra|Nashik,
KAKATKAR HOSPITAL ( UNIT OF JAI HOSPITAL PVT LTD),Maharashtra,NASHIK,Nashik,Tier 2B,No,No,No,No,No,Maharashtra|Tier 2B,Maharashtra|Nashik,,,,,
Cancer Centers of America Private Limited,Maharashtra,Nashik,Nashik,Tier 2B,No,Yes,No,No,No,Maharashtra|Tier 2B,Maharashtra|Nashik,,Maharashtra|Nashik,,,
SPANDAN HOSPITAL AND TRAUMA CENTER,Maharashtra,NASHIK,Nashik,Tier 2B,Yes,No,No,No,No,Maharashtra|Tier 2B,Maharashtra|Nashik,Maharashtra|Nashik,,,,
Retina eye care clinic and samartha histodiagnostics,Maharashtra,nashik,Nashik,Tier 2B,No,No,Yes,No,No,Maharashtra|Tier 2B,Maharashtra|Nashik,,,Maharashtra|Nashik,,
Muktai Hospital,Maharashtra,NASHIK,Nashik,Tier 2B,No,No,No,No,No,Maharashtra|Tier 2B,Maharashtra|Nashik,,,,,
RAVINDRA VINAYAKRAO KADAM,Maharashtra,NASHIK,Nashik,Tier 2B,No,No,No,No,Yes,Maharashtra|Tier 2B,Maharashtra|Nashik,,,,,Maharashtra|Nashik
Somani Maternity and Nursing Home,Maharashtra,Nashik,Nashik,Tier 2B,Yes,Yes,Yes,Yes,No,Maharashtra|Tier 2B,Maharashtra|Nashik,Maharashtra|Nashik,Maharashtra|Nashik,Maharashtra|Nashik,Maharashtra|Nashik,
Ojhar Nursing Home,Maharashtra,Nashik,Nashik,Tier 2B,Yes,No,No,Yes,Yes,Maharashtra|Tier 2B,Maharashtra|Nashik,Maharashtra|Nashik,,,Maharashtra|Nashik,Maharashtra|Nashik
Adarsh Hospital,Maharashtra,Nashik,Nashik,Tier 2B,No,No,No,Yes,No,Maharashtra|Tier 2B,Maharashtra|Nashik,,,,Maharashtra|Nashik,
RELIABLE SUPER SPECIALITY HOSPITAL,Maharashtra,NASHIK.,Nashik,Tier 2B,Yes,Yes,Yes,Yes,Yes,Maharashtra|Tier 2B,Maharashtra|Nashik,Maharashtra|Nashik,Maharashtra|Nashik,Maharashtra|Nashik,Maharashtra|Nashik,Maharashtra|Nashik
Shreepad Hospital,Maharashtra,Nashikshahar 4,Nashikshahar,Tier 3,No,No,No,No,No,Maharashtra|Tier 3,Maharashtra|Nashikshahar,,,,,
Gurukrupa Hospital & Critical Care Center pvt ltd,Maharashtra,Nashilk,Nashilk,Tier 3,No,No,No,No,No,Maharashtra|Tier 3,Maharashtra|Nashilk,,,,,
SHRI KALAWATI HOSPITAL,Maharashtra,NASIK,Nasik,Tier 3,No,No,No,Yes,Yes,Maharashtra|Tier 3,Maharashtra|Nasik,,,,Maharashtra|Nasik,Maharashtra|Nasik
DR RAJA EYE CARE,Maharashtra,NAVI MUMBAI,Navi Mumbai,Tier 3,No,No,Yes,No,No,Maharashtra|Tier 3,Maharashtra|Navi Mumbai,,,Maharashtra|Navi Mumbai,,
Innovision Eye Care and Laser Centre,Maharashtra,NAVI MUMBAI,Navi Mumbai,Tier 3,No,No,Yes,No,No,Maharashtra|Tier 3,Maharashtra|Navi Mumbai,,,Maharashtra|Navi Mumbai,,
SUBHASHISH CHILDREN'S HOSPITAL,Maharashtra,Navi Mumbai,Navi Mumbai,Tier 3,No,No,No,No,Yes,Maharashtra|Tier 3,Maharashtra|Navi Mumbai,,,,,Maharashtra|Navi Mumbai
Medilife Hospital,Maharashtra,Navi Mumbai,Navi Mumbai,Tier 3,No,No,No,Yes,No,Maharashtra|Tier 3,Maharashtra|Navi Mumbai,,,,Maharashtra|Navi Mumbai,
Olive Hospital,Maharashtra,Navi Mumbai,Navi Mumbai,Tier 3,No,Yes,Yes,Yes,No,Maharashtra|Tier 3,Maharashtra|Navi Mumbai,,Maharashtra|Navi Mumbai,Maharashtra|Navi Mumbai,Maharashtra|Navi Mumbai,
Shree Sai Multispeciality Hospital & Trauma Care Centre,Maharashtra,NAVI MUMBAI,Navi Mumbai,Tier 3,Yes,Yes,No,Yes,No,Maharashtra|Tier 3,Maharashtra|Navi Mumbai,Maharashtra|Navi Mumbai,Maharashtra|Navi Mumbai,,Maharashtra|Navi Mumbai,
SUSHRUT MULTISPECIALITY HOSPITAL,Maharashtra,NAVI MUMBAI,Navi Mumbai,Tier 3,Yes,Yes,No,Yes,No,Maharashtra|Tier 3,Maharashtra|Navi Mumbai,Maharashtra|Navi Mumbai,Maharashtra|Navi Mumbai,,Maharashtra|Navi Mumbai,
MGM Hospital and Research center,Maharashtra,NAVI MUMBAI,Navi Mumbai,Tier 3,No,No,Yes,Yes,No,Maharashtra|Tier 3,Maharashtra|Navi Mumbai,,,Maharashtra|Navi Mumbai,Maharashtra|Navi Mumbai,
The Millennium Multispecialty Hospital and Diagnostic Centre,Maharashtra,Navi Mumbai,Navi Mumbai,Tier 3,No,Yes,No,Yes,No,Maharashtra|Tier 3,Maharashtra|Navi Mumbai,,Maharashtra|Navi Mumbai,,Maharashtra|Navi Mumbai,
YASHWANT MULTISPECALITY HOSPITAL,Maharashtra,NAVI MUMBAI,Navi Mumbai,Tier 3,Yes,No,No,Yes,No,Maharashtra|Tier 3,Maharashtra|Navi Mumbai,Maharashtra|Navi Mumbai,,,Maharashtra|Navi Mumbai,
Holkar Hospital ICU & Dental Care,Maharashtra,NAVI MUMBAI,Navi Mumbai,Tier 3,No,Yes,No,Yes,No,Maharashtra|Tier 3,Maharashtra|Navi Mumbai,,Maharashtra|Navi Mumbai,,Maharashtra|Navi Mumbai,
White Lotus International Hospital,Maharashtra,Navi Mumbai,Navi Mumbai,Tier 3,Yes,Yes,Yes,Yes,Yes,Maharashtra|Tier 3,Maharashtra|Navi Mumbai,Maharashtra|Navi Mumbai,Maharashtra|Navi Mumbai,Maharashtra|Navi Mumbai,Maharashtra|Navi Mumbai,Maharashtra|Navi Mumbai
CREDENCECARE MULTI SPECIALITY PRIVATE LIMITED,Bihar,NAWADA,Nawada,Tier 3,No,No,No,Yes,No,Bihar|Tier 3,Bihar|Nawada,,,,Bihar|Nawada,
DHAWAN HOSPITAL,Punjab,NAWANSHAHR,Nawanshahr,Tier 3,No,No,No,Yes,No,Punjab|Tier 3,Punjab|Nawanshahr,,,,Punjab|Nawanshahr,
shri ram multispeciality hospital,Madhya Pradesh,neemuch,Neemuch,Tier 3,Yes,No,No,Yes,Yes,Madhya Pradesh|Tier 3,Madhya Pradesh|Neemuch,Madhya Pradesh|Neemuch,,,Madhya Pradesh|Neemuch,Madhya Pradesh|Neemuch
Gomabai Netralaya,Madhya Pradesh,Neemuch,Neemuch,Tier 3,No,No,No,No,No,Madhya Pradesh|Tier 3,Madhya Pradesh|Neemuch,,,,,
Vedant Hospital,Maharashtra,Neera,Neera,Tier 3,No,No,No,Yes,No,Maharashtra|Tier 3,Maharashtra|Neera,,,,Maharashtra|Neera,
HARSHA HOSPITAL,Karnataka,NELAMANGALA,Nelamangala,Tier 3,Yes,Yes,Yes,Yes,No,Karnataka|Tier 3,Karnataka|Nelamangala,Karnataka|Nelamangala,Karnataka|Nelamangala,Karnataka|Nelamangala,Karnataka|Nelamangala,
Sri Paripoorna Sanathana Ayurveda Hospital,Karnataka,Nelamangala,Nelamangala,Tier 3,No,Yes,Yes,No,No,Karnataka|Tier 3,Karnataka|Nelamangala,,Karnataka|Nelamangala,Karnataka|Nelamangala,,
SUDHEER HOSPITAL,Andhra Pradesh,NELLORE,Nellore,Tier 2B,No,No,No,Yes,No,Andhra Pradesh|Tier 2B,Andhra Pradesh|Nellore,,,,Andhra Pradesh|Nellore,
TEJAS HOSPITAL,Andhra Pradesh,NELLORE,Nellore,Tier 2B,No,No,No,Yes,No,Andhra Pradesh|Tier 2B,Andhra Pradesh|Nellore,,,,Andhra Pradesh|Nellore,
G V P BRAIN AND SPINE CENTER,Andhra Pradesh,NELLORE,Nellore,Tier 2B,No,No,No,No,No,Andhra Pradesh|Tier 2B,Andhra Pradesh|Nellore,,,,,
SAI RAM HOSPITAL,Andhra Pradesh,NELLORE,Nellore,Tier 2B,No,No,No,Yes,No,Andhra Pradesh|Tier 2B,Andhra Pradesh|Nellore,,,,Andhra Pradesh|Nellore,
SRI SAI CHAITANYA HOSPITAL,Andhra Pradesh,NELLORE,Nellore,Tier 2B,No,No,No,Yes,Yes,Andhra Pradesh|Tier 2B,Andhra Pradesh|Nellore,,,,Andhra Pradesh|Nellore,Andhra Pradesh|Nellore
ASHRITHA HOSPITAL,Andhra Pradesh,NELLORE,Nellore,Tier 2B,No,No,No,Yes,Yes,Andhra Pradesh|Tier 2B,Andhra Pradesh|Nellore,,,,Andhra Pradesh|Nellore,Andhra Pradesh|Nellore
SADHANA ORTHOPEADIC HOSPITAL,Andhra Pradesh,NELLORE,Nellore,Tier 2B,No,No,No,Yes,No,Andhra Pradesh|Tier 2B,Andhra Pradesh|Nellore,,,,Andhra Pradesh|Nellore,
GK SPECIALITY HOSPITAL,Andhra Pradesh,NELLORE,Nellore,Tier 2B,No,No,Yes,Yes,No,Andhra Pradesh|Tier 2B,Andhra Pradesh|Nellore,,,Andhra Pradesh|Nellore,Andhra Pradesh|Nellore,
Bhagyalakshmi Fertility And Laparoscopic Centre,Andhra Pradesh,NELLORE,Nellore,Tier 2B,No,No,No,Yes,No,Andhra Pradesh|Tier 2B,Andhra Pradesh|Nellore,,,,Andhra Pradesh|Nellore,
Prime Children's Hospital,Andhra Pradesh,Nellore,Nellore,Tier 2B,Yes,No,No,Yes,Yes,Andhra Pradesh|Tier 2B,Andhra Pradesh|Nellore,Andhra Pradesh|Nellore,,,Andhra Pradesh|Nellore,Andhra Pradesh|Nellore
Bhardwaj Super Speciality Hospital,Delhi,New delhi,Delhi,Tier 1,No,No,No,Yes,Yes,Delhi|Tier 1,Delhi|Delhi,,,,Delhi|Delhi,Delhi|Delhi
UNITY HOSPITAL,Delhi,New Delhi,Delhi,Tier 1,Yes,No,Yes,Yes,Yes,Delhi|Tier 1,Delhi|Delhi,Delhi|Delhi,,Delhi|Delhi,Delhi|Delhi,Delhi|Delhi
GOKUL HOSPITAL,Delhi,New Delhi,Delhi,Tier 1,No,No,No,Yes,No,Delhi|Tier 1,Delhi|Delhi,,,,Delhi|Delhi,
Uronova Kidney and Stone Hospital -  A Unit of Uronova Healthcare Private Limited,Delhi,New Delhi,Delhi,Tier 1,No,No,No,No,No,Delhi|Tier 1,Delhi|Delhi,,,,,
MEHARR HOSPITAL,Delhi,NEW DELHI,Delhi,Tier 1,Yes,Yes,No,Yes,Yes,Delhi|Tier 1,Delhi|Delhi,Delhi|Delhi,Delhi|Delhi,,Delhi|Delhi,Delhi|Delhi
CELLCURE CANCER CENTRE PVT. LTD.,Delhi,NEW DELHI,Delhi,Tier 1,No,Yes,No,No,No,Delhi|Tier 1,Delhi|Delhi,,Delhi|Delhi,,,
Yatharth Super Speciality Hospital,Delhi,New Delhi,Delhi,Tier 1,Yes,Yes,Yes,Yes,Yes,Delhi|Tier 1,Delhi|Delhi,Delhi|Delhi,Delhi|Delhi,Delhi|Delhi,Delhi|Delhi,Delhi|Delhi
K D HOSPITAL (a unit of KDI Medical Science And Education (OPC) Pvt Ltd),Delhi,NEW DELHI,Delhi,Tier 1,Yes,No,No,Yes,Yes,Delhi|Tier 1,Delhi|Delhi,Delhi|Delhi,,,Delhi|Delhi,Delhi|Delhi
Dr Shree Krishna Memorial Medical Centre,Delhi,NEW DELHI,Delhi,Tier 1,No,No,No,No,No,Delhi|Tier 1,Delhi|Delhi,,,,,
JHAMB Multispeciality Hospital,Delhi,NEW DELHI,Delhi,Tier 1,No,No,Yes,Yes,Yes,Delhi|Tier 1,Delhi|Delhi,,,Delhi|Delhi,Delhi|Delhi,Delhi|Delhi
Parth Panchkarma Hospital,Delhi,New Delhi,Delhi,Tier 1,No,No,No,No,No,Delhi|Tier 1,Delhi|Delhi,,,,,
SIGHT AND SMILE CENTRE,Delhi,NEW DELHI,Delhi,Tier 1,No,No,Yes,No,No,Delhi|Tier 1,Delhi|Delhi,,,Delhi|Delhi,,
Shiv Multispeciality Hospital,Delhi,NEW DELHI,Delhi,Tier 1,No,No,No,Yes,No,Delhi|Tier 1,Delhi|Delhi,,,,Delhi|Delhi,
All India Institute of Ayurveda,Delhi,New Delhi,Delhi,Tier 1,Yes,Yes,Yes,Yes,Yes,Delhi|Tier 1,Delhi|Delhi,Delhi|Delhi,Delhi|Delhi,Delhi|Delhi,Delhi|Delhi,Delhi|Delhi
Bharti Eye Hospital,Delhi,New Delhi,Delhi,Tier 1,No,No,Yes,No,No,Delhi|Tier 1,Delhi|Delhi,,,Delhi|Delhi,,
Sapling Hospital,Delhi,NEW DELHI,Delhi,Tier 1,No,No,No,Yes,No,Delhi|Tier 1,Delhi|Delhi,,,,Delhi|Delhi,
JOMSCAREHOSPITAL,Delhi,NEW DELHI,Delhi,Tier 1,No,No,No,Yes,No,Delhi|Tier 1,Delhi|Delhi,,,,Delhi|Delhi,
Amerix Cancer Hospital,Delhi,New Delhi,Delhi,Tier 1,Yes,Yes,No,No,No,Delhi|Tier 1,Delhi|Delhi,Delhi|Delhi,Delhi|Delhi,,,
AURA ADULT & CHILD EYE CARE,Delhi,NEW DELHI,Delhi,Tier 1,No,No,Yes,No,No,Delhi|Tier 1,Delhi|Delhi,,,Delhi|Delhi,,
SK JAIN HOSPITAL,Delhi,NEW DELHI,Delhi,Tier 1,Yes,Yes,No,Yes,No,Delhi|Tier 1,Delhi|Delhi,Delhi|Delhi,Delhi|Delhi,,Delhi|Delhi,
KMC HEALTHCARE LLP MULTISPECIALITY HOSPITAL,Delhi,"New Delhi, Delhi",Delhi,Tier 1,No,No,Yes,Yes,Yes,Delhi|Tier 1,Delhi|Delhi,,,Delhi|Delhi,Delhi|Delhi,Delhi|Delhi
MANGALMURTI MULTI-SPECIALITY HOSPITAL,Maharashtra,New Posari,New Posari,Tier 3,Yes,Yes,No,Yes,No,Maharashtra|Tier 3,Maharashtra|New Posari,Maharashtra|New Posari,Maharashtra|New Posari,,Maharashtra|New Posari,
PARAS ENT SPECIALITY HOSPITAL,Karnataka,"Nipani, Karnataka",Nipani,Tier 3,No,No,Yes,No,No,Karnataka|Tier 3,Karnataka|Nipani,,,Karnataka|Nipani,,
JEEV MULTISPECIALITY HOSPITAL,Karnataka,Nippani,Nippani,Tier 3,No,No,Yes,Yes,No,Karnataka|Tier 3,Karnataka|Nippani,,,Karnataka|Nippani,Karnataka|Nippani,
Devendar Reddy Super Speciality Hospital,Telangana,Nirmal,Nirmal,Tier 3,No,No,No,Yes,No,Telangana|Tier 3,Telangana|Nirmal,,,,Telangana|Nirmal,
S V R CHILDREN'S HOSPITAL,Telangana,NIRMAL,Nirmal,Tier 3,No,No,No,Yes,Yes,Telangana|Tier 3,Telangana|Nirmal,,,,Telangana|Nirmal,Telangana|Nirmal
Sri Gayatri Life Care Multi Speciality Hospital,Telangana,Nizamabad,Nizamabad,Tier 3,No,No,No,No,No,Telangana|Tier 3,Telangana|Nizamabad,,,,,
AYYAPPPA DIAGNOSTICS AND EYE HOSPITAL,Telangana,NIZAMABAD,Nizamabad,Tier 3,No,No,No,No,No,Telangana|Tier 3,Telangana|Nizamabad,,,,,
NEO LIFE CHILDRENS HOSPITAL,Telangana,Nizamabad,Nizamabad,Tier 3,No,No,No,No,No,Telangana|Tier 3,Telangana|Nizamabad,,,,,
SRI LAXMI CHILDREN'S HOSPITAL,Telangana,NIZAMABAD,Nizamabad,Tier 3,No,No,No,No,Yes,Telangana|Tier 3,Telangana|Nizamabad,,,,,Telangana|Nizamabad
SAI AYUSH CHILDREN'S HOSPITAL,Telangana,NIZAMABAD,Nizamabad,Tier 3,No,No,No,No,No,Telangana|Tier 3,Telangana|Nizamabad,,,,,
PAVAN NEURO & SUPER SPECIALITY HOSPITAL,Telangana,NIZAMABAD,Nizamabad,Tier 3,No,No,No,No,No,Telangana|Tier 3,Telangana|Nizamabad,,,,,
Sai Neuro Super Speciality Hospital,Telangana,Nizamabad,Nizamabad,Tier 3,No,No,No,No,No,Telangana|Tier 3,Telangana|Nizamabad,,,,,
SECURE CHILD CARE,Telangana,NIZAMABAD,Nizamabad,Tier 3,No,No,No,No,Yes,Telangana|Tier 3,Telangana|Nizamabad,,,,,Telangana|Nizamabad
VIJAYA HOSPITAL AND MATERNITY HOME,Telangana,NIZAMABAD,Nizamabad,Tier 3,Yes,No,Yes,Yes,No,Telangana|Tier 3,Telangana|Nizamabad,Telangana|Nizamabad,,Telangana|Nizamabad,Telangana|Nizamabad,
LIONS EYE HOSPITAL,Telangana,NIZAMABAD,Nizamabad,Tier 3,No,No,Yes,No,No,Telangana|Tier 3,Telangana|Nizamabad,,,Telangana|Nizamabad,,
NOIDA MULTISPECIALTY HOSPITAL,Uttar Pradesh,NOIDA,Noida,Tier 1,Yes,Yes,No,No,Yes,Uttar Pradesh|Tier 1,Uttar Pradesh|Noida,Uttar Pradesh|Noida,Uttar Pradesh|Noida,,,Uttar Pradesh|Noida
Rama Hospital And Research Center,Uttar Pradesh,Noida,Noida,Tier 1,Yes,No,Yes,Yes,No,Uttar Pradesh|Tier 1,Uttar Pradesh|Noida,Uttar Pradesh|Noida,,Uttar Pradesh|Noida,Uttar Pradesh|Noida,
shivalik hospital (A Unit of shivalik medical centre pvt ltd),Uttar Pradesh,NOIDA,Noida,Tier 1,No,No,No,Yes,Yes,Uttar Pradesh|Tier 1,Uttar Pradesh|Noida,,,,Uttar Pradesh|Noida,Uttar Pradesh|Noida
Nehchaleyecentre,Uttar Pradesh,Noida,Noida,Tier 1,No,No,Yes,No,No,Uttar Pradesh|Tier 1,Uttar Pradesh|Noida,,,Uttar Pradesh|Noida,,
APEX MULISPECIALITY HOSPITAL,Uttar Pradesh,NOIDA,Noida,Tier 1,No,No,Yes,Yes,Yes,Uttar Pradesh|Tier 1,Uttar Pradesh|Noida,,,Uttar Pradesh|Noida,Uttar Pradesh|Noida,Uttar Pradesh|Noida
MDCITY HOSPITAL,Uttar Pradesh,NOIDA,Noida,Tier 1,No,Yes,Yes,Yes,Yes,Uttar Pradesh|Tier 1,Uttar Pradesh|Noida,,Uttar Pradesh|Noida,Uttar Pradesh|Noida,Uttar Pradesh|Noida,Uttar Pradesh|Noida
PRABHA MEDICAL CENTRE,Uttar Pradesh,Noida,Noida,Tier 1,Yes,No,Yes,Yes,Yes,Uttar Pradesh|Tier 1,Uttar Pradesh|Noida,Uttar Pradesh|Noida,,Uttar Pradesh|Noida,Uttar Pradesh|Noida,Uttar Pradesh|Noida
DR.HALDARS ORTHOVISION HEALTHCARE,Uttar Pradesh,NOIDA,Noida,Tier 1,No,No,Yes,No,No,Uttar Pradesh|Tier 1,Uttar Pradesh|Noida,,,Uttar Pradesh|Noida,,
A B LASER EYE CENTRE,Uttar Pradesh,NOIDA EXTENSION,Noida Extension,Tier 3,No,No,Yes,No,No,Uttar Pradesh|Tier 3,Uttar Pradesh|Noida Extension,,,Uttar Pradesh|Noida Extension,,
Jeena Sikho Lifecare Limited,Uttar Pradesh,Noida Sector 12,Noida,Tier 1,No,No,No,No,No,Uttar Pradesh|Tier 1,Uttar Pradesh|Noida,,,,,
M S BIBHUTI BHUSAN HOSPITAL PVT.LTD,West Bengal,NORTH 24 PARGANAS,North Parganas,Tier 3,No,Yes,Yes,Yes,Yes,West Bengal|Tier 3,West Bengal|North Parganas,,West Bengal|North Parganas,West Bengal|North Parganas,West Bengal|North Parganas,West Bengal|North Parganas
NISHIDINN HOSPITAL,West Bengal,NORTH 24 PARGANAS,North Parganas,Tier 3,Yes,Yes,No,Yes,Yes,West Bengal|Tier 3,West Bengal|North Parganas,West Bengal|North Parganas,West Bengal|North Parganas,,West Bengal|North Parganas,West Bengal|North Parganas
NAYAN JYOTI EYE CARE CENTRE,West Bengal,NORTH 24 PARGANAS,North Parganas,Tier 3,No,No,Yes,No,No,West Bengal|Tier 3,West Bengal|North Parganas,,,West Bengal|North Parganas,,
GANGA NURSING HOME,West Bengal,NORTH 24 PARGANAS,North Parganas,Tier 3,Yes,No,No,Yes,No,West Bengal|Tier 3,West Bengal|North Parganas,West Bengal|North Parganas,,,West Bengal|North Parganas,
JAGANNATH GUPTA INSTITUTE OF MEDICAL SCIENCES & HOSPITAL - NORTH KOLKATA,West Bengal,NORTH 24 PARGANAS,North Parganas,Tier 3,Yes,Yes,Yes,Yes,Yes,West Bengal|Tier 3,West Bengal|North Parganas,West Bengal|North Parganas,West Bengal|North Parganas,West Bengal|North Parganas,West Bengal|North Parganas,West Bengal|North Parganas
LOTUS SUPER SPECIALITY HOSPITAL (A UNIT OF DEBLEENA HEALTHCARE PRIVATE LIMITED),West Bengal,NORTH 24 PARGANAS,North Parganas,Tier 3,Yes,Yes,No,Yes,Yes,West Bengal|Tier 3,West Bengal|North Parganas,West Bengal|North Parganas,West Bengal|North Parganas,,West Bengal|North Parganas,West Bengal|North Parganas
WELLCARE NURSING HOME,West Bengal,North 24 Parganas,North Parganas,Tier 3,No,Yes,No,Yes,Yes,West Bengal|Tier 3,West Bengal|North Parganas,,West Bengal|North Parganas,,West Bengal|North Parganas,West Bengal|North Parganas
Medikaas Health care pvt ltd,West Bengal,North 24Parganas,North 24Parganas,Tier 3,Yes,Yes,No,Yes,Yes,West Bengal|Tier 3,West Bengal|North 24Parganas,West Bengal|North 24Parganas,West Bengal|North 24Parganas,,West Bengal|North 24Parganas,West Bengal|North 24Parganas
TRINAYANI EYECARE LLP,West Bengal,NORTH 24PGS,North 24Pgs,Tier 3,No,No,Yes,No,No,West Bengal|Tier 3,West Bengal|North 24Pgs,,,West Bengal|North 24Pgs,,
Akash Dua,Delhi,North West Delhi,Delhi,Tier 1,No,No,Yes,No,No,Delhi|Tier 1,Delhi|Delhi,,,Delhi|Delhi,,
Muskaan Hospital & Maternity Centre,Delhi,NORTH WEST DELHI BUDH VIHAR,Delhi,Tier 1,No,No,No,Yes,Yes,Delhi|Tier 1,Delhi|Delhi,,,,Delhi|Delhi,Delhi|Delhi
Eyecon Care Hospital,Andhra Pradesh,NTR Disctrict,Ntr Disctrict,Tier 3,No,No,Yes,No,No,Andhra Pradesh|Tier 3,Andhra Pradesh|Ntr Disctrict,,,Andhra Pradesh|Ntr Disctrict,,
Veda Hospital & Kidney Centre,Andhra Pradesh,NTR District,Ntr,Tier 3,No,No,No,No,No,Andhra Pradesh|Tier 3,Andhra Pradesh|Ntr,,,,,
Kumar hospital,Punjab,Nurpur Bedi,Nurpur Bedi,Tier 3,No,No,No,Yes,No,Punjab|Tier 3,Punjab|Nurpur Bedi,,,,Punjab|Nurpur Bedi,
AAROGYA HOSPITALS,Andhra Pradesh,Nuzvidu,Nuzvidu,Tier 3,No,No,No,Yes,No,Andhra Pradesh|Tier 3,Andhra Pradesh|Nuzvidu,,,,Andhra Pradesh|Nuzvidu,
SRI VIJAY HOSPITAL,Andhra Pradesh,NUZVIDU,Nuzvidu,Tier 3,No,No,No,No,No,Andhra Pradesh|Tier 3,Andhra Pradesh|Nuzvidu,,,,,
DR SUMA KARTHIKA SPECIALITY EYECARE (A UNIT OF KIRANAM HEALTHCARE PVT. LTD.),Kerala,OACHIRA,Oachira,Tier 3,No,No,Yes,No,No,Kerala|Tier 3,Kerala|Oachira,,,Kerala|Oachira,,
Sumanshil Netralaya,Maharashtra,Old Panvel,Old Panvel,Tier 3,No,No,Yes,No,No,Maharashtra|Tier 3,Maharashtra|Old Panvel,,,Maharashtra|Old Panvel,,
Sangmeshwar Speciality Hospital,Maharashtra,omerga,Omerga,Tier 3,Yes,Yes,No,Yes,No,Maharashtra|Tier 3,Maharashtra|Omerga,Maharashtra|Omerga,Maharashtra|Omerga,,Maharashtra|Omerga,
Shri Ganesh Netralay,Maharashtra,Omerga,Omerga,Tier 3,No,No,Yes,No,No,Maharashtra|Tier 3,Maharashtra|Omerga,,,Maharashtra|Omerga,,
Kanade Hospital,Maharashtra,OMERGA,Omerga,Tier 3,No,No,No,Yes,No,Maharashtra|Tier 3,Maharashtra|Omerga,,,,Maharashtra|Omerga,
Shivai Hospital & Critical Care Center Omerga,Maharashtra,Omerga,Omerga,Tier 3,Yes,No,Yes,No,No,Maharashtra|Tier 3,Maharashtra|Omerga,Maharashtra|Omerga,,Maharashtra|Omerga,,
SNEHA SUPER SPECIALITY HOSPITAL,Andhra Pradesh,ONGOLE,Ongole,Tier 3,Yes,No,Yes,Yes,Yes,Andhra Pradesh|Tier 3,Andhra Pradesh|Ongole,Andhra Pradesh|Ongole,,Andhra Pradesh|Ongole,Andhra Pradesh|Ongole,Andhra Pradesh|Ongole
MEDICURE MULTI SPECIALITY HOSPITAL,Andhra Pradesh,ONGOLE,Ongole,Tier 3,Yes,No,No,Yes,Yes,Andhra Pradesh|Tier 3,Andhra Pradesh|Ongole,Andhra Pradesh|Ongole,,,Andhra Pradesh|Ongole,Andhra Pradesh|Ongole
TAKSHASHILA MEDICAL COLLEGE HOSPITAL,Tamil Nadu,Ongur,Ongur,Tier 3,Yes,Yes,Yes,Yes,Yes,Tamil Nadu|Tier 3,Tamil Nadu|Ongur,Tamil Nadu|Ongur,Tamil Nadu|Ongur,Tamil Nadu|Ongur,Tamil Nadu|Ongur,Tamil Nadu|Ongur
Trimmurti Hospital,Maharashtra,osmanabad,Osmanabad,Tier 3,No,Yes,No,Yes,No,Maharashtra|Tier 3,Maharashtra|Osmanabad,,Maharashtra|Osmanabad,,Maharashtra|Osmanabad,
Saifi Hospital Pvt. Ltd,Delhi,OUTER DISTRICT,Delhi,Tier 1,No,No,No,Yes,Yes,Delhi|Tier 1,Delhi|Delhi,,,,Delhi|Delhi,Delhi|Delhi
SHREE SEVA HOSPITAL,Maharashtra,"OZAR MIG, NASHIK",Nashik,Tier 2B,Yes,Yes,Yes,Yes,Yes,Maharashtra|Tier 2B,Maharashtra|Nashik,Maharashtra|Nashik,Maharashtra|Nashik,Maharashtra|Nashik,Maharashtra|Nashik,Maharashtra|Nashik
SAHKRUPA SURGICAL AND GENERAL HOSPITAL,Maharashtra,PACHORA,Pachora,Tier 3,No,Yes,No,No,No,Maharashtra|Tier 3,Maharashtra|Pachora,,Maharashtra|Pachora,,,
NewAtharvhospital,Maharashtra,Pachora,Pachora,Tier 3,No,No,No,No,No,Maharashtra|Tier 3,Maharashtra|Pachora,,,,,
Malhar Hospital and Critical Care Center,Maharashtra,Pachora Dist Jalgaon,Pachora,Tier 3,No,No,No,No,No,Maharashtra|Tier 3,Maharashtra|Pachora,,,,,
MADHAV MULTISPECIALITY HOSPITAL AND ICU,Gujarat,PADRA,Padra,Tier 3,No,No,No,No,No,Gujarat|Tier 3,Gujarat|Padra,,,,,
SANT EKNATH HOSPITAL,Maharashtra,PAITHAN,Paithan,Tier 3,Yes,Yes,No,No,No,Maharashtra|Tier 3,Maharashtra|Paithan,Maharashtra|Paithan,Maharashtra|Paithan,,,
Muktai Balrugnalaya and General Hospital,Maharashtra,Paithan,Paithan,Tier 3,No,No,No,No,Yes,Maharashtra|Tier 3,Maharashtra|Paithan,,,,,Maharashtra|Paithan
Dr.M.RAJENDRAN HOSPITAL,Tamil Nadu,PALACODE,Palacode,Tier 3,Yes,No,No,Yes,No,Tamil Nadu|Tier 3,Tamil Nadu|Palacode,Tamil Nadu|Palacode,,,Tamil Nadu|Palacode,
KONGAD DAYA MEDICAL CENTRE LLP,Kerala,PALAKKAD,Palakkad,Tier 3,Yes,No,Yes,Yes,No,Kerala|Tier 3,Kerala|Palakkad,Kerala|Palakkad,,Kerala|Palakkad,Kerala|Palakkad,
Narayana Ayurveda Chikitsalayam,Kerala,Palakkad,Palakkad,Tier 3,No,No,Yes,No,No,Kerala|Tier 3,Kerala|Palakkad,,,Kerala|Palakkad,,
Karuna Hospital,Kerala,PALAKKAD,Palakkad,Tier 3,Yes,No,No,Yes,No,Kerala|Tier 3,Kerala|Palakkad,Kerala|Palakkad,,,Kerala|Palakkad,
AZEEZIA HOSPITAL,Kerala,PALAKKAD,Palakkad,Tier 3,Yes,No,No,Yes,No,Kerala|Tier 3,Kerala|Palakkad,Kerala|Palakkad,,,Kerala|Palakkad,
KARUNA MEDICAL COLLEGE HOSPITAL,Kerala,PALAKKAD,Palakkad,Tier 3,Yes,Yes,Yes,Yes,Yes,Kerala|Tier 3,Kerala|Palakkad,Kerala|Palakkad,Kerala|Palakkad,Kerala|Palakkad,Kerala|Palakkad,Kerala|Palakkad
HARITHAHOSPITALS,Andhra Pradesh,PALAKOLLU,Palakollu,Tier 3,Yes,No,No,No,No,Andhra Pradesh|Tier 3,Andhra Pradesh|Palakollu,Andhra Pradesh|Palakollu,,,,
MARTERU TOWN HOSPITALS PVT LTD,Andhra Pradesh,PALAKOLLU,Palakollu,Tier 3,Yes,No,No,Yes,No,Andhra Pradesh|Tier 3,Andhra Pradesh|Palakollu,Andhra Pradesh|Palakollu,,,Andhra Pradesh|Palakollu,
MMS RORARY EYE HOSPITAL,Himachal Pradesh,PALAMPUR,Palampur,Tier 3,No,No,Yes,No,No,Himachal Pradesh|Tier 3,Himachal Pradesh|Palampur,,,Himachal Pradesh|Palampur,,
AK HEART HOSPITAL A UNIT OF BK HOSPICARE LLP,Gujarat,Palanpur,Palanpur,Tier 3,Yes,No,No,No,No,Gujarat|Tier 3,Gujarat|Palanpur,Gujarat|Palanpur,,,,
GOC Multispeciality Hospital,Maharashtra,Palghar,Palghar,Tier 3,Yes,Yes,No,Yes,No,Maharashtra|Tier 3,Maharashtra|Palghar,Maharashtra|Palghar,Maharashtra|Palghar,,Maharashtra|Palghar,
Ekvvira Hospital,Maharashtra,Palghar,Palghar,Tier 3,No,No,No,Yes,No,Maharashtra|Tier 3,Maharashtra|Palghar,,,,Maharashtra|Palghar,
swaasthyam hospital,Maharashtra,Palghar,Palghar,Tier 3,Yes,No,No,No,No,Maharashtra|Tier 3,Maharashtra|Palghar,Maharashtra|Palghar,,,,
Dr.Patils Niramay Children and Multispecality Hospital LLP,Maharashtra,PALGHAR,Palghar,Tier 3,No,No,No,No,Yes,Maharashtra|Tier 3,Maharashtra|Palghar,,,,,Maharashtra|Palghar
SHINDE HOSPITAL PALGHAR,Maharashtra,PALGHAR,Palghar,Tier 3,Yes,No,No,Yes,Yes,Maharashtra|Tier 3,Maharashtra|Palghar,Maharashtra|Palghar,,,Maharashtra|Palghar,Maharashtra|Palghar
Metro Multispeciality Hospital,Maharashtra,Palghar,Palghar,Tier 3,Yes,Yes,No,Yes,Yes,Maharashtra|Tier 3,Maharashtra|Palghar,Maharashtra|Palghar,Maharashtra|Palghar,,Maharashtra|Palghar,Maharashtra|Palghar
Kulkarni Eye Hospital,Maharashtra,Palghar,Palghar,Tier 3,No,No,Yes,No,No,Maharashtra|Tier 3,Maharashtra|Palghar,,,Maharashtra|Palghar,,
SHREE BALAJI HOSPITAL,Maharashtra,PALGHAR,Palghar,Tier 3,No,No,Yes,Yes,No,Maharashtra|Tier 3,Maharashtra|Palghar,,,Maharashtra|Palghar,Maharashtra|Palghar,
Aarogyam Multispeciality Hospital,Maharashtra,Palghar,Palghar,Tier 3,Yes,Yes,No,Yes,No,Maharashtra|Tier 3,Maharashtra|Palghar,Maharashtra|Palghar,Maharashtra|Palghar,,Maharashtra|Palghar,
Parag Hospital,Maharashtra,PALGHAR,Palghar,Tier 3,No,No,No,Yes,No,Maharashtra|Tier 3,Maharashtra|Palghar,,,,Maharashtra|Palghar,
New J.P. Hospital and Diagnostics,Maharashtra,Palghar,Palghar,Tier 3,Yes,Yes,No,Yes,No,Maharashtra|Tier 3,Maharashtra|Palghar,Maharashtra|Palghar,Maharashtra|Palghar,,Maharashtra|Palghar,
sanjivani hospital,Maharashtra,Palghar,Palghar,Tier 3,Yes,Yes,Yes,Yes,Yes,Maharashtra|Tier 3,Maharashtra|Palghar,Maharashtra|Palghar,Maharashtra|Palghar,Maharashtra|Palghar,Maharashtra|Palghar,Maharashtra|Palghar
OZONE HITECH MULTISPECIALITY HOSPITAL,Maharashtra,PALGHAR,Palghar,Tier 3,Yes,Yes,Yes,Yes,Yes,Maharashtra|Tier 3,Maharashtra|Palghar,Maharashtra|Palghar,Maharashtra|Palghar,Maharashtra|Palghar,Maharashtra|Palghar,Maharashtra|Palghar
RIDDHI SIDDHI HOSPITAL,Rajasthan,pali,Pali,Tier 3,No,No,No,No,No,Rajasthan|Tier 3,Rajasthan|Pali,,,,,
SHREE MAHADEV MULTISPECIALITY HOSPITAL,Rajasthan,PALI,Pali,Tier 3,No,No,Yes,Yes,No,Rajasthan|Tier 3,Rajasthan|Pali,,,Rajasthan|Pali,Rajasthan|Pali,
VARABABU SUPER SPECIALTIES HOSPITALS,Andhra Pradesh,Palnadu,Palnadu,Tier 3,No,No,No,Yes,No,Andhra Pradesh|Tier 3,Andhra Pradesh|Palnadu,,,,Andhra Pradesh|Palnadu,
SHRIKRISHNA CHILDREN AND MULTISPECIALITY HOSPITAL,Maharashtra,"PALSE, NASHIK",Palse Nashik,Tier 3,No,No,No,Yes,No,Maharashtra|Tier 3,Maharashtra|Palse Nashik,,,,Maharashtra|Palse Nashik,
Medicheck Institute of Medical Sciences,Haryana,Palwal,Palwal,Tier 3,Yes,Yes,Yes,Yes,Yes,Haryana|Tier 3,Haryana|Palwal,Haryana|Palwal,Haryana|Palwal,Haryana|Palwal,Haryana|Palwal,Haryana|Palwal
B R KARSH HOSPITAL,Chhattisgarh,PAMGARH,Pamgarh,Tier 3,No,No,No,No,No,Chhattisgarh|Tier 3,Chhattisgarh|Pamgarh,,,,,
Indus Super Specialty Hospital (A Unit of K & Sant Tricity Hospital Pvt. Ltd),Haryana,Panchkula,Panchkula,Tier 3,Yes,Yes,No,No,No,Haryana|Tier 3,Haryana|Panchkula,Haryana|Panchkula,Haryana|Panchkula,,,
NABANNAA HEALTH INSTITUTE & HOSPITAL,West Bengal,PANIHATI,Panihati,Tier 3,No,Yes,Yes,Yes,Yes,West Bengal|Tier 3,West Bengal|Panihati,,West Bengal|Panihati,West Bengal|Panihati,West Bengal|Panihati,West Bengal|Panihati
cygnus maharaja aggarsain hospital,Haryana,PANIPAT,Panipat,Tier 3,Yes,Yes,No,Yes,Yes,Haryana|Tier 3,Haryana|Panipat,Haryana|Panipat,Haryana|Panipat,,Haryana|Panipat,Haryana|Panipat
LOTUS HOSPITAL,Haryana,PANIPAT,Panipat,Tier 3,No,No,No,Yes,Yes,Haryana|Tier 3,Haryana|Panipat,,,,Haryana|Panipat,Haryana|Panipat
Aarti Nursing Home,Haryana,PANIPAT,Panipat,Tier 3,No,No,No,Yes,No,Haryana|Tier 3,Haryana|Panipat,,,,Haryana|Panipat,
City Hospital,Haryana,Panipat,Panipat,Tier 3,No,No,Yes,No,No,Haryana|Tier 3,Haryana|Panipat,,,Haryana|Panipat,,
KALRA HOSPITAL,Haryana,PANIPAT,Panipat,Tier 3,No,No,No,No,Yes,Haryana|Tier 3,Haryana|Panipat,,,,,Haryana|Panipat
Onelife Hospital and Trauma Centre,Haryana,Panipat,Panipat,Tier 3,No,No,No,Yes,Yes,Haryana|Tier 3,Haryana|Panipat,,,,Haryana|Panipat,Haryana|Panipat
HOPE HOSPITAL,Haryana,PANIPAT,Panipat,Tier 3,No,No,No,No,Yes,Haryana|Tier 3,Haryana|Panipat,,,,,Haryana|Panipat
DEWAN AMIR CHAND MEMORAIL HOSPITAL PVT LTD,Haryana,PANIPAT,Panipat,Tier 3,Yes,No,Yes,Yes,No,Haryana|Tier 3,Haryana|Panipat,Haryana|Panipat,,Haryana|Panipat,Haryana|Panipat,
Taneja Multispeciality Hospital Pvt. Ltd.,Haryana,Panipat Taraf Afghan (17),Panipat,Tier 3,No,No,Yes,Yes,No,Haryana|Tier 3,Haryana|Panipat,,,Haryana|Panipat,Haryana|Panipat,
K.L.HOSPITAL AND TRAUMA CENTRE,Haryana,Panipat Taraf Ansar,Panipat,Tier 3,No,No,No,Yes,Yes,Haryana|Tier 3,Haryana|Panipat,,,,Haryana|Panipat,Haryana|Panipat
BAROMAA MULTISPECIALITY HOSPITAL,West Bengal,PANSKURA,Panskura,Tier 3,Yes,Yes,Yes,Yes,Yes,West Bengal|Tier 3,West Bengal|Panskura,West Bengal|Panskura,West Bengal|Panskura,West Bengal|Panskura,West Bengal|Panskura,West Bengal|Panskura
Family Health Hospital and Medical and Diagnostic Center,West Bengal,Panskura,Panskura,Tier 3,Yes,Yes,No,Yes,Yes,West Bengal|Tier 3,West Bengal|Panskura,West Bengal|Panskura,West Bengal|Panskura,,West Bengal|Panskura,West Bengal|Panskura
NEW MOTHER NURSING HOME & DIAGNOSTIC CENTRE,West Bengal,PANSKURA,Panskura,Tier 3,Yes,Yes,No,Yes,Yes,West Bengal|Tier 3,West Bengal|Panskura,West Bengal|Panskura,West Bengal|Panskura,,West Bengal|Panskura,West Bengal|Panskura
THAKKER EYE CARE & SURGERY,Maharashtra,PANVEL,Panvel,Tier 3,No,No,Yes,No,No,Maharashtra|Tier 3,Maharashtra|Panvel,,,Maharashtra|Panvel,,
AKSHAYEYECLINIC,Maharashtra,PANVEL,Panvel,Tier 3,No,No,Yes,No,No,Maharashtra|Tier 3,Maharashtra|Panvel,,,Maharashtra|Panvel,,
Sky Oncology LLP Indian Cancer Treatment Center,Maharashtra,PANVEL,Panvel,Tier 3,No,Yes,No,No,No,Maharashtra|Tier 3,Maharashtra|Panvel,,Maharashtra|Panvel,,,
IRIS EYE HOSPITAL,Maharashtra,PANVEL,Panvel,Tier 3,No,No,Yes,No,No,Maharashtra|Tier 3,Maharashtra|Panvel,,,Maharashtra|Panvel,,
DR.SHAHS SUPERSPECIALITY HOSPITAL,Maharashtra,PANVEL,Panvel,Tier 3,No,Yes,No,Yes,No,Maharashtra|Tier 3,Maharashtra|Panvel,,Maharashtra|Panvel,,Maharashtra|Panvel,
Jagdish Chand Juneja Hospital,Himachal Pradesh,Paonta Sahib,Paonta Sahib,Tier 3,No,No,Yes,Yes,Yes,Himachal Pradesh|Tier 3,Himachal Pradesh|Paonta Sahib,,,Himachal Pradesh|Paonta Sahib,Himachal Pradesh|Paonta Sahib,Himachal Pradesh|Paonta Sahib
Shri Sai Cardiac & Critical Care Centre,Himachal Pradesh,Paonta Sahib,Paonta Sahib,Tier 3,Yes,No,No,No,No,Himachal Pradesh|Tier 3,Himachal Pradesh|Paonta Sahib,Himachal Pradesh|Paonta Sahib,,,,
SRI AADHYA MULTI SPECIALITY HOSPITAL,Andhra Pradesh,PARAVADA,Paravada,Tier 3,No,No,No,Yes,No,Andhra Pradesh|Tier 3,Andhra Pradesh|Paravada,,,,Andhra Pradesh|Paravada,
Yashodeep Critical Care Center,Maharashtra,Parbhani,Parbhani,Tier 3,Yes,No,No,Yes,No,Maharashtra|Tier 3,Maharashtra|Parbhani,Maharashtra|Parbhani,,,Maharashtra|Parbhani,
KAUSHALYA KIDNEY CARE SUPER SPECIALITY HOSPITAL,Maharashtra,parbhani,Parbhani,Tier 3,No,No,No,No,No,Maharashtra|Tier 3,Maharashtra|Parbhani,,,,,
RP HOSPITAL AND RESEARCH INSTITUTE,Maharashtra,PARBHANI,Parbhani,Tier 3,Yes,Yes,Yes,Yes,Yes,Maharashtra|Tier 3,Maharashtra|Parbhani,Maharashtra|Parbhani,Maharashtra|Parbhani,Maharashtra|Parbhani,Maharashtra|Parbhani,Maharashtra|Parbhani
Vighnaharta Hospital,Maharashtra,Parbhani,Parbhani,Tier 3,Yes,Yes,No,Yes,No,Maharashtra|Tier 3,Maharashtra|Parbhani,Maharashtra|Parbhani,Maharashtra|Parbhani,,Maharashtra|Parbhani,
Yadav balrugnalay and critical care center,Maharashtra,Parbhani,Parbhani,Tier 3,No,No,No,No,Yes,Maharashtra|Tier 3,Maharashtra|Parbhani,,,,,Maharashtra|Parbhani
K B H B CHARITABLE OPTHALMIC ENT HOSPITAL,Maharashtra,PAREL,Parel,Tier 3,No,No,Yes,No,No,Maharashtra|Tier 3,Maharashtra|Parel,,,Maharashtra|Parel,,
"Vivekananda Hospital Pvt. Ltd.,",West Bengal,Paschim Bardhaman,Paschim Bardhaman,Tier 3,Yes,Yes,Yes,Yes,Yes,West Bengal|Tier 3,West Bengal|Paschim Bardhaman,West Bengal|Paschim Bardhaman,West Bengal|Paschim Bardhaman,West Bengal|Paschim Bardhaman,West Bengal|Paschim Bardhaman,West Bengal|Paschim Bardhaman
DIAMOND HOSPITAL PVT. LTD,West Bengal,PASCHIM BURDAWAN,Paschim Burdawan,Tier 3,Yes,Yes,Yes,Yes,No,West Bengal|Tier 3,West Bengal|Paschim Burdawan,West Bengal|Paschim Burdawan,West Bengal|Paschim Burdawan,West Bengal|Paschim Burdawan,West Bengal|Paschim Burdawan,
RANIGANJ NETRALAYA,West Bengal,Paschim Burdwan,Paschim Burdwan,Tier 3,No,No,Yes,No,No,West Bengal|Tier 3,West Bengal|Paschim Burdwan,,,West Bengal|Paschim Burdwan,,
MOTHER NURSING HOME GOURA,West Bengal,PASCHIM MEDINIPUR,Paschim Medinipur,Tier 3,Yes,Yes,Yes,Yes,Yes,West Bengal|Tier 3,West Bengal|Paschim Medinipur,West Bengal|Paschim Medinipur,West Bengal|Paschim Medinipur,West Bengal|Paschim Medinipur,West Bengal|Paschim Medinipur,West Bengal|Paschim Medinipur
Sri Ramkrishna Nursing Home & Diagnostic Center,West Bengal,Paschim Medinipur,Paschim Medinipur,Tier 3,No,Yes,Yes,Yes,No,West Bengal|Tier 3,West Bengal|Paschim Medinipur,,West Bengal|Paschim Medinipur,West Bengal|Paschim Medinipur,West Bengal|Paschim Medinipur,
CITY HOSPITAL,West Bengal,PASCHIM MEDINIPUR,Paschim Medinipur,Tier 3,Yes,No,No,Yes,Yes,West Bengal|Tier 3,West Bengal|Paschim Medinipur,West Bengal|Paschim Medinipur,,,West Bengal|Paschim Medinipur,West Bengal|Paschim Medinipur
THE CARE NURSING HOME,West Bengal,PASCHIM MEDINIPUR,Paschim Medinipur,Tier 3,Yes,Yes,Yes,Yes,Yes,West Bengal|Tier 3,West Bengal|Paschim Medinipur,West Bengal|Paschim Medinipur,West Bengal|Paschim Medinipur,West Bengal|Paschim Medinipur,West Bengal|Paschim Medinipur,West Bengal|Paschim Medinipur
N K Chatterjee Memorial Maternity Cum Nursing Home,West Bengal,Paschim Medinipur,Paschim Medinipur,Tier 3,Yes,No,Yes,Yes,No,West Bengal|Tier 3,West Bengal|Paschim Medinipur,West Bengal|Paschim Medinipur,,West Bengal|Paschim Medinipur,West Bengal|Paschim Medinipur,
DURGA MATERNITY & CHILD CARE CENTRE,West Bengal,PASCHIM MEDINIPUR,Paschim Medinipur,Tier 3,No,Yes,Yes,Yes,No,West Bengal|Tier 3,West Bengal|Paschim Medinipur,,West Bengal|Paschim Medinipur,West Bengal|Paschim Medinipur,West Bengal|Paschim Medinipur,
DRISTILOK HOSPITAL LLP,West Bengal,PASCHIM MIDNAPORE,Paschim Midnapore,Tier 3,No,No,Yes,No,No,West Bengal|Tier 3,West Bengal|Paschim Midnapore,,,West Bengal|Paschim Midnapore,,
MIDNAPORE NURSING HOME,West Bengal,PASCHIM MIDNAPORE,Paschim Midnapore,Tier 3,Yes,Yes,No,Yes,Yes,West Bengal|Tier 3,West Bengal|Paschim Midnapore,West Bengal|Paschim Midnapore,West Bengal|Paschim Midnapore,,West Bengal|Paschim Midnapore,West Bengal|Paschim Midnapore
SHIV SHAKTI HOSPITAL & TRAUMA CENTRE,Haryana,PATAUDI,Pataudi,Tier 3,Yes,No,No,Yes,Yes,Haryana|Tier 3,Haryana|Pataudi,Haryana|Pataudi,,,Haryana|Pataudi,Haryana|Pataudi
KARUNYA EYE HOSPITAL - PANDALAM,Kerala,PATHANAMTHITTA,Pathanamthitta,Tier 3,No,No,Yes,No,No,Kerala|Tier 3,Kerala|Pathanamthitta,,,Kerala|Pathanamthitta,,
AMANDEEP HOSPITALS PRIVATE LIMITED,Punjab,PATHANKOT,Pathankot,Tier 3,Yes,No,No,Yes,Yes,Punjab|Tier 3,Punjab|Pathankot,Punjab|Pathankot,,,Punjab|Pathankot,Punjab|Pathankot
SAINI EYE HOSPITAL,Punjab,Pathankot,Pathankot,Tier 3,No,No,Yes,No,No,Punjab|Tier 3,Punjab|Pathankot,,,Punjab|Pathankot,,
Krishna Hospital,Punjab,Pathankot,Pathankot,Tier 3,No,No,No,Yes,No,Punjab|Tier 3,Punjab|Pathankot,,,,Punjab|Pathankot,
Randhawa Hospital,Punjab,Pathankot,Pathankot,Tier 3,Yes,No,No,Yes,No,Punjab|Tier 3,Punjab|Pathankot,Punjab|Pathankot,,,Punjab|Pathankot,
Th. Dalip Singh Memorial Hospital,Punjab,Pathankot,Pathankot,Tier 3,No,No,Yes,Yes,No,Punjab|Tier 3,Punjab|Pathankot,,,Punjab|Pathankot,Punjab|Pathankot,
Dr Preeti's bright eye care hospital,Punjab,Pathankot,Pathankot,Tier 3,No,No,Yes,No,No,Punjab|Tier 3,Punjab|Pathankot,,,Punjab|Pathankot,,
Harsewak Multispeciality Hospital,Punjab,PATHANKOT,Pathankot,Tier 3,No,No,No,No,No,Punjab|Tier 3,Punjab|Pathankot,,,,,
CHAUHAN MULTISPECIALITY & TRAUMA CENTRE,Punjab,Pathankot,Pathankot,Tier 3,Yes,No,Yes,Yes,No,Punjab|Tier 3,Punjab|Pathankot,Punjab|Pathankot,,Punjab|Pathankot,Punjab|Pathankot,
nikhil eye hospital,Punjab,pathankot,Pathankot,Tier 3,No,No,No,No,No,Punjab|Tier 3,Punjab|Pathankot,,,,,
DR OM PARKASH EYE INSTITUTE PVT. LTD.,Punjab,"Pathankot,",Pathankot,Tier 3,No,No,Yes,No,No,Punjab|Tier 3,Punjab|Pathankot,,,Punjab|Pathankot,,
SKR Hospital and Trauma Centre Private Limited,Punjab,"Pathankot, Punjab - 145001",Pathankot,Tier 3,No,No,No,No,No,Punjab|Tier 3,Punjab|Pathankot,,,,,
VARAD HOSPITAL AND ICU,Maharashtra,Pathri Parbhani,Pathri Parbhani,Tier 3,Yes,No,No,Yes,No,Maharashtra|Tier 3,Maharashtra|Pathri Parbhani,Maharashtra|Pathri Parbhani,,,Maharashtra|Pathri Parbhani,
AMG HEALTH (A UNIT OF AMG HEALTHCARE PRIVATE LIMITED),Punjab,PATIALA,Patiala,Tier 3,No,No,No,Yes,No,Punjab|Tier 3,Punjab|Patiala,,,,Punjab|Patiala,
AMAIRA PLASTIC SURGERY AND MULTISPECIALITY HOSPITAL,Punjab,PATIALA,Patiala,Tier 3,No,Yes,No,Yes,No,Punjab|Tier 3,Punjab|Patiala,,Punjab|Patiala,,Punjab|Patiala,
JANAK SURGICARE AND ANKUR ADVANCED UROLOGY CENTRE,Punjab,PATIALA,Patiala,Tier 3,No,No,No,No,No,Punjab|Tier 3,Punjab|Patiala,,,,,
L.J Eye Institute,Punjab,PATIALA,Patiala,Tier 3,No,No,Yes,No,No,Punjab|Tier 3,Punjab|Patiala,,,Punjab|Patiala,,
AGGARWAL CLEARSIGHT EYE HOSPITAL,Punjab,PATIALA,Patiala,Tier 3,No,No,Yes,No,No,Punjab|Tier 3,Punjab|Patiala,,,Punjab|Patiala,,
AB HOSPITAL,Punjab,Patiala,Patiala,Tier 3,No,Yes,No,No,No,Punjab|Tier 3,Punjab|Patiala,,Punjab|Patiala,,,
Sodhi Eye Hospital,Punjab,Patiala,Patiala,Tier 3,No,No,Yes,No,No,Punjab|Tier 3,Punjab|Patiala,,,Punjab|Patiala,,
NAVDEEP WALIA,Punjab,PATIALA,Patiala,Tier 3,No,No,No,No,No,Punjab|Tier 3,Punjab|Patiala,,,,,
GURMEET HOSPITAL,Punjab,PATIALA,Patiala,Tier 3,No,No,No,No,Yes,Punjab|Tier 3,Punjab|Patiala,,,,,Punjab|Patiala
DR JAGJIT EYE HOSPITAL AND LASER CENTRE,Punjab,Patiala,Patiala,Tier 3,No,No,Yes,No,No,Punjab|Tier 3,Punjab|Patiala,,,Punjab|Patiala,,
Guru Teg bahadur Eye Hospital,Punjab,PATIALA,Patiala,Tier 3,No,No,Yes,No,No,Punjab|Tier 3,Punjab|Patiala,,,Punjab|Patiala,,
TULI'S CHILD CENTRE,Punjab,PATIALA,Patiala,Tier 3,Yes,No,No,No,No,Punjab|Tier 3,Punjab|Patiala,Punjab|Patiala,,,,
DEEP HOSPITAL,Punjab,PATIALA,Patiala,Tier 3,No,Yes,No,Yes,Yes,Punjab|Tier 3,Punjab|Patiala,,Punjab|Patiala,,Punjab|Patiala,Punjab|Patiala
NETRA PRAKASH EYE ENTRE,Punjab,PATIALA,Patiala,Tier 3,No,No,Yes,No,No,Punjab|Tier 3,Punjab|Patiala,,,Punjab|Patiala,,
AGGARWAL CLINIC,Punjab,PATIALA,Patiala,Tier 3,No,No,No,Yes,No,Punjab|Tier 3,Punjab|Patiala,,,,Punjab|Patiala,
care multispeciality center,Punjab,"Patiala, Punjab 147001",Patiala,Tier 3,Yes,Yes,Yes,Yes,Yes,Punjab|Tier 3,Punjab|Patiala,Punjab|Patiala,Punjab|Patiala,Punjab|Patiala,Punjab|Patiala,Punjab|Patiala
MEDI POINT EMERGENCY HOSPITAL,Bihar,PATNA,Patna,Tier 2A,Yes,No,Yes,Yes,Yes,Bihar|Tier 2A,Bihar|Patna,Bihar|Patna,,Bihar|Patna,Bihar|Patna,Bihar|Patna
MARGDARSHAN HOSPITAL AND RESEARCH CENTRE LLP,Bihar,PATNA,Patna,Tier 2A,Yes,Yes,No,Yes,Yes,Bihar|Tier 2A,Bihar|Patna,Bihar|Patna,Bihar|Patna,,Bihar|Patna,Bihar|Patna
DR K K KANTHA MEMORIAL HOSPITAL PRIVATE LIMITED,Bihar,PATNA,Patna,Tier 2A,No,No,Yes,No,No,Bihar|Tier 2A,Bihar|Patna,,,Bihar|Patna,,
Narayana Cancer Centre ( A Unit of Narayana Cancer Centre Pvt. Ltd.),Bihar,PATNA,Patna,Tier 2A,No,Yes,No,No,No,Bihar|Tier 2A,Bihar|Patna,,Bihar|Patna,,,
SAARA HOSPITAL AND RESEARCH CENTER PRIVATE LIMITED,Bihar,PATNA,Patna,Tier 2A,Yes,No,No,Yes,Yes,Bihar|Tier 2A,Bihar|Patna,Bihar|Patna,,,Bihar|Patna,Bihar|Patna
MGM Hospiotal & research Centre Pvt Ltd,Bihar,Patna,Patna,Tier 2A,No,No,No,Yes,Yes,Bihar|Tier 2A,Bihar|Patna,,,,Bihar|Patna,Bihar|Patna
UDAYAN HOSPITAL (A UNIT OF INDIRA GOPAL INSTITUTE OF MEDICAL SERVICES PVT LTD),Bihar,PATNA,Patna,Tier 2A,Yes,Yes,No,Yes,Yes,Bihar|Tier 2A,Bihar|Patna,Bihar|Patna,Bihar|Patna,,Bihar|Patna,Bihar|Patna
OXFORD EMERGENCY HOSPITAL,Bihar,PATNA,Patna,Tier 2A,Yes,Yes,Yes,No,Yes,Bihar|Tier 2A,Bihar|Patna,Bihar|Patna,Bihar|Patna,Bihar|Patna,,Bihar|Patna
Aarogyam Emergency Hospital Pvt Ltd,Bihar,Patna,Patna,Tier 2A,Yes,Yes,Yes,Yes,Yes,Bihar|Tier 2A,Bihar|Patna,Bihar|Patna,Bihar|Patna,Bihar|Patna,Bihar|Patna,Bihar|Patna
ARYA MULTI SPECIALITY HOSPITAL,Bihar,Patna,Patna,Tier 2A,Yes,No,No,Yes,No,Bihar|Tier 2A,Bihar|Patna,Bihar|Patna,,,Bihar|Patna,
YASHODA CHILDREN HOSPITAL,Bihar,Patna,Patna,Tier 2A,No,No,No,No,Yes,Bihar|Tier 2A,Bihar|Patna,,,,,Bihar|Patna
M.S. URO GYNAE & STONE CENTRE,Bihar,PATNA,Patna,Tier 2A,Yes,No,No,Yes,No,Bihar|Tier 2A,Bihar|Patna,Bihar|Patna,,,Bihar|Patna,
MEDIVERSE HOSPITAL,Bihar,PATNA,Patna,Tier 2A,Yes,Yes,Yes,Yes,Yes,Bihar|Tier 2A,Bihar|Patna,Bihar|Patna,Bihar|Patna,Bihar|Patna,Bihar|Patna,Bihar|Patna
BUDDHA EYE CARE & LASER CENTRE,Bihar,PATNA,Patna,Tier 2A,No,No,Yes,No,No,Bihar|Tier 2A,Bihar|Patna,,,Bihar|Patna,,
SHREE NARAYANAM CRITICAL CARE HOSPITAL,Bihar,PATNA,Patna,Tier 2A,Yes,Yes,Yes,Yes,Yes,Bihar|Tier 2A,Bihar|Patna,Bihar|Patna,Bihar|Patna,Bihar|Patna,Bihar|Patna,Bihar|Patna
PRADEEP MEMORIAL ORTHOPAEDIC CLINIC AND MATERNITY HOME,Bihar,PATNA,Patna,Tier 2A,No,No,No,Yes,No,Bihar|Tier 2A,Bihar|Patna,,,,Bihar|Patna,
UNIVERSAL EMERGENCY HOSPITAL & TRAUMA CENTER,Bihar,PATNA,Patna,Tier 2A,Yes,No,Yes,Yes,No,Bihar|Tier 2A,Bihar|Patna,Bihar|Patna,,Bihar|Patna,Bihar|Patna,
Shri Krishna Multi-specialty Hospital,Bihar,Patna,Patna,Tier 2A,Yes,No,No,Yes,No,Bihar|Tier 2A,Bihar|Patna,Bihar|Patna,,,Bihar|Patna,
ROYAL CENTRAL HOSPITAL ( A Unit Of AVINASH KUMAR ASHA HOSPITAL PRIVATE LIMITED ),Bihar,Patna,Patna,Tier 2A,Yes,Yes,Yes,Yes,Yes,Bihar|Tier 2A,Bihar|Patna,Bihar|Patna,Bihar|Patna,Bihar|Patna,Bihar|Patna,Bihar|Patna
TEJAS  HOSPITAL ( A UNIT OF RINSE MARKETING PVT. LTD),Bihar,PATNA,Patna,Tier 2A,No,No,Yes,Yes,Yes,Bihar|Tier 2A,Bihar|Patna,,,Bihar|Patna,Bihar|Patna,Bihar|Patna
CENTRE FOR NEUROLOGICAL SURGERY (CNS),Bihar,PATNA,Patna,Tier 2A,No,No,No,No,No,Bihar|Tier 2A,Bihar|Patna,,,,,
MEDITECH HOSPITAL & SPORTS INJURY CENTRE,Bihar,PATNA,Patna,Tier 2A,No,Yes,Yes,Yes,No,Bihar|Tier 2A,Bihar|Patna,,Bihar|Patna,Bihar|Patna,Bihar|Patna,
PEARL HOSPITAL,Bihar,PATNA,Patna,Tier 2A,Yes,Yes,Yes,Yes,Yes,Bihar|Tier 2A,Bihar|Patna,Bihar|Patna,Bihar|Patna,Bihar|Patna,Bihar|Patna,Bihar|Patna
POPULAR ORTHOPAEDIC HOSPITAL,Bihar,PATNA,Patna,Tier 2A,No,No,No,No,No,Bihar|Tier 2A,Bihar|Patna,,,,,
Paramhans Institute of Neurology,Bihar,PATNA,Patna,Tier 2A,No,No,No,No,No,Bihar|Tier 2A,Bihar|Patna,,,,,
WELLS HOSPITAL Pvt. Ltd.,Bihar,PATNA,Patna,Tier 2A,Yes,No,No,Yes,Yes,Bihar|Tier 2A,Bihar|Patna,Bihar|Patna,,,Bihar|Patna,Bihar|Patna
PAREJA HEALTH CARE PVT.LTD.,Bihar,Patna,Patna,Tier 2A,No,No,No,Yes,No,Bihar|Tier 2A,Bihar|Patna,,,,Bihar|Patna,
Chandigarh Eye Care,Bihar,PATNA,Patna,Tier 2A,No,No,Yes,No,No,Bihar|Tier 2A,Bihar|Patna,,,Bihar|Patna,,
CNS HOSPITAL PRIVATE LIMITED,Bihar,PATNA,Patna,Tier 2A,Yes,No,No,No,No,Bihar|Tier 2A,Bihar|Patna,Bihar|Patna,,,,
RAYNSAI HOSPITAL,Bihar,PATNA,Patna,Tier 2A,Yes,No,No,Yes,No,Bihar|Tier 2A,Bihar|Patna,Bihar|Patna,,,Bihar|Patna,
LUMINA SUPER SPECIALITY HOSPITAL PRIVATE LIMITED,Bihar,Patna,Patna,Tier 2A,Yes,Yes,No,Yes,Yes,Bihar|Tier 2A,Bihar|Patna,Bihar|Patna,Bihar|Patna,,Bihar|Patna,Bihar|Patna
BLUE DIAMOND HOSPITAL,Bihar,PATNA,Patna,Tier 2A,Yes,Yes,Yes,Yes,Yes,Bihar|Tier 2A,Bihar|Patna,Bihar|Patna,Bihar|Patna,Bihar|Patna,Bihar|Patna,Bihar|Patna
Maa Institute of Medical Science Pvt Ltd,Bihar,Patna,Patna,Tier 2A,Yes,Yes,No,Yes,Yes,Bihar|Tier 2A,Bihar|Patna,Bihar|Patna,Bihar|Patna,,Bihar|Patna,Bihar|Patna
SANJEEVANI LIFE CARE,Bihar,PATNA,Patna,Tier 2A,No,No,No,No,No,Bihar|Tier 2A,Bihar|Patna,,,,,
PATNA POPULAR HOSPITAL (A UNIT OF PPH MEDICARE PVT LTD.),Bihar,PATNA,Patna,Tier 2A,No,No,No,Yes,Yes,Bihar|Tier 2A,Bihar|Patna,,,,Bihar|Patna,Bihar|Patna
JEEVANDAN MULTISPECIALITY HOSPITAL PRIVATE LIMITED,Bihar,PATNA,Patna,Tier 2A,Yes,Yes,No,Yes,Yes,Bihar|Tier 2A,Bihar|Patna,Bihar|Patna,Bihar|Patna,,Bihar|Patna,Bihar|Patna
Narayan Hospital And Research Center (A Unit Of Hari Narayan Healthcare Private Limited),Bihar,PATNA,Patna,Tier 2A,Yes,No,No,Yes,Yes,Bihar|Tier 2A,Bihar|Patna,Bihar|Patna,,,Bihar|Patna,Bihar|Patna
Sarvdrishtieyehospital Pvt. Ltd.,Bihar,Patna,Patna,Tier 2A,No,No,Yes,No,No,Bihar|Tier 2A,Bihar|Patna,,,Bihar|Patna,,
NETRAVEDAM EYE HOSPITAL,Bihar,PATNA,Patna,Tier 2A,No,No,Yes,No,No,Bihar|Tier 2A,Bihar|Patna,,,Bihar|Patna,,
SHARNUM MULISPECIALITY HOSPITAL PVT LTD,Bihar,PATNA,Patna,Tier 2A,Yes,Yes,Yes,No,No,Bihar|Tier 2A,Bihar|Patna,Bihar|Patna,Bihar|Patna,Bihar|Patna,,
Hospital Radiant,Bihar,Patna,Patna,Tier 2A,Yes,Yes,No,Yes,Yes,Bihar|Tier 2A,Bihar|Patna,Bihar|Patna,Bihar|Patna,,Bihar|Patna,Bihar|Patna
Patliputra Netralaya,Bihar,PATNA,Patna,Tier 2A,No,No,Yes,No,No,Bihar|Tier 2A,Bihar|Patna,,,Bihar|Patna,,
reform hospital,Bihar,PATNA,Patna,Tier 2A,Yes,Yes,No,Yes,Yes,Bihar|Tier 2A,Bihar|Patna,Bihar|Patna,Bihar|Patna,,Bihar|Patna,Bihar|Patna
Navya Hospital,Bihar,Patna,Patna,Tier 2A,Yes,No,No,Yes,Yes,Bihar|Tier 2A,Bihar|Patna,Bihar|Patna,,,Bihar|Patna,Bihar|Patna
NETAJI SUBHAS MEDICAL COLLEGE & HOSPITAL,Bihar,PATNA,Patna,Tier 2A,Yes,Yes,Yes,Yes,Yes,Bihar|Tier 2A,Bihar|Patna,Bihar|Patna,Bihar|Patna,Bihar|Patna,Bihar|Patna,Bihar|Patna
NAVJYOTI SUPERSPECIALITY EYE HOSPITAL LLP,Bihar,PATNA,Patna,Tier 2A,No,No,Yes,No,No,Bihar|Tier 2A,Bihar|Patna,,,Bihar|Patna,,
Radhika Hospital & Trauma Centre.,Bihar,Patna,Patna,Tier 2A,Yes,Yes,No,Yes,Yes,Bihar|Tier 2A,Bihar|Patna,Bihar|Patna,Bihar|Patna,,Bihar|Patna,Bihar|Patna
S.R.HOSPITAL & RESEARCH CENTRE PVT.LTD,Bihar,PATNA,Patna,Tier 2A,No,No,No,Yes,No,Bihar|Tier 2A,Bihar|Patna,,,,Bihar|Patna,
FITWELL HOSPITAL,Bihar,PATNA,Patna,Tier 2A,Yes,Yes,Yes,Yes,No,Bihar|Tier 2A,Bihar|Patna,Bihar|Patna,Bihar|Patna,Bihar|Patna,Bihar|Patna,
Chennai eye hospital,Bihar,patna,Patna,Tier 2A,No,No,Yes,No,No,Bihar|Tier 2A,Bihar|Patna,,,Bihar|Patna,,
MANOVINOD HOSPITAL PVT. LTD.,Bihar,PATNA,Patna,Tier 2A,No,No,Yes,No,No,Bihar|Tier 2A,Bihar|Patna,,,Bihar|Patna,,
SHANTI HOSPITAL ( A MULTISPECIALITY HOSPITAL ),Bihar,PATNA,Patna,Tier 2A,No,Yes,No,Yes,Yes,Bihar|Tier 2A,Bihar|Patna,,Bihar|Patna,,Bihar|Patna,Bihar|Patna
EVERS HOSPITAL (A UNIT OF GYANKUMKUM HOSPITALITY PRIVATE LIMITED),Bihar,PATNA,Patna,Tier 2A,Yes,Yes,No,Yes,No,Bihar|Tier 2A,Bihar|Patna,Bihar|Patna,Bihar|Patna,,Bihar|Patna,
JEEVA HOSPITAL (A UNIT OF MEDIMOUNT CARE HOSPITAL PRIVATE LIMITED),Bihar,PATNA,Patna,Tier 2A,Yes,Yes,No,Yes,No,Bihar|Tier 2A,Bihar|Patna,Bihar|Patna,Bihar|Patna,,Bihar|Patna,
PANACEA HOSPITAL A UNIT OF NRP HEALTHCARE PVT LTD,Bihar,PATNA,Patna,Tier 2A,Yes,Yes,No,Yes,Yes,Bihar|Tier 2A,Bihar|Patna,Bihar|Patna,Bihar|Patna,,Bihar|Patna,Bihar|Patna
INCURE HOSPITAL ( A UNITE OF RENU KIRAN TRUST),Bihar,PATNAA,Patnaa,Tier 3,Yes,Yes,No,Yes,Yes,Bihar|Tier 3,Bihar|Patnaa,Bihar|Patnaa,Bihar|Patnaa,,Bihar|Patnaa,Bihar|Patnaa
Subrat hospital,Orissa,Patnagarh,Patnagarh,Tier 3,Yes,No,No,Yes,No,Orissa|Tier 3,Orissa|Patnagarh,Orissa|Patnagarh,,,Orissa|Patnagarh,
Noor Multi Speciality Hospital Tpa,Punjab,PATRAN,Patran,Tier 3,No,No,No,Yes,No,Punjab|Tier 3,Punjab|Patran,,,,Punjab|Patran,
SREEKANTH NETHRALAYA HOSPITAL,Kerala,PATTAMBI ( VILAYUR WEST ),Pattambi,Tier 3,No,No,No,No,No,Kerala|Tier 3,Kerala|Pattambi,,,,,
DRAVIDIAN SPECIALITY HOSPITAL,Tamil Nadu,PATTUKKOTTAI,Pattukkottai,Tier 3,Yes,Yes,No,No,No,Tamil Nadu|Tier 3,Tamil Nadu|Pattukkottai,Tamil Nadu|Pattukkottai,Tamil Nadu|Pattukkottai,,,
Mayalakshmy Vishnunnampoothiry,Kerala,Pazhaveedu,Pazhaveedu,Tier 3,No,No,No,Yes,No,Kerala|Tier 3,Kerala|Pazhaveedu,,,,Kerala|Pazhaveedu,
VARUN SAI MULTI SPECIALITY HOSPITAL,Telangana,PEDDAPALLI,Peddapalli,Tier 3,No,No,No,Yes,No,Telangana|Tier 3,Telangana|Peddapalli,,,,Telangana|Peddapalli,
Sree Mamatha Hospital,Telangana,Peddapally,Peddapally,Tier 3,No,No,No,Yes,No,Telangana|Tier 3,Telangana|Peddapally,,,,Telangana|Peddapally,
MANJU NURSING HOME,Haryana,PEHOWA,Pehowa,Tier 3,No,No,No,Yes,Yes,Haryana|Tier 3,Haryana|Pehowa,,,,Haryana|Pehowa,Haryana|Pehowa
DR J S VIRK HOSPITAL,Haryana,PEHOWA,Pehowa,Tier 3,No,No,No,Yes,No,Haryana|Tier 3,Haryana|Pehowa,,,,Haryana|Pehowa,
Kulkarni Eye Care & Phaco Center,Maharashtra,Pen,Pen,Tier 3,No,No,Yes,No,No,Maharashtra|Tier 3,Maharashtra|Pen,,,Maharashtra|Pen,,
LakshmiHospital,Tamil Nadu,PERAMBALUR,Perambalur,Tier 3,No,No,Yes,Yes,Yes,Tamil Nadu|Tier 3,Tamil Nadu|Perambalur,,,Tamil Nadu|Perambalur,Tamil Nadu|Perambalur,Tamil Nadu|Perambalur
KAVY HOSPITAL AND NEURO FOUNDATION,Tamil Nadu,PERAMBALUR,Perambalur,Tier 3,Yes,Yes,Yes,Yes,No,Tamil Nadu|Tier 3,Tamil Nadu|Perambalur,Tamil Nadu|Perambalur,Tamil Nadu|Perambalur,Tamil Nadu|Perambalur,Tamil Nadu|Perambalur,
SPT HOSPITAL,Tamil Nadu,perambalur,Perambalur,Tier 3,No,No,No,Yes,No,Tamil Nadu|Tier 3,Tamil Nadu|Perambalur,,,,Tamil Nadu|Perambalur,
MUMTAZ CLINIC & MATERNITY HOME,Kerala,Perinthalmanna,Perinthalmanna,Tier 3,No,No,No,Yes,No,Kerala|Tier 3,Kerala|Perinthalmanna,,,,Kerala|Perinthalmanna,
DRVARUSHARMASSUPEREYECARe,Punjab,Phagwara,Phagwara,Tier 3,No,No,Yes,No,No,Punjab|Tier 3,Punjab|Phagwara,,,Punjab|Phagwara,,
Dr. Rajan Eye Care Hospital,Punjab,Phagwara,Phagwara,Tier 3,No,No,Yes,No,No,Punjab|Tier 3,Punjab|Phagwara,,,Punjab|Phagwara,,
Galaxy Multispeciality Hospital,Maharashtra,Phaltan,Phaltan,Tier 3,Yes,Yes,Yes,No,Yes,Maharashtra|Tier 3,Maharashtra|Phaltan,Maharashtra|Phaltan,Maharashtra|Phaltan,Maharashtra|Phaltan,,Maharashtra|Phaltan
Dixit Hospital,Maharashtra,Phaltan,Phaltan,Tier 3,Yes,No,No,No,No,Maharashtra|Tier 3,Maharashtra|Phaltan,Maharashtra|Phaltan,,,,
Astha Child Care And General Hospital,Maharashtra,PHALTAN,Phaltan,Tier 3,No,No,No,No,No,Maharashtra|Tier 3,Maharashtra|Phaltan,,,,,
PDS HOSPITAL PRIVATE LIMITED,Uttar Pradesh,PILIBHIT,Pilibhit,Tier 3,No,No,No,No,No,Uttar Pradesh|Tier 3,Uttar Pradesh|Pilibhit,,,,,
Narain Hospital And Maternity Home,Uttar Pradesh,Pilibhit,Pilibhit,Tier 3,Yes,No,No,Yes,No,Uttar Pradesh|Tier 3,Uttar Pradesh|Pilibhit,Uttar Pradesh|Pilibhit,,,Uttar Pradesh|Pilibhit,
Gurukrupa Hospital,Maharashtra,PIMPALGAON ( B) NASHIK - 422209,Pimpalgaon,Tier 3,Yes,Yes,Yes,Yes,No,Maharashtra|Tier 3,Maharashtra|Pimpalgaon,Maharashtra|Pimpalgaon,Maharashtra|Pimpalgaon,Maharashtra|Pimpalgaon,Maharashtra|Pimpalgaon,
Shree Saisparsh Hospital,Maharashtra,Pimpalgaon Baswant,Pimpalgaon Baswant,Tier 3,Yes,Yes,No,Yes,No,Maharashtra|Tier 3,Maharashtra|Pimpalgaon Baswant,Maharashtra|Pimpalgaon Baswant,Maharashtra|Pimpalgaon Baswant,,Maharashtra|Pimpalgaon Baswant,
More Netra Rugnalay,Maharashtra,Pimpalgaon Baswant,Pimpalgaon Baswant,Tier 3,No,No,Yes,No,No,Maharashtra|Tier 3,Maharashtra|Pimpalgaon Baswant,,,Maharashtra|Pimpalgaon Baswant,,
GastroHubHospital,Maharashtra,"PIMPLE SAUDGAR, PUNE - 411 027",Pune,Tier 1,No,Yes,No,No,No,Maharashtra|Tier 1,Maharashtra|Pune,,Maharashtra|Pune,,,
ASHWININETRALAYA,Maharashtra,PIMPRI CHINCHWAD,Pune,Tier 1,No,No,Yes,No,No,Maharashtra|Tier 1,Maharashtra|Pune,,,Maharashtra|Pune,,
Neuronest Superspeciality Hospital & Trauma Centre,Maharashtra,Pimpri chinchwad,Pune,Tier 1,Yes,Yes,No,No,No,Maharashtra|Tier 1,Maharashtra|Pune,Maharashtra|Pune,Maharashtra|Pune,,,
BHAKTI CHILDREN AND MULTISPECIALITY HOSPITAL PVT LTD,Maharashtra,PIRANGUT,Pirangut,Tier 3,Yes,Yes,Yes,Yes,Yes,Maharashtra|Tier 3,Maharashtra|Pirangut,Maharashtra|Pirangut,Maharashtra|Pirangut,Maharashtra|Pirangut,Maharashtra|Pirangut,Maharashtra|Pirangut
jgrhospital,Andhra Pradesh,PITHAPURAM,Pithapuram,Tier 3,No,No,No,Yes,Yes,Andhra Pradesh|Tier 3,Andhra Pradesh|Pithapuram,,,,Andhra Pradesh|Pithapuram,Andhra Pradesh|Pithapuram
GALAXY HOSPITAL,Maharashtra,"PLOT NO 4/B, KMC EMPLOYEES HOUSING SOCIETY, NEW WASHI NAKA ,APTE NAGAR, KOLHAPUR- 416012",Kolhapur,Tier 2B,No,No,No,No,No,Maharashtra|Tier 2B,Maharashtra|Kolhapur,,,,,
Dhanwantari Hospital,Maharashtra,Plot no 5 kamla nagar near hdfc bank shirwal tehsil taluka khandala district-satara pincode-412801,Nagar,Tier 3,No,No,No,Yes,No,Maharashtra|Tier 3,Maharashtra|Nagar,,,,Maharashtra|Nagar,
Ujala Cygnus Kashmir Superspecialty Hospital,Jammu & Kashmir,"Pohru Chowk, Nowgam, Srinagar, Jammu and Kashmir 190015",Srinagar,Tier 3,Yes,Yes,Yes,Yes,Yes,Jammu & Kashmir|Tier 3,Jammu & Kashmir|Srinagar,Jammu & Kashmir|Srinagar,Jammu & Kashmir|Srinagar,Jammu & Kashmir|Srinagar,Jammu & Kashmir|Srinagar,Jammu & Kashmir|Srinagar
JB CARE CARDIO DIABETIC CENTRE,Tamil Nadu,Pollachi,Pollachi,Tier 3,No,No,No,No,No,Tamil Nadu|Tier 3,Tamil Nadu|Pollachi,,,,,
Sundararaja nursinghome,Andhra Pradesh,Prakasam,Prakasam,Tier 3,Yes,Yes,No,Yes,No,Andhra Pradesh|Tier 3,Andhra Pradesh|Prakasam,Andhra Pradesh|Prakasam,Andhra Pradesh|Prakasam,,Andhra Pradesh|Prakasam,
BALAJI HOSPITALS,Andhra Pradesh,PRAKASAM DIST,Prakasam,Tier 3,No,No,Yes,Yes,No,Andhra Pradesh|Tier 3,Andhra Pradesh|Prakasam,,,Andhra Pradesh|Prakasam,Andhra Pradesh|Prakasam,
Navratna Multispeciality Hospital,Rajasthan,PRATAPGARH,Pratapgarh,Tier 3,No,No,No,No,No,Rajasthan|Tier 3,Rajasthan|Pratapgarh,,,,,
SHIKHA HOSPITAL,Uttar Pradesh,PRAYAGRAJ,Allahabad,Tier 2B,Yes,Yes,No,Yes,No,Uttar Pradesh|Tier 2B,Uttar Pradesh|Allahabad,Uttar Pradesh|Allahabad,Uttar Pradesh|Allahabad,,Uttar Pradesh|Allahabad,
Prateek Orthocare and Fracture Centre,Uttar Pradesh,Prayagraj,Allahabad,Tier 2B,No,No,No,Yes,No,Uttar Pradesh|Tier 2B,Uttar Pradesh|Allahabad,,,,Uttar Pradesh|Allahabad,
ANAND MULTISPECIALITY HOSPITAL,Uttar Pradesh,PRAYAGRAJ,Allahabad,Tier 2B,No,Yes,Yes,Yes,No,Uttar Pradesh|Tier 2B,Uttar Pradesh|Allahabad,,Uttar Pradesh|Allahabad,Uttar Pradesh|Allahabad,Uttar Pradesh|Allahabad,
RAMESHWARAM NETRALAYA,Uttar Pradesh,Prayagraj,Allahabad,Tier 2B,No,No,Yes,No,No,Uttar Pradesh|Tier 2B,Uttar Pradesh|Allahabad,,,Uttar Pradesh|Allahabad,,
MANTHAN HOSPITAL,Uttar Pradesh,PRAYAGRAJ,Allahabad,Tier 2B,Yes,Yes,Yes,Yes,Yes,Uttar Pradesh|Tier 2B,Uttar Pradesh|Allahabad,Uttar Pradesh|Allahabad,Uttar Pradesh|Allahabad,Uttar Pradesh|Allahabad,Uttar Pradesh|Allahabad,Uttar Pradesh|Allahabad
Jagdish Memorial Clinic,Uttar Pradesh,Prayagraj,Allahabad,Tier 2B,No,No,No,Yes,No,Uttar Pradesh|Tier 2B,Uttar Pradesh|Allahabad,,,,Uttar Pradesh|Allahabad,
DR PREETI HOSPITAL AND MATERNITY CENTER,Uttar Pradesh,PRAYAGRAJ,Allahabad,Tier 2B,No,No,No,Yes,No,Uttar Pradesh|Tier 2B,Uttar Pradesh|Allahabad,,,,Uttar Pradesh|Allahabad,
Kamla Multi Speciality Hospital,Uttar Pradesh,PRAYAGRAJ,Allahabad,Tier 2B,Yes,Yes,Yes,Yes,Yes,Uttar Pradesh|Tier 2B,Uttar Pradesh|Allahabad,Uttar Pradesh|Allahabad,Uttar Pradesh|Allahabad,Uttar Pradesh|Allahabad,Uttar Pradesh|Allahabad,Uttar Pradesh|Allahabad
SHIKHAR HOSPITAL,Uttar Pradesh,PRAYAGRAJ,Allahabad,Tier 2B,Yes,Yes,Yes,Yes,Yes,Uttar Pradesh|Tier 2B,Uttar Pradesh|Allahabad,Uttar Pradesh|Allahabad,Uttar Pradesh|Allahabad,Uttar Pradesh|Allahabad,Uttar Pradesh|Allahabad,Uttar Pradesh|Allahabad
Prayag Heart Care Centre,Uttar Pradesh,PRAYAGRAJ (ALLAHABAD),Prayagraj Allahabad,Tier 3,Yes,No,No,Yes,No,Uttar Pradesh|Tier 3,Uttar Pradesh|Prayagraj Allahabad,Uttar Pradesh|Prayagraj Allahabad,,,Uttar Pradesh|Prayagraj Allahabad,
Kalyani Kidney Care,Andhra Pradesh,Proddatur,Proddatur,Tier 3,No,No,No,No,No,Andhra Pradesh|Tier 3,Andhra Pradesh|Proddatur,,,,,
Harika Hospital,Andhra Pradesh,PRODDATUR,Proddatur,Tier 3,No,No,No,No,No,Andhra Pradesh|Tier 3,Andhra Pradesh|Proddatur,,,,,
NEW GREENLAND NURSING HOME,West Bengal,PUBA MEDINIPUR,Puba Medinipur,Tier 3,Yes,Yes,No,Yes,Yes,West Bengal|Tier 3,West Bengal|Puba Medinipur,West Bengal|Puba Medinipur,West Bengal|Puba Medinipur,,West Bengal|Puba Medinipur,West Bengal|Puba Medinipur
Vinayaka Missions Superspeciality Hospital,Puducherry,Puducherry,Puducherry,Tier 2B,Yes,Yes,Yes,Yes,Yes,Puducherry|Tier 2B,Puducherry|Puducherry,Puducherry|Puducherry,Puducherry|Puducherry,Puducherry|Puducherry,Puducherry|Puducherry,Puducherry|Puducherry
I MED SPECIALITY HOSPITAL,Puducherry,Puducherry,Puducherry,Tier 2B,Yes,Yes,Yes,Yes,Yes,Puducherry|Tier 2B,Puducherry|Puducherry,Puducherry|Puducherry,Puducherry|Puducherry,Puducherry|Puducherry,Puducherry|Puducherry,Puducherry|Puducherry
SENTHIL NURSING HOME,Tamil Nadu,pudukkottai,Pudukkottai,Tier 3,No,No,No,Yes,Yes,Tamil Nadu|Tier 3,Tamil Nadu|Pudukkottai,,,,Tamil Nadu|Pudukkottai,Tamil Nadu|Pudukkottai
SREE BABU HOSPITAL,Tamil Nadu,PUDUKKOTTAI,Pudukkottai,Tier 3,Yes,Yes,No,Yes,No,Tamil Nadu|Tier 3,Tamil Nadu|Pudukkottai,Tamil Nadu|Pudukkottai,Tamil Nadu|Pudukkottai,,Tamil Nadu|Pudukkottai,
AS ENT SPECIALITY CENTRE,Tamil Nadu,PUDUKKOTTAI,Pudukkottai,Tier 3,Yes,Yes,No,Yes,No,Tamil Nadu|Tier 3,Tamil Nadu|Pudukkottai,Tamil Nadu|Pudukkottai,Tamil Nadu|Pudukkottai,,Tamil Nadu|Pudukkottai,
SURYA HEALTH,Tamil Nadu,PUDUKKOTTAI,Pudukkottai,Tier 3,Yes,No,No,Yes,No,Tamil Nadu|Tier 3,Tamil Nadu|Pudukkottai,Tamil Nadu|Pudukkottai,,,Tamil Nadu|Pudukkottai,
BAVA MEMORIAL HOSPITAL,Kerala,PULIKKAL,Pulikkal,Tier 3,No,No,No,Yes,No,Kerala|Tier 3,Kerala|Pulikkal,,,,Kerala|Pulikkal,
Shree Hospital,Maharashtra,PUNE,Pune,Tier 1,Yes,Yes,Yes,Yes,Yes,Maharashtra|Tier 1,Maharashtra|Pune,Maharashtra|Pune,Maharashtra|Pune,Maharashtra|Pune,Maharashtra|Pune,Maharashtra|Pune
OLIVE HOSPITAL,Maharashtra,PUNE,Pune,Tier 1,Yes,Yes,Yes,Yes,Yes,Maharashtra|Tier 1,Maharashtra|Pune,Maharashtra|Pune,Maharashtra|Pune,Maharashtra|Pune,Maharashtra|Pune,Maharashtra|Pune
PURPLE MULTISPECIALITY HOSPITAL,Maharashtra,PUNE,Pune,Tier 1,Yes,Yes,No,Yes,Yes,Maharashtra|Tier 1,Maharashtra|Pune,Maharashtra|Pune,Maharashtra|Pune,,Maharashtra|Pune,Maharashtra|Pune
SIDDHIVINAYAK CHILDREN AND GENERAL HOSPITAL,Maharashtra,PUNE,Pune,Tier 1,No,No,No,No,Yes,Maharashtra|Tier 1,Maharashtra|Pune,,,,,Maharashtra|Pune
JEEVAN RAKSHAK HOSPITAL,Maharashtra,PUNE,Pune,Tier 1,No,Yes,No,No,No,Maharashtra|Tier 1,Maharashtra|Pune,,Maharashtra|Pune,,,
Athashri Women & Eye care clinic,Maharashtra,pune,Pune,Tier 1,No,No,No,No,No,Maharashtra|Tier 1,Maharashtra|Pune,,,,,
Siddhivinayak Hospital,Maharashtra,Pune,Pune,Tier 1,Yes,Yes,No,Yes,No,Maharashtra|Tier 1,Maharashtra|Pune,Maharashtra|Pune,Maharashtra|Pune,,Maharashtra|Pune,
HINJAWADI SUPERSPECIALITY HOSPITAL PRIVATE LIMITED,Maharashtra,Pune,Pune,Tier 1,Yes,Yes,Yes,Yes,Yes,Maharashtra|Tier 1,Maharashtra|Pune,Maharashtra|Pune,Maharashtra|Pune,Maharashtra|Pune,Maharashtra|Pune,Maharashtra|Pune
CELLCURE CANCER CENTRE PVT LTD,Maharashtra,Pune,Pune,Tier 1,No,Yes,No,No,No,Maharashtra|Tier 1,Maharashtra|Pune,,Maharashtra|Pune,,,
Karnika Hospital,Maharashtra,Pune,Pune,Tier 1,Yes,Yes,Yes,No,No,Maharashtra|Tier 1,Maharashtra|Pune,Maharashtra|Pune,Maharashtra|Pune,Maharashtra|Pune,,
Aashirvad Hospital,Maharashtra,PUNE,Pune,Tier 1,Yes,No,No,Yes,No,Maharashtra|Tier 1,Maharashtra|Pune,Maharashtra|Pune,,,Maharashtra|Pune,
CHINTAMANI HOSPITAL SASWAD,Maharashtra,PUNE,Pune,Tier 1,Yes,Yes,Yes,Yes,Yes,Maharashtra|Tier 1,Maharashtra|Pune,Maharashtra|Pune,Maharashtra|Pune,Maharashtra|Pune,Maharashtra|Pune,Maharashtra|Pune
Moryaplus multispeciality hospital pvt. ltd.,Maharashtra,pune,Pune,Tier 1,Yes,Yes,Yes,Yes,Yes,Maharashtra|Tier 1,Maharashtra|Pune,Maharashtra|Pune,Maharashtra|Pune,Maharashtra|Pune,Maharashtra|Pune,Maharashtra|Pune
Delight Hospital,Maharashtra,Pune,Pune,Tier 1,No,Yes,Yes,Yes,Yes,Maharashtra|Tier 1,Maharashtra|Pune,,Maharashtra|Pune,Maharashtra|Pune,Maharashtra|Pune,Maharashtra|Pune
Sai Vedant Hospital,Maharashtra,Pune,Pune,Tier 1,Yes,Yes,No,Yes,No,Maharashtra|Tier 1,Maharashtra|Pune,Maharashtra|Pune,Maharashtra|Pune,,Maharashtra|Pune,
GANARAJ HOSPITAL,Maharashtra,PUNE,Pune,Tier 1,Yes,Yes,Yes,Yes,Yes,Maharashtra|Tier 1,Maharashtra|Pune,Maharashtra|Pune,Maharashtra|Pune,Maharashtra|Pune,Maharashtra|Pune,Maharashtra|Pune
Shraddha General Hospital,Maharashtra,Pune,Pune,Tier 1,No,No,No,Yes,No,Maharashtra|Tier 1,Maharashtra|Pune,,,,Maharashtra|Pune,
MUKTAI HOSPITAL,Maharashtra,Pune,Pune,Tier 1,No,No,No,No,No,Maharashtra|Tier 1,Maharashtra|Pune,,,,,
Athaayu Urocare Pvt Ltd,Maharashtra,Pune,Pune,Tier 1,No,Yes,No,No,No,Maharashtra|Tier 1,Maharashtra|Pune,,Maharashtra|Pune,,,
Kedarnath General Hospital,Maharashtra,PUNE,Pune,Tier 1,No,No,No,Yes,No,Maharashtra|Tier 1,Maharashtra|Pune,,,,Maharashtra|Pune,
Padmavathi Healthcare Research & Hospitals PVT. LTD.,Maharashtra,Pune,Pune,Tier 1,No,No,No,Yes,No,Maharashtra|Tier 1,Maharashtra|Pune,,,,Maharashtra|Pune,
MANASVI HOSPITAL,Maharashtra,PUNE,Pune,Tier 1,Yes,No,Yes,Yes,No,Maharashtra|Tier 1,Maharashtra|Pune,Maharashtra|Pune,,Maharashtra|Pune,Maharashtra|Pune,
Anand Hospital,Maharashtra,PUNE,Pune,Tier 1,No,No,No,No,No,Maharashtra|Tier 1,Maharashtra|Pune,,,,,
dattawadimultispecilityhospital,Maharashtra,Pune,Pune,Tier 1,Yes,No,Yes,Yes,Yes,Maharashtra|Tier 1,Maharashtra|Pune,Maharashtra|Pune,,Maharashtra|Pune,Maharashtra|Pune,Maharashtra|Pune
MATHURAHOSPITAL,Maharashtra,Pune,Pune,Tier 1,No,Yes,No,Yes,No,Maharashtra|Tier 1,Maharashtra|Pune,,Maharashtra|Pune,,Maharashtra|Pune,
SIDDHIVINAYAK HOSPITAL,Maharashtra,PUNE,Pune,Tier 1,No,Yes,No,Yes,Yes,Maharashtra|Tier 1,Maharashtra|Pune,,Maharashtra|Pune,,Maharashtra|Pune,Maharashtra|Pune
JEEVANJYOT HOSPITAL,Maharashtra,PUNE,Pune,Tier 1,No,No,No,Yes,No,Maharashtra|Tier 1,Maharashtra|Pune,,,,Maharashtra|Pune,
ANAND ORTHOPEDIC HOSPITAL,Maharashtra,PUNE,Pune,Tier 1,No,Yes,No,No,No,Maharashtra|Tier 1,Maharashtra|Pune,,Maharashtra|Pune,,,
ASIAN PACIFIC SUPERSPECIALITY HOSPITAL AND RESEARCH CENTRE PRIVATE LIMITED,Maharashtra,PUNE,Pune,Tier 1,Yes,Yes,Yes,Yes,Yes,Maharashtra|Tier 1,Maharashtra|Pune,Maharashtra|Pune,Maharashtra|Pune,Maharashtra|Pune,Maharashtra|Pune,Maharashtra|Pune
I Clinic Eye Care,Maharashtra,PUNE,Pune,Tier 1,No,No,No,No,No,Maharashtra|Tier 1,Maharashtra|Pune,,,,,
harjeevan hospital bhor,Maharashtra,PUNE,Pune,Tier 1,Yes,No,No,Yes,No,Maharashtra|Tier 1,Maharashtra|Pune,Maharashtra|Pune,,,Maharashtra|Pune,
WAGH EYE CLINIC,Maharashtra,PUNE,Pune,Tier 1,No,No,Yes,No,No,Maharashtra|Tier 1,Maharashtra|Pune,,,Maharashtra|Pune,,
Dr. Gajare Childrens Hospital,Maharashtra,PUNE,Pune,Tier 1,No,No,No,No,Yes,Maharashtra|Tier 1,Maharashtra|Pune,,,,,Maharashtra|Pune
EMERALD EYE HOSPITAL & RETINA CENTRE,Maharashtra,PUNE,Pune,Tier 1,No,No,Yes,No,No,Maharashtra|Tier 1,Maharashtra|Pune,,,Maharashtra|Pune,,
Jagdale Hospital,Maharashtra,PUNE,Pune,Tier 1,No,No,No,Yes,No,Maharashtra|Tier 1,Maharashtra|Pune,,,,Maharashtra|Pune,
Medowlark Healthcare Pvt. Ltd,Maharashtra,Pune,Pune,Tier 1,No,Yes,No,Yes,No,Maharashtra|Tier 1,Maharashtra|Pune,,Maharashtra|Pune,,Maharashtra|Pune,
DEHU MULTISPECIALITY HOSPITAL,Maharashtra,PUNE,Pune,Tier 1,No,Yes,No,Yes,No,Maharashtra|Tier 1,Maharashtra|Pune,,Maharashtra|Pune,,Maharashtra|Pune,
HEALING HANDS CLINIC PRIVATE LIMITED,Maharashtra,PUNE,Pune,Tier 1,No,Yes,No,Yes,No,Maharashtra|Tier 1,Maharashtra|Pune,,Maharashtra|Pune,,Maharashtra|Pune,
KONARC HOSPITAL,Maharashtra,PUNE,Pune,Tier 1,Yes,No,No,Yes,No,Maharashtra|Tier 1,Maharashtra|Pune,Maharashtra|Pune,,,Maharashtra|Pune,
GUJARATHI HOSPITAL,Maharashtra,PUNE,Pune,Tier 1,Yes,No,No,Yes,No,Maharashtra|Tier 1,Maharashtra|Pune,Maharashtra|Pune,,,Maharashtra|Pune,
DHANVANTARI HOSPITAL,Maharashtra,PUNE,Pune,Tier 1,Yes,No,No,Yes,No,Maharashtra|Tier 1,Maharashtra|Pune,Maharashtra|Pune,,,Maharashtra|Pune,
Spandan General Hospital Va Balrugnalaya,Maharashtra,PUNE,Pune,Tier 1,Yes,No,No,Yes,Yes,Maharashtra|Tier 1,Maharashtra|Pune,Maharashtra|Pune,,,Maharashtra|Pune,Maharashtra|Pune
S R GHUMATKAR MULTISPECIALITY HOSPITAL,Maharashtra,PUNE,Pune,Tier 1,Yes,No,No,Yes,No,Maharashtra|Tier 1,Maharashtra|Pune,Maharashtra|Pune,,,Maharashtra|Pune,
6Venus Fertility & Urology,Maharashtra,Pune,Pune,Tier 1,No,Yes,No,Yes,Yes,Maharashtra|Tier 1,Maharashtra|Pune,,Maharashtra|Pune,,Maharashtra|Pune,Maharashtra|Pune
ApulkiHealthcare(PMC)PrivateLimited,Maharashtra,PUNE,Pune,Tier 1,Yes,Yes,No,No,No,Maharashtra|Tier 1,Maharashtra|Pune,Maharashtra|Pune,Maharashtra|Pune,,,
Dhanvantari Hospital,Maharashtra,Pune,Pune,Tier 1,Yes,Yes,No,Yes,No,Maharashtra|Tier 1,Maharashtra|Pune,Maharashtra|Pune,Maharashtra|Pune,,Maharashtra|Pune,
Shashwat Hospital,Maharashtra,Pune,Pune,Tier 1,Yes,Yes,Yes,Yes,Yes,Maharashtra|Tier 1,Maharashtra|Pune,Maharashtra|Pune,Maharashtra|Pune,Maharashtra|Pune,Maharashtra|Pune,Maharashtra|Pune
VITTHAL SEVA HEALTHCARE LLP.,Maharashtra,PUNE,Pune,Tier 1,Yes,Yes,Yes,Yes,Yes,Maharashtra|Tier 1,Maharashtra|Pune,Maharashtra|Pune,Maharashtra|Pune,Maharashtra|Pune,Maharashtra|Pune,Maharashtra|Pune
AADHAR HOSPITAL,Maharashtra,PUNE,Pune,Tier 1,Yes,Yes,Yes,No,No,Maharashtra|Tier 1,Maharashtra|Pune,Maharashtra|Pune,Maharashtra|Pune,Maharashtra|Pune,,
Matoshri Peadiatric Hospital,Maharashtra,Pune,Pune,Tier 1,No,No,No,No,No,Maharashtra|Tier 1,Maharashtra|Pune,,,,,
Shivai Hospital,Maharashtra,Pune,Pune,Tier 1,No,Yes,No,Yes,No,Maharashtra|Tier 1,Maharashtra|Pune,,Maharashtra|Pune,,Maharashtra|Pune,
Galaxy Multispecialty hospital,Maharashtra,Pune,Pune,Tier 1,Yes,Yes,No,Yes,No,Maharashtra|Tier 1,Maharashtra|Pune,Maharashtra|Pune,Maharashtra|Pune,,Maharashtra|Pune,
Gore Multispecialty Hospital,Maharashtra,pune,Pune,Tier 1,Yes,Yes,Yes,Yes,Yes,Maharashtra|Tier 1,Maharashtra|Pune,Maharashtra|Pune,Maharashtra|Pune,Maharashtra|Pune,Maharashtra|Pune,Maharashtra|Pune
Janaseva hospital,Maharashtra,Pune,Pune,Tier 1,Yes,No,No,No,No,Maharashtra|Tier 1,Maharashtra|Pune,Maharashtra|Pune,,,,
HITECH EYE SURGERY CENTER,Maharashtra,PUNE,Pune,Tier 1,No,No,Yes,No,No,Maharashtra|Tier 1,Maharashtra|Pune,,,Maharashtra|Pune,,
SAI NIRMITI HOSPITAL,Maharashtra,PUNE,Pune,Tier 1,No,No,No,No,No,Maharashtra|Tier 1,Maharashtra|Pune,,,,,
Rudra Hospital Orthopedic & Multispecialty,Maharashtra,PUNE,Pune,Tier 1,No,No,Yes,No,No,Maharashtra|Tier 1,Maharashtra|Pune,,,Maharashtra|Pune,,
Smita Memorial Hospital,Maharashtra,Pune,Pune,Tier 1,No,No,No,Yes,No,Maharashtra|Tier 1,Maharashtra|Pune,,,,Maharashtra|Pune,
DR.PANSARE HOSPITAL,Maharashtra,PUNE,Pune,Tier 1,No,No,No,Yes,No,Maharashtra|Tier 1,Maharashtra|Pune,,,,Maharashtra|Pune,
MAHAVEER SUPER SPECIALITY EYE HOSPITAL,Maharashtra,PUNE,Pune,Tier 1,No,No,Yes,No,No,Maharashtra|Tier 1,Maharashtra|Pune,,,Maharashtra|Pune,,
VIJAYASHREE HOSPITAL,Maharashtra,Pune,Pune,Tier 1,No,No,No,Yes,No,Maharashtra|Tier 1,Maharashtra|Pune,,,,Maharashtra|Pune,
IRA MULTISPECIALITY HOSPITAL,Maharashtra,Pune,Pune,Tier 1,Yes,No,No,No,No,Maharashtra|Tier 1,Maharashtra|Pune,Maharashtra|Pune,,,,
DR TODKAR HOSPITAL,Maharashtra,Pune,Pune,Tier 1,Yes,Yes,Yes,Yes,No,Maharashtra|Tier 1,Maharashtra|Pune,Maharashtra|Pune,Maharashtra|Pune,Maharashtra|Pune,Maharashtra|Pune,
SANCHETI ADVANCED ORTHOCARE HOSPITAL,Maharashtra,PUNE,Pune,Tier 1,Yes,No,No,No,No,Maharashtra|Tier 1,Maharashtra|Pune,Maharashtra|Pune,,,,
Dr. Durgude Multispeciality Hospital,Maharashtra,PUNE,Pune,Tier 1,No,Yes,No,Yes,No,Maharashtra|Tier 1,Maharashtra|Pune,,Maharashtra|Pune,,Maharashtra|Pune,
DADA LASER EYE INSTITUTE,Maharashtra,PUNE,Pune,Tier 1,No,No,Yes,No,No,Maharashtra|Tier 1,Maharashtra|Pune,,,Maharashtra|Pune,,
Nirvikar Ayurved Hospital,Maharashtra,Pune,Pune,Tier 1,No,No,No,No,No,Maharashtra|Tier 1,Maharashtra|Pune,,,,,
SAI CARE HOSPITAL,Maharashtra,Pune,Pune,Tier 1,No,No,No,Yes,No,Maharashtra|Tier 1,Maharashtra|Pune,,,,Maharashtra|Pune,
SHREE LIFECARE HOSPITAL,Maharashtra,PUNE,Pune,Tier 1,Yes,Yes,No,Yes,Yes,Maharashtra|Tier 1,Maharashtra|Pune,Maharashtra|Pune,Maharashtra|Pune,,Maharashtra|Pune,Maharashtra|Pune
PATIL HOSPITAL,Maharashtra,PUNE,Pune,Tier 1,Yes,Yes,No,Yes,No,Maharashtra|Tier 1,Maharashtra|Pune,Maharashtra|Pune,Maharashtra|Pune,,Maharashtra|Pune,
SANJIVANI HOSPITAL GENERAL SURGICAL AND MATERNITY,Maharashtra,PUNE,Pune,Tier 1,Yes,Yes,No,Yes,Yes,Maharashtra|Tier 1,Maharashtra|Pune,Maharashtra|Pune,Maharashtra|Pune,,Maharashtra|Pune,Maharashtra|Pune
Hande Children Hospital,Maharashtra,Pune,Pune,Tier 1,No,No,No,No,Yes,Maharashtra|Tier 1,Maharashtra|Pune,,,,,Maharashtra|Pune
Saidham Multispeciality Hospital,Maharashtra,Pune,Pune,Tier 1,Yes,Yes,No,Yes,No,Maharashtra|Tier 1,Maharashtra|Pune,Maharashtra|Pune,Maharashtra|Pune,,Maharashtra|Pune,
SHREE LAXMI HOSPITAL,Maharashtra,PUNE,Pune,Tier 1,Yes,Yes,No,Yes,No,Maharashtra|Tier 1,Maharashtra|Pune,Maharashtra|Pune,Maharashtra|Pune,,Maharashtra|Pune,
PHOENIX HOSPITAL,Maharashtra,PUNE,Pune,Tier 1,Yes,Yes,Yes,Yes,Yes,Maharashtra|Tier 1,Maharashtra|Pune,Maharashtra|Pune,Maharashtra|Pune,Maharashtra|Pune,Maharashtra|Pune,Maharashtra|Pune
Global Multispeciality Hospital,Maharashtra,Pune,Pune,Tier 1,Yes,Yes,Yes,Yes,Yes,Maharashtra|Tier 1,Maharashtra|Pune,Maharashtra|Pune,Maharashtra|Pune,Maharashtra|Pune,Maharashtra|Pune,Maharashtra|Pune
NARAWADE HOSPITAL,Maharashtra,PUNE,Pune,Tier 1,Yes,No,No,Yes,No,Maharashtra|Tier 1,Maharashtra|Pune,Maharashtra|Pune,,,Maharashtra|Pune,
OPTILIFE HOSPITAL,Maharashtra,PUNE,Pune,Tier 1,Yes,Yes,No,Yes,No,Maharashtra|Tier 1,Maharashtra|Pune,Maharashtra|Pune,Maharashtra|Pune,,Maharashtra|Pune,
KK MULTISPECIALITY HOSPITAL,Maharashtra,PUNE,Pune,Tier 1,Yes,Yes,Yes,Yes,No,Maharashtra|Tier 1,Maharashtra|Pune,Maharashtra|Pune,Maharashtra|Pune,Maharashtra|Pune,Maharashtra|Pune,
IVAA HOSPITAL,Maharashtra,PUNE,Pune,Tier 1,No,Yes,Yes,Yes,Yes,Maharashtra|Tier 1,Maharashtra|Pune,,Maharashtra|Pune,Maharashtra|Pune,Maharashtra|Pune,Maharashtra|Pune
Gravity Hospital And Research Centre,Maharashtra,Pune,Pune,Tier 1,No,Yes,No,Yes,No,Maharashtra|Tier 1,Maharashtra|Pune,,Maharashtra|Pune,,Maharashtra|Pune,
DHARASKAR HOSPITAL,Maharashtra,PUNE,Pune,Tier 1,No,No,No,Yes,Yes,Maharashtra|Tier 1,Maharashtra|Pune,,,,Maharashtra|Pune,Maharashtra|Pune
Dr Bansal Hospital,Maharashtra,Pune,Pune,Tier 1,Yes,No,No,Yes,Yes,Maharashtra|Tier 1,Maharashtra|Pune,Maharashtra|Pune,,,Maharashtra|Pune,Maharashtra|Pune
SAIDEEP EYE HOSPITAL,Maharashtra,PUNE,Pune,Tier 1,No,No,No,No,No,Maharashtra|Tier 1,Maharashtra|Pune,,,,,
Siddhivinayak Hospital,Maharashtra,Pune,Pune,Tier 1,No,No,No,Yes,No,Maharashtra|Tier 1,Maharashtra|Pune,,,,Maharashtra|Pune,
Aai Womens And Childrens Hospital,Maharashtra,PUNE,Pune,Tier 1,No,No,No,Yes,Yes,Maharashtra|Tier 1,Maharashtra|Pune,,,,Maharashtra|Pune,Maharashtra|Pune
ASHIRWAD UROLOGY AND PAIN MANAGEMENT CENTRE,Maharashtra,PUNE,Pune,Tier 1,Yes,Yes,No,Yes,No,Maharashtra|Tier 1,Maharashtra|Pune,Maharashtra|Pune,Maharashtra|Pune,,Maharashtra|Pune,
DR BURGUTE DOLYANCHA DAVAKHANA,Maharashtra,PUNE,Pune,Tier 1,No,No,Yes,No,No,Maharashtra|Tier 1,Maharashtra|Pune,,,Maharashtra|Pune,,
Vaibhav General Hospital,Maharashtra,Pune,Pune,Tier 1,Yes,No,No,Yes,No,Maharashtra|Tier 1,Maharashtra|Pune,Maharashtra|Pune,,,Maharashtra|Pune,
Shree datta Hospital,Maharashtra,PUNE,Pune,Tier 1,No,Yes,No,No,No,Maharashtra|Tier 1,Maharashtra|Pune,,Maharashtra|Pune,,,
Suyash Hospital,Maharashtra,Pune,Pune,Tier 1,No,No,No,Yes,No,Maharashtra|Tier 1,Maharashtra|Pune,,,,Maharashtra|Pune,
"Saishree Vitalife Hospital, Wakad",Maharashtra,Pune,Pune,Tier 1,Yes,Yes,Yes,Yes,Yes,Maharashtra|Tier 1,Maharashtra|Pune,Maharashtra|Pune,Maharashtra|Pune,Maharashtra|Pune,Maharashtra|Pune,Maharashtra|Pune
aarogya multispeciality hospital,Maharashtra,PUNE,Pune,Tier 1,Yes,No,No,No,No,Maharashtra|Tier 1,Maharashtra|Pune,Maharashtra|Pune,,,,
SAKSHAM HOSPITAL,Maharashtra,Pune,Pune,Tier 1,Yes,Yes,Yes,Yes,No,Maharashtra|Tier 1,Maharashtra|Pune,Maharashtra|Pune,Maharashtra|Pune,Maharashtra|Pune,Maharashtra|Pune,
"DR BURGUTE EYE HOSPITAL, KEDGAON",Maharashtra,PUNE,Pune,Tier 1,No,No,Yes,No,No,Maharashtra|Tier 1,Maharashtra|Pune,,,Maharashtra|Pune,,
Opal Multi Speciality Hospital,Maharashtra,Pune,Pune,Tier 1,Yes,No,No,Yes,Yes,Maharashtra|Tier 1,Maharashtra|Pune,Maharashtra|Pune,,,Maharashtra|Pune,Maharashtra|Pune
"Pokharkar Hospital, Rajgurunagar",Maharashtra,pune,Pune,Tier 1,No,Yes,No,Yes,No,Maharashtra|Tier 1,Maharashtra|Pune,,Maharashtra|Pune,,Maharashtra|Pune,
Tapovan Multispeciality Hospital,Maharashtra,Pune,Pune,Tier 1,Yes,Yes,No,Yes,No,Maharashtra|Tier 1,Maharashtra|Pune,Maharashtra|Pune,Maharashtra|Pune,,Maharashtra|Pune,
HORIZON HEALTH HOSPITAL,Maharashtra,PUNE,Pune,Tier 1,Yes,Yes,Yes,Yes,Yes,Maharashtra|Tier 1,Maharashtra|Pune,Maharashtra|Pune,Maharashtra|Pune,Maharashtra|Pune,Maharashtra|Pune,Maharashtra|Pune
LIFE BRIGE MULTISPECIALITY HOSPITAL LLP,Maharashtra,PUNE,Pune,Tier 1,Yes,Yes,Yes,Yes,Yes,Maharashtra|Tier 1,Maharashtra|Pune,Maharashtra|Pune,Maharashtra|Pune,Maharashtra|Pune,Maharashtra|Pune,Maharashtra|Pune
INDU SURIGICARE HOSPITAL,Maharashtra,Pune,Pune,Tier 1,Yes,No,Yes,No,Yes,Maharashtra|Tier 1,Maharashtra|Pune,Maharashtra|Pune,,Maharashtra|Pune,,Maharashtra|Pune
Healing Bones Clinic,Maharashtra,Pune,Pune,Tier 1,No,No,No,No,No,Maharashtra|Tier 1,Maharashtra|Pune,,,,,
NANDEDKAR SUPER SPECIALITY ORTHOPEDIC HOSPITAL,Maharashtra,PUNE,Pune,Tier 1,Yes,No,No,No,No,Maharashtra|Tier 1,Maharashtra|Pune,Maharashtra|Pune,,,,
OSTEON Orthopedic Hospital,Maharashtra,PUNE,Pune,Tier 1,No,Yes,No,Yes,No,Maharashtra|Tier 1,Maharashtra|Pune,,Maharashtra|Pune,,Maharashtra|Pune,
PADMAVATI HOSPITAL,Maharashtra,PUNE,Pune,Tier 1,No,No,No,Yes,No,Maharashtra|Tier 1,Maharashtra|Pune,,,,Maharashtra|Pune,
SHREE RADHAKRUSHNA HOSPITAL,Maharashtra,PUNE,Pune,Tier 1,No,No,Yes,No,No,Maharashtra|Tier 1,Maharashtra|Pune,,,Maharashtra|Pune,,
DR PAGARE SPECIALITY HOSPITAL AND CRITICAL CARE CENTRE,Maharashtra,PUNE,Pune,Tier 1,No,Yes,Yes,Yes,No,Maharashtra|Tier 1,Maharashtra|Pune,,Maharashtra|Pune,Maharashtra|Pune,Maharashtra|Pune,
Kokane Hospital,Maharashtra,pune,Pune,Tier 1,No,Yes,No,No,Yes,Maharashtra|Tier 1,Maharashtra|Pune,,Maharashtra|Pune,,,Maharashtra|Pune
VEDAAZ ORTHOPAEDIC CARE HOSPITAL,Maharashtra,PUNE,Pune,Tier 1,No,No,No,No,No,Maharashtra|Tier 1,Maharashtra|Pune,,,,,
VEDANT HOSPITAL,Maharashtra,PUNE,Pune,Tier 1,No,Yes,Yes,Yes,No,Maharashtra|Tier 1,Maharashtra|Pune,,Maharashtra|Pune,Maharashtra|Pune,Maharashtra|Pune,
Z Plus Accident Hospital,Maharashtra,Pune,Pune,Tier 1,No,No,No,No,No,Maharashtra|Tier 1,Maharashtra|Pune,,,,,
SHIVAM HOSPITAL,Maharashtra,PUNE,Pune,Tier 1,Yes,Yes,Yes,No,No,Maharashtra|Tier 1,Maharashtra|Pune,Maharashtra|Pune,Maharashtra|Pune,Maharashtra|Pune,,
NEW CITY PLUS HOSPITAL,Maharashtra,Pune,Pune,Tier 1,Yes,Yes,Yes,Yes,Yes,Maharashtra|Tier 1,Maharashtra|Pune,Maharashtra|Pune,Maharashtra|Pune,Maharashtra|Pune,Maharashtra|Pune,Maharashtra|Pune
VARAD LIFECARE HOSPITL,Maharashtra,Pune,Pune,Tier 1,No,Yes,No,Yes,Yes,Maharashtra|Tier 1,Maharashtra|Pune,,Maharashtra|Pune,,Maharashtra|Pune,Maharashtra|Pune
Suprash Superspeciality Hospital,Maharashtra,Pune,Pune,Tier 1,Yes,No,No,Yes,No,Maharashtra|Tier 1,Maharashtra|Pune,Maharashtra|Pune,,,Maharashtra|Pune,
Suprash Superspeciality Hospital,Maharashtra,Pune,Pune,Tier 1,Yes,Yes,No,Yes,No,Maharashtra|Tier 1,Maharashtra|Pune,Maharashtra|Pune,Maharashtra|Pune,,Maharashtra|Pune,
Omkar Multispeciality Hospital,Maharashtra,Pune,Pune,Tier 1,Yes,No,No,Yes,No,Maharashtra|Tier 1,Maharashtra|Pune,Maharashtra|Pune,,,Maharashtra|Pune,
Balaji Multispeciality Hospital,Maharashtra,Pune,Pune,Tier 1,Yes,Yes,No,No,No,Maharashtra|Tier 1,Maharashtra|Pune,Maharashtra|Pune,Maharashtra|Pune,,,
Indian Institute of Metabolic Sciences & Dr. Todkar Multispeciality Hospital (JV PMC & JTF),Maharashtra,Pune,Pune,Tier 1,Yes,Yes,Yes,Yes,Yes,Maharashtra|Tier 1,Maharashtra|Pune,Maharashtra|Pune,Maharashtra|Pune,Maharashtra|Pune,Maharashtra|Pune,Maharashtra|Pune
Shree Ram Netralaya,Maharashtra,Pune,Pune,Tier 1,No,No,Yes,No,No,Maharashtra|Tier 1,Maharashtra|Pune,,,Maharashtra|Pune,,
APPLE HOSPITAL,Maharashtra,PUNE,Pune,Tier 1,Yes,Yes,Yes,Yes,No,Maharashtra|Tier 1,Maharashtra|Pune,Maharashtra|Pune,Maharashtra|Pune,Maharashtra|Pune,Maharashtra|Pune,
navjeevannursinghome,Maharashtra,Pune,Pune,Tier 1,No,No,No,Yes,No,Maharashtra|Tier 1,Maharashtra|Pune,,,,Maharashtra|Pune,
lakshya cancer hospital,Maharashtra,Pune,Pune,Tier 1,No,Yes,No,No,No,Maharashtra|Tier 1,Maharashtra|Pune,,Maharashtra|Pune,,,
SAI SEVA HOSPITAL,Maharashtra,Pune,Pune,Tier 1,Yes,Yes,No,Yes,Yes,Maharashtra|Tier 1,Maharashtra|Pune,Maharashtra|Pune,Maharashtra|Pune,,Maharashtra|Pune,Maharashtra|Pune
NATHKRUPA HOSPITAL,Maharashtra,PUNE,Pune,Tier 1,No,Yes,No,No,No,Maharashtra|Tier 1,Maharashtra|Pune,,Maharashtra|Pune,,,
SARVODAYA DHANWANTARI HOSPITAL,Maharashtra,PUNE,Pune,Tier 1,Yes,No,No,Yes,No,Maharashtra|Tier 1,Maharashtra|Pune,Maharashtra|Pune,,,Maharashtra|Pune,
Bliss Multispeciality And General Hospital,Maharashtra,Pune,Pune,Tier 1,No,No,No,Yes,No,Maharashtra|Tier 1,Maharashtra|Pune,,,,Maharashtra|Pune,
Deccan Hardikar Hospital,Maharashtra,PUNE,Pune,Tier 1,Yes,Yes,Yes,No,No,Maharashtra|Tier 1,Maharashtra|Pune,Maharashtra|Pune,Maharashtra|Pune,Maharashtra|Pune,,
Shree Sadguru Hospital,Maharashtra,Pune,Pune,Tier 1,Yes,Yes,Yes,Yes,Yes,Maharashtra|Tier 1,Maharashtra|Pune,Maharashtra|Pune,Maharashtra|Pune,Maharashtra|Pune,Maharashtra|Pune,Maharashtra|Pune
Prolife Cancer Center & Research Institute,Maharashtra,Pune,Pune,Tier 1,No,Yes,No,No,No,Maharashtra|Tier 1,Maharashtra|Pune,,Maharashtra|Pune,,,
Atharvam Eye Hospital,Maharashtra,Pune,Pune,Tier 1,No,No,No,No,No,Maharashtra|Tier 1,Maharashtra|Pune,,,,,
Wisdom Superspeciality Hospital,Maharashtra,PUNE,Pune,Tier 1,Yes,Yes,Yes,Yes,Yes,Maharashtra|Tier 1,Maharashtra|Pune,Maharashtra|Pune,Maharashtra|Pune,Maharashtra|Pune,Maharashtra|Pune,Maharashtra|Pune
Avachat Hospital,Maharashtra,Pune,Pune,Tier 1,Yes,No,No,Yes,No,Maharashtra|Tier 1,Maharashtra|Pune,Maharashtra|Pune,,,Maharashtra|Pune,
Savyan Swasthayureved And Panchakarma Hospital,Maharashtra,Pune,Pune,Tier 1,No,No,No,No,No,Maharashtra|Tier 1,Maharashtra|Pune,,,,,
Vedant Hospital,Maharashtra,Pune,Pune,Tier 1,No,No,No,No,No,Maharashtra|Tier 1,Maharashtra|Pune,,,,,
Samarth Multispeciality Hospital,Maharashtra,Pune,Pune,Tier 1,Yes,Yes,No,Yes,No,Maharashtra|Tier 1,Maharashtra|Pune,Maharashtra|Pune,Maharashtra|Pune,,Maharashtra|Pune,
Shriram Hospital,Maharashtra,Pune,Pune,Tier 1,No,No,Yes,Yes,No,Maharashtra|Tier 1,Maharashtra|Pune,,,Maharashtra|Pune,Maharashtra|Pune,
Sukhayu General Hospital,Maharashtra,Pune,Pune,Tier 1,No,No,No,No,No,Maharashtra|Tier 1,Maharashtra|Pune,,,,,
Dr. Manohar Dole Medical Foundations Galaxy Eye Hospital,Maharashtra,Pune,Pune,Tier 1,No,No,Yes,No,No,Maharashtra|Tier 1,Maharashtra|Pune,,,Maharashtra|Pune,,
Bharati ayurved hospital,Maharashtra,Pune,Pune,Tier 1,Yes,Yes,Yes,Yes,Yes,Maharashtra|Tier 1,Maharashtra|Pune,Maharashtra|Pune,Maharashtra|Pune,Maharashtra|Pune,Maharashtra|Pune,Maharashtra|Pune
TRIPTIEYECARE,Maharashtra,pune,Pune,Tier 1,No,No,Yes,No,No,Maharashtra|Tier 1,Maharashtra|Pune,,,Maharashtra|Pune,,
Dr Bhor Eye Hospital,Maharashtra,Pune,Pune,Tier 1,No,No,Yes,No,No,Maharashtra|Tier 1,Maharashtra|Pune,,,Maharashtra|Pune,,
SANT TUKARAM HOSPITAL,Maharashtra,Pune,Pune,Tier 1,No,No,No,Yes,No,Maharashtra|Tier 1,Maharashtra|Pune,,,,Maharashtra|Pune,
Mauli Multispeciality Hospital,Maharashtra,PUNE,Pune,Tier 1,Yes,Yes,No,Yes,No,Maharashtra|Tier 1,Maharashtra|Pune,Maharashtra|Pune,Maharashtra|Pune,,Maharashtra|Pune,
ClaireVision Eye Hospital,Maharashtra,PUNE,Pune,Tier 1,No,No,Yes,No,No,Maharashtra|Tier 1,Maharashtra|Pune,,,Maharashtra|Pune,,
Atmabodh Wellness and Agro Pvt Ltd,Maharashtra,Pune,Pune,Tier 1,No,No,No,No,No,Maharashtra|Tier 1,Maharashtra|Pune,,,,,
shatayu Hospital,Maharashtra,Pune - 411036,Pune,Tier 1,Yes,Yes,No,Yes,Yes,Maharashtra|Tier 1,Maharashtra|Pune,Maharashtra|Pune,Maharashtra|Pune,,Maharashtra|Pune,Maharashtra|Pune
Kamthe Hospital,Maharashtra,Pune 411015,Pune,Tier 1,Yes,Yes,No,Yes,No,Maharashtra|Tier 1,Maharashtra|Pune,Maharashtra|Pune,Maharashtra|Pune,,Maharashtra|Pune,
UNIVERSAL HOSPITAL,Maharashtra,Pune 411037,Pune,Tier 1,No,Yes,No,Yes,No,Maharashtra|Tier 1,Maharashtra|Pune,,Maharashtra|Pune,,Maharashtra|Pune,
SHREE AYURVED AND PANCHAKARMA HOSPITAL,Maharashtra,Pune City,Pune,Tier 1,No,No,No,No,No,Maharashtra|Tier 1,Maharashtra|Pune,,,,,
MUKTAI SPECIALITY HOSPITAL AND ICU,Maharashtra,"PUNE,",Pune,Tier 1,Yes,Yes,No,Yes,Yes,Maharashtra|Tier 1,Maharashtra|Pune,Maharashtra|Pune,Maharashtra|Pune,,Maharashtra|Pune,Maharashtra|Pune
Pratima eye hospital and polyclinic,Maharashtra,Pune-411061,Pune,Tier 1,No,No,Yes,No,No,Maharashtra|Tier 1,Maharashtra|Pune,,,Maharashtra|Pune,,
Yukti Herbs Multispecialty Ayurveda and Panchakarma Hospital,Punjab,Punjab,Mohali,Tier 2B,No,No,No,No,No,Punjab|Tier 2B,Punjab|Mohali,,,,,
RNR SUPER SPECIALITY HOSPITAL ( A UNIT OF RNR INSTITUTE OF MEDICAL SCIENCE PVT. LTD.),West Bengal,PURBA BARDHAMAN,Bardhaman,Tier 3,Yes,Yes,Yes,Yes,Yes,West Bengal|Tier 3,West Bengal|Bardhaman,West Bengal|Bardhaman,West Bengal|Bardhaman,West Bengal|Bardhaman,West Bengal|Bardhaman,West Bengal|Bardhaman
3D MEDICARE PRIVATE LIMITED,West Bengal,PURBA BARDHAMAN,Bardhaman,Tier 3,No,Yes,No,No,No,West Bengal|Tier 3,West Bengal|Bardhaman,,West Bengal|Bardhaman,,,
National Multispeciality Hospital,West Bengal,PURBA BARDHAMAN,Bardhaman,Tier 3,Yes,Yes,No,Yes,Yes,West Bengal|Tier 3,West Bengal|Bardhaman,West Bengal|Bardhaman,West Bengal|Bardhaman,,West Bengal|Bardhaman,West Bengal|Bardhaman
SANJIBAN NURSING HOME,West Bengal,PURBA BARDHAMAN,Bardhaman,Tier 3,No,No,Yes,No,No,West Bengal|Tier 3,West Bengal|Bardhaman,,,West Bengal|Bardhaman,,
GOPINATH AROGYA NIKETAN,West Bengal,PURBA BARDHAMAN,Bardhaman,Tier 3,No,Yes,No,Yes,Yes,West Bengal|Tier 3,West Bengal|Bardhaman,,West Bengal|Bardhaman,,West Bengal|Bardhaman,West Bengal|Bardhaman
SANJEEVANI NETRALAYA LLP,West Bengal,PURBA BARDWAN,Purba Bardwan,Tier 3,No,No,Yes,No,No,West Bengal|Tier 3,West Bengal|Purba Bardwan,,,West Bengal|Purba Bardwan,,
CAMELIA MULTISPECIALITY HOSPITAL PRIVATE LIMITED,West Bengal,PURBA BURDWAN,Purba Burdwan,Tier 3,No,Yes,No,Yes,Yes,West Bengal|Tier 3,West Bengal|Purba Burdwan,,West Bengal|Purba Burdwan,,West Bengal|Purba Burdwan,West Bengal|Purba Burdwan
THE RUBY NURSING HOME & PATHOLOGY,West Bengal,PURBA BURDWAN,Purba Burdwan,Tier 3,No,No,No,Yes,Yes,West Bengal|Tier 3,West Bengal|Purba Burdwan,,,,West Bengal|Purba Burdwan,West Bengal|Purba Burdwan
HEALTH CARE HOSPITAL,West Bengal,PURBA BURDWAN,Purba Burdwan,Tier 3,Yes,Yes,No,Yes,Yes,West Bengal|Tier 3,West Bengal|Purba Burdwan,West Bengal|Purba Burdwan,West Bengal|Purba Burdwan,,West Bengal|Purba Burdwan,West Bengal|Purba Burdwan
MOTHER NURSING HOME,West Bengal,PURBA MEDINIPUR,Purba Medinipur,Tier 3,No,No,No,Yes,No,West Bengal|Tier 3,West Bengal|Purba Medinipur,,,,West Bengal|Purba Medinipur,
NURSING HOME PANDA MATERNITY & ULTRASONOGRAPHY CENTRE,West Bengal,PURBA MEDINIPUR,Purba Medinipur,Tier 3,No,No,No,Yes,No,West Bengal|Tier 3,West Bengal|Purba Medinipur,,,,West Bengal|Purba Medinipur,
DARSHAN EYE CARE INSTITUTE,West Bengal,PURBA MEDINIPUR,Purba Medinipur,Tier 3,No,No,Yes,No,No,West Bengal|Tier 3,West Bengal|Purba Medinipur,,,West Bengal|Purba Medinipur,,
FORTIS NURSING HOME,West Bengal,PURBA MEDINIPUR,Purba Medinipur,Tier 3,Yes,Yes,No,Yes,Yes,West Bengal|Tier 3,West Bengal|Purba Medinipur,West Bengal|Purba Medinipur,West Bengal|Purba Medinipur,,West Bengal|Purba Medinipur,West Bengal|Purba Medinipur
PARK CLINIC & NURSING HOME,West Bengal,PURBA MEDINIPUR,Purba Medinipur,Tier 3,Yes,No,No,No,No,West Bengal|Tier 3,West Bengal|Purba Medinipur,West Bengal|Purba Medinipur,,,,
SHREEMA NURSING HOME,West Bengal,"PURBA MEDINIPUR,",Purba Medinipur,Tier 3,Yes,Yes,No,Yes,Yes,West Bengal|Tier 3,West Bengal|Purba Medinipur,West Bengal|Purba Medinipur,West Bengal|Purba Medinipur,,West Bengal|Purba Medinipur,West Bengal|Purba Medinipur
Lifeguard Multispecialty Hospital Private Limited,West Bengal,PURBHA BARDHAMAN,Purbha Bardhaman,Tier 3,Yes,Yes,No,Yes,Yes,West Bengal|Tier 3,West Bengal|Purbha Bardhaman,West Bengal|Purbha Bardhaman,West Bengal|Purbha Bardhaman,,West Bengal|Purbha Bardhaman,West Bengal|Purbha Bardhaman
Shyamashree Multispeciality Hospital pvt ltd,Orissa,"PURI,ODISHA",Puri,Tier 3,Yes,Yes,No,Yes,Yes,Orissa|Tier 3,Orissa|Puri,Orissa|Puri,Orissa|Puri,,Orissa|Puri,Orissa|Puri
Shri Ram Eye Centre,Bihar,Purnia,Purnia,Tier 3,No,No,Yes,No,No,Bihar|Tier 3,Bihar|Purnia,,,Bihar|Purnia,,
Susrut Eye Foundation (A Unit of Susrut Eye Foundation & Research Centre),West Bengal,Purulia,Purulia,Tier 3,No,No,Yes,No,No,West Bengal|Tier 3,West Bengal|Purulia,,,West Bengal|Purulia,,
MAA SHAKTI HOSPITAL,West Bengal,Purulia,Purulia,Tier 3,No,No,No,No,No,West Bengal|Tier 3,West Bengal|Purulia,,,,,
P.G. HEALTH CARE PVT. LTD.,West Bengal,PURULIA,Purulia,Tier 3,No,No,Yes,Yes,Yes,West Bengal|Tier 3,West Bengal|Purulia,,,West Bengal|Purulia,West Bengal|Purulia,West Bengal|Purulia
Dr Maid Multispeciality Hospital,Maharashtra,Rahata,Rahata,Tier 3,Yes,Yes,Yes,Yes,Yes,Maharashtra|Tier 3,Maharashtra|Rahata,Maharashtra|Rahata,Maharashtra|Rahata,Maharashtra|Rahata,Maharashtra|Rahata,Maharashtra|Rahata
RATNAGARBHA HOSPITAL,Karnataka,RAICHUR,Raichur,Tier 3,Yes,No,No,No,No,Karnataka|Tier 3,Karnataka|Raichur,Karnataka|Raichur,,,,
Medisecure Hospital and Nursing Home,Maharashtra,RAIGAD,Raigad,Tier 3,Yes,Yes,Yes,Yes,No,Maharashtra|Tier 3,Maharashtra|Raigad,Maharashtra|Raigad,Maharashtra|Raigad,Maharashtra|Raigad,Maharashtra|Raigad,
Deepisha Cancer centre And Research Institute,Maharashtra,RAIGAD,Raigad,Tier 3,No,Yes,No,No,No,Maharashtra|Tier 3,Maharashtra|Raigad,,Maharashtra|Raigad,,,
AMALE HOSPITAL,Maharashtra,RAIGAD,Raigad,Tier 3,Yes,No,No,Yes,Yes,Maharashtra|Tier 3,Maharashtra|Raigad,Maharashtra|Raigad,,,Maharashtra|Raigad,Maharashtra|Raigad
RAIGANJ JEEVAN REKHA DIAGNOSTIC PVT. LTD.,West Bengal,RAIGANJ,Raiganj,Tier 3,Yes,Yes,Yes,Yes,Yes,West Bengal|Tier 3,West Bengal|Raiganj,West Bengal|Raiganj,West Bengal|Raiganj,West Bengal|Raiganj,West Bengal|Raiganj,West Bengal|Raiganj
DR R L HOSPITAL,Chhattisgarh,RAIGARH,Raigarh,Tier 3,No,No,No,Yes,Yes,Chhattisgarh|Tier 3,Chhattisgarh|Raigarh,,,,Chhattisgarh|Raigarh,Chhattisgarh|Raigarh
SHRIPAD HOSPITAL,Maharashtra,Raigarh,Raigarh,Tier 3,No,No,No,Yes,No,Maharashtra|Tier 3,Maharashtra|Raigarh,,,,Maharashtra|Raigarh,
KALASH HOSPITAL,Maharashtra,Raigarh,Raigarh,Tier 3,No,Yes,Yes,Yes,Yes,Maharashtra|Tier 3,Maharashtra|Raigarh,,Maharashtra|Raigarh,Maharashtra|Raigarh,Maharashtra|Raigarh,Maharashtra|Raigarh
Sri Sathya Hospital,Telangana,Raikal,Raikal,Tier 3,No,No,No,No,No,Telangana|Tier 3,Telangana|Raikal,,,,,
VARDAAN HOSPITAL (A Unit Of Sahaj Clinics And Hospital Private Limited),Chhattisgarh,RAIPUR,Raipur,Tier 2B,No,Yes,No,Yes,No,Chhattisgarh|Tier 2B,Chhattisgarh|Raipur,,Chhattisgarh|Raipur,,Chhattisgarh|Raipur,
SHREE KRISHNA  MULTISPECIALITY HOSPITAL,Chhattisgarh,RAIPUR,Raipur,Tier 2B,No,No,No,Yes,No,Chhattisgarh|Tier 2B,Chhattisgarh|Raipur,,,,Chhattisgarh|Raipur,
Samyak Maternity Home,Chhattisgarh,Raipur,Raipur,Tier 2B,No,No,No,Yes,No,Chhattisgarh|Tier 2B,Chhattisgarh|Raipur,,,,Chhattisgarh|Raipur,
CARCINOMA HOSPITAL PVT LTD,Chhattisgarh,Raipur,Raipur,Tier 2B,No,Yes,No,No,No,Chhattisgarh|Tier 2B,Chhattisgarh|Raipur,,Chhattisgarh|Raipur,,,
shri shakti hospital,Chhattisgarh,Raipur,Raipur,Tier 2B,Yes,Yes,Yes,Yes,Yes,Chhattisgarh|Tier 2B,Chhattisgarh|Raipur,Chhattisgarh|Raipur,Chhattisgarh|Raipur,Chhattisgarh|Raipur,Chhattisgarh|Raipur,Chhattisgarh|Raipur
ITSA Hospitals ( A division of 4Seasons Hospitals and Research Centre Private Limited ),Chhattisgarh,Raipur,Raipur,Tier 2B,Yes,Yes,Yes,No,Yes,Chhattisgarh|Tier 2B,Chhattisgarh|Raipur,Chhattisgarh|Raipur,Chhattisgarh|Raipur,Chhattisgarh|Raipur,,Chhattisgarh|Raipur
Dr. Bala s Ortho Specialty Hospital,Andhra Pradesh,RAJAHMUNDRY,Rajahmundry,Tier 3,Yes,No,No,Yes,No,Andhra Pradesh|Tier 3,Andhra Pradesh|Rajahmundry,Andhra Pradesh|Rajahmundry,,,Andhra Pradesh|Rajahmundry,
AAYUV NEURO AND MULTISPECIALITY HOSPITALS,Andhra Pradesh,RAJAHMUNDRY,Rajahmundry,Tier 3,No,No,No,No,No,Andhra Pradesh|Tier 3,Andhra Pradesh|Rajahmundry,,,,,
VIJAY HOSPITAL,Andhra Pradesh,rajahmundry,Rajahmundry,Tier 3,No,No,No,Yes,No,Andhra Pradesh|Tier 3,Andhra Pradesh|Rajahmundry,,,,Andhra Pradesh|Rajahmundry,
SRISAIRAMAHOSPITAL,Andhra Pradesh,RAJAHMUNDRY,Rajahmundry,Tier 3,Yes,No,No,Yes,No,Andhra Pradesh|Tier 3,Andhra Pradesh|Rajahmundry,Andhra Pradesh|Rajahmundry,,,Andhra Pradesh|Rajahmundry,
SURAKHSA EMERGENCY HOSPITAL,Andhra Pradesh,Rajahmundry,Rajahmundry,Tier 3,Yes,No,No,Yes,No,Andhra Pradesh|Tier 3,Andhra Pradesh|Rajahmundry,Andhra Pradesh|Rajahmundry,,,Andhra Pradesh|Rajahmundry,
RAVI CHAITANYA KIDNEY AND CHILDRENS HOSPITAL,Andhra Pradesh,RAJAHMUNDRY,Rajahmundry,Tier 3,No,No,No,No,Yes,Andhra Pradesh|Tier 3,Andhra Pradesh|Rajahmundry,,,,,Andhra Pradesh|Rajahmundry
SRI SAI SURYA HOSPITAL,Andhra Pradesh,RAJAM,Rajam,Tier 3,No,No,No,Yes,Yes,Andhra Pradesh|Tier 3,Andhra Pradesh|Rajam,,,,Andhra Pradesh|Rajam,Andhra Pradesh|Rajam
GVS MULTISPECIALITY HOSPITAL,Andhra Pradesh,Rajamahendravaram,Rajahmundry,Tier 3,No,Yes,No,Yes,No,Andhra Pradesh|Tier 3,Andhra Pradesh|Rajahmundry,,Andhra Pradesh|Rajahmundry,,Andhra Pradesh|Rajahmundry,
KONARK HOSPITAL,Telangana,RAJANNA SIRCILLA,Rajanna Sircilla,Tier 3,No,No,No,Yes,No,Telangana|Tier 3,Telangana|Rajanna Sircilla,,,,Telangana|Rajanna Sircilla,
DHANYA SPECIALITY HOSPITAL,Tamil Nadu,RAJAPALAYAM,Rajapalayam,Tier 3,Yes,Yes,No,Yes,Yes,Tamil Nadu|Tier 3,Tamil Nadu|Rajapalayam,Tamil Nadu|Rajapalayam,Tamil Nadu|Rajapalayam,,Tamil Nadu|Rajapalayam,Tamil Nadu|Rajapalayam
DHANYA HOSPITALS,Tamil Nadu,RAJAPALAYAM,Rajapalayam,Tier 3,No,No,No,Yes,Yes,Tamil Nadu|Tier 3,Tamil Nadu|Rajapalayam,,,,Tamil Nadu|Rajapalayam,Tamil Nadu|Rajapalayam
Chitra Hospitals,Tamil Nadu,Rajapalayam,Rajapalayam,Tier 3,Yes,No,Yes,No,No,Tamil Nadu|Tier 3,Tamil Nadu|Rajapalayam,Tamil Nadu|Rajapalayam,,Tamil Nadu|Rajapalayam,,
Shivay Ayurveda,Rajasthan,Rajasthan,Jaipur,Tier 2A,No,No,No,No,No,Rajasthan|Tier 2A,Rajasthan|Jaipur,,,,,
SHREE NATH JI HOSPITAL,Rajasthan,RAJGARH,Rajgarh,Tier 3,No,No,No,Yes,No,Rajasthan|Tier 3,Rajasthan|Rajgarh,,,,Rajasthan|Rajgarh,
DIGWAL GENERAL HOSPITAL,Rajasthan,"RAJGARH, DISTT.CHURU",Churu,Tier 3,No,No,No,No,No,Rajasthan|Tier 3,Rajasthan|Churu,,,,,
SAMARTH MULTI SPECIALITY HOSPITAL,Gujarat,RAJKOT,Rajkot,Tier 2B,No,Yes,No,Yes,No,Gujarat|Tier 2B,Gujarat|Rajkot,,Gujarat|Rajkot,,Gujarat|Rajkot,
MATRIX HOSPITAL,Jammu & Kashmir,rajouri,Rajouri,Tier 3,Yes,No,No,Yes,No,Jammu & Kashmir|Tier 3,Jammu & Kashmir|Rajouri,Jammu & Kashmir|Rajouri,,,Jammu & Kashmir|Rajouri,
LIFE CARE HOSPITAL,Punjab,RAJPURA,Rajpura,Tier 3,No,No,No,Yes,No,Punjab|Tier 3,Punjab|Rajpura,,,,Punjab|Rajpura,
FUTURE CARE MULTISPECIALITY HOSPITAL,Punjab,RAJPURA,Rajpura,Tier 3,No,Yes,No,No,No,Punjab|Tier 3,Punjab|Rajpura,,Punjab|Rajpura,,,
AANCHAL HOSPITAL,Punjab,RAJPURA,Rajpura,Tier 3,Yes,Yes,Yes,Yes,Yes,Punjab|Tier 3,Punjab|Rajpura,Punjab|Rajpura,Punjab|Rajpura,Punjab|Rajpura,Punjab|Rajpura,Punjab|Rajpura
ANGEL WINGS HOSPITAL,Rajasthan,Rajsamand,Rajsamand,Tier 3,No,No,No,No,No,Rajasthan|Tier 3,Rajasthan|Rajsamand,,,,,
Kangaroo Care Hospital (A Unit of Surabhi Women And Children Healthcare Pvt. Ltd),Karnataka,Ramanagara,Ramanagara,Tier 3,Yes,Yes,No,Yes,Yes,Karnataka|Tier 3,Karnataka|Ramanagara,Karnataka|Ramanagara,Karnataka|Ramanagara,,Karnataka|Ramanagara,Karnataka|Ramanagara
JJ LUNGS NEO LIFE HOSPITAL,Tamil Nadu,RAMANATHAPURAM,Ramanathapuram,Tier 3,Yes,Yes,No,Yes,No,Tamil Nadu|Tier 3,Tamil Nadu|Ramanathapuram,Tamil Nadu|Ramanathapuram,Tamil Nadu|Ramanathapuram,,Tamil Nadu|Ramanathapuram,
Ramnagar Multispeciality Hospital,Karnataka,Ramnagar,Ramnagar,Tier 3,Yes,Yes,No,Yes,Yes,Karnataka|Tier 3,Karnataka|Ramnagar,Karnataka|Ramnagar,Karnataka|Ramnagar,,Karnataka|Ramnagar,Karnataka|Ramnagar
SUCHITRA EYE CARE CENTER,Uttar Pradesh,RAMPUR,Rampur,Tier 3,No,No,Yes,No,No,Uttar Pradesh|Tier 3,Uttar Pradesh|Rampur,,,Uttar Pradesh|Rampur,,
KAMAL ORTHO CARE,Punjab,RAMPURA PHUL,Rampura Phul,Tier 3,No,No,No,No,No,Punjab|Tier 3,Punjab|Rampura Phul,,,,,
MANDAKINI MEMORIAL HOSPITAL PRIVATE LIMITED,West Bengal,RANAGHAT,Ranaghat,Tier 3,Yes,Yes,Yes,Yes,Yes,West Bengal|Tier 3,West Bengal|Ranaghat,West Bengal|Ranaghat,West Bengal|Ranaghat,West Bengal|Ranaghat,West Bengal|Ranaghat,West Bengal|Ranaghat
VISION PLUS,Jharkhand,RANCHI,Ranchi,Tier 2B,No,No,Yes,No,No,Jharkhand|Tier 2B,Jharkhand|Ranchi,,,Jharkhand|Ranchi,,
VIKAS HOSPITAL,Jharkhand,Ranchi,Ranchi,Tier 2B,Yes,Yes,Yes,Yes,Yes,Jharkhand|Tier 2B,Jharkhand|Ranchi,Jharkhand|Ranchi,Jharkhand|Ranchi,Jharkhand|Ranchi,Jharkhand|Ranchi,Jharkhand|Ranchi
SWARNREKHA HOSPITAL,Jharkhand,Ranchi,Ranchi,Tier 2B,Yes,Yes,No,Yes,Yes,Jharkhand|Tier 2B,Jharkhand|Ranchi,Jharkhand|Ranchi,Jharkhand|Ranchi,,Jharkhand|Ranchi,Jharkhand|Ranchi
TULIP HOSPITAL,Jharkhand,RANCHI,Ranchi,Tier 2B,Yes,Yes,No,Yes,No,Jharkhand|Tier 2B,Jharkhand|Ranchi,Jharkhand|Ranchi,Jharkhand|Ranchi,,Jharkhand|Ranchi,
HCG CURIE ABDUR RAZZAQUE ANSARI CANCER INSTITUTE,Jharkhand,RANCHI,Ranchi,Tier 2B,No,No,No,No,No,Jharkhand|Tier 2B,Jharkhand|Ranchi,,,,,
PANACEA SUPERSPECIALITY HOSPITAL,Jharkhand,RANCHI,Ranchi,Tier 2B,Yes,Yes,No,Yes,No,Jharkhand|Tier 2B,Jharkhand|Ranchi,Jharkhand|Ranchi,Jharkhand|Ranchi,,Jharkhand|Ranchi,
CENTRE OF NEUROSCIENCES ( CNS ),Jharkhand,RANCHI,Ranchi,Tier 2B,No,No,No,No,No,Jharkhand|Tier 2B,Jharkhand|Ranchi,,,,,
DEBUKA HOSPITAL,Jharkhand,RANCHI,Ranchi,Tier 2B,No,No,No,Yes,Yes,Jharkhand|Tier 2B,Jharkhand|Ranchi,,,,Jharkhand|Ranchi,Jharkhand|Ranchi
STONE AND UROLOGY CLINIC,Jharkhand,RANCHI,Ranchi,Tier 2B,No,No,No,No,No,Jharkhand|Tier 2B,Jharkhand|Ranchi,,,,,
Dwarika Hospital and Research Centre,Jharkhand,RANCHI,Ranchi,Tier 2B,No,No,No,Yes,Yes,Jharkhand|Tier 2B,Jharkhand|Ranchi,,,,Jharkhand|Ranchi,Jharkhand|Ranchi
Heart Centre Nagarmal Modi Seva Sadan,Jharkhand,RANCHI,Ranchi,Tier 2B,Yes,No,No,Yes,No,Jharkhand|Tier 2B,Jharkhand|Ranchi,Jharkhand|Ranchi,,,Jharkhand|Ranchi,
LAKEVIEW HOSPITAL AND RESEARCH CENTRE,Jharkhand,Ranchi,Ranchi,Tier 2B,No,No,No,Yes,Yes,Jharkhand|Tier 2B,Jharkhand|Ranchi,,,,Jharkhand|Ranchi,Jharkhand|Ranchi
PATILS MULTI SPECIALITY HOSPITAL,Karnataka,RANEBENNUR,Ranebennur,Tier 3,No,No,No,Yes,No,Karnataka|Tier 3,Karnataka|Ranebennur,,,,Karnataka|Ranebennur,
SRI VISISTA MULTI SPECIALITY HOSPITAL,Telangana,RANG REDDY,Rang Reddy,Tier 3,Yes,Yes,No,Yes,Yes,Telangana|Tier 3,Telangana|Rang Reddy,Telangana|Rang Reddy,Telangana|Rang Reddy,,Telangana|Rang Reddy,Telangana|Rang Reddy
Gem Hospital,Telangana,Ranga Reddy,Hyderabad,Tier 1,No,No,No,Yes,No,Telangana|Tier 1,Telangana|Hyderabad,,,,Telangana|Hyderabad,
ARUNJYOTHI MULTISPECIALITY HOSPITAL,Telangana,RANGA REDDY,Hyderabad,Tier 1,Yes,No,No,Yes,Yes,Telangana|Tier 1,Telangana|Hyderabad,Telangana|Hyderabad,,,Telangana|Hyderabad,Telangana|Hyderabad
DR K CHANDRA SHEKAR MULTI SPECIALITY HOSPITAL,Telangana,RANGAREDDY,Hyderabad,Tier 1,Yes,No,No,Yes,No,Telangana|Tier 1,Telangana|Hyderabad,Telangana|Hyderabad,,,Telangana|Hyderabad,
WOMB FERTILITY AND MATERNITY CENTER,Telangana,RANGAREDDY,Hyderabad,Tier 1,No,No,No,Yes,Yes,Telangana|Tier 1,Telangana|Hyderabad,,,,Telangana|Hyderabad,Telangana|Hyderabad
DR SHALINI EYE HOSPITAL,Telangana,RANGAREDDY,Hyderabad,Tier 1,No,No,Yes,No,No,Telangana|Tier 1,Telangana|Hyderabad,,,Telangana|Hyderabad,,
Vijaya Super Speciality Hospital (A Unit of Yanala Jyothi Hospitals Pvt Ltd),Telangana,Rangareddy,Hyderabad,Tier 1,No,Yes,Yes,Yes,Yes,Telangana|Tier 1,Telangana|Hyderabad,,Telangana|Hyderabad,Telangana|Hyderabad,Telangana|Hyderabad,Telangana|Hyderabad
PRIME CARE SUPER SPECIALITY HOSPITAL LLP,Telangana,RANGAREDDY DIST,Hyderabad,Tier 1,Yes,Yes,No,Yes,No,Telangana|Tier 1,Telangana|Hyderabad,Telangana|Hyderabad,Telangana|Hyderabad,,Telangana|Hyderabad,
Medlyfe Hospital (A Unit of Brigid Institute of Medical Sciences Private Limited),Telangana,Rangareddy District,Hyderabad,Tier 1,Yes,No,No,Yes,Yes,Telangana|Tier 1,Telangana|Hyderabad,Telangana|Hyderabad,,,Telangana|Hyderabad,Telangana|Hyderabad
Jeevan Life Care,Tamil Nadu,Ranipet,Ranipet,Tier 3,Yes,No,No,Yes,No,Tamil Nadu|Tier 3,Tamil Nadu|Ranipet,Tamil Nadu|Ranipet,,,Tamil Nadu|Ranipet,
LIFE CARE MULTISPECIALITY HOSPITAL,Maharashtra,"Ranjangaon ganapati, shirur",Shirur,Tier 3,Yes,Yes,Yes,Yes,Yes,Maharashtra|Tier 3,Maharashtra|Shirur,Maharashtra|Shirur,Maharashtra|Shirur,Maharashtra|Shirur,Maharashtra|Shirur,Maharashtra|Shirur
Raghav Neuro Trauma Care,Madhya Pradesh,Ratlam,Ratlam,Tier 3,No,Yes,No,Yes,No,Madhya Pradesh|Tier 3,Madhya Pradesh|Ratlam,,Madhya Pradesh|Ratlam,,Madhya Pradesh|Ratlam,
"Shankus Hospitals Private Limited, Ratlam",Madhya Pradesh,Ratlam(Nagar Nigam),Ratlam,Tier 3,No,Yes,No,Yes,No,Madhya Pradesh|Tier 3,Madhya Pradesh|Ratlam,,Madhya Pradesh|Ratlam,,Madhya Pradesh|Ratlam,
ASL MULTISPECIALITY HOSPITALS,Andhra Pradesh,Ravulapalem,Ravulapalem,Tier 3,Yes,Yes,Yes,Yes,Yes,Andhra Pradesh|Tier 3,Andhra Pradesh|Ravulapalem,Andhra Pradesh|Ravulapalem,Andhra Pradesh|Ravulapalem,Andhra Pradesh|Ravulapalem,Andhra Pradesh|Ravulapalem,Andhra Pradesh|Ravulapalem
Gowthami Hospital,Andhra Pradesh,Ravulapalem,Ravulapalem,Tier 3,No,No,No,Yes,No,Andhra Pradesh|Tier 3,Andhra Pradesh|Ravulapalem,,,,Andhra Pradesh|Ravulapalem,
Pragathi Nursing home,Andhra Pradesh,RAVULAPLEM,Ravulaplem,Tier 3,No,No,No,Yes,No,Andhra Pradesh|Tier 3,Andhra Pradesh|Ravulaplem,,,,Andhra Pradesh|Ravulaplem,
SANGI HOSPITAL ( A UNIT OF SANGI HEALTHCARE PVT LTD),Uttar Pradesh,"RAYA, MATHURA",Raya Mathura,Tier 3,Yes,Yes,No,Yes,Yes,Uttar Pradesh|Tier 3,Uttar Pradesh|Raya Mathura,Uttar Pradesh|Raya Mathura,Uttar Pradesh|Raya Mathura,,Uttar Pradesh|Raya Mathura,Uttar Pradesh|Raya Mathura
PRANAV HOSPITAL,Tamil Nadu,REDDIYARCHATRAM,Reddiyarchatram,Tier 3,Yes,Yes,No,Yes,Yes,Tamil Nadu|Tier 3,Tamil Nadu|Reddiyarchatram,Tamil Nadu|Reddiyarchatram,Tamil Nadu|Reddiyarchatram,,Tamil Nadu|Reddiyarchatram,Tamil Nadu|Reddiyarchatram
CYGNUS SUPERSPECIALITY HOSPITAL,Haryana,REWARI,Rewari,Tier 3,Yes,Yes,Yes,Yes,Yes,Haryana|Tier 3,Haryana|Rewari,Haryana|Rewari,Haryana|Rewari,Haryana|Rewari,Haryana|Rewari,Haryana|Rewari
KRISHNA EYE HOSPITAL,Haryana,REWARI,Rewari,Tier 3,No,No,Yes,No,No,Haryana|Tier 3,Haryana|Rewari,,,Haryana|Rewari,,
Krishna Hospital,Haryana,Rewari,Rewari,Tier 3,No,No,No,Yes,Yes,Haryana|Tier 3,Haryana|Rewari,,,,Haryana|Rewari,Haryana|Rewari
Pulse Hospital,Haryana,REWARI,Rewari,Tier 3,Yes,No,No,Yes,No,Haryana|Tier 3,Haryana|Rewari,Haryana|Rewari,,,Haryana|Rewari,
DEV JYOTI HOSPITAL,Haryana,REWARI,Rewari,Tier 3,No,No,No,Yes,Yes,Haryana|Tier 3,Haryana|Rewari,,,,Haryana|Rewari,Haryana|Rewari
saksham multispeciality hospital,Haryana,REWARI,Rewari,Tier 3,No,No,Yes,Yes,No,Haryana|Tier 3,Haryana|Rewari,,,Haryana|Rewari,Haryana|Rewari,
Ganga Devi Eye Hospital,Haryana,Rewari,Rewari,Tier 3,No,No,Yes,No,No,Haryana|Tier 3,Haryana|Rewari,,,Haryana|Rewari,,
NEO EYE9 HOSPITAL-A UNIT OF NEO EYE9 PVT LTD,Haryana,REWARI,Rewari,Tier 3,No,No,Yes,No,No,Haryana|Tier 3,Haryana|Rewari,,,Haryana|Rewari,,
Bakhetia Hospital,Uttarakhand,Rishikesh,Rishikesh,Tier 3,No,No,No,Yes,No,Uttarakhand|Tier 3,Uttarakhand|Rishikesh,,,,Uttarakhand|Rishikesh,
Panacea Hospital,Uttarakhand,Rishikesh,Rishikesh,Tier 3,No,No,No,Yes,No,Uttarakhand|Tier 3,Uttarakhand|Rishikesh,,,,Uttarakhand|Rishikesh,
RISHRA MATRI SADAN,West Bengal,RISHRA,Rishra,Tier 3,Yes,No,No,Yes,Yes,West Bengal|Tier 3,West Bengal|Rishra,West Bengal|Rishra,,,West Bengal|Rishra,West Bengal|Rishra
Arnish Multispeciality Hospital,Delhi,Rohini,Delhi,Tier 1,Yes,No,No,Yes,Yes,Delhi|Tier 1,Delhi|Delhi,Delhi|Delhi,,,Delhi|Delhi,Delhi|Delhi
Yogesh eye center,Delhi,Rohini,Delhi,Tier 1,No,No,Yes,No,No,Delhi|Tier 1,Delhi|Delhi,,,Delhi|Delhi,,
Sparsh Hospital,Haryana,Rohtak,Rohtak,Tier 3,No,No,Yes,Yes,Yes,Haryana|Tier 3,Haryana|Rohtak,,,Haryana|Rohtak,Haryana|Rohtak,Haryana|Rohtak
"GENESES SUPER SPECIALITY HOSPITAL, GASTRO & CANCER CARE",Haryana,ROHTAK,Rohtak,Tier 3,Yes,Yes,No,Yes,No,Haryana|Tier 3,Haryana|Rohtak,Haryana|Rohtak,Haryana|Rohtak,,Haryana|Rohtak,
PGV Health Wellness Hospital,Haryana,ROHTAK,Rohtak,Tier 3,Yes,No,No,Yes,No,Haryana|Tier 3,Haryana|Rohtak,Haryana|Rohtak,,,Haryana|Rohtak,
ATHARV AYURVED MULTISPECIALITY HOSPITAL,Haryana,Rohtak,Rohtak,Tier 3,No,No,No,No,No,Haryana|Tier 3,Haryana|Rohtak,,,,,
SHRI KVM SUPER SPECIALITY HOSPITAL,Haryana,ROHTAK,Rohtak,Tier 3,Yes,No,Yes,Yes,Yes,Haryana|Tier 3,Haryana|Rohtak,Haryana|Rohtak,,Haryana|Rohtak,Haryana|Rohtak,Haryana|Rohtak
tripti hospital urology centre,Haryana,rohtak,Rohtak,Tier 3,Yes,Yes,No,Yes,Yes,Haryana|Tier 3,Haryana|Rohtak,Haryana|Rohtak,Haryana|Rohtak,,Haryana|Rohtak,Haryana|Rohtak
HELIOS EYE HOSPITAL,Haryana,ROHTAK,Rohtak,Tier 3,No,No,Yes,No,No,Haryana|Tier 3,Haryana|Rohtak,,,Haryana|Rohtak,,
Krishna Multispeciality Hospital,Haryana,Rohtak,Rohtak,Tier 3,No,No,No,Yes,No,Haryana|Tier 3,Haryana|Rohtak,,,,Haryana|Rohtak,
JSR MULTISPECIALITY HOSPITAL LLP,Haryana,ROHTAK 124001 HARYANA,Rohtak,Tier 3,No,Yes,Yes,Yes,No,Haryana|Tier 3,Haryana|Rohtak,,Haryana|Rohtak,Haryana|Rohtak,Haryana|Rohtak,
Shergill Multispeciality Hospital,Punjab,Roopnagar,Roopnagar,Tier 3,No,No,No,Yes,No,Punjab|Tier 3,Punjab|Roopnagar,,,,Punjab|Roopnagar,
Naveen Eye Hospital,Uttarakhand,Roorkee,Roorkee,Tier 3,No,No,Yes,No,No,Uttarakhand|Tier 3,Uttarakhand|Roorkee,,,Uttarakhand|Roorkee,,
GURDEV HOSPITAL,Punjab,ROPAR,Ropar,Tier 3,Yes,Yes,Yes,Yes,Yes,Punjab|Tier 3,Punjab|Ropar,Punjab|Ropar,Punjab|Ropar,Punjab|Ropar,Punjab|Ropar,Punjab|Ropar
RAKSHA HOSPITAL,Punjab,Ropar,Ropar,Tier 3,No,No,No,Yes,No,Punjab|Tier 3,Punjab|Ropar,,,,Punjab|Ropar,
Aastha Hospital,Punjab,Ropar,Ropar,Tier 3,No,No,No,Yes,No,Punjab|Tier 3,Punjab|Ropar,,,,Punjab|Ropar,
PRABHU NETRALAYA,Uttarakhand,Rudrapur,Rudrapur,Tier 3,No,No,Yes,No,No,Uttarakhand|Tier 3,Uttarakhand|Rudrapur,,,Uttarakhand|Rudrapur,,
Life Line Hospital,Punjab,Rupnagar,Rupnagar,Tier 3,No,No,No,Yes,No,Punjab|Tier 3,Punjab|Rupnagar,,,,Punjab|Rupnagar,
CHOUDHARY HOSPITAL,Punjab,RUPNAGAR,Rupnagar,Tier 3,No,No,No,No,No,Punjab|Tier 3,Punjab|Rupnagar,,,,,
SUKHMANI MULTISPECIALITY HOSPITAL,Punjab,Rupnagar,Rupnagar,Tier 3,No,No,No,Yes,No,Punjab|Tier 3,Punjab|Rupnagar,,,,Punjab|Rupnagar,
SPAW HOSPITAL (A UNIT OF SPAW ENTERPRISES LLP),Punjab,S.A.S NAGAR MOHALI,Mohali,Tier 2B,Yes,Yes,Yes,Yes,Yes,Punjab|Tier 2B,Punjab|Mohali,Punjab|Mohali,Punjab|Mohali,Punjab|Mohali,Punjab|Mohali,Punjab|Mohali
Vellmed Tricity Hospital ( A UNIT OF RSR Health Vell Speciality Hospital Private Limited ),Punjab,S.A.S. NAGAR,Mohali,Tier 2B,No,Yes,No,Yes,No,Punjab|Tier 2B,Punjab|Mohali,,Punjab|Mohali,,Punjab|Mohali,
A. S. Multispeciality Hospital,Haryana,Safidon,Safidon,Tier 3,No,No,No,Yes,No,Haryana|Tier 3,Haryana|Safidon,,,,Haryana|Safidon,
BARGAD HOSPITALS PVT LTD,Madhya Pradesh,SAGAR,Sagar,Tier 3,Yes,No,No,Yes,No,Madhya Pradesh|Tier 3,Madhya Pradesh|Sagar,Madhya Pradesh|Sagar,,,Madhya Pradesh|Sagar,
SHRI SAI HOSPITAL,Rajasthan,sagawra,Sagawra,Tier 3,No,No,No,No,No,Rajasthan|Tier 3,Rajasthan|Sagawra,,,,,
SAI HOSPITAL,Punjab,SAHARANPUR,Saharanpur,Tier 2B,No,No,No,Yes,Yes,Punjab|Tier 2B,Punjab|Saharanpur,,,,Punjab|Saharanpur,Punjab|Saharanpur
Happy Family Hospital,Uttar Pradesh,SAHARANPUR,Saharanpur,Tier 2B,No,No,No,Yes,No,Uttar Pradesh|Tier 2B,Uttar Pradesh|Saharanpur,,,,Uttar Pradesh|Saharanpur,
Dayawati Hospital,Uttar Pradesh,SAHARANPUR,Saharanpur,Tier 2B,Yes,No,No,Yes,No,Uttar Pradesh|Tier 2B,Uttar Pradesh|Saharanpur,Uttar Pradesh|Saharanpur,,,Uttar Pradesh|Saharanpur,
PRAMJYOTI EYE CARE HOSPITAL,Uttar Pradesh,SAHARANPUR,Saharanpur,Tier 2B,No,No,Yes,No,No,Uttar Pradesh|Tier 2B,Uttar Pradesh|Saharanpur,,,Uttar Pradesh|Saharanpur,,
Saharanpur Charitable Hospital And Research Institute,Uttar Pradesh,Saharanpur,Saharanpur,Tier 2B,No,No,No,Yes,No,Uttar Pradesh|Tier 2B,Uttar Pradesh|Saharanpur,,,,Uttar Pradesh|Saharanpur,
RAJ HOSPITAL,Uttar Pradesh,Saharanpur,Saharanpur,Tier 2B,Yes,Yes,Yes,Yes,Yes,Uttar Pradesh|Tier 2B,Uttar Pradesh|Saharanpur,Uttar Pradesh|Saharanpur,Uttar Pradesh|Saharanpur,Uttar Pradesh|Saharanpur,Uttar Pradesh|Saharanpur,Uttar Pradesh|Saharanpur
HARI HOSPITAL AND RESEARCH CENTRE,Uttar Pradesh,Saharapur,Saharapur,Tier 3,No,No,Yes,Yes,No,Uttar Pradesh|Tier 3,Uttar Pradesh|Saharapur,,,Uttar Pradesh|Saharapur,Uttar Pradesh|Saharapur,
SHREE NARAYAN MEDICAL INSTITUTE AND HOSPITAL,Bihar,Saharsa,Saharsa,Tier 3,Yes,Yes,Yes,Yes,Yes,Bihar|Tier 3,Bihar|Saharsa,Bihar|Saharsa,Bihar|Saharsa,Bihar|Saharsa,Bihar|Saharsa,Bihar|Saharsa
DRISHTI VISION CARE CENTRE,Uttar Pradesh,sahibabad,Sahibabad,Tier 3,No,No,Yes,No,No,Uttar Pradesh|Tier 3,Uttar Pradesh|Sahibabad,,,Uttar Pradesh|Sahibabad,,
Alpha Chandigarh Hospital,Punjab,Sahibzada Ajit Singh Nagar,Mohali,Tier 2B,No,No,Yes,Yes,Yes,Punjab|Tier 2B,Punjab|Mohali,,,Punjab|Mohali,Punjab|Mohali,Punjab|Mohali
Vardan Fracture & General Hospital,Madhya Pradesh,SAJAPUR,Sajapur,Tier 3,No,Yes,No,Yes,No,Madhya Pradesh|Tier 3,Madhya Pradesh|Sajapur,,Madhya Pradesh|Sajapur,,Madhya Pradesh|Sajapur,
Preetham Advanced Critical Care Hospital Private L,Tamil Nadu,SALEM,Salem,Tier 2B,Yes,Yes,No,Yes,Yes,Tamil Nadu|Tier 2B,Tamil Nadu|Salem,Tamil Nadu|Salem,Tamil Nadu|Salem,,Tamil Nadu|Salem,Tamil Nadu|Salem
KRS MULTISPECIALITY HOSPITAL AND TRAUMA CARE CENTRE,Tamil Nadu,Salem,Salem,Tier 2B,No,Yes,No,Yes,Yes,Tamil Nadu|Tier 2B,Tamil Nadu|Salem,,Tamil Nadu|Salem,,Tamil Nadu|Salem,Tamil Nadu|Salem
THANGAVELU Hospital,Tamil Nadu,Salem,Salem,Tier 2B,No,Yes,No,Yes,No,Tamil Nadu|Tier 2B,Tamil Nadu|Salem,,Tamil Nadu|Salem,,Tamil Nadu|Salem,
UDHAYAM MULTISPECIALITY HOSPITAL LLP,Tamil Nadu,salem,Salem,Tier 2B,Yes,No,No,Yes,No,Tamil Nadu|Tier 2B,Tamil Nadu|Salem,Tamil Nadu|Salem,,,Tamil Nadu|Salem,
VH SPECIALITY HOSPITAL,Tamil Nadu,Salem,Salem,Tier 2B,Yes,No,No,Yes,No,Tamil Nadu|Tier 2B,Tamil Nadu|Salem,Tamil Nadu|Salem,,,Tamil Nadu|Salem,
NANDI HOSPITAL AND RESEARCH CENTRE,Tamil Nadu,SALEM,Salem,Tier 2B,No,No,No,Yes,No,Tamil Nadu|Tier 2B,Tamil Nadu|Salem,,,,Tamil Nadu|Salem,
MALAR MATRENITY HOSPITAL,Tamil Nadu,SALEM,Salem,Tier 2B,No,No,No,Yes,No,Tamil Nadu|Tier 2B,Tamil Nadu|Salem,,,,Tamil Nadu|Salem,
Nesam Hospital,Tamil Nadu,Salem,Salem,Tier 2B,Yes,No,No,Yes,No,Tamil Nadu|Tier 2B,Tamil Nadu|Salem,Tamil Nadu|Salem,,,Tamil Nadu|Salem,
ACR MEDICAL CENTRE AND FERTILITY CARE,Tamil Nadu,Salem 636403,Salem,Tier 2B,No,No,No,Yes,No,Tamil Nadu|Tier 2B,Tamil Nadu|Salem,,,,Tamil Nadu|Salem,
Swadhin Eye Microsurgery Center,West Bengal,Salkia Howrah,Salkia Howrah,Tier 3,No,No,Yes,No,No,West Bengal|Tier 3,West Bengal|Salkia Howrah,,,West Bengal|Salkia Howrah,,
HARE KRISHNA NURSING HOME,West Bengal,Salkia Howrah,Salkia Howrah,Tier 3,No,No,No,Yes,No,West Bengal|Tier 3,West Bengal|Salkia Howrah,,,,West Bengal|Salkia Howrah,
R.K. NEW BORN AND CHILDREN HOSPITAL,Haryana,samalkha,Samalkha,Tier 3,No,No,No,No,Yes,Haryana|Tier 3,Haryana|Samalkha,,,,,Haryana|Samalkha
Jitendera Hospital,Haryana,Samalkha,Samalkha,Tier 3,No,No,No,Yes,Yes,Haryana|Tier 3,Haryana|Samalkha,,,,Haryana|Samalkha,Haryana|Samalkha
darshnidhi healthcare,Punjab,SAMANA,Samana,Tier 3,No,No,No,No,No,Punjab|Tier 3,Punjab|Samana,,,,,
VIKASH HOSPITAL,Orissa,SAMBALPUR,Sambalpur,Tier 3,Yes,No,No,Yes,No,Orissa|Tier 3,Orissa|Sambalpur,Orissa|Sambalpur,,,Orissa|Sambalpur,
OM MULTI SPECIALTY HOSPITAL,Uttar Pradesh,Sambhal,Sambhal,Tier 3,Yes,Yes,Yes,Yes,Yes,Uttar Pradesh|Tier 3,Uttar Pradesh|Sambhal,Uttar Pradesh|Sambhal,Uttar Pradesh|Sambhal,Uttar Pradesh|Sambhal,Uttar Pradesh|Sambhal,Uttar Pradesh|Sambhal
REVA EYE CENTER SANAWAD,Madhya Pradesh,SANAWAD,Sanawad,Tier 3,No,No,Yes,No,No,Madhya Pradesh|Tier 3,Madhya Pradesh|Sanawad,,,Madhya Pradesh|Sanawad,,
Charan Singh,Rajasthan,sanchore,Sanchore,Tier 3,No,No,No,Yes,No,Rajasthan|Tier 3,Rajasthan|Sanchore,,,,Rajasthan|Sanchore,
MEDIPLUS MULTISPECIALITY HOSPITAL & RESEARCH CENTER,Rajasthan,SANCHORE,Sanchore,Tier 3,No,No,No,Yes,No,Rajasthan|Tier 3,Rajasthan|Sanchore,,,,Rajasthan|Sanchore,
Dr. Ithape Hospital,Maharashtra,SANGAMNER,Sangamner,Tier 3,Yes,No,No,Yes,No,Maharashtra|Tier 3,Maharashtra|Sangamner,Maharashtra|Sangamner,,,Maharashtra|Sangamner,
Om saibhushan nursing home,Maharashtra,Sangamner,Sangamner,Tier 3,Yes,No,Yes,Yes,No,Maharashtra|Tier 3,Maharashtra|Sangamner,Maharashtra|Sangamner,,Maharashtra|Sangamner,Maharashtra|Sangamner,
HAPPY LIFE MEDICAL SERVICE LLP'S Kalptaru Multi Speciality Hospital ( Km Hospital ),Maharashtra,Sangamner,Sangamner,Tier 3,Yes,Yes,Yes,Yes,No,Maharashtra|Tier 3,Maharashtra|Sangamner,Maharashtra|Sangamner,Maharashtra|Sangamner,Maharashtra|Sangamner,Maharashtra|Sangamner,
Dr.Gaikwad Hospital and  Shree Netralay,Maharashtra,Sangamner,Sangamner,Tier 3,No,No,Yes,No,No,Maharashtra|Tier 3,Maharashtra|Sangamner,,,Maharashtra|Sangamner,,
Matoshree Hospital,Maharashtra,Sangamner Kh.,Sangamner Kh,Tier 3,No,No,No,No,Yes,Maharashtra|Tier 3,Maharashtra|Sangamner Kh,,,,,Maharashtra|Sangamner Kh
Surya Nursing Home,Telangana,Sangareddy,Sangareddy,Tier 3,Yes,No,Yes,Yes,No,Telangana|Tier 3,Telangana|Sangareddy,Telangana|Sangareddy,,Telangana|Sangareddy,Telangana|Sangareddy,
Shri Vardhman Jain Dharmarth Chikitsalya,Rajasthan,SANGARIA,Sangaria,Tier 3,No,No,Yes,No,No,Rajasthan|Tier 3,Rajasthan|Sangaria,,,Rajasthan|Sangaria,,
Shraddha Spine and Orthopedic Superspeciality Centre LLP,Maharashtra,SANGLI,Sangli,Tier 2B,No,Yes,No,No,No,Maharashtra|Tier 2B,Maharashtra|Sangli,,Maharashtra|Sangli,,,
HORIZON HOSPITAL,Maharashtra,sangli,Sangli,Tier 2B,No,Yes,No,Yes,No,Maharashtra|Tier 2B,Maharashtra|Sangli,,Maharashtra|Sangli,,Maharashtra|Sangli,
SHAH GENERAL FRACTURE ORTHOPEDIC AND EYE HOSPITAL,Maharashtra,SANGLI,Sangli,Tier 2B,No,No,Yes,No,No,Maharashtra|Tier 2B,Maharashtra|Sangli,,,Maharashtra|Sangli,,
Paramshetti Multispecility Hospital,Maharashtra,Sangli,Sangli,Tier 2B,No,No,No,No,Yes,Maharashtra|Tier 2B,Maharashtra|Sangli,,,,,Maharashtra|Sangli
Mirajkar Dolyanche Hospital,Maharashtra,SANGLI,Sangli,Tier 2B,No,No,Yes,No,No,Maharashtra|Tier 2B,Maharashtra|Sangli,,,Maharashtra|Sangli,,
DATE HOSPITAL,Maharashtra,SANGLI,Sangli,Tier 2B,No,No,No,No,No,Maharashtra|Tier 2B,Maharashtra|Sangli,,,,,
Phoenix Ortho and Superspeciality Hospital,Maharashtra,Sangli,Sangli,Tier 2B,Yes,No,No,No,No,Maharashtra|Tier 2B,Maharashtra|Sangli,Maharashtra|Sangli,,,,
SUDARSHAN EYE HOSPITAL,Maharashtra,SANGLI,Sangli,Tier 2B,No,No,No,No,No,Maharashtra|Tier 2B,Maharashtra|Sangli,,,,,
Spandan Hrudayalaya and Superspeciality Hospital LLP Miraj,Maharashtra,SANGLI,Sangli,Tier 2B,Yes,Yes,Yes,Yes,Yes,Maharashtra|Tier 2B,Maharashtra|Sangli,Maharashtra|Sangli,Maharashtra|Sangli,Maharashtra|Sangli,Maharashtra|Sangli,Maharashtra|Sangli
AADHAR FUTURE CARE ISLAMPUR LLP,Maharashtra,SANGLI,Sangli,Tier 2B,Yes,Yes,Yes,Yes,No,Maharashtra|Tier 2B,Maharashtra|Sangli,Maharashtra|Sangli,Maharashtra|Sangli,Maharashtra|Sangli,Maharashtra|Sangli,
sharada multispeciality hospital,Maharashtra,sangli,Sangli,Tier 2B,Yes,Yes,No,No,No,Maharashtra|Tier 2B,Maharashtra|Sangli,Maharashtra|Sangli,Maharashtra|Sangli,,,
Paras Hospital orthopaedic Trauma & Joint Replacement center,Maharashtra,SANGLI,Sangli,Tier 2B,No,No,No,No,No,Maharashtra|Tier 2B,Maharashtra|Sangli,,,,,
SINGLA SURGICAL HOSPITAL,Punjab,SANGRUR,Sangrur,Tier 3,No,No,No,Yes,No,Punjab|Tier 3,Punjab|Sangrur,,,,Punjab|Sangrur,
Chandigarh Heart And Multispeciality Hospital,Punjab,Sangrur,Sangrur,Tier 3,Yes,No,No,Yes,No,Punjab|Tier 3,Punjab|Sangrur,Punjab|Sangrur,,,Punjab|Sangrur,
SARAON HOSPITAL,Punjab,Sangrur,Sangrur,Tier 3,No,No,No,Yes,No,Punjab|Tier 3,Punjab|Sangrur,,,,Punjab|Sangrur,
MITTAL HEALTH CARE,Punjab,Sangrur,Sangrur,Tier 3,No,No,No,No,No,Punjab|Tier 3,Punjab|Sangrur,,,,,
Goyal Skin and Multi Speciality Hospital,Punjab,SANGRUR,Sangrur,Tier 3,No,No,No,No,No,Punjab|Tier 3,Punjab|Sangrur,,,,,
M M JOSHI EYE INSTITUTE PVT LTD,Karnataka,SANKESHWAR,Sankeshwar,Tier 3,No,No,Yes,No,No,Karnataka|Tier 3,Karnataka|Sankeshwar,,,Karnataka|Sankeshwar,,
Akhand Jyoti Eye Hospital (UNIT OF YUGRISHI SHRIRAM SHARMA ACHARYA CHARITABLE TRUST),Bihar,Saran,Chapra,Tier 3,No,No,Yes,No,No,Bihar|Tier 3,Bihar|Chapra,,,Bihar|Chapra,,
DR. SURJIT SINGH SUPER SPECIALITY HOSPITAL,Punjab,SAS NAGAR,Mohali,Tier 2B,No,No,No,No,No,Punjab|Tier 2B,Punjab|Mohali,,,,,
GINI HEALTH,Punjab,SAS NAGAR (MOHALI),Mohali,Tier 2B,Yes,No,No,Yes,No,Punjab|Tier 2B,Punjab|Mohali,Punjab|Mohali,,,Punjab|Mohali,
EDISON HOSPITAL,Punjab,SAS NAGAR (MOHALI),Mohali,Tier 2B,Yes,No,No,Yes,Yes,Punjab|Tier 2B,Punjab|Mohali,Punjab|Mohali,,,Punjab|Mohali,Punjab|Mohali
POONAM HOSPITAL,Bihar,SASARAM,Sasaram,Tier 3,No,No,Yes,Yes,Yes,Bihar|Tier 3,Bihar|Sasaram,,,Bihar|Sasaram,Bihar|Sasaram,Bihar|Sasaram
Vishwaniranjan Eye Hospital,Maharashtra,Sasvad,Sasvad,Tier 3,No,No,Yes,No,No,Maharashtra|Tier 3,Maharashtra|Sasvad,,,Maharashtra|Sasvad,,
Apex Hospital,Maharashtra,satana,Satana,Tier 3,Yes,Yes,No,Yes,Yes,Maharashtra|Tier 3,Maharashtra|Satana,Maharashtra|Satana,Maharashtra|Satana,,Maharashtra|Satana,Maharashtra|Satana
Mahajan Hospital,Maharashtra,Satara,Satara,Tier 3,No,Yes,Yes,Yes,No,Maharashtra|Tier 3,Maharashtra|Satara,,Maharashtra|Satara,Maharashtra|Satara,Maharashtra|Satara,
Jeevandhara hospital,Maharashtra,satara,Satara,Tier 3,Yes,Yes,No,Yes,No,Maharashtra|Tier 3,Maharashtra|Satara,Maharashtra|Satara,Maharashtra|Satara,,Maharashtra|Satara,
Ratnadeep Hospital,Maharashtra,Satara,Satara,Tier 3,No,No,No,No,No,Maharashtra|Tier 3,Maharashtra|Satara,,,,,
Muktangan Accident Hospital & Dental Clinic,Maharashtra,SATARA,Satara,Tier 3,No,No,No,No,No,Maharashtra|Tier 3,Maharashtra|Satara,,,,,
Bharti Hospital and Laproscopy center,Maharashtra,Satara,Satara,Tier 3,No,No,No,Yes,No,Maharashtra|Tier 3,Maharashtra|Satara,,,,Maharashtra|Satara,
Winsome Hospital Pvt  Ltd Ashirwad Balrugnalay,Maharashtra,Satara,Satara,Tier 3,No,No,No,No,No,Maharashtra|Tier 3,Maharashtra|Satara,,,,,
MAULI MULTISPECIALITY HOSPITAL,Maharashtra,SATARA,Satara,Tier 3,No,Yes,No,Yes,Yes,Maharashtra|Tier 3,Maharashtra|Satara,,Maharashtra|Satara,,Maharashtra|Satara,Maharashtra|Satara
Bhosale Multispeciality Hospital,Maharashtra,Satara,Satara,Tier 3,No,No,No,No,No,Maharashtra|Tier 3,Maharashtra|Satara,,,,,
STAR SUPER SPECIALITY HOSPITAL,Madhya Pradesh,SATNA,Satna,Tier 3,No,Yes,Yes,Yes,No,Madhya Pradesh|Tier 3,Madhya Pradesh|Satna,,Madhya Pradesh|Satna,Madhya Pradesh|Satna,Madhya Pradesh|Satna,
dayawati hospital,Madhya Pradesh,Satna,Satna,Tier 3,No,No,No,Yes,No,Madhya Pradesh|Tier 3,Madhya Pradesh|Satna,,,,Madhya Pradesh|Satna,
SRI VIDYA HOSPITALS,Andhra Pradesh,SATTENAPALLI,Sattenapalli,Tier 3,No,No,No,No,No,Andhra Pradesh|Tier 3,Andhra Pradesh|Sattenapalli,,,,,
SRI KOTA SAIDAIAH NETRALAYAM,Andhra Pradesh,Sattenapalli,Sattenapalli,Tier 3,No,No,Yes,No,No,Andhra Pradesh|Tier 3,Andhra Pradesh|Sattenapalli,,,Andhra Pradesh|Sattenapalli,,
DR.YSR MEMORIAL GAJJALA HOSPITAL,Andhra Pradesh,"Sattenapalli, Guntur District",Sattenapalli Guntur,Tier 3,Yes,No,Yes,Yes,No,Andhra Pradesh|Tier 3,Andhra Pradesh|Sattenapalli Guntur,Andhra Pradesh|Sattenapalli Guntur,,Andhra Pradesh|Sattenapalli Guntur,Andhra Pradesh|Sattenapalli Guntur,
GANGAURI HOSPITAL,Rajasthan,SAWAI MADHOPUR,Sawai Madhopur,Tier 3,No,No,No,Yes,Yes,Rajasthan|Tier 3,Rajasthan|Sawai Madhopur,,,,Rajasthan|Sawai Madhopur,Rajasthan|Sawai Madhopur
GOYAL EYE HOSPITAL,Rajasthan,"SAWAI MADHOPUR, RAJASTHAN-322201",Sawai Madhopur,Tier 3,No,No,Yes,No,No,Rajasthan|Tier 3,Rajasthan|Sawai Madhopur,,,Rajasthan|Sawai Madhopur,,
Sree Sindhu Hospital,Telangana,SECUNDERABAD,Hyderabad,Tier 1,No,No,No,Yes,Yes,Telangana|Tier 1,Telangana|Hyderabad,,,,Telangana|Hyderabad,Telangana|Hyderabad
AARYA HOSPITALS,Telangana,SECUNDERABAD,Hyderabad,Tier 1,No,No,No,Yes,Yes,Telangana|Tier 1,Telangana|Hyderabad,,,,Telangana|Hyderabad,Telangana|Hyderabad
BAKSHI HOSPITAL,Telangana,secundrabad,Secundrabad,Tier 3,No,No,No,Yes,No,Telangana|Tier 3,Telangana|Secundrabad,,,,Telangana|Secundrabad,
SWASTIK CHILD AND GENERAL HOSPITAL,Madhya Pradesh,SEHORE,Sehore,Tier 3,No,Yes,No,Yes,Yes,Madhya Pradesh|Tier 3,Madhya Pradesh|Sehore,,Madhya Pradesh|Sehore,,Madhya Pradesh|Sehore,Madhya Pradesh|Sehore
SERAMPORE SURGICAL NURSING HOME PVT. LTD,West Bengal,SERAMPORE,Serampore,Tier 3,Yes,Yes,No,Yes,Yes,West Bengal|Tier 3,West Bengal|Serampore,West Bengal|Serampore,West Bengal|Serampore,,West Bengal|Serampore,West Bengal|Serampore
Rukhmini Accident and Maternity Hospital,Maharashtra,"Shahada, Nandurbar",Shahada Nandurbar,Tier 3,No,No,No,Yes,No,Maharashtra|Tier 3,Maharashtra|Shahada Nandurbar,,,,Maharashtra|Shahada Nandurbar,
DR VEENA CHOWDHARY FOUNDATION EYE HOSPITAL,Haryana,"SHAHBADH MARKANDA ,KURUKSHETRA",Kurukshetra,Tier 3,No,No,Yes,No,No,Haryana|Tier 3,Haryana|Kurukshetra,,,Haryana|Kurukshetra,,
Hatemi Hospital  & advance care center unit of hatemi health care service pvt. Ltd,Madhya Pradesh,Shahdol,Shahdol,Tier 3,Yes,No,Yes,Yes,Yes,Madhya Pradesh|Tier 3,Madhya Pradesh|Shahdol,Madhya Pradesh|Shahdol,,Madhya Pradesh|Shahdol,Madhya Pradesh|Shahdol,Madhya Pradesh|Shahdol
BEDI HOSPITAL,Punjab,SHAHEED BHAGAT SINGH NAGAR,Nawanshahr,Tier 3,Yes,No,No,No,No,Punjab|Tier 3,Punjab|Nawanshahr,Punjab|Nawanshahr,,,,
SAMARPAN HOSPITAL AND RESEARCH CENTER,Madhya Pradesh,shajapur,Shajapur,Tier 3,No,No,No,Yes,No,Madhya Pradesh|Tier 3,Madhya Pradesh|Shajapur,,,,Madhya Pradesh|Shajapur,
sri shanthi hospital,Telangana,SHAMSHABAD,Shamshabad,Tier 3,No,No,No,Yes,No,Telangana|Tier 3,Telangana|Shamshabad,,,,Telangana|Shamshabad,
Sheoraphuli City Hospital Private Limited,West Bengal,Sheoraphuli,Sheoraphuli,Tier 3,Yes,No,No,Yes,No,West Bengal|Tier 3,West Bengal|Sheoraphuli,West Bengal|Sheoraphuli,,,West Bengal|Sheoraphuli,
DISHA EYE HOSPITALS PVT LTD,West Bengal,SHEORAPHULLY,Sheoraphully,Tier 3,No,No,Yes,No,No,West Bengal|Tier 3,West Bengal|Sheoraphully,,,West Bengal|Sheoraphully,,
Maa Shabari Multispeciality Hospital,Chhattisgarh,Sheorinarayan,Sheorinarayan,Tier 3,No,No,Yes,Yes,No,Chhattisgarh|Tier 3,Chhattisgarh|Sheorinarayan,,,Chhattisgarh|Sheorinarayan,Chhattisgarh|Sheorinarayan,
SANJIBANI HEALTHCRAE NURSING HOME,West Bengal,Shiakhala,Shiakhala,Tier 3,Yes,Yes,No,Yes,No,West Bengal|Tier 3,West Bengal|Shiakhala,West Bengal|Shiakhala,West Bengal|Shiakhala,,West Bengal|Shiakhala,
Shri Samarth Hospital (A Unit of Sharada Foundation Trust),Maharashtra,Shikrapur,Shikrapur,Tier 3,No,No,Yes,Yes,No,Maharashtra|Tier 3,Maharashtra|Shikrapur,,,Maharashtra|Shikrapur,Maharashtra|Shikrapur,
HRD HOSPITAL,Karnataka,SHIMOGA,Shivamogga,Tier 3,Yes,No,No,No,No,Karnataka|Tier 3,Karnataka|Shivamogga,Karnataka|Shivamogga,,,,
ADARSH SUPER SPECIALITY EYE HOSPITAL,Karnataka,SHIMOGA,Shivamogga,Tier 3,No,No,Yes,No,No,Karnataka|Tier 3,Karnataka|Shivamogga,,,Karnataka|Shivamogga,,
ARADHANA ORTHOPAEDIC CENTER,Karnataka,SHIMOGA,Shivamogga,Tier 3,No,No,No,No,No,Karnataka|Tier 3,Karnataka|Shivamogga,,,,,
Tanvi Hospital,Karnataka,Shimoga,Shivamogga,Tier 3,Yes,Yes,No,Yes,No,Karnataka|Tier 3,Karnataka|Shivamogga,Karnataka|Shivamogga,Karnataka|Shivamogga,,Karnataka|Shivamogga,
UNITY CENTER FOR ADVANCED PEDIATRIC CARE,Karnataka,SHIMOGA,Shivamogga,Tier 3,No,No,No,Yes,Yes,Karnataka|Tier 3,Karnataka|Shivamogga,,,,Karnataka|Shivamogga,Karnataka|Shivamogga
AMRUTHA LIFE LINE HOSPIRAL,Karnataka,SHIMOGA,Shivamogga,Tier 3,No,Yes,No,Yes,Yes,Karnataka|Tier 3,Karnataka|Shivamogga,,Karnataka|Shivamogga,,Karnataka|Shivamogga,Karnataka|Shivamogga
SHANTANURSINGHOME,Karnataka,SHIMOGA,Shivamogga,Tier 3,No,No,No,Yes,Yes,Karnataka|Tier 3,Karnataka|Shivamogga,,,,Karnataka|Shivamogga,Karnataka|Shivamogga
SUMOHAN MEDICO SURGICAL AND MATERNITY HOME,Karnataka,SHIMOGA,Shivamogga,Tier 3,Yes,Yes,No,Yes,Yes,Karnataka|Tier 3,Karnataka|Shivamogga,Karnataka|Shivamogga,Karnataka|Shivamogga,,Karnataka|Shivamogga,Karnataka|Shivamogga
ELITEMULTISPECIALITYHOSPITAL,Maharashtra,SHIROLI,Shiroli,Tier 3,No,Yes,Yes,Yes,Yes,Maharashtra|Tier 3,Maharashtra|Shiroli,,Maharashtra|Shiroli,Maharashtra|Shiroli,Maharashtra|Shiroli,Maharashtra|Shiroli
Shreeram Eye Hospital,Maharashtra,Shirpur,Shirpur,Tier 3,No,No,Yes,No,No,Maharashtra|Tier 3,Maharashtra|Shirpur,,,Maharashtra|Shirpur,,
Bandal Hospital,Maharashtra,"SHIRUR , PUNE",Shirur Pune,Tier 3,No,No,No,No,No,Maharashtra|Tier 3,Maharashtra|Shirur Pune,,,,,
MATHRU VATSALYA MOTHER AND BABY CARE,Karnataka,SHIVAMOGA,Shivamoga,Tier 3,No,No,No,Yes,No,Karnataka|Tier 3,Karnataka|Shivamoga,,,,Karnataka|Shivamoga,
SriLakshmi Nursing Home,Karnataka,Shivamogga,Shivamogga,Tier 3,No,No,No,Yes,Yes,Karnataka|Tier 3,Karnataka|Shivamogga,,,,Karnataka|Shivamogga,Karnataka|Shivamogga
SAGAR NURSING HOME AND LASER CENTRE,Karnataka,Shivamogga,Shivamogga,Tier 3,No,No,Yes,No,No,Karnataka|Tier 3,Karnataka|Shivamogga,,,Karnataka|Shivamogga,,
Swastika hospital,Karnataka,Shivamogga,Shivamogga,Tier 3,No,Yes,No,No,No,Karnataka|Tier 3,Karnataka|Shivamogga,,Karnataka|Shivamogga,,,
"Sun Speciality Hospital, Shivamogga",Karnataka,Shivamogga,Shivamogga,Tier 3,No,No,No,No,No,Karnataka|Tier 3,Karnataka|Shivamogga,,,,,
SHREE PANDIT CHATURBHUJ HOSPITAL PRIVATE LIMITED,Madhya Pradesh,SHIVPURI,Shivpuri,Tier 3,Yes,Yes,Yes,Yes,Yes,Madhya Pradesh|Tier 3,Madhya Pradesh|Shivpuri,Madhya Pradesh|Shivpuri,Madhya Pradesh|Shivpuri,Madhya Pradesh|Shivpuri,Madhya Pradesh|Shivpuri,Madhya Pradesh|Shivpuri
Sutharia Eye Cinic,Kerala,SHORANUR,Shoranur,Tier 3,No,No,Yes,No,No,Kerala|Tier 3,Kerala|Shoranur,,,Kerala|Shoranur,,
New Delhi Hospital and Nursing home,Punjab,Shri Muktsar Sahib,Muktsar,Tier 3,Yes,No,No,Yes,No,Punjab|Tier 3,Punjab|Muktsar,Punjab|Muktsar,,,Punjab|Muktsar,
AADHAR MULTISPECIALITY HOSPITAL,Maharashtra,shrigonda,Shrigonda,Tier 3,No,No,Yes,No,No,Maharashtra|Tier 3,Maharashtra|Shrigonda,,,Maharashtra|Shrigonda,,
TILEKARHOSPITAL,Maharashtra,Shrirampur,Shrirampur,Tier 3,No,No,No,No,No,Maharashtra|Tier 3,Maharashtra|Shrirampur,,,,,
Prashant Kadam,Maharashtra,SHRIRAMPUR,Shrirampur,Tier 3,No,No,No,No,No,Maharashtra|Tier 3,Maharashtra|Shrirampur,,,,,
GALAXY CHRISTIAN HOSPITAL (A UNIT OF JBS FOUNDATION),West Bengal,"SHYAMNAGAR,",Shyamnagar,Tier 3,Yes,Yes,Yes,Yes,No,West Bengal|Tier 3,West Bengal|Shyamnagar,West Bengal|Shyamnagar,West Bengal|Shyamnagar,West Bengal|Shyamnagar,West Bengal|Shyamnagar,
MEDCARE REACH SUPER SPECIALITY HOSPITAL,Telangana,Siddipet,Siddipet,Tier 3,Yes,Yes,No,Yes,No,Telangana|Tier 3,Telangana|Siddipet,Telangana|Siddipet,Telangana|Siddipet,,Telangana|Siddipet,
PRIME CARE MULTI SPECIALITY HOSPITAL,Telangana,SIDDIPET,Siddipet,Tier 3,Yes,Yes,No,Yes,No,Telangana|Tier 3,Telangana|Siddipet,Telangana|Siddipet,Telangana|Siddipet,,Telangana|Siddipet,
SWATHI HOSPITAL,Telangana,Siddipet,Siddipet,Tier 3,Yes,Yes,Yes,Yes,No,Telangana|Tier 3,Telangana|Siddipet,Telangana|Siddipet,Telangana|Siddipet,Telangana|Siddipet,Telangana|Siddipet,
MAMATHA EYE HOSPITAL,Telangana,Siddipet,Siddipet,Tier 3,No,No,Yes,No,No,Telangana|Tier 3,Telangana|Siddipet,,,Telangana|Siddipet,,
VIJAYA SAI HOSPITAL,Telangana,SIDDIPET,Siddipet,Tier 3,No,No,No,No,No,Telangana|Tier 3,Telangana|Siddipet,,,,,
SUNRISE HOSPITAL,Telangana,SIDDIPET,Siddipet,Tier 3,No,No,No,No,No,Telangana|Tier 3,Telangana|Siddipet,,,,,
SRINIVASA ORTHOPAEDIC HOSPITAL,Telangana,SIDDIPET,Siddipet,Tier 3,No,No,No,No,No,Telangana|Tier 3,Telangana|Siddipet,,,,,
PEOPLES SUPER SPECIALITY HOSPITAL,Telangana,SIDDIPET,Siddipet,Tier 3,Yes,Yes,No,Yes,No,Telangana|Tier 3,Telangana|Siddipet,Telangana|Siddipet,Telangana|Siddipet,,Telangana|Siddipet,
SWECHA MULTI SPECIALITY HOSPITAL,Telangana,SIDDIPET,Siddipet,Tier 3,No,No,No,Yes,No,Telangana|Tier 3,Telangana|Siddipet,,,,Telangana|Siddipet,
LALITHA BHAVANI HOSPITAL,Telangana,siddipet-502103,Siddipet,Tier 3,No,No,No,Yes,No,Telangana|Tier 3,Telangana|Siddipet,,,,Telangana|Siddipet,
Sai pallavi Multi Specialty Hospital,Telangana,siidipet,Siidipet,Tier 3,No,No,Yes,Yes,No,Telangana|Tier 3,Telangana|Siidipet,,,Telangana|Siidipet,Telangana|Siidipet,
Vedaa Hospital ( A Unit of VM Healthcare ),Rajasthan,sikar,Sikar,Tier 3,No,No,No,Yes,No,Rajasthan|Tier 3,Rajasthan|Sikar,,,,Rajasthan|Sikar,
NISHU HOSPITAL AND CRITICAL CARE CENTRE,Rajasthan,SIKAR,Sikar,Tier 3,No,No,No,Yes,Yes,Rajasthan|Tier 3,Rajasthan|Sikar,,,,Rajasthan|Sikar,Rajasthan|Sikar
SHIVANI HOSPITAL,Rajasthan,SIKAR,Sikar,Tier 3,No,No,No,Yes,Yes,Rajasthan|Tier 3,Rajasthan|Sikar,,,,Rajasthan|Sikar,Rajasthan|Sikar
SAFE & CURE SUPERSPECIALITIES HOSPITAL PVT LTD,Rajasthan,SIKAR,Sikar,Tier 3,No,No,No,Yes,No,Rajasthan|Tier 3,Rajasthan|Sikar,,,,Rajasthan|Sikar,
Ojas Ayurveda Panchakarma Hospital,Rajasthan,Sikar,Sikar,Tier 3,No,No,No,No,No,Rajasthan|Tier 3,Rajasthan|Sikar,,,,,
ASG India Oculus Private Limited,Rajasthan,sikar,Sikar,Tier 3,No,No,Yes,No,No,Rajasthan|Tier 3,Rajasthan|Sikar,,,Rajasthan|Sikar,,
Artemisia Surgery Clinic & Multispeciality Healthcare Pvt. Ltd.,West Bengal,Siliguri,Siliguri,Tier 2B,No,Yes,No,Yes,Yes,West Bengal|Tier 2B,West Bengal|Siliguri,,West Bengal|Siliguri,,West Bengal|Siliguri,West Bengal|Siliguri
SILIGURI LIONS NETRALAYA,West Bengal,Siliguri,Siliguri,Tier 2B,No,No,Yes,No,No,West Bengal|Tier 2B,West Bengal|Siliguri,,,West Bengal|Siliguri,,
ASIAN INSTITUTE OF NEPHROLOGY AND UROLOGY (SILIGURI) PRIVATE LIMITED,West Bengal,SILIGURI,Siliguri,Tier 2B,No,No,No,No,No,West Bengal|Tier 2B,West Bengal|Siliguri,,,,,
KEJRIWALS STONE CLINIC AND KIDNEY CARE PVT. LTD,West Bengal,SILIGURI,Siliguri,Tier 2B,Yes,No,No,No,No,West Bengal|Tier 2B,West Bengal|Siliguri,West Bengal|Siliguri,,,,
DISHA EYE HOSPITALS PVT LTD,West Bengal,SILIGURI,Siliguri,Tier 2B,No,No,Yes,No,No,West Bengal|Tier 2B,West Bengal|Siliguri,,,West Bengal|Siliguri,,
Siliguri Greater Lions Eye Hospital,West Bengal,Siliguri,Siliguri,Tier 2B,No,No,Yes,No,No,West Bengal|Tier 2B,West Bengal|Siliguri,,,West Bengal|Siliguri,,
RAMA HEALTHCARE,West Bengal,SILIGURI,Siliguri,Tier 2B,Yes,Yes,No,Yes,Yes,West Bengal|Tier 2B,West Bengal|Siliguri,West Bengal|Siliguri,West Bengal|Siliguri,,West Bengal|Siliguri,West Bengal|Siliguri
NETRA EYE HOSPITAL - ALLIANZE NETRA LLP,West Bengal,SILIGURI,Siliguri,Tier 2B,No,No,Yes,No,No,West Bengal|Tier 2B,West Bengal|Siliguri,,,West Bengal|Siliguri,,
PAMPEARL HOSPITAL,West Bengal,SILIGURI,Siliguri,Tier 2B,No,No,No,Yes,No,West Bengal|Tier 2B,West Bengal|Siliguri,,,,West Bengal|Siliguri,
shivai hospital,Maharashtra,Sinnar Nashik,Sinnar Nashik,Tier 3,Yes,No,No,Yes,No,Maharashtra|Tier 3,Maharashtra|Sinnar Nashik,Maharashtra|Sinnar Nashik,,,Maharashtra|Sinnar Nashik,
ARIHANT HOSPITAL,Rajasthan,SIROHI,Sirohi,Tier 3,Yes,No,No,Yes,No,Rajasthan|Tier 3,Rajasthan|Sirohi,Rajasthan|Sirohi,,,Rajasthan|Sirohi,
DMC PLUS HOSPITAL,Haryana,SIRSA,Sirsa,Tier 3,No,Yes,Yes,Yes,No,Haryana|Tier 3,Haryana|Sirsa,,Haryana|Sirsa,Haryana|Sirsa,Haryana|Sirsa,
Metro Health Care,Haryana,SIRSA,Sirsa,Tier 3,No,No,No,No,No,Haryana|Tier 3,Haryana|Sirsa,,,,,
JYANI MATERNITY AND CHILD CARE HOSPITAL,Haryana,SIRSA,Sirsa,Tier 3,No,No,No,Yes,No,Haryana|Tier 3,Haryana|Sirsa,,,,Haryana|Sirsa,
M M JOSHI GANESH NETHRALAYA EYE HOSPITAL PVT.LTD,Karnataka,SIRSI,Sirsi,Tier 3,No,No,Yes,No,No,Karnataka|Tier 3,Karnataka|Sirsi,,,Karnataka|Sirsi,,
SHIV GANGA EMERGENCY HOSPITAL,Bihar,SITAMARHI,Sitamarhi,Tier 3,Yes,No,No,Yes,No,Bihar|Tier 3,Bihar|Sitamarhi,Bihar|Sitamarhi,,,Bihar|Sitamarhi,
R B HOSPITAL SIDHAULI,Uttar Pradesh,SITAPUR,Sitapur,Tier 3,No,No,No,No,No,Uttar Pradesh|Tier 3,Uttar Pradesh|Sitapur,,,,,
Lakshya Netralaya,Uttar Pradesh,SITAPUR,Sitapur,Tier 3,No,No,Yes,No,No,Uttar Pradesh|Tier 3,Uttar Pradesh|Sitapur,,,Uttar Pradesh|Sitapur,,
KP SINGH MEMORIAL HOSPITAL,Uttar Pradesh,SITAPUR,Sitapur,Tier 3,Yes,Yes,No,Yes,No,Uttar Pradesh|Tier 3,Uttar Pradesh|Sitapur,Uttar Pradesh|Sitapur,Uttar Pradesh|Sitapur,,Uttar Pradesh|Sitapur,
VEERA HOSPITAL,Tamil Nadu,Sivagangai,Sivagangai,Tier 3,Yes,No,No,Yes,No,Tamil Nadu|Tier 3,Tamil Nadu|Sivagangai,Tamil Nadu|Sivagangai,,,Tamil Nadu|Sivagangai,
KALYAN HOSPITAL,Tamil Nadu,SIVAGANGAI,Sivagangai,Tier 3,Yes,Yes,No,Yes,Yes,Tamil Nadu|Tier 3,Tamil Nadu|Sivagangai,Tamil Nadu|Sivagangai,Tamil Nadu|Sivagangai,,Tamil Nadu|Sivagangai,Tamil Nadu|Sivagangai
Naveen Eye Hospital,Tamil Nadu,"Sivakasi, Virudhunagar",Sivakasi Virudhunagar,Tier 3,No,No,Yes,No,No,Tamil Nadu|Tier 3,Tamil Nadu|Sivakasi Virudhunagar,,,Tamil Nadu|Sivakasi Virudhunagar,,
ELCURA HEALTHCARE (A unit of Crux Healthcare Pvt Ltd),Himachal Pradesh,Solan,Solan,Tier 3,No,No,No,Yes,No,Himachal Pradesh|Tier 3,Himachal Pradesh|Solan,,,,Himachal Pradesh|Solan,
MITTAL EYE CARE CENTRE,Himachal Pradesh,SOLAN,Solan,Tier 3,No,No,Yes,No,No,Himachal Pradesh|Tier 3,Himachal Pradesh|Solan,,,Himachal Pradesh|Solan,,
KK HOSPITAL,Himachal Pradesh,"SOLAN, BADDI",Solan Baddi,Tier 3,Yes,No,No,Yes,No,Himachal Pradesh|Tier 3,Himachal Pradesh|Solan Baddi,Himachal Pradesh|Solan Baddi,,,Himachal Pradesh|Solan Baddi,
Wachche hospital,Maharashtra,Solapur,Solapur,Tier 2B,No,No,No,No,No,Maharashtra|Tier 2B,Maharashtra|Solapur,,,,,
Dr. Hiremath's Adora Cosmetic Surgery and Hair Transplant and Eye Clinic,Maharashtra,Solapur,Solapur,Tier 2B,No,No,Yes,No,No,Maharashtra|Tier 2B,Maharashtra|Solapur,,,Maharashtra|Solapur,,
kumthale speciality hospital,Maharashtra,Solapur,Solapur,Tier 2B,No,No,No,Yes,No,Maharashtra|Tier 2B,Maharashtra|Solapur,,,,Maharashtra|Solapur,
AADHAR CRITICAL CARE,Maharashtra,SOLAPUR,Solapur,Tier 2B,Yes,Yes,Yes,Yes,No,Maharashtra|Tier 2B,Maharashtra|Solapur,Maharashtra|Solapur,Maharashtra|Solapur,Maharashtra|Solapur,Maharashtra|Solapur,
"Health Secure Hospital Care And Solution Pvt. Ltd,Solapur",Maharashtra,Solapur,Solapur,Tier 2B,Yes,Yes,No,Yes,Yes,Maharashtra|Tier 2B,Maharashtra|Solapur,Maharashtra|Solapur,Maharashtra|Solapur,,Maharashtra|Solapur,Maharashtra|Solapur
Bandgar Hospital,Maharashtra,Solapur,Solapur,Tier 2B,Yes,No,No,No,No,Maharashtra|Tier 2B,Maharashtra|Solapur,Maharashtra|Solapur,,,,
Mahesh Hospital and Maternity Home,Maharashtra,Solapur,Solapur,Tier 2B,Yes,No,No,Yes,No,Maharashtra|Tier 2B,Maharashtra|Solapur,Maharashtra|Solapur,,,Maharashtra|Solapur,
Poredi Netralaya And Laser Center,Maharashtra,Solapur,Solapur,Tier 2B,No,No,Yes,No,No,Maharashtra|Tier 2B,Maharashtra|Solapur,,,Maharashtra|Solapur,,
Aarogyaaa Hospital,Maharashtra,Solapur,Solapur,Tier 2B,No,No,No,No,No,Maharashtra|Tier 2B,Maharashtra|Solapur,,,,,
LIFE CARE HOSPITAL & TRAUMA CENTER,Uttar Pradesh,SONEBHADRA,Sonebhadra,Tier 3,No,No,No,Yes,No,Uttar Pradesh|Tier 3,Uttar Pradesh|Sonebhadra,,,,Uttar Pradesh|Sonebhadra,
THE ORNATE HOSPITAL,Bihar,sonepur,Sonepur,Tier 3,No,No,No,Yes,Yes,Bihar|Tier 3,Bihar|Sonepur,,,,Bihar|Sonepur,Bihar|Sonepur
PRIMAX GASTRO INSTITUTE AND SUPERSPECIALTY HOSPITAL,Haryana,sonipat,Sonipat,Tier 3,Yes,Yes,Yes,Yes,Yes,Haryana|Tier 3,Haryana|Sonipat,Haryana|Sonipat,Haryana|Sonipat,Haryana|Sonipat,Haryana|Sonipat,Haryana|Sonipat
MANIKTALIA ENT HOSPITAL,Haryana,Sonipat,Sonipat,Tier 3,No,No,No,No,No,Haryana|Tier 3,Haryana|Sonipat,,,,,
Phoenix multispeciality hospital,Haryana,sonipat,Sonipat,Tier 3,No,Yes,No,Yes,No,Haryana|Tier 3,Haryana|Sonipat,,Haryana|Sonipat,,Haryana|Sonipat,
SHRI HARI MULTISPECIALITY HOSPITAL,Haryana,Sonipat HARYANA,Sonipat,Tier 3,No,No,No,Yes,No,Haryana|Tier 3,Haryana|Sonipat,,,,Haryana|Sonipat,
Noble Hospital,Haryana,"SONIPAT,HARYANA",Sonipat,Tier 3,Yes,Yes,Yes,Yes,Yes,Haryana|Tier 3,Haryana|Sonipat,Haryana|Sonipat,Haryana|Sonipat,Haryana|Sonipat,Haryana|Sonipat,Haryana|Sonipat
"Sahyadri Hospital,Sonpeth",Maharashtra,Sonpeth,Sonpeth,Tier 3,No,No,No,Yes,No,Maharashtra|Tier 3,Maharashtra|Sonpeth,,,,Maharashtra|Sonpeth,
GRRENLAND NURSING HOME,West Bengal,SOUTH 24 PARGANAS,South Parganas,Tier 3,Yes,Yes,Yes,Yes,Yes,West Bengal|Tier 3,West Bengal|South Parganas,West Bengal|South Parganas,West Bengal|South Parganas,West Bengal|South Parganas,West Bengal|South Parganas,West Bengal|South Parganas
Maa Durga Nursing Home,West Bengal,SOUTH 24 PGS,South Pgs,Tier 3,Yes,Yes,Yes,Yes,No,West Bengal|Tier 3,West Bengal|South Pgs,West Bengal|South Pgs,West Bengal|South Pgs,West Bengal|South Pgs,West Bengal|South Pgs,
9667826693,Delhi,South Delhi,Delhi,Tier 1,No,No,Yes,Yes,Yes,Delhi|Tier 1,Delhi|Delhi,,,Delhi|Delhi,Delhi|Delhi,Delhi|Delhi
NIDAAN HOSPITAL,Delhi,SOUTH DELHI,Delhi,Tier 1,No,No,No,Yes,No,Delhi|Tier 1,Delhi|Delhi,,,,Delhi|Delhi,
Oncare Cancer Center,Delhi,South Delhi,Delhi,Tier 1,No,Yes,No,No,No,Delhi|Tier 1,Delhi|Delhi,,Delhi|Delhi,,,
Tarunveda Ayurveda Hospital,Delhi,South west Delhi,Delhi,Tier 1,No,No,No,No,No,Delhi|Tier 1,Delhi|Delhi,,,,,
Aarogyam Health Institute and Hospital,Delhi,South West Delhi,Delhi,Tier 1,No,No,No,No,No,Delhi|Tier 1,Delhi|Delhi,,,,,
DAWAR EYE HOSPITAL,Rajasthan,SRI GANGANAGAR,Sri Ganganagar,Tier 3,No,No,Yes,No,No,Rajasthan|Tier 3,Rajasthan|Sri Ganganagar,,,Rajasthan|Sri Ganganagar,,
Jindal Eye Care,Rajasthan,Sri Ganganagar,Sri Ganganagar,Tier 3,No,No,Yes,No,No,Rajasthan|Tier 3,Rajasthan|Sri Ganganagar,,,Rajasthan|Sri Ganganagar,,
APEX PMG HOSPITAL,Rajasthan,SRI GANGANAGAR,Sri Ganganagar,Tier 3,Yes,Yes,No,Yes,No,Rajasthan|Tier 3,Rajasthan|Sri Ganganagar,Rajasthan|Sri Ganganagar,Rajasthan|Sri Ganganagar,,Rajasthan|Sri Ganganagar,
VASUNDHARA HOSPITAL,Rajasthan,SRI GANGANAGAR,Sri Ganganagar,Tier 3,No,No,No,Yes,No,Rajasthan|Tier 3,Rajasthan|Sri Ganganagar,,,,Rajasthan|Sri Ganganagar,
Sandhu Hospital,Punjab,SRI MUKTSAR SAHIB,Muktsar,Tier 3,No,No,No,Yes,No,Punjab|Tier 3,Punjab|Muktsar,,,,Punjab|Muktsar,
MALWA ORTHO HOSPITAL,Punjab,Sri Muktsar Sahib,Muktsar,Tier 3,No,No,No,No,No,Punjab|Tier 3,Punjab|Muktsar,,,,,
ADITYA HOSPITAL & GASTRO CENTRE,Rajasthan,SRIGANGANAGAR,Sriganganagar,Tier 3,No,No,No,No,No,Rajasthan|Tier 3,Rajasthan|Sriganganagar,,,,,
GOURAV BALANA,Rajasthan,Sriganganagar,Sriganganagar,Tier 3,No,No,No,No,No,Rajasthan|Tier 3,Rajasthan|Sriganganagar,,,,,
ANCHAL HOSPITAL,Rajasthan,Sriganganagar,Sriganganagar,Tier 3,No,No,No,Yes,No,Rajasthan|Tier 3,Rajasthan|Sriganganagar,,,,Rajasthan|Sriganganagar,
DINESHEYEHOSPITAL,Andhra Pradesh,Srikakulam,Srikakulam,Tier 3,No,No,No,No,No,Andhra Pradesh|Tier 3,Andhra Pradesh|Srikakulam,,,,,
Sri Krishna Medicare,Andhra Pradesh,Srikakulam,Srikakulam,Tier 3,No,No,No,Yes,Yes,Andhra Pradesh|Tier 3,Andhra Pradesh|Srikakulam,,,,Andhra Pradesh|Srikakulam,Andhra Pradesh|Srikakulam
Satya Suryas Dr Sasidhar Hospital,Andhra Pradesh,Srikakulam,Srikakulam,Tier 3,Yes,Yes,Yes,Yes,Yes,Andhra Pradesh|Tier 3,Andhra Pradesh|Srikakulam,Andhra Pradesh|Srikakulam,Andhra Pradesh|Srikakulam,Andhra Pradesh|Srikakulam,Andhra Pradesh|Srikakulam,Andhra Pradesh|Srikakulam
SIVA DURGA VISHNU PRIYA HOSPITAL,Andhra Pradesh,SRIKAKULAM,Srikakulam,Tier 3,Yes,No,No,Yes,No,Andhra Pradesh|Tier 3,Andhra Pradesh|Srikakulam,Andhra Pradesh|Srikakulam,,,Andhra Pradesh|Srikakulam,
VANDAANA HOSPITAL,Andhra Pradesh,SRIKAKULAM,Srikakulam,Tier 3,No,No,No,Yes,Yes,Andhra Pradesh|Tier 3,Andhra Pradesh|Srikakulam,,,,Andhra Pradesh|Srikakulam,Andhra Pradesh|Srikakulam
Mahalakshmi Life Ray Hospital,Andhra Pradesh,Srikakulam,Srikakulam,Tier 3,Yes,No,Yes,Yes,Yes,Andhra Pradesh|Tier 3,Andhra Pradesh|Srikakulam,Andhra Pradesh|Srikakulam,,Andhra Pradesh|Srikakulam,Andhra Pradesh|Srikakulam,Andhra Pradesh|Srikakulam
LITTLE MASTERS CHILDREN HOSPITAL & DIAGNOSTIC CENTRE,Andhra Pradesh,SRIKAKULAM,Srikakulam,Tier 3,No,No,No,Yes,Yes,Andhra Pradesh|Tier 3,Andhra Pradesh|Srikakulam,,,,Andhra Pradesh|Srikakulam,Andhra Pradesh|Srikakulam
Manchu Eye Care Hospital,Andhra Pradesh,Srikakulam,Srikakulam,Tier 3,No,No,Yes,No,No,Andhra Pradesh|Tier 3,Andhra Pradesh|Srikakulam,,,Andhra Pradesh|Srikakulam,,
SRI ABHINAVA VIDYATIRTHA MULTISPECIALITY HOSPITAL,Karnataka,SRINGERI KARNATAKA,Sringeri,Tier 3,Yes,Yes,Yes,Yes,Yes,Karnataka|Tier 3,Karnataka|Sringeri,Karnataka|Sringeri,Karnataka|Sringeri,Karnataka|Sringeri,Karnataka|Sringeri,Karnataka|Sringeri
SANJEEVANI SUPER SPECIALITY HOSPITAL,Andhra Pradesh,Srungavarapukota,Srungavarapukota,Tier 3,No,No,No,Yes,Yes,Andhra Pradesh|Tier 3,Andhra Pradesh|Srungavarapukota,,,,Andhra Pradesh|Srungavarapukota,Andhra Pradesh|Srungavarapukota
SBR MULTISPECIALITY HOSPITAL,Uttar Pradesh,SUAR,Suar,Tier 3,No,No,No,Yes,Yes,Uttar Pradesh|Tier 3,Uttar Pradesh|Suar,,,,Uttar Pradesh|Suar,Uttar Pradesh|Suar
Karunya Super Specialist Hospital,Telangana,Suchithra,Suchithra,Tier 3,Yes,No,Yes,Yes,Yes,Telangana|Tier 3,Telangana|Suchithra,Telangana|Suchithra,,Telangana|Suchithra,Telangana|Suchithra,Telangana|Suchithra
ASTHA HOSPITAL AND HEART CENTER,Uttar Pradesh,Sultanpur,Sultanpur,Tier 3,Yes,Yes,No,Yes,Yes,Uttar Pradesh|Tier 3,Uttar Pradesh|Sultanpur,Uttar Pradesh|Sultanpur,Uttar Pradesh|Sultanpur,,Uttar Pradesh|Sultanpur,Uttar Pradesh|Sultanpur
KARUNA HOSPITAL,Kerala,SULTHAN BATHERY,Sulthan Bathery,Tier 3,No,No,Yes,Yes,Yes,Kerala|Tier 3,Kerala|Sulthan Bathery,,,Kerala|Sulthan Bathery,Kerala|Sulthan Bathery,Kerala|Sulthan Bathery
BHAGWAN MAHAVIR HOSPITAL,Rajasthan,SUMERPUR,Sumerpur,Tier 3,Yes,Yes,No,Yes,Yes,Rajasthan|Tier 3,Rajasthan|Sumerpur,Rajasthan|Sumerpur,Rajasthan|Sumerpur,,Rajasthan|Sumerpur,Rajasthan|Sumerpur
DR DEVAL PATEL HOSPITAL,Rajasthan,"SUMERPUR, PALI",Sumerpur Pali,Tier 3,No,No,No,Yes,No,Rajasthan|Tier 3,Rajasthan|Sumerpur Pali,,,,Rajasthan|Sumerpur Pali,
VINAYAK HOSPITAL,Punjab,SUNAM,Sunam,Tier 3,No,No,No,Yes,No,Punjab|Tier 3,Punjab|Sunam,,,,Punjab|Sunam,
NEELKANTH MULTISPECIALITY HOSPITAL,Punjab,SUNAM,Sunam,Tier 3,No,No,No,No,No,Punjab|Tier 3,Punjab|Sunam,,,,,
PRIME HOSPITAL,Punjab,SUNAM,Sunam,Tier 3,No,No,No,No,No,Punjab|Tier 3,Punjab|Sunam,,,,,
JINDAL MEDIHEART AND SCAN CENTRE,Punjab,Sunam,Sunam,Tier 3,No,No,No,No,No,Punjab|Tier 3,Punjab|Sunam,,,,,
BASANT HOSPITAL,Punjab,SUNAM,Sunam,Tier 3,No,No,No,No,No,Punjab|Tier 3,Punjab|Sunam,,,,,
Surindra Multispecialty Hospital and Trauma centre,Punjab,Sunam,Sunam,Tier 3,No,No,No,No,No,Punjab|Tier 3,Punjab|Sunam,,,,,
PANORAMA HOSPITAL,Bihar,SUPAUL,Supaul,Tier 3,No,No,No,Yes,No,Bihar|Tier 3,Bihar|Supaul,,,,Bihar|Supaul,
CURE AND CARE HOSPITAL A UNIT OF  NAKODA HEALTH SCIENCES LLP,Gujarat,SURAT,Surat,Tier 2A,No,Yes,No,Yes,Yes,Gujarat|Tier 2A,Gujarat|Surat,,Gujarat|Surat,,Gujarat|Surat,Gujarat|Surat
SPARSH CHILDREN HOSPITAL AND NICU,Gujarat,SURAT,Surat,Tier 2A,No,No,No,No,Yes,Gujarat|Tier 2A,Gujarat|Surat,,,,,Gujarat|Surat
Sarthi General Hospital & Prasutigruh,Gujarat,SURAT,Surat,Tier 2A,Yes,Yes,No,Yes,Yes,Gujarat|Tier 2A,Gujarat|Surat,Gujarat|Surat,Gujarat|Surat,,Gujarat|Surat,Gujarat|Surat
Pearl Children Hospital,Gujarat,SURAT,Surat,Tier 2A,No,No,No,No,Yes,Gujarat|Tier 2A,Gujarat|Surat,,,,,Gujarat|Surat
NARAYAN HOSPITAL,Gujarat,SURAT,Surat,Tier 2A,No,No,No,No,No,Gujarat|Tier 2A,Gujarat|Surat,,,,,
Dr. Nikita's Eye Hospital,Gujarat,Surat,Surat,Tier 2A,No,No,Yes,No,No,Gujarat|Tier 2A,Gujarat|Surat,,,Gujarat|Surat,,
ITALIYA HOSPITAL,Gujarat,SURAT,Surat,Tier 2A,No,No,No,No,No,Gujarat|Tier 2A,Gujarat|Surat,,,,,
SUDAMA ORTHOPAEDIC HOSPITAL,Gujarat,SURAT,Surat,Tier 2A,No,No,No,No,No,Gujarat|Tier 2A,Gujarat|Surat,,,,,
ANANT HOSPITAL AND PRASUTIGRUH,Gujarat,SURAT,Surat,Tier 2A,No,No,No,Yes,No,Gujarat|Tier 2A,Gujarat|Surat,,,,Gujarat|Surat,
Nikhil Children Hospital,Gujarat,SURAT,Surat,Tier 2A,No,No,No,No,Yes,Gujarat|Tier 2A,Gujarat|Surat,,,,,Gujarat|Surat
Smt. Savitridevi Narsilal Mittal Hospital PVT LTD,Gujarat,SURAT,Surat,Tier 2A,No,Yes,No,Yes,No,Gujarat|Tier 2A,Gujarat|Surat,,Gujarat|Surat,,Gujarat|Surat,
I-CURE MULTISPECIALITY HOSPITAL,Gujarat,SURAT,Surat,Tier 2A,Yes,Yes,No,Yes,No,Gujarat|Tier 2A,Gujarat|Surat,Gujarat|Surat,Gujarat|Surat,,Gujarat|Surat,
Monarch Multispeciality Hospital,Gujarat,Surat,Surat,Tier 2A,Yes,Yes,No,Yes,No,Gujarat|Tier 2A,Gujarat|Surat,Gujarat|Surat,Gujarat|Surat,,Gujarat|Surat,
Hope Cancer Clinic,Gujarat,SURAT,Surat,Tier 2A,No,Yes,No,No,No,Gujarat|Tier 2A,Gujarat|Surat,,Gujarat|Surat,,,
Evershine Children Hospital,Gujarat,Surat,Surat,Tier 2A,No,No,No,No,Yes,Gujarat|Tier 2A,Gujarat|Surat,,,,,Gujarat|Surat
KRISHNA CHILDREN HOSPITAL,Gujarat,SURAT,Surat,Tier 2A,No,No,No,No,Yes,Gujarat|Tier 2A,Gujarat|Surat,,,,,Gujarat|Surat
BABY CARE CHILDREN HOSPITAL,Gujarat,SURAT,Surat,Tier 2A,No,No,No,No,Yes,Gujarat|Tier 2A,Gujarat|Surat,,,,,Gujarat|Surat
OMEGA JMX HOSPITALS (Surat Institute of Oncology Pvt Ltd),Gujarat,SURAT,Surat,Tier 2A,No,Yes,No,Yes,No,Gujarat|Tier 2A,Gujarat|Surat,,Gujarat|Surat,,Gujarat|Surat,
SHREE AMRUTTAM HOSPITAL,Gujarat,SURAT,Surat,Tier 2A,Yes,Yes,No,Yes,Yes,Gujarat|Tier 2A,Gujarat|Surat,Gujarat|Surat,Gujarat|Surat,,Gujarat|Surat,Gujarat|Surat
ARAVI MULTISPECIALITY HOSPITAL,Gujarat,Surat,Surat,Tier 2A,No,Yes,No,Yes,No,Gujarat|Tier 2A,Gujarat|Surat,,Gujarat|Surat,,Gujarat|Surat,
Deep Children Hospital and NICU,Gujarat,Surat,Surat,Tier 2A,No,No,No,No,Yes,Gujarat|Tier 2A,Gujarat|Surat,,,,,Gujarat|Surat
DAYANI HOSPITAL,Gujarat,Surat,Surat,Tier 2A,Yes,No,No,No,No,Gujarat|Tier 2A,Gujarat|Surat,Gujarat|Surat,,,,
Krushnam Children Hospital,Gujarat,Surat,Surat,Tier 2A,Yes,No,No,No,No,Gujarat|Tier 2A,Gujarat|Surat,Gujarat|Surat,,,,
Aagney hospital and Maternity Home,Gujarat,Surat,Surat,Tier 2A,No,Yes,No,Yes,No,Gujarat|Tier 2A,Gujarat|Surat,,Gujarat|Surat,,Gujarat|Surat,
AASTHA HOSPITAL & DIAGNOSTIC CENTER,Gujarat,surat,Surat,Tier 2A,Yes,No,No,Yes,No,Gujarat|Tier 2A,Gujarat|Surat,Gujarat|Surat,,,Gujarat|Surat,
Varni hospital,Gujarat,surat,Surat,Tier 2A,No,No,No,Yes,No,Gujarat|Tier 2A,Gujarat|Surat,,,,Gujarat|Surat,
SEVA HOSPITAL,Gujarat,Surat,Surat,Tier 2A,Yes,No,No,No,No,Gujarat|Tier 2A,Gujarat|Surat,Gujarat|Surat,,,,
HOPE NICU AND CHILDREN HOSPITAL,Gujarat,SURAT,Surat,Tier 2A,No,No,No,No,Yes,Gujarat|Tier 2A,Gujarat|Surat,,,,,Gujarat|Surat
ANKOOR HOSPITAL,Gujarat,Surat,Surat,Tier 2A,No,No,No,No,Yes,Gujarat|Tier 2A,Gujarat|Surat,,,,,Gujarat|Surat
Yamuna arthroscopy and orthopaedics Hospital,Gujarat,SURAT,Surat,Tier 2A,No,No,No,No,No,Gujarat|Tier 2A,Gujarat|Surat,,,,,
JASANI CHILDREN HOSPITAL & NICU,Gujarat,SURAT,Surat,Tier 2A,No,No,No,No,No,Gujarat|Tier 2A,Gujarat|Surat,,,,,
Vedam Gastro HospitaL(MGD BY VIG HOSPITAL PVT LTD),Gujarat,Surat,Surat,Tier 2A,No,Yes,Yes,Yes,No,Gujarat|Tier 2A,Gujarat|Surat,,Gujarat|Surat,Gujarat|Surat,Gujarat|Surat,
ASTHA HOSPITAL & DENTAL CARE,Gujarat,SURAT,Surat,Tier 2A,No,No,No,No,No,Gujarat|Tier 2A,Gujarat|Surat,,,,,
Shishu Children Hospital,Gujarat,SURAT,Surat,Tier 2A,No,No,No,No,Yes,Gujarat|Tier 2A,Gujarat|Surat,,,,,Gujarat|Surat
Shravan Medicine Surgical & Womens Hospital,Gujarat,surat,Surat,Tier 2A,Yes,Yes,No,Yes,No,Gujarat|Tier 2A,Gujarat|Surat,Gujarat|Surat,Gujarat|Surat,,Gujarat|Surat,
Lifecare Hospital And Health Check Up Center,Gujarat,Surat,Surat,Tier 2A,No,No,No,No,Yes,Gujarat|Tier 2A,Gujarat|Surat,,,,,Gujarat|Surat
Krushnam Hospital & Diabetes Center,Gujarat,SURAT,Surat,Tier 2A,Yes,No,No,Yes,Yes,Gujarat|Tier 2A,Gujarat|Surat,Gujarat|Surat,,,Gujarat|Surat,Gujarat|Surat
Spandan Children Hospital,Gujarat,SURAT,Surat,Tier 2A,No,No,No,No,No,Gujarat|Tier 2A,Gujarat|Surat,,,,,
Netram Eye Hospital and Laser center,Gujarat,Surat,Surat,Tier 2A,No,No,Yes,No,No,Gujarat|Tier 2A,Gujarat|Surat,,,Gujarat|Surat,,
SHISHUDEEP HOSPITAL,Gujarat,SURAT,Surat,Tier 2A,No,No,No,No,Yes,Gujarat|Tier 2A,Gujarat|Surat,,,,,Gujarat|Surat
Pramukh Hospital,Gujarat,SURAT,Surat,Tier 2A,No,No,No,No,No,Gujarat|Tier 2A,Gujarat|Surat,,,,,
Dharmdeep Hospital,Gujarat,surat,Surat,Tier 2A,No,No,No,No,No,Gujarat|Tier 2A,Gujarat|Surat,,,,,
Mantra Hospital and ICU,Gujarat,surat,Surat,Tier 2A,No,No,No,No,No,Gujarat|Tier 2A,Gujarat|Surat,,,,,
AADHYA HOSPITAL,Gujarat,Surat,Surat,Tier 2A,Yes,No,No,No,No,Gujarat|Tier 2A,Gujarat|Surat,Gujarat|Surat,,,,
keshav hospital,Gujarat,surat,Surat,Tier 2A,No,No,No,No,Yes,Gujarat|Tier 2A,Gujarat|Surat,,,,,Gujarat|Surat
saheb orthopaedic hospital,Gujarat,surat,Surat,Tier 2A,No,No,No,No,No,Gujarat|Tier 2A,Gujarat|Surat,,,,,
SADGURU HOSPITAL,Gujarat,Surat,Surat,Tier 2A,No,No,No,No,No,Gujarat|Tier 2A,Gujarat|Surat,,,,,
Shiv Orthopaedic Hospital,Gujarat,SURAT,Surat,Tier 2A,No,No,No,No,No,Gujarat|Tier 2A,Gujarat|Surat,,,,,
NIRAMAY TRUST GENERAL HOSPITAL AND PRASUTIGRUH,Gujarat,SURAT,Surat,Tier 2A,No,No,No,Yes,No,Gujarat|Tier 2A,Gujarat|Surat,,,,Gujarat|Surat,
VEDANT HOSPITAL AND ICU,Gujarat,Surat,Surat,Tier 2A,No,No,No,No,No,Gujarat|Tier 2A,Gujarat|Surat,,,,,
ADWAITA CANCER HOSPITAL AND ICU,Gujarat,SURAT,Surat,Tier 2A,No,Yes,No,No,No,Gujarat|Tier 2A,Gujarat|Surat,,Gujarat|Surat,,,
Surat oncology centre,Gujarat,SURAT,Surat,Tier 2A,No,Yes,No,No,No,Gujarat|Tier 2A,Gujarat|Surat,,Gujarat|Surat,,,
OMEGA JMX HOSPITALS,Gujarat,SURAT,Surat,Tier 2A,Yes,Yes,No,Yes,Yes,Gujarat|Tier 2A,Gujarat|Surat,Gujarat|Surat,Gujarat|Surat,,Gujarat|Surat,Gujarat|Surat
prime orthopaedic hospital,Gujarat,Surat,Surat,Tier 2A,No,No,No,No,No,Gujarat|Tier 2A,Gujarat|Surat,,,,,
pramukh Hospital,Gujarat,Surat,Surat,Tier 2A,Yes,No,No,No,No,Gujarat|Tier 2A,Gujarat|Surat,Gujarat|Surat,,,,
VEDARTH HOSPITAL,Gujarat,SURAT,Surat,Tier 2A,No,No,No,No,No,Gujarat|Tier 2A,Gujarat|Surat,,,,,
RIO CHILDREN HOSPITAL,Gujarat,SURAT,Surat,Tier 2A,No,No,No,No,No,Gujarat|Tier 2A,Gujarat|Surat,,,,,
BMS hospital in diagnostic,Gujarat,Surat,Surat,Tier 2A,Yes,No,Yes,Yes,Yes,Gujarat|Tier 2A,Gujarat|Surat,Gujarat|Surat,,Gujarat|Surat,Gujarat|Surat,Gujarat|Surat
MAA HOSPITAL,Gujarat,SURAT,Surat,Tier 2A,No,No,No,No,No,Gujarat|Tier 2A,Gujarat|Surat,,,,,
Apex Suratgarh Multispeciality Hospital Private Limited,Rajasthan,SURATGARH,Suratgarh,Tier 3,Yes,No,No,Yes,Yes,Rajasthan|Tier 3,Rajasthan|Suratgarh,Rajasthan|Suratgarh,,,Rajasthan|Suratgarh,Rajasthan|Suratgarh
SAVA AAYUSH HOSPITAL LLP,Gujarat,SURENDRANAGAR,Surendranagar,Tier 3,Yes,No,No,Yes,No,Gujarat|Tier 3,Gujarat|Surendranagar,Gujarat|Surendranagar,,,Gujarat|Surendranagar,
MODERN DIAGNOSTICS & NURSING HOME PRIVATE LIMITED,West Bengal,SURI,Suri,Tier 3,Yes,Yes,No,Yes,No,West Bengal|Tier 3,West Bengal|Suri,West Bengal|Suri,West Bengal|Suri,,West Bengal|Suri,
ASTHA EYE CARE,West Bengal,Suri,Suri,Tier 3,No,No,Yes,No,No,West Bengal|Tier 3,West Bengal|Suri,,,West Bengal|Suri,,
Maa fertility center & hospital,Telangana,SURYAPET,Suryapet,Tier 3,No,No,No,Yes,No,Telangana|Tier 3,Telangana|Suryapet,,,,Telangana|Suryapet,
GOWTHAMI MULTI SPECIALITY HOSPITAL,Andhra Pradesh,TADEPALLIGUDEM,Tadepalligudem,Tier 3,Yes,No,Yes,Yes,Yes,Andhra Pradesh|Tier 3,Andhra Pradesh|Tadepalligudem,Andhra Pradesh|Tadepalligudem,,Andhra Pradesh|Tadepalligudem,Andhra Pradesh|Tadepalligudem,Andhra Pradesh|Tadepalligudem
Subhakar Eye Hospital,Andhra Pradesh,Tadipatri,Tadipatri,Tier 3,No,No,Yes,No,No,Andhra Pradesh|Tier 3,Andhra Pradesh|Tadipatri,,,Andhra Pradesh|Tadipatri,,
DHANWANTARI MULTISPECIALITY HOSPITAL,Maharashtra,"Tal Sangamner,Dist Ahilyanagar  Maharashtra 422605",Sangamner,Tier 3,No,No,No,Yes,No,Maharashtra|Tier 3,Maharashtra|Sangamner,,,,Maharashtra|Sangamner,
kolathur dialysis and medical center,Tamil Nadu,tamilnadu,Tamilnadu,Tier 3,No,No,No,No,No,Tamil Nadu|Tier 3,Tamil Nadu|Tamilnadu,,,,,
SAIBABA NURSING HOME,West Bengal,Tamluk,Tamluk,Tier 3,No,No,No,Yes,No,West Bengal|Tier 3,West Bengal|Tamluk,,,,West Bengal|Tamluk,
NABAJIBAN CLINIC AND NURSING HOME,West Bengal,TAMLUK,Tamluk,Tier 3,No,No,No,Yes,Yes,West Bengal|Tier 3,West Bengal|Tamluk,,,,West Bengal|Tamluk,West Bengal|Tamluk
TAMLUK INSTITUTE OF UROLOGY (NURSING HOME),West Bengal,TAMLUK,Tamluk,Tier 3,No,Yes,No,Yes,Yes,West Bengal|Tier 3,West Bengal|Tamluk,,West Bengal|Tamluk,,West Bengal|Tamluk,West Bengal|Tamluk
MOTHER NURSING HOME,West Bengal,Tamluk,Tamluk,Tier 3,No,No,No,Yes,Yes,West Bengal|Tier 3,West Bengal|Tamluk,,,,West Bengal|Tamluk,West Bengal|Tamluk
NEW WOODLANDS NURSING HOME,West Bengal,TAMLUK,Tamluk,Tier 3,No,Yes,No,Yes,Yes,West Bengal|Tier 3,West Bengal|Tamluk,,West Bengal|Tamluk,,West Bengal|Tamluk,West Bengal|Tamluk
LILABATI HOSPITAL PRIVATE LIMITED,West Bengal,TAMLUK,Tamluk,Tier 3,Yes,Yes,No,Yes,Yes,West Bengal|Tier 3,West Bengal|Tamluk,West Bengal|Tamluk,West Bengal|Tamluk,,West Bengal|Tamluk,West Bengal|Tamluk
Genesis Health Point,West Bengal,Tamluk,Tamluk,Tier 3,No,Yes,No,Yes,Yes,West Bengal|Tier 3,West Bengal|Tamluk,,West Bengal|Tamluk,,West Bengal|Tamluk,West Bengal|Tamluk
MERRY NURSING HOME,West Bengal,TAMLUK,Tamluk,Tier 3,Yes,Yes,No,Yes,Yes,West Bengal|Tier 3,West Bengal|Tamluk,West Bengal|Tamluk,West Bengal|Tamluk,,West Bengal|Tamluk,West Bengal|Tamluk
LIFE LINE NURSING HOME,West Bengal,TAMLUK,Tamluk,Tier 3,No,No,No,Yes,Yes,West Bengal|Tier 3,West Bengal|Tamluk,,,,West Bengal|Tamluk,West Bengal|Tamluk
PRINCE NURSING HOME,West Bengal,TAMLUK,Tamluk,Tier 3,Yes,Yes,No,Yes,Yes,West Bengal|Tier 3,West Bengal|Tamluk,West Bengal|Tamluk,West Bengal|Tamluk,,West Bengal|Tamluk,West Bengal|Tamluk
RRB Memorial Hospital,West Bengal,TAMLUK,Tamluk,Tier 3,Yes,No,Yes,Yes,Yes,West Bengal|Tier 3,West Bengal|Tamluk,West Bengal|Tamluk,,West Bengal|Tamluk,West Bengal|Tamluk,West Bengal|Tamluk
THE ASTHA POLYCLINIC AND NURSING HOME,West Bengal,TAMLUK,Tamluk,Tier 3,Yes,Yes,Yes,Yes,Yes,West Bengal|Tier 3,West Bengal|Tamluk,West Bengal|Tamluk,West Bengal|Tamluk,West Bengal|Tamluk,West Bengal|Tamluk,West Bengal|Tamluk
Bellview Nursing Home,West Bengal,TAMLUK,Tamluk,Tier 3,Yes,No,No,Yes,Yes,West Bengal|Tier 3,West Bengal|Tamluk,West Bengal|Tamluk,,,West Bengal|Tamluk,West Bengal|Tamluk
CAPITAL MULTI SPECIALITY HOSPITAL,West Bengal,TAMLUK,Tamluk,Tier 3,Yes,No,No,Yes,Yes,West Bengal|Tier 3,West Bengal|Tamluk,West Bengal|Tamluk,,,West Bengal|Tamluk,West Bengal|Tamluk
FRIENDS HOSPITAL,West Bengal,TAMLUK,Tamluk,Tier 3,Yes,Yes,Yes,Yes,Yes,West Bengal|Tier 3,West Bengal|Tamluk,West Bengal|Tamluk,West Bengal|Tamluk,West Bengal|Tamluk,West Bengal|Tamluk,West Bengal|Tamluk
JEEBANDEEP NURSING HOME,West Bengal,Tamluk,Tamluk,Tier 3,No,No,No,Yes,No,West Bengal|Tier 3,West Bengal|Tamluk,,,,West Bengal|Tamluk,
NEW VIVEKANANDA NURSING HOME,West Bengal,TAMLUK,Tamluk,Tier 3,Yes,Yes,No,Yes,Yes,West Bengal|Tier 3,West Bengal|Tamluk,West Bengal|Tamluk,West Bengal|Tamluk,,West Bengal|Tamluk,West Bengal|Tamluk
HI-TECH NURSING HOME,West Bengal,TAMLUK,Tamluk,Tier 3,Yes,Yes,No,No,No,West Bengal|Tier 3,West Bengal|Tamluk,West Bengal|Tamluk,West Bengal|Tamluk,,,
SANTI CLINIC AND NURSING HOME,West Bengal,TAMLUK,Tamluk,Tier 3,Yes,Yes,No,No,Yes,West Bengal|Tier 3,West Bengal|Tamluk,West Bengal|Tamluk,West Bengal|Tamluk,,,West Bengal|Tamluk
RUBY POLYCLINIC AND NURSING HOME,West Bengal,TAMLUK,Tamluk,Tier 3,Yes,Yes,No,Yes,Yes,West Bengal|Tier 3,West Bengal|Tamluk,West Bengal|Tamluk,West Bengal|Tamluk,,West Bengal|Tamluk,West Bengal|Tamluk
NIMS HOSPITAL,West Bengal,TAMLUK,Tamluk,Tier 3,Yes,Yes,Yes,Yes,Yes,West Bengal|Tier 3,West Bengal|Tamluk,West Bengal|Tamluk,West Bengal|Tamluk,West Bengal|Tamluk,West Bengal|Tamluk,West Bengal|Tamluk
DISHAN NURSING HOME,West Bengal,"TAMLUK, PURBA MIDNAPORE",Tamluk,Tier 3,Yes,No,Yes,Yes,Yes,West Bengal|Tier 3,West Bengal|Tamluk,West Bengal|Tamluk,,West Bengal|Tamluk,West Bengal|Tamluk,West Bengal|Tamluk
Upakar Nursing Home,West Bengal,"TAMLUK,PURBA MEDINIPUR",Tamluk,Tier 3,Yes,Yes,No,Yes,No,West Bengal|Tier 3,West Bengal|Tamluk,West Bengal|Tamluk,West Bengal|Tamluk,,West Bengal|Tamluk,
Pearless Nursing Home,West Bengal,"TAMLUK,PURBA MEDINIPUR",Tamluk,Tier 3,Yes,Yes,Yes,Yes,Yes,West Bengal|Tier 3,West Bengal|Tamluk,West Bengal|Tamluk,West Bengal|Tamluk,West Bengal|Tamluk,West Bengal|Tamluk,West Bengal|Tamluk
Netaji Sevasadan Nursing Home and Polyclinic,West Bengal,"TAMLUK,PURBA MEDINIPUR",Tamluk,Tier 3,No,Yes,No,Yes,Yes,West Bengal|Tier 3,West Bengal|Tamluk,,West Bengal|Tamluk,,West Bengal|Tamluk,West Bengal|Tamluk
IRIS CLINIC & NURSING HOME,West Bengal,"Tamluk,Purba Midnapore",Tamluk,Tier 3,Yes,Yes,Yes,Yes,Yes,West Bengal|Tier 3,West Bengal|Tamluk,West Bengal|Tamluk,West Bengal|Tamluk,West Bengal|Tamluk,West Bengal|Tamluk,West Bengal|Tamluk
J K Hospital,Andhra Pradesh,Tanuku,Tanuku,Tier 3,No,No,No,No,No,Andhra Pradesh|Tier 3,Andhra Pradesh|Tanuku,,,,,
Veda hospital,Andhra Pradesh,TANUKU,Tanuku,Tier 3,No,No,No,Yes,No,Andhra Pradesh|Tier 3,Andhra Pradesh|Tanuku,,,,Andhra Pradesh|Tanuku,
SHANTI DEVI HOSPITAL &  TRAUMA CENTER,Rajasthan,Tapukara,Tapukara,Tier 3,No,No,No,Yes,No,Rajasthan|Tier 3,Rajasthan|Tapukara,,,,Rajasthan|Tapukara,
CARE & CURE NURSING HOME,West Bengal,TARAKESWAR,Tarakeswar,Tier 3,Yes,Yes,No,Yes,Yes,West Bengal|Tier 3,West Bengal|Tarakeswar,West Bengal|Tarakeswar,West Bengal|Tarakeswar,,West Bengal|Tarakeswar,West Bengal|Tarakeswar
TARAKESWAR APPOLLO MULTISPECIALITY HOSPITAL,West Bengal,TARAKESWAR,Tarakeswar,Tier 3,Yes,Yes,No,Yes,Yes,West Bengal|Tier 3,West Bengal|Tarakeswar,West Bengal|Tarakeswar,West Bengal|Tarakeswar,,West Bengal|Tarakeswar,West Bengal|Tarakeswar
SHIVAM NURSING HOME,West Bengal,Tarakeswar,Tarakeswar,Tier 3,Yes,Yes,No,Yes,Yes,West Bengal|Tier 3,West Bengal|Tarakeswar,West Bengal|Tarakeswar,West Bengal|Tarakeswar,,West Bengal|Tarakeswar,West Bengal|Tarakeswar
SANJIBAN,West Bengal,TARAKESWAR,Tarakeswar,Tier 3,Yes,No,No,Yes,Yes,West Bengal|Tier 3,West Bengal|Tarakeswar,West Bengal|Tarakeswar,,,West Bengal|Tarakeswar,West Bengal|Tarakeswar
B Das Memorial Medical Complex,West Bengal,Tarakeswar,Tarakeswar,Tier 3,Yes,No,No,Yes,No,West Bengal|Tier 3,West Bengal|Tarakeswar,West Bengal|Tarakeswar,,,West Bengal|Tarakeswar,
J. S. MULTISPECIALITY HOSPITAL,West Bengal,TARAKESWAR,Tarakeswar,Tier 3,Yes,Yes,Yes,Yes,Yes,West Bengal|Tier 3,West Bengal|Tarakeswar,West Bengal|Tarakeswar,West Bengal|Tarakeswar,West Bengal|Tarakeswar,West Bengal|Tarakeswar,West Bengal|Tarakeswar
AROGYA NURSING HOME,West Bengal,TARAKESWAR,Tarakeswar,Tier 3,Yes,Yes,No,Yes,Yes,West Bengal|Tier 3,West Bengal|Tarakeswar,West Bengal|Tarakeswar,West Bengal|Tarakeswar,,West Bengal|Tarakeswar,West Bengal|Tarakeswar
NIVEDITA COMMUNITY CARE CENTRE,West Bengal,"Tarakeswar, Hooghly",Tarakeswar Hooghly,Tier 3,No,No,Yes,Yes,Yes,West Bengal|Tier 3,West Bengal|Tarakeswar Hooghly,,,West Bengal|Tarakeswar Hooghly,West Bengal|Tarakeswar Hooghly,West Bengal|Tarakeswar Hooghly
Amandeep Kamal Hospital,Punjab,TARN TARAN,Tarn Taran,Tier 3,No,No,No,Yes,Yes,Punjab|Tier 3,Punjab|Tarn Taran,,,,Punjab|Tarn Taran,Punjab|Tarn Taran
NAV MEDICITY HOSPITAL,Punjab,TARNTARAN,Tarntaran,Tier 3,Yes,No,No,Yes,No,Punjab|Tier 3,Punjab|Tarntaran,Punjab|Tarntaran,,,Punjab|Tarntaran,
BEST ORTHOPAEDIC SUPERSPECIALITY HOSPITAL,Chhattisgarh,"Telibandha, Raipur",Telibandha Raipur,Tier 3,No,Yes,No,No,No,Chhattisgarh|Tier 3,Chhattisgarh|Telibandha Raipur,,Chhattisgarh|Telibandha Raipur,,,
TENALI HOSPITAL,Andhra Pradesh,TENALI,Tenali,Tier 3,No,No,No,Yes,No,Andhra Pradesh|Tier 3,Andhra Pradesh|Tenali,,,,Andhra Pradesh|Tenali,
GVR EYE CLINIC,Tamil Nadu,Tenkasi,Tenkasi,Tier 3,No,No,Yes,No,No,Tamil Nadu|Tier 3,Tamil Nadu|Tenkasi,,,Tamil Nadu|Tenkasi,,
SRI HOSPITALS,Tamil Nadu,TENKASI,Tenkasi,Tier 3,No,No,No,No,No,Tamil Nadu|Tier 3,Tamil Nadu|Tenkasi,,,,,
BELL HOSPITAL,Tamil Nadu,TENKASI,Tenkasi,Tier 3,Yes,Yes,No,Yes,Yes,Tamil Nadu|Tier 3,Tamil Nadu|Tenkasi,Tamil Nadu|Tenkasi,Tamil Nadu|Tenkasi,,Tamil Nadu|Tenkasi,Tamil Nadu|Tenkasi
NARAYANA HEALTH CARE SUPER SPECIALITY HOSPITAL,Assam,TEZPUR,Tezpur,Tier 3,No,No,No,Yes,Yes,Assam|Tier 3,Assam|Tezpur,,,,Assam|Tezpur,Assam|Tezpur
TEZPUR EYE HOSPITAL PRIVATE LIMITED,Assam,TEZPUR,Tezpur,Tier 3,No,No,Yes,No,No,Assam|Tier 3,Assam|Tezpur,,,Assam|Tezpur,,
SHIV DRUSHTI EYE HOSPITAL,Maharashtra,THANE,Thane,Tier 2A,No,No,Yes,No,No,Maharashtra|Tier 2A,Maharashtra|Thane,,,Maharashtra|Thane,,
DR JOSHI NEURO TRAUMA CENTER,Maharashtra,THANE,Thane,Tier 2A,No,Yes,No,No,No,Maharashtra|Tier 2A,Maharashtra|Thane,,Maharashtra|Thane,,,
Dr Pallavi's Eye And Retina Superspecialty Hospital,Maharashtra,Thane,Thane,Tier 2A,No,No,Yes,No,No,Maharashtra|Tier 2A,Maharashtra|Thane,,,Maharashtra|Thane,,
Suyash Hospital,Maharashtra,Thane,Thane,Tier 2A,Yes,Yes,No,No,Yes,Maharashtra|Tier 2A,Maharashtra|Thane,Maharashtra|Thane,Maharashtra|Thane,,,Maharashtra|Thane
SHREE SHRADDHA MULTI SPECIALITY MEDICAL CENTRE,Maharashtra,THANE,Thane,Tier 2A,Yes,Yes,No,Yes,No,Maharashtra|Tier 2A,Maharashtra|Thane,Maharashtra|Thane,Maharashtra|Thane,,Maharashtra|Thane,
KALWA CRITI CARE HOSPITAL,Maharashtra,thane,Thane,Tier 2A,Yes,Yes,Yes,Yes,Yes,Maharashtra|Tier 2A,Maharashtra|Thane,Maharashtra|Thane,Maharashtra|Thane,Maharashtra|Thane,Maharashtra|Thane,Maharashtra|Thane
Tulip hospital,Maharashtra,Thane,Thane,Tier 2A,No,No,No,Yes,No,Maharashtra|Tier 2A,Maharashtra|Thane,,,,Maharashtra|Thane,
Maher Nursing Home,Maharashtra,Thane,Thane,Tier 2A,No,No,Yes,Yes,No,Maharashtra|Tier 2A,Maharashtra|Thane,,,Maharashtra|Thane,Maharashtra|Thane,
Muktai Multispeciality Hospital,Maharashtra,THANE,Thane,Tier 2A,Yes,Yes,Yes,Yes,No,Maharashtra|Tier 2A,Maharashtra|Thane,Maharashtra|Thane,Maharashtra|Thane,Maharashtra|Thane,Maharashtra|Thane,
CREETI CARE MULTISPECIALITY HOSPITAL,Maharashtra,Thane,Thane,Tier 2A,Yes,Yes,No,Yes,No,Maharashtra|Tier 2A,Maharashtra|Thane,Maharashtra|Thane,Maharashtra|Thane,,Maharashtra|Thane,
Metro Hospital & ICU,Maharashtra,THANE,Thane,Tier 2A,No,Yes,No,Yes,Yes,Maharashtra|Tier 2A,Maharashtra|Thane,,Maharashtra|Thane,,Maharashtra|Thane,Maharashtra|Thane
CHINTAMANI NETRALAYA AND MULTISPECIALITY CLINIC,Maharashtra,Thane,Thane,Tier 2A,No,No,Yes,No,No,Maharashtra|Tier 2A,Maharashtra|Thane,,,Maharashtra|Thane,,
ISHA EYE CARE PVT LTD CORAL THANE,Maharashtra,Thane,Thane,Tier 2A,No,No,Yes,No,No,Maharashtra|Tier 2A,Maharashtra|Thane,,,Maharashtra|Thane,,
REALIX RISK CARE HOSPITAL LLP,Maharashtra,THANE,Thane,Tier 2A,Yes,Yes,Yes,Yes,Yes,Maharashtra|Tier 2A,Maharashtra|Thane,Maharashtra|Thane,Maharashtra|Thane,Maharashtra|Thane,Maharashtra|Thane,Maharashtra|Thane
Siddhivinayak Centre of excellence for Health Pvt. Ltd,Maharashtra,Thane,Thane,Tier 2A,Yes,Yes,No,Yes,Yes,Maharashtra|Tier 2A,Maharashtra|Thane,Maharashtra|Thane,Maharashtra|Thane,,Maharashtra|Thane,Maharashtra|Thane
True Heal Multispeciality Hospital,Maharashtra,Thane,Thane,Tier 2A,Yes,Yes,No,Yes,No,Maharashtra|Tier 2A,Maharashtra|Thane,Maharashtra|Thane,Maharashtra|Thane,,Maharashtra|Thane,
appasheth thorat multispeciality hospital & criticare centre,Maharashtra,Thane,Thane,Tier 2A,No,Yes,No,Yes,No,Maharashtra|Tier 2A,Maharashtra|Thane,,Maharashtra|Thane,,Maharashtra|Thane,
Mumbra Maternity And Orthopaedics Hospital,Maharashtra,THANE,Thane,Tier 2A,Yes,Yes,Yes,Yes,Yes,Maharashtra|Tier 2A,Maharashtra|Thane,Maharashtra|Thane,Maharashtra|Thane,Maharashtra|Thane,Maharashtra|Thane,Maharashtra|Thane
Maa Ambe Hospital,Maharashtra,Thane,Thane,Tier 2A,No,Yes,Yes,Yes,No,Maharashtra|Tier 2A,Maharashtra|Thane,,Maharashtra|Thane,Maharashtra|Thane,Maharashtra|Thane,
KRISHNA HOSPITAL,Maharashtra,Thane,Thane,Tier 2A,Yes,No,Yes,Yes,No,Maharashtra|Tier 2A,Maharashtra|Thane,Maharashtra|Thane,,Maharashtra|Thane,Maharashtra|Thane,
GAUTAMI MEDFORD NX HOSPITAL,Maharashtra,THANE,Thane,Tier 2A,Yes,Yes,Yes,Yes,Yes,Maharashtra|Tier 2A,Maharashtra|Thane,Maharashtra|Thane,Maharashtra|Thane,Maharashtra|Thane,Maharashtra|Thane,Maharashtra|Thane
Abhijit Eye Clinic,Maharashtra,thane,Thane,Tier 2A,No,No,Yes,No,No,Maharashtra|Tier 2A,Maharashtra|Thane,,,Maharashtra|Thane,,
SAPPHIRE MULTISPECIALITY HOSPITAL AND CRITICAL CARE CENTRE,Maharashtra,Thane,Thane,Tier 2A,Yes,Yes,No,No,No,Maharashtra|Tier 2A,Maharashtra|Thane,Maharashtra|Thane,Maharashtra|Thane,,,
WELLNESS CLINIC AND SHRI BANSIDER AGRWAL HOSPITAL,Maharashtra,Thane,Thane,Tier 2A,Yes,No,No,No,Yes,Maharashtra|Tier 2A,Maharashtra|Thane,Maharashtra|Thane,,,,Maharashtra|Thane
ROYAL HOSPITAL,Maharashtra,THANE,Thane,Tier 2A,No,No,No,No,No,Maharashtra|Tier 2A,Maharashtra|Thane,,,,,
Shriyan Hospital,Maharashtra,THANE,Thane,Tier 2A,No,No,No,No,Yes,Maharashtra|Tier 2A,Maharashtra|Thane,,,,,Maharashtra|Thane
silver crest hospital,Maharashtra,Thane,Thane,Tier 2A,Yes,Yes,Yes,No,No,Maharashtra|Tier 2A,Maharashtra|Thane,Maharashtra|Thane,Maharashtra|Thane,Maharashtra|Thane,,
AAROGYA SUPER SPECIALITY HOSPITAL,Maharashtra,THANE,Thane,Tier 2A,Yes,Yes,Yes,Yes,Yes,Maharashtra|Tier 2A,Maharashtra|Thane,Maharashtra|Thane,Maharashtra|Thane,Maharashtra|Thane,Maharashtra|Thane,Maharashtra|Thane
AAYUSH ANNEXE HOSPITAL,Maharashtra,THANE,Thane,Tier 2A,Yes,Yes,No,Yes,No,Maharashtra|Tier 2A,Maharashtra|Thane,Maharashtra|Thane,Maharashtra|Thane,,Maharashtra|Thane,
Nihal Eye Care & Multispeciality Health Centre,Maharashtra,Thane,Thane,Tier 2A,No,No,Yes,No,No,Maharashtra|Tier 2A,Maharashtra|Thane,,,Maharashtra|Thane,,
BAI RATANBAI GHARDA HOSPITAL,Maharashtra,thane,Thane,Tier 2A,No,No,No,Yes,No,Maharashtra|Tier 2A,Maharashtra|Thane,,,,Maharashtra|Thane,
STELLARS SUPER SPECIALITY HOSPITAL,Maharashtra,THANE,Thane,Tier 2A,Yes,Yes,Yes,Yes,Yes,Maharashtra|Tier 2A,Maharashtra|Thane,Maharashtra|Thane,Maharashtra|Thane,Maharashtra|Thane,Maharashtra|Thane,Maharashtra|Thane
Sai Amrut Hospital,Maharashtra,THANE,Thane,Tier 2A,Yes,Yes,Yes,Yes,No,Maharashtra|Tier 2A,Maharashtra|Thane,Maharashtra|Thane,Maharashtra|Thane,Maharashtra|Thane,Maharashtra|Thane,
RUDRA MULTISPECIALITY HOSPITAL,Maharashtra,THANE,Thane,Tier 2A,No,Yes,No,Yes,Yes,Maharashtra|Tier 2A,Maharashtra|Thane,,Maharashtra|Thane,,Maharashtra|Thane,Maharashtra|Thane
GraciousMultispecialityHospital,Maharashtra,Thane,Thane,Tier 2A,Yes,Yes,No,Yes,No,Maharashtra|Tier 2A,Maharashtra|Thane,Maharashtra|Thane,Maharashtra|Thane,,Maharashtra|Thane,
akruti healthcity hospital,Maharashtra,thane,Thane,Tier 2A,Yes,Yes,No,Yes,Yes,Maharashtra|Tier 2A,Maharashtra|Thane,Maharashtra|Thane,Maharashtra|Thane,,Maharashtra|Thane,Maharashtra|Thane
Sai Kripa Childrens Maternity& Surgical Hospital,Maharashtra,Thane,Thane,Tier 2A,Yes,Yes,No,Yes,No,Maharashtra|Tier 2A,Maharashtra|Thane,Maharashtra|Thane,Maharashtra|Thane,,Maharashtra|Thane,
NECTOR SUPERSPECIALITY CENTER LLP,Maharashtra,THANE,Thane,Tier 2A,Yes,Yes,No,Yes,No,Maharashtra|Tier 2A,Maharashtra|Thane,Maharashtra|Thane,Maharashtra|Thane,,Maharashtra|Thane,
Rainbowlife Multispecialty Hospital,Maharashtra,THANE - WEST,Thane West,Tier 3,Yes,Yes,No,Yes,Yes,Maharashtra|Tier 3,Maharashtra|Thane West,Maharashtra|Thane West,Maharashtra|Thane West,,Maharashtra|Thane West,Maharashtra|Thane West
Shree Siddhivinayak Multispeciality Hospital,Maharashtra,THANE DISTT Maharashtra,Thane,Tier 2A,Yes,No,No,No,No,Maharashtra|Tier 2A,Maharashtra|Thane,Maharashtra|Thane,,,,
SAKTHI VISION AND MIND CARE CLINIC,Tamil Nadu,THANJAVUR,Thanjavur,Tier 3,No,No,Yes,No,No,Tamil Nadu|Tier 3,Tamil Nadu|Thanjavur,,,Tamil Nadu|Thanjavur,,
A TO Z SPECIALITY  HOSPITAL,Tamil Nadu,Thanjavur,Thanjavur,Tier 3,No,No,No,No,No,Tamil Nadu|Tier 3,Tamil Nadu|Thanjavur,,,,,
RCPHOSPITAL,Tamil Nadu,THANJAVUR,Thanjavur,Tier 3,No,No,No,Yes,Yes,Tamil Nadu|Tier 3,Tamil Nadu|Thanjavur,,,,Tamil Nadu|Thanjavur,Tamil Nadu|Thanjavur
R S S HOSPITAL,Tamil Nadu,THANJAVUR,Thanjavur,Tier 3,No,Yes,No,Yes,No,Tamil Nadu|Tier 3,Tamil Nadu|Thanjavur,,Tamil Nadu|Thanjavur,,Tamil Nadu|Thanjavur,
Shri Balaji Aaogyam Hospital Pvt Ltd,Haryana,Thansesar,Thansesar,Tier 3,Yes,No,No,Yes,Yes,Haryana|Tier 3,Haryana|Thansesar,Haryana|Thansesar,,,Haryana|Thansesar,Haryana|Thansesar
Deepam Hospital,Tamil Nadu,Theni,Theni,Tier 3,Yes,No,No,Yes,No,Tamil Nadu|Tier 3,Tamil Nadu|Theni,Tamil Nadu|Theni,,,Tamil Nadu|Theni,
DR.SATHIANESAN'S HOSPITAL,Tamil Nadu,THENI,Theni,Tier 3,No,No,No,Yes,Yes,Tamil Nadu|Tier 3,Tamil Nadu|Theni,,,,Tamil Nadu|Theni,Tamil Nadu|Theni
SRI GANAPATHY EYE AND DENTAL CARE,Tamil Nadu,THENI,Theni,Tier 3,No,No,Yes,No,No,Tamil Nadu|Tier 3,Tamil Nadu|Theni,,,Tamil Nadu|Theni,,
RG HOSPITALS,Tamil Nadu,THENI,Theni,Tier 3,No,Yes,No,Yes,No,Tamil Nadu|Tier 3,Tamil Nadu|Theni,,Tamil Nadu|Theni,,Tamil Nadu|Theni,
Shri Sathyasai Medical College & Research Institute,Tamil Nadu,Thiruporur,Thiruporur,Tier 3,Yes,Yes,Yes,Yes,Yes,Tamil Nadu|Tier 3,Tamil Nadu|Thiruporur,Tamil Nadu|Thiruporur,Tamil Nadu|Thiruporur,Tamil Nadu|Thiruporur,Tamil Nadu|Thiruporur,Tamil Nadu|Thiruporur
SWEDISH MISSION HOSPITAL,Tamil Nadu,THIRUPPATHUR,Thiruppathur,Tier 3,No,No,Yes,No,No,Tamil Nadu|Tier 3,Tamil Nadu|Thiruppathur,,,Tamil Nadu|Thiruppathur,,
KC HOSPITAL,Tamil Nadu,THIRUPPUR,Thiruppur,Tier 3,Yes,No,No,Yes,No,Tamil Nadu|Tier 3,Tamil Nadu|Thiruppur,Tamil Nadu|Thiruppur,,,Tamil Nadu|Thiruppur,
GRAND CARE MULTISPECIALITY HOSPITAL,Tamil Nadu,THIRUVALLUR,Thiruvallur,Tier 3,No,Yes,Yes,Yes,Yes,Tamil Nadu|Tier 3,Tamil Nadu|Thiruvallur,,Tamil Nadu|Thiruvallur,Tamil Nadu|Thiruvallur,Tamil Nadu|Thiruvallur,Tamil Nadu|Thiruvallur
JEEVA MEDICARE HOSPITAL,Kerala,Thiruvananthapuram,Thiruvananthapuram,Tier 2A,Yes,No,No,Yes,No,Kerala|Tier 2A,Kerala|Thiruvananthapuram,Kerala|Thiruvananthapuram,,,Kerala|Thiruvananthapuram,
ARUMANA HOSPITAL,Kerala,THIRUVANANTHAPURAM,Thiruvananthapuram,Tier 2A,No,No,No,Yes,Yes,Kerala|Tier 2A,Kerala|Thiruvananthapuram,,,,Kerala|Thiruvananthapuram,Kerala|Thiruvananthapuram
SMART MEDICAL CENTRE (A UNIT OF SPECTRAX MEDCENTRE FOR ANALYTICAL RESEARCH AND TRAINING PVT LTD),Kerala,Thiruvananthapuram,Thiruvananthapuram,Tier 2A,Yes,Yes,Yes,Yes,Yes,Kerala|Tier 2A,Kerala|Thiruvananthapuram,Kerala|Thiruvananthapuram,Kerala|Thiruvananthapuram,Kerala|Thiruvananthapuram,Kerala|Thiruvananthapuram,Kerala|Thiruvananthapuram
SR Speciality Hospital,Kerala,THIRUVANANTHAPURAM,Thiruvananthapuram,Tier 2A,No,No,No,Yes,No,Kerala|Tier 2A,Kerala|Thiruvananthapuram,,,,Kerala|Thiruvananthapuram,
PANKAJAKASTHURI AYURVEDA MEDICAL COLLEGE HOSPITAL,Kerala,THIRUVANANTHAPURAM,Thiruvananthapuram,Tier 2A,No,No,Yes,No,No,Kerala|Tier 2A,Kerala|Thiruvananthapuram,,,Kerala|Thiruvananthapuram,,
VPS EYECARE PVT LTD,Kerala,THIRUVANANTHAPURAM,Thiruvananthapuram,Tier 2A,No,No,Yes,No,No,Kerala|Tier 2A,Kerala|Thiruvananthapuram,,,Kerala|Thiruvananthapuram,,
Pran Fertilty and Well Woman Centre private limited,Kerala,Thiruvananthapuram,Thiruvananthapuram,Tier 2A,Yes,No,No,Yes,Yes,Kerala|Tier 2A,Kerala|Thiruvananthapuram,Kerala|Thiruvananthapuram,,,Kerala|Thiruvananthapuram,Kerala|Thiruvananthapuram
PONNI HOSPITAL,Tamil Nadu,Thiruvannamalai,Thiruvannamalai,Tier 3,Yes,No,No,Yes,No,Tamil Nadu|Tier 3,Tamil Nadu|Thiruvannamalai,Tamil Nadu|Thiruvannamalai,,,Tamil Nadu|Thiruvannamalai,
AVK HOSPITAL,Tamil Nadu,THONDI,Thondi,Tier 3,Yes,Yes,Yes,No,Yes,Tamil Nadu|Tier 3,Tamil Nadu|Thondi,Tamil Nadu|Thondi,Tamil Nadu|Thondi,Tamil Nadu|Thondi,,Tamil Nadu|Thondi
NEO HEALTH CARE,Tamil Nadu,Thoothukudi,Thoothukudi,Tier 3,Yes,No,No,Yes,Yes,Tamil Nadu|Tier 3,Tamil Nadu|Thoothukudi,Tamil Nadu|Thoothukudi,,,Tamil Nadu|Thoothukudi,Tamil Nadu|Thoothukudi
RAJESHWARI HOSPITAL,Tamil Nadu,Thoothukudi,Thoothukudi,Tier 3,Yes,Yes,No,Yes,Yes,Tamil Nadu|Tier 3,Tamil Nadu|Thoothukudi,Tamil Nadu|Thoothukudi,Tamil Nadu|Thoothukudi,,Tamil Nadu|Thoothukudi,Tamil Nadu|Thoothukudi
MITRA MEDICAL CENTRE,Kerala,THRISSUR,Thrissur,Tier 2B,No,No,Yes,No,No,Kerala|Tier 2B,Kerala|Thrissur,,,Kerala|Thrissur,,
south shore ent hospital,Kerala,thrissur,Thrissur,Tier 2B,No,No,No,No,No,Kerala|Tier 2B,Kerala|Thrissur,,,,,
SANTHWANA EYE AND DIABETIC CLINIC,Kerala,THRISSUR,Thrissur,Tier 2B,No,No,Yes,No,No,Kerala|Tier 2B,Kerala|Thrissur,,,Kerala|Thrissur,,
I Vision Eye Hospital ( A unit of JASM Eye Hospitals Private Limited),Kerala,Thrissur,Thrissur,Tier 2B,No,No,Yes,No,No,Kerala|Tier 2B,Kerala|Thrissur,,,Kerala|Thrissur,,
GOURI SANKAR HOSPITAL,Kerala,THRISSUR,Thrissur,Tier 2B,No,No,No,Yes,No,Kerala|Tier 2B,Kerala|Thrissur,,,,Kerala|Thrissur,
ST JOSEPHS HOSPITAL,Kerala,THRISSUR,Thrissur,Tier 2B,Yes,No,Yes,Yes,No,Kerala|Tier 2B,Kerala|Thrissur,Kerala|Thrissur,,Kerala|Thrissur,Kerala|Thrissur,
SANTHI NURSING HOME,Kerala,THRISSUR,Thrissur,Tier 2B,Yes,No,No,Yes,No,Kerala|Tier 2B,Kerala|Thrissur,Kerala|Thrissur,,,Kerala|Thrissur,
AL AMEEN HOSPITAL,Kerala,THRISSUR,Thrissur,Tier 2B,No,No,Yes,Yes,Yes,Kerala|Tier 2B,Kerala|Thrissur,,,Kerala|Thrissur,Kerala|Thrissur,Kerala|Thrissur
CCMK MEMORIAL HOSPITAL,Kerala,Thrissur,Thrissur,Tier 2B,Yes,No,No,Yes,Yes,Kerala|Tier 2B,Kerala|Thrissur,Kerala|Thrissur,,,Kerala|Thrissur,Kerala|Thrissur
SAN JOS PARISH HOSPITAL,Kerala,THRISSUR,Thrissur,Tier 2B,Yes,No,Yes,Yes,Yes,Kerala|Tier 2B,Kerala|Thrissur,Kerala|Thrissur,,Kerala|Thrissur,Kerala|Thrissur,Kerala|Thrissur
NEW CITY HOSPITAL,Madhya Pradesh,TIKAMGARH,Tikamgarh,Tier 3,No,No,No,Yes,No,Madhya Pradesh|Tier 3,Madhya Pradesh|Tikamgarh,,,,Madhya Pradesh|Tikamgarh,
SHREE BALA JI HOSPITAL,Madhya Pradesh,TIKAMGARH,Tikamgarh,Tier 3,No,No,No,Yes,No,Madhya Pradesh|Tier 3,Madhya Pradesh|Tikamgarh,,,,Madhya Pradesh|Tikamgarh,
VISAKAN MEDICAL CENTRE,Tamil Nadu,TIRUCHENGODE,Tiruchengode,Tier 3,Yes,No,Yes,Yes,No,Tamil Nadu|Tier 3,Tamil Nadu|Tiruchengode,Tamil Nadu|Tiruchengode,,Tamil Nadu|Tiruchengode,Tamil Nadu|Tiruchengode,
NALAM HOSPITAL,Tamil Nadu,TIRUCHIRAPPALLI,Tiruchirappalli,Tier 2B,No,Yes,No,Yes,Yes,Tamil Nadu|Tier 2B,Tamil Nadu|Tiruchirappalli,,Tamil Nadu|Tiruchirappalli,,Tamil Nadu|Tiruchirappalli,Tamil Nadu|Tiruchirappalli
KERALA AYURVEDA HOSPITAL TRICHY,Tamil Nadu,TIRUCHIRAPPALLI,Tiruchirappalli,Tier 2B,No,No,No,No,No,Tamil Nadu|Tier 2B,Tamil Nadu|Tiruchirappalli,,,,,
aditi nursing home,Tamil Nadu,Tiruchirappalli,Tiruchirappalli,Tier 2B,No,No,No,Yes,No,Tamil Nadu|Tier 2B,Tamil Nadu|Tiruchirappalli,,,,Tamil Nadu|Tiruchirappalli,
Sri Sakthi Hospital,Tamil Nadu,Tirunelveli,Tirunelveli,Tier 3,Yes,No,Yes,Yes,Yes,Tamil Nadu|Tier 3,Tamil Nadu|Tirunelveli,Tamil Nadu|Tirunelveli,,Tamil Nadu|Tirunelveli,Tamil Nadu|Tirunelveli,Tamil Nadu|Tirunelveli
VISJEY HOSPITAL,Tamil Nadu,Tirunelveli,Tirunelveli,Tier 3,Yes,Yes,No,Yes,Yes,Tamil Nadu|Tier 3,Tamil Nadu|Tirunelveli,Tamil Nadu|Tirunelveli,Tamil Nadu|Tirunelveli,,Tamil Nadu|Tirunelveli,Tamil Nadu|Tirunelveli
SOORIYA HOSPITAL,Tamil Nadu,TIRUNELVELI,Tirunelveli,Tier 3,Yes,Yes,No,Yes,Yes,Tamil Nadu|Tier 3,Tamil Nadu|Tirunelveli,Tamil Nadu|Tirunelveli,Tamil Nadu|Tirunelveli,,Tamil Nadu|Tirunelveli,Tamil Nadu|Tirunelveli
VENNILA HOSPITAL,Tamil Nadu,TIRUNELVELI,Tirunelveli,Tier 3,Yes,Yes,Yes,Yes,Yes,Tamil Nadu|Tier 3,Tamil Nadu|Tirunelveli,Tamil Nadu|Tirunelveli,Tamil Nadu|Tirunelveli,Tamil Nadu|Tirunelveli,Tamil Nadu|Tirunelveli,Tamil Nadu|Tirunelveli
Nivya Respiratory and Multispeciality Hospitals,Tamil Nadu,TIRUNELVELI,Tirunelveli,Tier 3,Yes,Yes,No,No,Yes,Tamil Nadu|Tier 3,Tamil Nadu|Tirunelveli,Tamil Nadu|Tirunelveli,Tamil Nadu|Tirunelveli,,,Tamil Nadu|Tirunelveli
BALAJI HOSPITAL,Andhra Pradesh,TIRUPATHI,Tirupathi,Tier 3,No,No,No,Yes,No,Andhra Pradesh|Tier 3,Andhra Pradesh|Tirupathi,,,,Andhra Pradesh|Tirupathi,
SREE CHAITRA HOSPITAL,Andhra Pradesh,TIRUPATI,Tirupati,Tier 3,No,No,No,Yes,No,Andhra Pradesh|Tier 3,Andhra Pradesh|Tirupati,,,,Andhra Pradesh|Tirupati,
HARITHA ADI HOSPITAL,Andhra Pradesh,TIRUPATI,Tirupati,Tier 3,Yes,No,No,Yes,No,Andhra Pradesh|Tier 3,Andhra Pradesh|Tirupati,Andhra Pradesh|Tirupati,,,Andhra Pradesh|Tirupati,
UDAY HELIOS HOSPITALS,Andhra Pradesh,TIRUPATI,Tirupati,Tier 3,No,No,No,No,No,Andhra Pradesh|Tier 3,Andhra Pradesh|Tirupati,,,,,
OM SUPATHAM HOSPITAL,Andhra Pradesh,TIRUPATI,Tirupati,Tier 3,No,No,No,No,Yes,Andhra Pradesh|Tier 3,Andhra Pradesh|Tirupati,,,,,Andhra Pradesh|Tirupati
SRI VENKATESWARA INSTITUTE OF CANCER CARE AND ADVANCED RESEARCH A UNIT OF TATA CANCER CARE FOUNDATION,Andhra Pradesh,TIRUPATI,Tirupati,Tier 3,No,Yes,No,No,No,Andhra Pradesh|Tier 3,Andhra Pradesh|Tirupati,,Andhra Pradesh|Tirupati,,,
AMERICAN LASER EYE HOSPITALS PVT LTD,Andhra Pradesh,TIRUPATI,Tirupati,Tier 3,No,No,Yes,No,No,Andhra Pradesh|Tier 3,Andhra Pradesh|Tirupati,,,Andhra Pradesh|Tirupati,,
Rajeshwari Nursing Home,Tamil Nadu,Tiruppur,Tirupur,Tier 2B,Yes,No,No,Yes,No,Tamil Nadu|Tier 2B,Tamil Nadu|Tirupur,Tamil Nadu|Tirupur,,,Tamil Nadu|Tirupur,
HRS MEDICAL CENTRE,Tamil Nadu,tiruppur,Tirupur,Tier 2B,No,Yes,No,Yes,No,Tamil Nadu|Tier 2B,Tamil Nadu|Tirupur,,Tamil Nadu|Tirupur,,Tamil Nadu|Tirupur,
MPS HOSPITALS,Tamil Nadu,Tiruppur,Tirupur,Tier 2B,Yes,Yes,No,Yes,Yes,Tamil Nadu|Tier 2B,Tamil Nadu|Tirupur,Tamil Nadu|Tirupur,Tamil Nadu|Tirupur,,Tamil Nadu|Tirupur,Tamil Nadu|Tirupur
AADHAV MEDICAL CENTRE,Tamil Nadu,TIRUPUR,Tirupur,Tier 2B,No,No,No,Yes,Yes,Tamil Nadu|Tier 2B,Tamil Nadu|Tirupur,,,,Tamil Nadu|Tirupur,Tamil Nadu|Tirupur
AL NOOR HOSPITAL,Kerala,TIRUR,Tirur,Tier 3,No,No,No,Yes,No,Kerala|Tier 3,Kerala|Tirur,,,,Kerala|Tirur,
SUGAM MULTISPECIALITY  HOSPITAL,Tamil Nadu,Tiruvannamalai -60601,Tiruvannamalai,Tier 3,Yes,Yes,Yes,Yes,No,Tamil Nadu|Tier 3,Tamil Nadu|Tiruvannamalai,Tamil Nadu|Tiruvannamalai,Tamil Nadu|Tiruvannamalai,Tamil Nadu|Tiruvannamalai,Tamil Nadu|Tiruvannamalai,
NIRAMAY HOSPITAL,Maharashtra,TITWALA,Titwala,Tier 3,Yes,Yes,No,Yes,Yes,Maharashtra|Tier 3,Maharashtra|Titwala,Maharashtra|Titwala,Maharashtra|Titwala,,Maharashtra|Titwala,Maharashtra|Titwala
GAYATRI HOSPITAL,Maharashtra,TITWALA - EAST,Titwala East,Tier 3,No,No,No,Yes,Yes,Maharashtra|Tier 3,Maharashtra|Titwala East,,,,Maharashtra|Titwala East,Maharashtra|Titwala East
HARE KRISHNA NETRALAYA,Haryana,TOHANA,Tohana,Tier 3,No,No,Yes,No,No,Haryana|Tier 3,Haryana|Tohana,,,Haryana|Tohana,,
PRECIOUS EYE HOSPITAL,Rajasthan,Tonk,Tonk,Tier 3,No,No,Yes,No,No,Rajasthan|Tier 3,Rajasthan|Tonk,,,Rajasthan|Tonk,,
ANANYA HOSPITAL,Rajasthan,TONK,Tonk,Tier 3,No,No,No,No,No,Rajasthan|Tier 3,Rajasthan|Tonk,,,,,
TEJVISION CENTRE PVT LTD,Rajasthan,TONK,Tonk,Tier 3,No,No,Yes,No,No,Rajasthan|Tier 3,Rajasthan|Tonk,,,Rajasthan|Tonk,,
AEGAN MEDICAL CENTRE & HOSPITAL,Tamil Nadu,TRICHIRAPALLI,Trichirapalli,Tier 3,Yes,Yes,Yes,No,No,Tamil Nadu|Tier 3,Tamil Nadu|Trichirapalli,Tamil Nadu|Trichirapalli,Tamil Nadu|Trichirapalli,Tamil Nadu|Trichirapalli,,
SRI ORTHO  CENTRE,Tamil Nadu,TRICHY,Tiruchirappalli,Tier 2B,No,No,No,No,No,Tamil Nadu|Tier 2B,Tamil Nadu|Tiruchirappalli,,,,,
S.K.HEART CARE HOSPITAL,Tamil Nadu,TRICHY,Tiruchirappalli,Tier 2B,No,No,No,No,No,Tamil Nadu|Tier 2B,Tamil Nadu|Tiruchirappalli,,,,,
Rajappa Hospital,Tamil Nadu,Trichy,Tiruchirappalli,Tier 2B,No,No,Yes,No,No,Tamil Nadu|Tier 2B,Tamil Nadu|Tiruchirappalli,,,Tamil Nadu|Tiruchirappalli,,
SRINIVASAN HOSPITAL,Tamil Nadu,TRICHY,Tiruchirappalli,Tier 2B,No,Yes,Yes,Yes,No,Tamil Nadu|Tier 2B,Tamil Nadu|Tiruchirappalli,,Tamil Nadu|Tiruchirappalli,Tamil Nadu|Tiruchirappalli,Tamil Nadu|Tiruchirappalli,
ARADHANA EYE INSTITUTE,Kerala,Trivandrm,Trivandrm,Tier 3,No,No,Yes,No,No,Kerala|Tier 3,Kerala|Trivandrm,,,Kerala|Trivandrm,,
Chakrabarti Eye Care Centre,Kerala,Trivandrum,Thiruvananthapuram,Tier 2A,No,No,Yes,No,No,Kerala|Tier 2A,Kerala|Thiruvananthapuram,,,Kerala|Thiruvananthapuram,,
SABINE HOSPITALS AND RESEARCH CENTRE PRIVATE LIMITED,Kerala,TRIVANDRUM,Thiruvananthapuram,Tier 2A,No,No,No,Yes,Yes,Kerala|Tier 2A,Kerala|Thiruvananthapuram,,,,Kerala|Thiruvananthapuram,Kerala|Thiruvananthapuram
Kangaroo Care Hospital A Unit of Surabhi Women and Children Healthcare PVT LTD,Karnataka,Tumakuru,Tumakuru,Tier 3,No,Yes,No,Yes,Yes,Karnataka|Tier 3,Karnataka|Tumakuru,,Karnataka|Tumakuru,,Karnataka|Tumakuru,Karnataka|Tumakuru
DVITHI CHILDRENS AND MULTI SPECIALITY HOSPITAL,Karnataka,TUMKUR,Tumakuru,Tier 3,No,Yes,Yes,Yes,Yes,Karnataka|Tier 3,Karnataka|Tumakuru,,Karnataka|Tumakuru,Karnataka|Tumakuru,Karnataka|Tumakuru,Karnataka|Tumakuru
BHARATHI HOSPITAL,Karnataka,TUMKUR,Tumakuru,Tier 3,Yes,Yes,No,Yes,Yes,Karnataka|Tier 3,Karnataka|Tumakuru,Karnataka|Tumakuru,Karnataka|Tumakuru,,Karnataka|Tumakuru,Karnataka|Tumakuru
SAHASRA HOSPITAL,Andhra Pradesh,TUNI,Tuni,Tier 3,No,No,No,Yes,Yes,Andhra Pradesh|Tier 3,Andhra Pradesh|Tuni,,,,Andhra Pradesh|Tuni,Andhra Pradesh|Tuni
HARIOM HOSPITAL,Rajasthan,UDAIPUR,Udaipur,Tier 3,No,No,No,Yes,No,Rajasthan|Tier 3,Rajasthan|Udaipur,,,,Rajasthan|Udaipur,
SANJIVANI HOSPITAL,Rajasthan,UDAIPUR,Udaipur,Tier 3,No,No,No,Yes,No,Rajasthan|Tier 3,Rajasthan|Udaipur,,,,Rajasthan|Udaipur,
jagriti hospital,Rajasthan,UDAIPUR,Udaipur,Tier 3,No,No,No,Yes,No,Rajasthan|Tier 3,Rajasthan|Udaipur,,,,Rajasthan|Udaipur,
KRM AYURVEDA LIMITED,Rajasthan,UDAIPUR,Udaipur,Tier 3,No,No,No,No,No,Rajasthan|Tier 3,Rajasthan|Udaipur,,,,,
GOVINDAM HOSPITAL,Rajasthan,UDAIPUR,Udaipur,Tier 3,No,No,No,Yes,No,Rajasthan|Tier 3,Rajasthan|Udaipur,,,,Rajasthan|Udaipur,
Apex Hospital Udaipur ( A Unit of Apex Hospital Private Limited),Rajasthan,Udaipur,Udaipur,Tier 3,Yes,No,No,No,No,Rajasthan|Tier 3,Rajasthan|Udaipur,Rajasthan|Udaipur,,,,
MANGAL MULTI SPECIALITY HOSPITAL AND RESEARCH INSTITUTE,Rajasthan,UDAIPUR,Udaipur,Tier 3,No,No,No,Yes,No,Rajasthan|Tier 3,Rajasthan|Udaipur,,,,Rajasthan|Udaipur,
PIMS MULTI SUPER SPECIALITY HOSPITAL,Rajasthan,UDAIPUR,Udaipur,Tier 3,Yes,Yes,Yes,Yes,Yes,Rajasthan|Tier 3,Rajasthan|Udaipur,Rajasthan|Udaipur,Rajasthan|Udaipur,Rajasthan|Udaipur,Rajasthan|Udaipur,Rajasthan|Udaipur
SPITI HELTH CARE PRIVATE LIMITED,West Bengal,UDAYNARAYANPUR,Udaynarayanpur,Tier 3,Yes,Yes,No,Yes,Yes,West Bengal|Tier 3,West Bengal|Udaynarayanpur,West Bengal|Udaynarayanpur,West Bengal|Udaynarayanpur,,West Bengal|Udaynarayanpur,West Bengal|Udaynarayanpur
More Eye Hospital,Maharashtra,Udgir,Udgir,Tier 3,No,No,Yes,No,No,Maharashtra|Tier 3,Maharashtra|Udgir,,,Maharashtra|Udgir,,
Global Multi speciality Hospital,Madhya Pradesh,ujjain,Ujjain,Tier 2B,No,Yes,Yes,Yes,Yes,Madhya Pradesh|Tier 2B,Madhya Pradesh|Ujjain,,Madhya Pradesh|Ujjain,Madhya Pradesh|Ujjain,Madhya Pradesh|Ujjain,Madhya Pradesh|Ujjain
Tirupati Hospital,Madhya Pradesh,UJJAIN,Ujjain,Tier 2B,Yes,No,Yes,Yes,Yes,Madhya Pradesh|Tier 2B,Madhya Pradesh|Ujjain,Madhya Pradesh|Ujjain,,Madhya Pradesh|Ujjain,Madhya Pradesh|Ujjain,Madhya Pradesh|Ujjain
LOTUS HOSPITAL,Madhya Pradesh,UJJAIN,Ujjain,Tier 2B,No,No,No,Yes,No,Madhya Pradesh|Tier 2B,Madhya Pradesh|Ujjain,,,,Madhya Pradesh|Ujjain,
Ujjain charitable trust hospital and research center,Madhya Pradesh,UJJAIN,Ujjain,Tier 2B,Yes,Yes,Yes,Yes,Yes,Madhya Pradesh|Tier 2B,Madhya Pradesh|Ujjain,Madhya Pradesh|Ujjain,Madhya Pradesh|Ujjain,Madhya Pradesh|Ujjain,Madhya Pradesh|Ujjain,Madhya Pradesh|Ujjain
Apnahospital,Madhya Pradesh,ujjain,Ujjain,Tier 2B,Yes,Yes,Yes,Yes,Yes,Madhya Pradesh|Tier 2B,Madhya Pradesh|Ujjain,Madhya Pradesh|Ujjain,Madhya Pradesh|Ujjain,Madhya Pradesh|Ujjain,Madhya Pradesh|Ujjain,Madhya Pradesh|Ujjain
ANIL MULTISPECIALITY HOSPITAL,Maharashtra,ULHASNAGAR,Ulhasnagar,Tier 3,Yes,Yes,Yes,Yes,Yes,Maharashtra|Tier 3,Maharashtra|Ulhasnagar,Maharashtra|Ulhasnagar,Maharashtra|Ulhasnagar,Maharashtra|Ulhasnagar,Maharashtra|Ulhasnagar,Maharashtra|Ulhasnagar
MCS Diagnostic And Hospital Private Limited,West Bengal,Uluberia,Uluberia,Tier 3,Yes,Yes,Yes,Yes,No,West Bengal|Tier 3,West Bengal|Uluberia,West Bengal|Uluberia,West Bengal|Uluberia,West Bengal|Uluberia,West Bengal|Uluberia,
NEW JEEVANDEEP NURSING HOME,West Bengal,ULUBERIA,Uluberia,Tier 3,No,No,No,Yes,Yes,West Bengal|Tier 3,West Bengal|Uluberia,,,,West Bengal|Uluberia,West Bengal|Uluberia
Care & Cure Nursing Home,West Bengal,ULUBERIA,Uluberia,Tier 3,Yes,Yes,No,Yes,No,West Bengal|Tier 3,West Bengal|Uluberia,West Bengal|Uluberia,West Bengal|Uluberia,,West Bengal|Uluberia,
SEBABRATA SUPER SPECIALIST HOSPITAL & DIAGNOSTIC CNTRE PVT. LTD.,West Bengal,ULUBERIA,Uluberia,Tier 3,Yes,No,No,Yes,Yes,West Bengal|Tier 3,West Bengal|Uluberia,West Bengal|Uluberia,,,West Bengal|Uluberia,West Bengal|Uluberia
PP HOSPITAL AND DIAGNOSTIC CENTRE PRIVATE LIMITED,West Bengal,ULUBERIA,Uluberia,Tier 3,Yes,Yes,No,Yes,Yes,West Bengal|Tier 3,West Bengal|Uluberia,West Bengal|Uluberia,West Bengal|Uluberia,,West Bengal|Uluberia,West Bengal|Uluberia
RAINBOW HOSPITAL & DIAGNOSTIC SERVICE,West Bengal,ULUBERIA,Uluberia,Tier 3,Yes,Yes,Yes,Yes,Yes,West Bengal|Tier 3,West Bengal|Uluberia,West Bengal|Uluberia,West Bengal|Uluberia,West Bengal|Uluberia,West Bengal|Uluberia,West Bengal|Uluberia
KMC Eye Hospital,Maharashtra,Ulwe,Ulwe,Tier 3,No,No,Yes,No,No,Maharashtra|Tier 3,Maharashtra|Ulwe,,,Maharashtra|Ulwe,,
Morya Netralaya,Maharashtra,Ulwe,Ulwe,Tier 3,No,No,Yes,No,No,Maharashtra|Tier 3,Maharashtra|Ulwe,,,Maharashtra|Ulwe,,
NIVA HOSPITAL,Gujarat,"UMBERGAON,  VALSAD",Umbergaon Valsad,Tier 3,No,Yes,No,Yes,No,Gujarat|Tier 3,Gujarat|Umbergaon Valsad,,Gujarat|Umbergaon Valsad,,Gujarat|Umbergaon Valsad,
BLESSINGS DR RAVI CHILD CARE HOSPITAL,Himachal Pradesh,UNA,Una,Tier 3,No,No,No,No,Yes,Himachal Pradesh|Tier 3,Himachal Pradesh|Una,,,,,Himachal Pradesh|Una
Dr. Goyal's EyeCare,Himachal Pradesh,Una,Una,Tier 3,No,No,Yes,No,No,Himachal Pradesh|Tier 3,Himachal Pradesh|Una,,,Himachal Pradesh|Una,,
NAVNEET UROLOGY AND GENERAL SURGERY HOSPITAL,Himachal Pradesh,UNA,Una,Tier 3,No,No,No,No,No,Himachal Pradesh|Tier 3,Himachal Pradesh|Una,,,,,
GRACE MEGACARE MULTISPECALITY HOSPITAL,Himachal Pradesh,UNA,Una,Tier 3,No,No,No,Yes,No,Himachal Pradesh|Tier 3,Himachal Pradesh|Una,,,,Himachal Pradesh|Una,
Shivam Orthocare,Himachal Pradesh,Una,Una,Tier 3,No,No,No,No,No,Himachal Pradesh|Tier 3,Himachal Pradesh|Una,,,,,
dr priyadeep bansal,Himachal Pradesh,UNA,Una,Tier 3,No,No,No,No,No,Himachal Pradesh|Tier 3,Himachal Pradesh|Una,,,,,
SAIKRUPA DRUSHTI EYE HOSPITAL,Maharashtra,URAN,Uran,Tier 3,No,No,Yes,No,No,Maharashtra|Tier 3,Maharashtra|Uran,,,Maharashtra|Uran,,
Chaitanya Multispeciality Hospital,Maharashtra,"Uran Islampur,",Uran Islampur,Tier 3,Yes,No,No,No,No,Maharashtra|Tier 3,Maharashtra|Uran Islampur,Maharashtra|Uran Islampur,,,,
MAMTA NURSING HOME,West Bengal,Uttar Dinajpur,Uttar Dinajpur,Tier 3,No,No,No,No,No,West Bengal|Tier 3,West Bengal|Uttar Dinajpur,,,,,
Ayushman Hospital,Uttar Pradesh,UTTAR PRADESH,Bijnor,Tier 3,No,No,No,Yes,No,Uttar Pradesh|Tier 3,Uttar Pradesh|Bijnor,,,,Uttar Pradesh|Bijnor,
Ishan Ayurvedic Medical College and Research Centre,Uttar Pradesh,Uttar Pradesh,Noida,Tier 1,No,No,No,No,No,Uttar Pradesh|Tier 1,Uttar Pradesh|Noida,,,,,
HEALIC MULTISPECIALITY HOSPITAL,Uttarakhand,Uttrakhand,Uttrakhand,Tier 3,No,No,No,Yes,No,Uttarakhand|Tier 3,Uttarakhand|Uttrakhand,,,,Uttarakhand|Uttrakhand,
SRI SAI KARTHIK HOSPITAL,Tamil Nadu,VADAKUTHU,Vadakuthu,Tier 3,Yes,Yes,No,Yes,Yes,Tamil Nadu|Tier 3,Tamil Nadu|Vadakuthu,Tamil Nadu|Vadakuthu,Tamil Nadu|Vadakuthu,,Tamil Nadu|Vadakuthu,Tamil Nadu|Vadakuthu
MAA HOSPITAL MULTYSPECIALITY AND ICU,Gujarat,VADOADARA,Vadoadara,Tier 3,No,Yes,No,Yes,No,Gujarat|Tier 3,Gujarat|Vadoadara,,Gujarat|Vadoadara,,Gujarat|Vadoadara,
BARODA HEART INSTITUTE & RESEARCH CENTRE,Gujarat,VADODARA,Vadodara,Tier 2A,Yes,No,No,No,No,Gujarat|Tier 2A,Gujarat|Vadodara,Gujarat|Vadodara,,,,
SHREE VITTHALESH HOSPITAL,Gujarat,VADODARA,Vadodara,Tier 2A,No,No,Yes,No,No,Gujarat|Tier 2A,Gujarat|Vadodara,,,Gujarat|Vadodara,,
NAVYA NURSING HOME AND PHYSIOTHERAPY,Gujarat,Vadodara,Vadodara,Tier 2A,No,No,No,No,No,Gujarat|Tier 2A,Gujarat|Vadodara,,,,,
dirghayu hospital,Gujarat,vadodara,Vadodara,Tier 2A,No,No,No,No,No,Gujarat|Tier 2A,Gujarat|Vadodara,,,,,
PATEL HOSPITAL,Gujarat,Vadodara,Vadodara,Tier 2A,No,No,No,Yes,No,Gujarat|Tier 2A,Gujarat|Vadodara,,,,Gujarat|Vadodara,
SOHAM EYE CARE,Gujarat,Vadodara,Vadodara,Tier 2A,No,No,No,No,No,Gujarat|Tier 2A,Gujarat|Vadodara,,,,,
NAND HOSPITAL,Gujarat,VADODARA,Vadodara,Tier 2A,Yes,Yes,No,Yes,No,Gujarat|Tier 2A,Gujarat|Vadodara,Gujarat|Vadodara,Gujarat|Vadodara,,Gujarat|Vadodara,
SUMANDEEP HOSPITAL LLP,Gujarat,VADODARA,Vadodara,Tier 2A,No,No,No,Yes,Yes,Gujarat|Tier 2A,Gujarat|Vadodara,,,,Gujarat|Vadodara,Gujarat|Vadodara
SUNRISEHODPITAL,Gujarat,Vadodara,Vadodara,Tier 2A,Yes,No,No,Yes,No,Gujarat|Tier 2A,Gujarat|Vadodara,Gujarat|Vadodara,,,Gujarat|Vadodara,
VATSALYA CHILDREN HOSPITAL,Gujarat,VADODARA,Vadodara,Tier 2A,No,No,No,No,No,Gujarat|Tier 2A,Gujarat|Vadodara,,,,,
AARANYA HOPSITAL,Gujarat,VADODARA,Vadodara,Tier 2A,No,No,No,Yes,No,Gujarat|Tier 2A,Gujarat|Vadodara,,,,Gujarat|Vadodara,
AARADHYA UROLOGY HOSPITAL,Gujarat,VADODARA,Vadodara,Tier 2A,No,No,No,No,No,Gujarat|Tier 2A,Gujarat|Vadodara,,,,,
MEDWIN MULTISPECIALITY HOSPITAL,Gujarat,VADODARA,Vadodara,Tier 2A,Yes,No,No,Yes,No,Gujarat|Tier 2A,Gujarat|Vadodara,Gujarat|Vadodara,,,Gujarat|Vadodara,
KRISH HOSPITAL,Gujarat,VADODARA,Vadodara,Tier 2A,No,Yes,No,No,No,Gujarat|Tier 2A,Gujarat|Vadodara,,Gujarat|Vadodara,,,
ANUJ CHILDREN HOSPITAL,Gujarat,VADODARA,Vadodara,Tier 2A,No,No,No,No,No,Gujarat|Tier 2A,Gujarat|Vadodara,,,,,
SUBHANPURA HOSPITAL,Gujarat,VADODARA,Vadodara,Tier 2A,No,No,No,No,No,Gujarat|Tier 2A,Gujarat|Vadodara,,,,,
The Children's Hospital,Gujarat,VADODARA,Vadodara,Tier 2A,Yes,Yes,Yes,No,Yes,Gujarat|Tier 2A,Gujarat|Vadodara,Gujarat|Vadodara,Gujarat|Vadodara,Gujarat|Vadodara,,Gujarat|Vadodara
seven colors children hospital,Gujarat,vadodara,Vadodara,Tier 2A,No,No,No,No,No,Gujarat|Tier 2A,Gujarat|Vadodara,,,,,
SINGH UROLOGY HOSPITAL,Gujarat,VADODARA,Vadodara,Tier 2A,No,No,No,No,No,Gujarat|Tier 2A,Gujarat|Vadodara,,,,,
Happy Lungs Hospital,Gujarat,Vadodara,Vadodara,Tier 2A,No,No,No,No,No,Gujarat|Tier 2A,Gujarat|Vadodara,,,,,
Shree Goverdhan Hospital,Gujarat,vadodara,Vadodara,Tier 2A,No,No,No,Yes,No,Gujarat|Tier 2A,Gujarat|Vadodara,,,,Gujarat|Vadodara,
Care multispeciality hospital maneja,Gujarat,Vadodara,Vadodara,Tier 2A,No,Yes,No,Yes,No,Gujarat|Tier 2A,Gujarat|Vadodara,,Gujarat|Vadodara,,Gujarat|Vadodara,
PRANAYAM HEALTH CARE PRIVATE LIMITED,Gujarat,VADODARA,Vadodara,Tier 2A,Yes,Yes,No,No,No,Gujarat|Tier 2A,Gujarat|Vadodara,Gujarat|Vadodara,Gujarat|Vadodara,,,
ADARSH HOSPITAL,Gujarat,VADODARA,Vadodara,Tier 2A,No,No,No,No,No,Gujarat|Tier 2A,Gujarat|Vadodara,,,,,
AKASHHOSPITAL & ICU,Gujarat,VADODARA,Vadodara,Tier 2A,No,No,No,No,No,Gujarat|Tier 2A,Gujarat|Vadodara,,,,,
safal health care,Gujarat,vadodara,Vadodara,Tier 2A,No,Yes,No,Yes,No,Gujarat|Tier 2A,Gujarat|Vadodara,,Gujarat|Vadodara,,Gujarat|Vadodara,
Panchavati Hospital,Gujarat,Vadodara,Vadodara,Tier 2A,No,No,No,No,No,Gujarat|Tier 2A,Gujarat|Vadodara,,,,,
DR DIPEN AGRAWAL,Gujarat,Vadodara,Vadodara,Tier 2A,No,No,No,No,No,Gujarat|Tier 2A,Gujarat|Vadodara,,,,,
sudhalkareyehospital,Gujarat,VADODARA,Vadodara,Tier 2A,No,No,Yes,No,No,Gujarat|Tier 2A,Gujarat|Vadodara,,,Gujarat|Vadodara,,
KALAVATIMULTISPECIALITYHOSPITAL,Gujarat,VADODARA,Vadodara,Tier 2A,No,No,No,No,No,Gujarat|Tier 2A,Gujarat|Vadodara,,,,,
EMPIRE HOSPITAL,Gujarat,Vadodara,Vadodara,Tier 2A,No,No,No,Yes,Yes,Gujarat|Tier 2A,Gujarat|Vadodara,,,,Gujarat|Vadodara,Gujarat|Vadodara
Anjna Hospital and Clinisearch Pvt Ltd,Gujarat,VADODARA,Vadodara,Tier 2A,Yes,No,No,No,No,Gujarat|Tier 2A,Gujarat|Vadodara,Gujarat|Vadodara,,,,
JIGAR BRAHMBHATT,Gujarat,VADODARA,Vadodara,Tier 2A,No,No,No,No,No,Gujarat|Tier 2A,Gujarat|Vadodara,,,,,
Astha Children Hospital,Gujarat,VADODARA,Vadodara,Tier 2A,No,No,No,No,No,Gujarat|Tier 2A,Gujarat|Vadodara,,,,,
KALPVRUKSH MULTISPECIALITY HOSPITAL,Gujarat,Vadodara,Vadodara,Tier 2A,No,Yes,Yes,Yes,No,Gujarat|Tier 2A,Gujarat|Vadodara,,Gujarat|Vadodara,Gujarat|Vadodara,Gujarat|Vadodara,
AMAN HOSPITAL AND RESEARCH CENTER,Gujarat,Vadodara,Vadodara,Tier 2A,No,No,No,No,No,Gujarat|Tier 2A,Gujarat|Vadodara,,,,,
sushrut piles hospital,Gujarat,VADODARA,Vadodara,Tier 2A,No,No,No,No,No,Gujarat|Tier 2A,Gujarat|Vadodara,,,,,
atman uro-gynaec hospital,Gujarat,VADODARA,Vadodara,Tier 2A,No,No,No,Yes,No,Gujarat|Tier 2A,Gujarat|Vadodara,,,,Gujarat|Vadodara,
GAYATRI HOSPITAL,Gujarat,VADODARA,Vadodara,Tier 2A,No,No,No,No,Yes,Gujarat|Tier 2A,Gujarat|Vadodara,,,,,Gujarat|Vadodara
vaishvi hospital,Gujarat,vadodara,Vadodara,Tier 2A,No,No,No,No,No,Gujarat|Tier 2A,Gujarat|Vadodara,,,,,
SHREEM EYE & ORTHOPAEDIC HOSPITAL,Gujarat,VADODARA,Vadodara,Tier 2A,No,No,Yes,No,No,Gujarat|Tier 2A,Gujarat|Vadodara,,,Gujarat|Vadodara,,
Jupiter Hospital And Research Centre,Gujarat,vadodara,Vadodara,Tier 2A,Yes,Yes,Yes,Yes,Yes,Gujarat|Tier 2A,Gujarat|Vadodara,Gujarat|Vadodara,Gujarat|Vadodara,Gujarat|Vadodara,Gujarat|Vadodara,Gujarat|Vadodara
VISHNU EYE HOSPITAL,Gujarat,VADODARA,Vadodara,Tier 2A,No,No,Yes,No,No,Gujarat|Tier 2A,Gujarat|Vadodara,,,Gujarat|Vadodara,,
PRANAYAM LUNG AND HEART INSTITUTE,Gujarat,VADODARA,Vadodara,Tier 2A,Yes,Yes,No,No,No,Gujarat|Tier 2A,Gujarat|Vadodara,Gujarat|Vadodara,Gujarat|Vadodara,,,
NARAYAN HOSPITAL,Gujarat,VADODARA,Vadodara,Tier 2A,Yes,No,No,No,No,Gujarat|Tier 2A,Gujarat|Vadodara,Gujarat|Vadodara,,,,
SHREE HOSPITAL,Gujarat,Vadodara,Vadodara,Tier 2A,No,No,No,No,No,Gujarat|Tier 2A,Gujarat|Vadodara,,,,,
DOSHI WELLCARE HOSPITAL,Gujarat,VADODARA,Vadodara,Tier 2A,No,No,No,No,No,Gujarat|Tier 2A,Gujarat|Vadodara,,,,,
KANHA CHILDREN HOSPITAL,Gujarat,VADODARA,Vadodara,Tier 2A,No,No,No,No,No,Gujarat|Tier 2A,Gujarat|Vadodara,,,,,
Secure ICU & Specialty Hospital,Gujarat,VADODARA,Vadodara,Tier 2A,Yes,No,No,No,No,Gujarat|Tier 2A,Gujarat|Vadodara,Gujarat|Vadodara,,,,
Devpushp Diva Hospital,Gujarat,VADODARA,Vadodara,Tier 2A,No,No,No,Yes,No,Gujarat|Tier 2A,Gujarat|Vadodara,,,,Gujarat|Vadodara,
Devpushp Super Speciality Hospital,Gujarat,VADODARA,Vadodara,Tier 2A,No,Yes,No,Yes,No,Gujarat|Tier 2A,Gujarat|Vadodara,,Gujarat|Vadodara,,Gujarat|Vadodara,
Harnimultispecialityhospital,Gujarat,VADODARA,Vadodara,Tier 2A,Yes,Yes,Yes,Yes,Yes,Gujarat|Tier 2A,Gujarat|Vadodara,Gujarat|Vadodara,Gujarat|Vadodara,Gujarat|Vadodara,Gujarat|Vadodara,Gujarat|Vadodara
vala eye centre,Gujarat,VADODARA,Vadodara,Tier 2A,No,No,Yes,No,No,Gujarat|Tier 2A,Gujarat|Vadodara,,,Gujarat|Vadodara,,
OM MULTISPECIALITY HOSPITAL,Gujarat,VADODARA,Vadodara,Tier 2A,No,No,No,Yes,No,Gujarat|Tier 2A,Gujarat|Vadodara,,,,Gujarat|Vadodara,
Anand Hospital,Maharashtra,VAIJAPUR,Vaijapur,Tier 3,Yes,Yes,Yes,Yes,Yes,Maharashtra|Tier 3,Maharashtra|Vaijapur,Maharashtra|Vaijapur,Maharashtra|Vaijapur,Maharashtra|Vaijapur,Maharashtra|Vaijapur,Maharashtra|Vaijapur
BRAHAM JYOTI HOSPITAL,Bihar,Vaishali,Vaishali,Tier 3,No,No,No,Yes,Yes,Bihar|Tier 3,Bihar|Vaishali,,,,Bihar|Vaishali,Bihar|Vaishali
MALABAR EYE FOUNDATION,Kerala,VALANCHERY,Valanchery,Tier 3,No,No,No,No,No,Kerala|Tier 3,Kerala|Valanchery,,,,,
healfirst multispeciality hospital pvt. ltd.,Gujarat,valsad,Valsad,Tier 3,Yes,Yes,Yes,Yes,Yes,Gujarat|Tier 3,Gujarat|Valsad,Gujarat|Valsad,Gujarat|Valsad,Gujarat|Valsad,Gujarat|Valsad,Gujarat|Valsad
KCMorthoanddiabetic specialitycentre,Tamil Nadu,Vanur TK,Vanur Tk,Tier 3,No,No,No,No,No,Tamil Nadu|Tier 3,Tamil Nadu|Vanur Tk,,,,,
VINAYAK HOSPITAL AND ICU,Gujarat,Vapi,Vapi,Tier 3,No,No,No,No,No,Gujarat|Tier 3,Gujarat|Vapi,,,,,
PURVANCHAL SUPER SPECIALITY HOSPITAL PVT. LTD.,Uttar Pradesh,VARANASI,Varanasi,Tier 2B,Yes,Yes,Yes,Yes,Yes,Uttar Pradesh|Tier 2B,Uttar Pradesh|Varanasi,Uttar Pradesh|Varanasi,Uttar Pradesh|Varanasi,Uttar Pradesh|Varanasi,Uttar Pradesh|Varanasi,Uttar Pradesh|Varanasi
New Jagriti hospital,Uttar Pradesh,Varanasi,Varanasi,Tier 2B,No,Yes,No,Yes,Yes,Uttar Pradesh|Tier 2B,Uttar Pradesh|Varanasi,,Uttar Pradesh|Varanasi,,Uttar Pradesh|Varanasi,Uttar Pradesh|Varanasi
Sharabh Hospital Pvt.Ltd.,Uttar Pradesh,Varanasi,Varanasi,Tier 2B,Yes,No,No,Yes,Yes,Uttar Pradesh|Tier 2B,Uttar Pradesh|Varanasi,Uttar Pradesh|Varanasi,,,Uttar Pradesh|Varanasi,Uttar Pradesh|Varanasi
JEEVANANMOLHOSPITAL,Uttar Pradesh,VARANASI,Varanasi,Tier 2B,No,Yes,No,No,No,Uttar Pradesh|Tier 2B,Uttar Pradesh|Varanasi,,Uttar Pradesh|Varanasi,,,
PBS SUPER SPECIALITY HOSPITAL,Uttar Pradesh,VARANASI,Varanasi,Tier 2B,Yes,Yes,No,Yes,No,Uttar Pradesh|Tier 2B,Uttar Pradesh|Varanasi,Uttar Pradesh|Varanasi,Uttar Pradesh|Varanasi,,Uttar Pradesh|Varanasi,
EYE SIGHT CENTRE,Uttar Pradesh,VARANASI,Varanasi,Tier 2B,No,No,Yes,No,No,Uttar Pradesh|Tier 2B,Uttar Pradesh|Varanasi,,,Uttar Pradesh|Varanasi,,
NEERKAMAL HOSPITAL,Uttar Pradesh,VARANASI,Varanasi,Tier 2B,No,No,No,Yes,Yes,Uttar Pradesh|Tier 2B,Uttar Pradesh|Varanasi,,,,Uttar Pradesh|Varanasi,Uttar Pradesh|Varanasi
SAH MATERNITY AND EYE HOSPITAL PVT LTD,Uttar Pradesh,VARANASI,Varanasi,Tier 2B,No,No,Yes,No,No,Uttar Pradesh|Tier 2B,Uttar Pradesh|Varanasi,,,Uttar Pradesh|Varanasi,,
SONI NETRALAYA,Uttar Pradesh,VARANASI,Varanasi,Tier 2B,No,No,Yes,No,No,Uttar Pradesh|Tier 2B,Uttar Pradesh|Varanasi,,,Uttar Pradesh|Varanasi,,
CITIZEN HOSPITAL,Uttar Pradesh,VARANASI,Varanasi,Tier 2B,No,No,No,Yes,No,Uttar Pradesh|Tier 2B,Uttar Pradesh|Varanasi,,,,Uttar Pradesh|Varanasi,
7 Med Hospital ( wing of 7 Med India Private Limited),Uttar Pradesh,Varanasi,Varanasi,Tier 2B,No,Yes,No,Yes,No,Uttar Pradesh|Tier 2B,Uttar Pradesh|Varanasi,,Uttar Pradesh|Varanasi,,Uttar Pradesh|Varanasi,
Shiv sharda memorial hospital,Uttar Pradesh,VARANASI,Varanasi,Tier 2B,Yes,Yes,No,Yes,Yes,Uttar Pradesh|Tier 2B,Uttar Pradesh|Varanasi,Uttar Pradesh|Varanasi,Uttar Pradesh|Varanasi,,Uttar Pradesh|Varanasi,Uttar Pradesh|Varanasi
Re-Life Care Hospital,Uttar Pradesh,VARANASI,Varanasi,Tier 2B,Yes,Yes,Yes,Yes,Yes,Uttar Pradesh|Tier 2B,Uttar Pradesh|Varanasi,Uttar Pradesh|Varanasi,Uttar Pradesh|Varanasi,Uttar Pradesh|Varanasi,Uttar Pradesh|Varanasi,Uttar Pradesh|Varanasi
RAMA CHILD CARE AND MULTI SPECIALITY HOSPITAL,Uttar Pradesh,VARANASI,Varanasi,Tier 2B,Yes,Yes,No,No,No,Uttar Pradesh|Tier 2B,Uttar Pradesh|Varanasi,Uttar Pradesh|Varanasi,Uttar Pradesh|Varanasi,,,
Heritage Institute Of Medical Science,Uttar Pradesh,VARANASI,Varanasi,Tier 2B,Yes,Yes,Yes,Yes,Yes,Uttar Pradesh|Tier 2B,Uttar Pradesh|Varanasi,Uttar Pradesh|Varanasi,Uttar Pradesh|Varanasi,Uttar Pradesh|Varanasi,Uttar Pradesh|Varanasi,Uttar Pradesh|Varanasi
AMRITASHA HOSPITALS & TRAUMA CENTER PVT. LTD.,Uttar Pradesh,VARANASI,Varanasi,Tier 2B,Yes,No,Yes,Yes,Yes,Uttar Pradesh|Tier 2B,Uttar Pradesh|Varanasi,Uttar Pradesh|Varanasi,,Uttar Pradesh|Varanasi,Uttar Pradesh|Varanasi,Uttar Pradesh|Varanasi
Vanshika Childern Hospital,Uttar Pradesh,VARANASI,Varanasi,Tier 2B,No,No,No,No,No,Uttar Pradesh|Tier 2B,Uttar Pradesh|Varanasi,,,,,
Indra Hospital,Uttar Pradesh,Varanasi,Varanasi,Tier 2B,Yes,Yes,Yes,Yes,Yes,Uttar Pradesh|Tier 2B,Uttar Pradesh|Varanasi,Uttar Pradesh|Varanasi,Uttar Pradesh|Varanasi,Uttar Pradesh|Varanasi,Uttar Pradesh|Varanasi,Uttar Pradesh|Varanasi
GURUDEV HOSPITAL,Uttar Pradesh,VARANASI,Varanasi,Tier 2B,Yes,No,No,Yes,Yes,Uttar Pradesh|Tier 2B,Uttar Pradesh|Varanasi,Uttar Pradesh|Varanasi,,,Uttar Pradesh|Varanasi,Uttar Pradesh|Varanasi
RD Hospital,Uttar Pradesh,Varanasi,Varanasi,Tier 2B,Yes,No,No,Yes,Yes,Uttar Pradesh|Tier 2B,Uttar Pradesh|Varanasi,Uttar Pradesh|Varanasi,,,Uttar Pradesh|Varanasi,Uttar Pradesh|Varanasi
LG MULTISPECIALITY HOSPITAL AND TRAUMA CENTRE,Uttar Pradesh,VARANASI,Varanasi,Tier 2B,No,No,No,Yes,Yes,Uttar Pradesh|Tier 2B,Uttar Pradesh|Varanasi,,,,Uttar Pradesh|Varanasi,Uttar Pradesh|Varanasi
NEW SHRI SAI VARDAN HOSPITAL & RUDRA ANARECTAL CENTER,Uttar Pradesh,VARANASI,Varanasi,Tier 2B,Yes,No,No,Yes,No,Uttar Pradesh|Tier 2B,Uttar Pradesh|Varanasi,Uttar Pradesh|Varanasi,,,Uttar Pradesh|Varanasi,
GEORGIAN SUPERSPECIALITY HOSPITAL,Uttar Pradesh,Varanasi,Varanasi,Tier 2B,Yes,Yes,No,Yes,Yes,Uttar Pradesh|Tier 2B,Uttar Pradesh|Varanasi,Uttar Pradesh|Varanasi,Uttar Pradesh|Varanasi,,Uttar Pradesh|Varanasi,Uttar Pradesh|Varanasi
CITY HOSPITAL (A UNIT OF DOUBLE A ASSOCIATES),Uttar Pradesh,varanasi,Varanasi,Tier 2B,Yes,Yes,No,Yes,Yes,Uttar Pradesh|Tier 2B,Uttar Pradesh|Varanasi,Uttar Pradesh|Varanasi,Uttar Pradesh|Varanasi,,Uttar Pradesh|Varanasi,Uttar Pradesh|Varanasi
CARMEL  MEDICAL  CENTRE,Kerala,Varappuzha (Ct),Varappuzha Ct,Tier 3,No,No,No,Yes,No,Kerala|Tier 3,Kerala|Varappuzha Ct,,,,Kerala|Varappuzha Ct,
FATHERWADI MULTISPECIALITY HOSPITAL,Maharashtra,VASAI,Vasai,Tier 2B,No,No,No,Yes,No,Maharashtra|Tier 2B,Maharashtra|Vasai,,,,Maharashtra|Vasai,
Baxay Prime Multispeciality Hospital & ICU,Maharashtra,VASAI,Vasai,Tier 2B,Yes,Yes,Yes,Yes,No,Maharashtra|Tier 2B,Maharashtra|Vasai,Maharashtra|Vasai,Maharashtra|Vasai,Maharashtra|Vasai,Maharashtra|Vasai,
GENESIS HOSPITAL,Maharashtra,Vasai,Vasai,Tier 2B,Yes,Yes,Yes,Yes,Yes,Maharashtra|Tier 2B,Maharashtra|Vasai,Maharashtra|Vasai,Maharashtra|Vasai,Maharashtra|Vasai,Maharashtra|Vasai,Maharashtra|Vasai
MEDIPRIME MULTISPECIALITY HOSPITAL,Maharashtra,VASAI EAST,Vasai East,Tier 3,Yes,Yes,No,No,No,Maharashtra|Tier 3,Maharashtra|Vasai East,Maharashtra|Vasai East,Maharashtra|Vasai East,,,
Evershine Multispeciality Hospital,Maharashtra,Vasai East,Vasai East,Tier 3,Yes,Yes,No,No,No,Maharashtra|Tier 3,Maharashtra|Vasai East,Maharashtra|Vasai East,Maharashtra|Vasai East,,,
Aarogyam Hospital,Maharashtra,vasai road,Vasai,Tier 2B,Yes,Yes,Yes,Yes,Yes,Maharashtra|Tier 2B,Maharashtra|Vasai,Maharashtra|Vasai,Maharashtra|Vasai,Maharashtra|Vasai,Maharashtra|Vasai,Maharashtra|Vasai
NAVJEEVAN HOSPITAL,Maharashtra,VASHI,Vashi,Tier 3,Yes,Yes,Yes,Yes,Yes,Maharashtra|Tier 3,Maharashtra|Vashi,Maharashtra|Vashi,Maharashtra|Vashi,Maharashtra|Vashi,Maharashtra|Vashi,Maharashtra|Vashi
SKY ONCOLOGY LLP,Maharashtra,VASHI,Vashi,Tier 3,No,Yes,No,No,No,Maharashtra|Tier 3,Maharashtra|Vashi,,Maharashtra|Vashi,,,
SHREE RAMKRISHNA NETARALAYA,Maharashtra,Vashi,Vashi,Tier 3,No,No,No,No,No,Maharashtra|Tier 3,Maharashtra|Vashi,,,,,
SAINT MARYS HOSPITAL,Tamil Nadu,VELLORE,Vellore,Tier 3,Yes,Yes,Yes,Yes,Yes,Tamil Nadu|Tier 3,Tamil Nadu|Vellore,Tamil Nadu|Vellore,Tamil Nadu|Vellore,Tamil Nadu|Vellore,Tamil Nadu|Vellore,Tamil Nadu|Vellore
LIFELINE MULTISPECIALITY HOSPITAL,Gujarat,VERAVAL,Veraval,Tier 3,No,No,No,No,No,Gujarat|Tier 3,Gujarat|Veraval,,,,,
SHRI SHANKAR HOSPITAL,Madhya Pradesh,VIDISHA,Vidisha,Tier 3,Yes,Yes,Yes,Yes,Yes,Madhya Pradesh|Tier 3,Madhya Pradesh|Vidisha,Madhya Pradesh|Vidisha,Madhya Pradesh|Vidisha,Madhya Pradesh|Vidisha,Madhya Pradesh|Vidisha,Madhya Pradesh|Vidisha
SADAIVA SPARSHA HOSPITAL,Karnataka,VIJAYAPUR,Vijayapur,Tier 3,No,Yes,No,Yes,Yes,Karnataka|Tier 3,Karnataka|Vijayapur,,Karnataka|Vijayapur,,Karnataka|Vijayapur,Karnataka|Vijayapur
SINDUR HOSPITAL,Karnataka,VIJAYAPUR,Vijayapur,Tier 3,No,No,No,Yes,No,Karnataka|Tier 3,Karnataka|Vijayapur,,,,Karnataka|Vijayapur,
Shree Bhavani Maternity & Nursing Home,Karnataka,Vijayapur,Vijayapur,Tier 3,No,No,No,Yes,No,Karnataka|Tier 3,Karnataka|Vijayapur,,,,Karnataka|Vijayapur,
"Shri Bhagyavanti Multispeciality Hospital & RC, Vijayapura",Karnataka,Vijayapur,Vijayapur,Tier 3,No,No,No,Yes,Yes,Karnataka|Tier 3,Karnataka|Vijayapur,,,,Karnataka|Vijayapur,Karnataka|Vijayapur
Shifa Multispeciality Hospital,Karnataka,Vijayapura,Vijayapura,Tier 3,Yes,No,No,Yes,Yes,Karnataka|Tier 3,Karnataka|Vijayapura,Karnataka|Vijayapura,,,Karnataka|Vijayapura,Karnataka|Vijayapura
BALYA HOSPITAL FOR CHILDREN,Andhra Pradesh,VIJAYAWADA,Vijayawada,Tier 2B,No,No,No,Yes,Yes,Andhra Pradesh|Tier 2B,Andhra Pradesh|Vijayawada,,,,Andhra Pradesh|Vijayawada,Andhra Pradesh|Vijayawada
BHANU HOSPITAL,Andhra Pradesh,VIJAYAWADA,Vijayawada,Tier 2B,No,No,No,Yes,No,Andhra Pradesh|Tier 2B,Andhra Pradesh|Vijayawada,,,,Andhra Pradesh|Vijayawada,
VIDHATA HOSPITAL,Andhra Pradesh,vijayawada,Vijayawada,Tier 2B,Yes,No,Yes,Yes,No,Andhra Pradesh|Tier 2B,Andhra Pradesh|Vijayawada,Andhra Pradesh|Vijayawada,,Andhra Pradesh|Vijayawada,Andhra Pradesh|Vijayawada,
"Ashraff Maternity, ENT & Multispeciality Hospital",Andhra Pradesh,Vijayawada,Vijayawada,Tier 2B,No,No,No,Yes,Yes,Andhra Pradesh|Tier 2B,Andhra Pradesh|Vijayawada,,,,Andhra Pradesh|Vijayawada,Andhra Pradesh|Vijayawada
KRISHNA SOMSIYARAM CHILDREN AND MULTISPECIALITY HOSPITAL,Andhra Pradesh,VIJAYAWADA,Vijayawada,Tier 2B,Yes,No,Yes,Yes,No,Andhra Pradesh|Tier 2B,Andhra Pradesh|Vijayawada,Andhra Pradesh|Vijayawada,,Andhra Pradesh|Vijayawada,Andhra Pradesh|Vijayawada,
RIYA SUPER SPECIALITY ORTHOPEDIC HOSPITAL,Andhra Pradesh,Vijayawada,Vijayawada,Tier 2B,No,No,Yes,No,No,Andhra Pradesh|Tier 2B,Andhra Pradesh|Vijayawada,,,Andhra Pradesh|Vijayawada,,
sindhura hospitals,Andhra Pradesh,VIJAYAWADA,Vijayawada,Tier 2B,No,No,No,Yes,No,Andhra Pradesh|Tier 2B,Andhra Pradesh|Vijayawada,,,,Andhra Pradesh|Vijayawada,
SAFE VISION SUPER SPECIALITY EYE HOSPITAL LLP,Andhra Pradesh,VIJAYAWADA,Vijayawada,Tier 2B,No,No,Yes,No,No,Andhra Pradesh|Tier 2B,Andhra Pradesh|Vijayawada,,,Andhra Pradesh|Vijayawada,,
MODERNEYEHOSPITAL,Andhra Pradesh,Vijayawada,Vijayawada,Tier 2B,No,No,Yes,No,No,Andhra Pradesh|Tier 2B,Andhra Pradesh|Vijayawada,,,Andhra Pradesh|Vijayawada,,
RANJITH EYE HOSPITAL,Andhra Pradesh,VIJAYAWADA,Vijayawada,Tier 2B,No,No,Yes,No,No,Andhra Pradesh|Tier 2B,Andhra Pradesh|Vijayawada,,,Andhra Pradesh|Vijayawada,,
PURE VISION EYE LASER CENTER,Andhra Pradesh,Vijayawada,Vijayawada,Tier 2B,No,No,Yes,No,No,Andhra Pradesh|Tier 2B,Andhra Pradesh|Vijayawada,,,Andhra Pradesh|Vijayawada,,
SRI YASHODA EYE HOSPITAL,Andhra Pradesh,VIJAYAWADA,Vijayawada,Tier 2B,No,No,Yes,No,No,Andhra Pradesh|Tier 2B,Andhra Pradesh|Vijayawada,,,Andhra Pradesh|Vijayawada,,
Topax Eye Care,Maharashtra,"Vile parle ,mumbai",Mumbai,Tier 1,No,No,No,No,No,Maharashtra|Tier 1,Maharashtra|Mumbai,,,,,
DEVAKI HOSPITAL,Tamil Nadu,Villupuram,Villupuram,Tier 3,Yes,Yes,No,Yes,No,Tamil Nadu|Tier 3,Tamil Nadu|Villupuram,Tamil Nadu|Villupuram,Tamil Nadu|Villupuram,,Tamil Nadu|Villupuram,
SURESH SUPER SPECIALITY HOSPITAL,Andhra Pradesh,VINUGONDA,Vinugonda,Tier 3,No,No,No,Yes,Yes,Andhra Pradesh|Tier 3,Andhra Pradesh|Vinugonda,,,,Andhra Pradesh|Vinugonda,Andhra Pradesh|Vinugonda
Envizion Eye Care Hospital,Maharashtra,virar,Virar,Tier 2B,No,No,Yes,No,No,Maharashtra|Tier 2B,Maharashtra|Virar,,,Maharashtra|Virar,,
GLOBAL HOSPITAL,Maharashtra,VIRAR,Virar,Tier 2B,Yes,Yes,Yes,Yes,Yes,Maharashtra|Tier 2B,Maharashtra|Virar,Maharashtra|Virar,Maharashtra|Virar,Maharashtra|Virar,Maharashtra|Virar,Maharashtra|Virar
SACHREN ORTHOPAEDIC HOSPITAL AND IVF CENTRE,Maharashtra,VIRAR WEST Palghar,Virar,Tier 2B,No,Yes,No,No,No,Maharashtra|Tier 2B,Maharashtra|Virar,,Maharashtra|Virar,,,
"Dr. Rathinam Memorial Hospital LLP.,",Tamil Nadu,VIRUDHUNAGAR,Virudhunagar,Tier 3,Yes,No,Yes,Yes,No,Tamil Nadu|Tier 3,Tamil Nadu|Virudhunagar,Tamil Nadu|Virudhunagar,,Tamil Nadu|Virudhunagar,Tamil Nadu|Virudhunagar,
SRI VENKATA HARSHITHA NURSING HOME,Andhra Pradesh,Visakapatnam,Visakhapatnam,Tier 2A,No,No,No,Yes,No,Andhra Pradesh|Tier 2A,Andhra Pradesh|Visakhapatnam,,,,Andhra Pradesh|Visakhapatnam,
HELP MULTISPECIALITY AND EYE HOSPITAL,Andhra Pradesh,VISAKHAPATANAM,Visakhapatanam,Tier 3,No,No,Yes,No,No,Andhra Pradesh|Tier 3,Andhra Pradesh|Visakhapatanam,,,Andhra Pradesh|Visakhapatanam,,
RV Superspeciality Eye Care,Andhra Pradesh,Visakhapatnam,Visakhapatnam,Tier 2A,No,No,Yes,No,No,Andhra Pradesh|Tier 2A,Andhra Pradesh|Visakhapatnam,,,Andhra Pradesh|Visakhapatnam,,
Keerthana Hospital,Andhra Pradesh,Visakhapatnam,Visakhapatnam,Tier 2A,Yes,No,No,Yes,Yes,Andhra Pradesh|Tier 2A,Andhra Pradesh|Visakhapatnam,Andhra Pradesh|Visakhapatnam,,,Andhra Pradesh|Visakhapatnam,Andhra Pradesh|Visakhapatnam
BHARATHI MULTISPECIALTIY HOSPITAL,Andhra Pradesh,Visakhapatnam,Visakhapatnam,Tier 2A,Yes,No,No,Yes,No,Andhra Pradesh|Tier 2A,Andhra Pradesh|Visakhapatnam,Andhra Pradesh|Visakhapatnam,,,Andhra Pradesh|Visakhapatnam,
Pearl Vision Eye Hospital,Andhra Pradesh,VISAKHAPATNAM,Visakhapatnam,Tier 2A,No,No,Yes,No,No,Andhra Pradesh|Tier 2A,Andhra Pradesh|Visakhapatnam,,,Andhra Pradesh|Visakhapatnam,,
IKYA HOSPITAL,Andhra Pradesh,VISAKHAPATNAM,Visakhapatnam,Tier 2A,Yes,Yes,Yes,Yes,Yes,Andhra Pradesh|Tier 2A,Andhra Pradesh|Visakhapatnam,Andhra Pradesh|Visakhapatnam,Andhra Pradesh|Visakhapatnam,Andhra Pradesh|Visakhapatnam,Andhra Pradesh|Visakhapatnam,Andhra Pradesh|Visakhapatnam
KUNDAN HOSPITAL,Andhra Pradesh,VISAKHAPATNAM,Visakhapatnam,Tier 2A,No,No,No,Yes,Yes,Andhra Pradesh|Tier 2A,Andhra Pradesh|Visakhapatnam,,,,Andhra Pradesh|Visakhapatnam,Andhra Pradesh|Visakhapatnam
MANASAMULTISPECIALITYHOSPITAL,Andhra Pradesh,VISAKHAPATNAM,Visakhapatnam,Tier 2A,Yes,No,Yes,Yes,Yes,Andhra Pradesh|Tier 2A,Andhra Pradesh|Visakhapatnam,Andhra Pradesh|Visakhapatnam,,Andhra Pradesh|Visakhapatnam,Andhra Pradesh|Visakhapatnam,Andhra Pradesh|Visakhapatnam
GJS Multi Speciality Hospital,Andhra Pradesh,VISAKHAPATNAM,Visakhapatnam,Tier 2A,Yes,No,No,Yes,Yes,Andhra Pradesh|Tier 2A,Andhra Pradesh|Visakhapatnam,Andhra Pradesh|Visakhapatnam,,,Andhra Pradesh|Visakhapatnam,Andhra Pradesh|Visakhapatnam
CHROMA EYE HOSPITAL,Andhra Pradesh,VISAKHAPATNAM,Visakhapatnam,Tier 2A,No,No,Yes,No,No,Andhra Pradesh|Tier 2A,Andhra Pradesh|Visakhapatnam,,,Andhra Pradesh|Visakhapatnam,,
INDRAPRASTHA,Andhra Pradesh,VISAKHAPATNAM,Visakhapatnam,Tier 2A,Yes,Yes,Yes,Yes,Yes,Andhra Pradesh|Tier 2A,Andhra Pradesh|Visakhapatnam,Andhra Pradesh|Visakhapatnam,Andhra Pradesh|Visakhapatnam,Andhra Pradesh|Visakhapatnam,Andhra Pradesh|Visakhapatnam,Andhra Pradesh|Visakhapatnam
Sri Venkataramana Hospital,Andhra Pradesh,VISAKHAPATNAM,Visakhapatnam,Tier 2A,Yes,No,No,Yes,Yes,Andhra Pradesh|Tier 2A,Andhra Pradesh|Visakhapatnam,Andhra Pradesh|Visakhapatnam,,,Andhra Pradesh|Visakhapatnam,Andhra Pradesh|Visakhapatnam
Pulse Hospital,Andhra Pradesh,Visakhapatnam,Visakhapatnam,Tier 2A,Yes,Yes,No,Yes,Yes,Andhra Pradesh|Tier 2A,Andhra Pradesh|Visakhapatnam,Andhra Pradesh|Visakhapatnam,Andhra Pradesh|Visakhapatnam,,Andhra Pradesh|Visakhapatnam,Andhra Pradesh|Visakhapatnam
RAINBOW EYE HOSPITAL,Andhra Pradesh,Visakhapatnam,Visakhapatnam,Tier 2A,No,No,Yes,No,No,Andhra Pradesh|Tier 2A,Andhra Pradesh|Visakhapatnam,,,Andhra Pradesh|Visakhapatnam,,
MOTHERLY WOMEN AND CHILDREN HOSPITAL,Andhra Pradesh,VISAKHAPATNAM,Visakhapatnam,Tier 2A,No,No,No,Yes,Yes,Andhra Pradesh|Tier 2A,Andhra Pradesh|Visakhapatnam,,,,Andhra Pradesh|Visakhapatnam,Andhra Pradesh|Visakhapatnam
Aadhi Hospital,Andhra Pradesh,VISHAKHAPATANAM,Vishakhapatanam,Tier 3,No,No,No,Yes,No,Andhra Pradesh|Tier 3,Andhra Pradesh|Vishakhapatanam,,,,Andhra Pradesh|Vishakhapatanam,
MAHER MATERNITY HOSPITAL,Maharashtra,VITA,Vita,Tier 3,No,No,No,Yes,No,Maharashtra|Tier 3,Maharashtra|Vita,,,,Maharashtra|Vita,
ARCHANA BHASKARA NURSING HOME,Andhra Pradesh,VIZIANAGARAM,Vizianagaram,Tier 3,Yes,No,No,Yes,No,Andhra Pradesh|Tier 3,Andhra Pradesh|Vizianagaram,Andhra Pradesh|Vizianagaram,,,Andhra Pradesh|Vizianagaram,
SRI SHIRIDI SAI NURSING HOME,Andhra Pradesh,VIZIANAGARAM,Vizianagaram,Tier 3,No,No,No,Yes,Yes,Andhra Pradesh|Tier 3,Andhra Pradesh|Vizianagaram,,,,Andhra Pradesh|Vizianagaram,Andhra Pradesh|Vizianagaram
INDIRA NURSING HOME,Andhra Pradesh,VIZIANAGARAM,Vizianagaram,Tier 3,No,No,No,Yes,No,Andhra Pradesh|Tier 3,Andhra Pradesh|Vizianagaram,,,,Andhra Pradesh|Vizianagaram,
SRINIDHI MEDICARE CRITICAL CARE AND MULTI SPECIALTY HOSPITAL,Andhra Pradesh,VIZIANAGARAM,Vizianagaram,Tier 3,Yes,Yes,No,Yes,No,Andhra Pradesh|Tier 3,Andhra Pradesh|Vizianagaram,Andhra Pradesh|Vizianagaram,Andhra Pradesh|Vizianagaram,,Andhra Pradesh|Vizianagaram,
VENKATADRI HOSPITAL,Andhra Pradesh,VIZIANAGARAM,Vizianagaram,Tier 3,No,No,No,Yes,No,Andhra Pradesh|Tier 3,Andhra Pradesh|Vizianagaram,,,,Andhra Pradesh|Vizianagaram,
MAHENDRA HOSPITALS,Andhra Pradesh,VIZIANAGARAM,Vizianagaram,Tier 3,No,No,No,Yes,No,Andhra Pradesh|Tier 3,Andhra Pradesh|Vizianagaram,,,,Andhra Pradesh|Vizianagaram,
SASIINTERNATIONALHOSPITAL,Andhra Pradesh,VIZIANAGARAM,Vizianagaram,Tier 3,Yes,Yes,No,Yes,Yes,Andhra Pradesh|Tier 3,Andhra Pradesh|Vizianagaram,Andhra Pradesh|Vizianagaram,Andhra Pradesh|Vizianagaram,,Andhra Pradesh|Vizianagaram,Andhra Pradesh|Vizianagaram
LATHA HOSPITAL AND VIJAYA IMAGING AND DIAGNOSTICS,Andhra Pradesh,VUYYURU,Vuyyuru,Tier 3,No,No,No,Yes,No,Andhra Pradesh|Tier 3,Andhra Pradesh|Vuyyuru,,,,Andhra Pradesh|Vuyyuru,
Amrutha hospitals,Andhra Pradesh,VUYYURU,Vuyyuru,Tier 3,No,No,No,Yes,No,Andhra Pradesh|Tier 3,Andhra Pradesh|Vuyyuru,,,,Andhra Pradesh|Vuyyuru,
VENKATESH MULTISPECIALITY HOSPITAL,Maharashtra,"WAGHOLI,   PUNE",Wagholi Pune,Tier 3,Yes,Yes,Yes,Yes,Yes,Maharashtra|Tier 3,Maharashtra|Wagholi Pune,Maharashtra|Wagholi Pune,Maharashtra|Wagholi Pune,Maharashtra|Wagholi Pune,Maharashtra|Wagholi Pune,Maharashtra|Wagholi Pune
SUNMED HOSPITAL,Maharashtra,WAKAD,Wakad,Tier 3,Yes,Yes,No,Yes,No,Maharashtra|Tier 3,Maharashtra|Wakad,Maharashtra|Wakad,Maharashtra|Wakad,,Maharashtra|Wakad,
Mithra Eye Hospital,Telangana,wanaparthy,Wanaparthy,Tier 3,No,No,Yes,No,No,Telangana|Tier 3,Telangana|Wanaparthy,,,Telangana|Wanaparthy,,
V Care Childrens Hospital & Diagnostics,Telangana,WARANGAL,Warangal,Tier 2B,No,No,No,No,Yes,Telangana|Tier 2B,Telangana|Warangal,,,,,Telangana|Warangal
GEETHA KONDURI,Telangana,Warangal,Warangal,Tier 2B,No,No,No,No,Yes,Telangana|Tier 2B,Telangana|Warangal,,,,,Telangana|Warangal
PRASHANTHI MEDICARE PRIVATE LIMITED,Telangana,WARANGAL,Warangal,Tier 2B,No,No,No,Yes,Yes,Telangana|Tier 2B,Telangana|Warangal,,,,Telangana|Warangal,Telangana|Warangal
Thakare Hospital,Maharashtra,Warud,Warud,Tier 3,No,Yes,No,Yes,No,Maharashtra|Tier 3,Maharashtra|Warud,,Maharashtra|Warud,,Maharashtra|Warud,
JIYANA PANCHKARMA HOSPITAL,Delhi,WEST,Delhi,Tier 1,No,No,No,No,No,Delhi|Tier 1,Delhi|Delhi,,,,,
Sat Kartar Sanjeevan (A Unit of Sat Kartar Life Ltd.),Delhi,West Delhi,Delhi,Tier 1,No,No,No,No,No,Delhi|Tier 1,Delhi|Delhi,,,,,
VAISHNAVI INSTITUTE OF MEDICAL SCIENCES,Andhra Pradesh,West Godavari,West Godavari,Tier 3,No,Yes,No,Yes,Yes,Andhra Pradesh|Tier 3,Andhra Pradesh|West Godavari,,Andhra Pradesh|West Godavari,,Andhra Pradesh|West Godavari,Andhra Pradesh|West Godavari
New Life Hospital,Andhra Pradesh,WEST GODAVARI,West Godavari,Tier 3,Yes,No,No,Yes,No,Andhra Pradesh|Tier 3,Andhra Pradesh|West Godavari,Andhra Pradesh|West Godavari,,,Andhra Pradesh|West Godavari,
DEVAANSH HOSPITAL,Andhra Pradesh,WESTGODAVARI,Westgodavari,Tier 3,Yes,Yes,Yes,Yes,Yes,Andhra Pradesh|Tier 3,Andhra Pradesh|Westgodavari,Andhra Pradesh|Westgodavari,Andhra Pradesh|Westgodavari,Andhra Pradesh|Westgodavari,Andhra Pradesh|Westgodavari,Andhra Pradesh|Westgodavari
MEENAKSHI NETRALAYA,Karnataka,yadgir,Yadgir,Tier 3,No,No,Yes,No,No,Karnataka|Tier 3,Karnataka|Yadgir,,,Karnataka|Yadgir,,
VBR MUDNAL HOSPITAL,Karnataka,YADGIRI,Yadgiri,Tier 3,Yes,No,Yes,Yes,Yes,Karnataka|Tier 3,Karnataka|Yadgiri,Karnataka|Yadgiri,,Karnataka|Yadgiri,Karnataka|Yadgiri,Karnataka|Yadgiri
KESWANI HOSPITAL,Haryana,YAMUNA NAGAR,Yamuna Nagar,Tier 3,No,No,No,No,Yes,Haryana|Tier 3,Haryana|Yamuna Nagar,,,,,Haryana|Yamuna Nagar
SINDHU HOSPITAL,Haryana,YAMUNANAGAR,Yamunanagar,Tier 3,No,No,No,No,No,Haryana|Tier 3,Haryana|Yamunanagar,,,,,
Goyal Eye Care Centre,Haryana,Yamunanagar,Yamunanagar,Tier 3,No,No,Yes,No,No,Haryana|Tier 3,Haryana|Yamunanagar,,,Haryana|Yamunanagar,,
Sudhir Hospital Children & Maternity,Haryana,YAMUNANAGAR,Yamunanagar,Tier 3,No,No,No,Yes,Yes,Haryana|Tier 3,Haryana|Yamunanagar,,,,Haryana|Yamunanagar,Haryana|Yamunanagar
GURDEVI MEMORIAL SUPERSPECIALITY HOSPITAL,Haryana,YAMUNANAGAR,Yamunanagar,Tier 3,No,Yes,No,Yes,No,Haryana|Tier 3,Haryana|Yamunanagar,,Haryana|Yamunanagar,,Haryana|Yamunanagar,
VEENA NURSING HOME,Haryana,Yamunanagar,Yamunanagar,Tier 3,No,No,No,Yes,No,Haryana|Tier 3,Haryana|Yamunanagar,,,,Haryana|Yamunanagar,
AMEY NURSING HOME,Maharashtra,YAVATMAL,Yavatmal,Tier 3,No,No,Yes,No,No,Maharashtra|Tier 3,Maharashtra|Yavatmal,,,Maharashtra|Yavatmal,,
KESHWANI HOSPITAL,Maharashtra,YAVATMAL,Yavatmal,Tier 3,No,No,No,Yes,No,Maharashtra|Tier 3,Maharashtra|Yavatmal,,,,Maharashtra|Yavatmal,
Neelam Hospitals,Telangana,Zaheerabad,Zaheerabad,Tier 3,Yes,No,No,Yes,No,Telangana|Tier 3,Telangana|Zaheerabad,Telangana|Zaheerabad,,,Telangana|Zaheerabad,
Myst Hospital,Punjab,Zirakpur,Zirakpur,Tier 3,No,No,No,Yes,Yes,Punjab|Tier 3,Punjab|Zirakpur,,,,Punjab|Zirakpur,Punjab|Zirakpur
lions club of jamalpur welfare trust,Punjab,"Zirakpur, Punjab",Zirakpur,Tier 3,No,No,No,No,No,Punjab|Tier 3,Punjab|Zirakpur,,,,,
